<!--
    API Monitor Definitions
    (c) 2010-2011, Rohitab Batra <rohitab@rohitab.com>
    http://www.rohitab.com/apimonitor/
-->
<ApiMonitor>
    <Include Filename="Interfaces\IUnknown.xml" />
    <Interface Name="IClassFactory" Id="{00000001-0000-0000-C000-000000000046}" BaseInterface="IUnknown" OnlineHelp="MSDN" ErrorFunc="HRESULT" Category="Component Development/COM/Component Object Model (COM)/COM Fundamentals/Interfaces">
        <Api Name="CreateInstance">
            <Param Type="IUnknown*" Name="pUnkOuter" />
            <Param Type="REFIID" Name="riid" />
            <!-- TODO: Removing InterfaceId fixes crash in internet explorer and extractor (add option to disable at runtime) -->
            <Param Type="void**" Name="ppvObject" InterfaceId="riid" />
            <Return Type="HRESULT" />
            <Success Return="Equal" Value="0" />
        </Api>
        <Api Name="LockServer">
            <Param Type="BOOL" Name="fLock" />
            <Return Type="HRESULT" />
            <Success Return="Equal" Value="0" />
        </Api>
    </Interface>
</ApiMonitor>