<!--
    API Monitor Definitions
    (c) 2010-2011, Rohitab Batra <rohitab@rohitab.com>
    http://www.rohitab.com/apimonitor/
-->
<ApiMonitor>
    <Include Filename="Interfaces\IUnknown.xml" />
    <Interface Name="ICreateErrorInfo" Id="{22F03340-547D-101B-8E65-08002B2BD119}" BaseInterface="IUnknown" OnlineHelp="MSDN" ErrorFunc="HRESULT" Category="Component Development/COM/Automation Programming Reference/Error Handling Interfaces">
        <Api Name="SetGUID">
            <Param Type="REFGUID" Name="rguid" />
            <Return Type="HRESULT" />
            <Success Return="Equal" Value="0" />
        </Api>
        <Api Name="SetSource">
            <Param Type="LPOLESTR" Name="szSource" />
            <Return Type="HRESULT" />
            <Success Return="Equal" Value="0" />
        </Api>
        <Api Name="SetDescription">
            <Param Type="LPOLESTR" Name="szDescription" />
            <Return Type="HRESULT" />
            <Success Return="Equal" Value="0" />
        </Api>
        <Api Name="SetHelpFile">
            <Param Type="LPOLESTR" Name="szHelpFile" />
            <Return Type="HRESULT" />
            <Success Return="Equal" Value="0" />
        </Api>
        <Api Name="SetHelpContext">
            <Param Type="DWORD" Name="dwHelpContext" />
            <Return Type="HRESULT" />
            <Success Return="Equal" Value="0" />
        </Api>
    </Interface>
</ApiMonitor>