<!--
    API Monitor Definitions
    (c) 2010-2011, Rohitab Batra <rohitab@rohitab.com>
    http://www.rohitab.com/apimonitor/
-->
<ApiMonitor>
    <Include Filename="Interfaces\IUnknown.xml" />
    <Include Filename="Interfaces\ITypeInfo.xml" />

    <Interface Name="ICreateTypeInfo" Id="{00020405-0000-0000-C000-000000000046}" BaseInterface="IUnknown" OnlineHelp="MSDN" ErrorFunc="HRESULT" Category="Component Development/COM/Automation Programming Reference/Type Building Interfaces and Functions/Interfaces">
        <!-- Methods -->
        <Api Name="SetGuid">
            <Param Type="REFGUID" Name="guid" />
            <Return Type="HRESULT" />
            <Success Return="Equal" Value="0" />
        </Api>
        <Api Name="SetTypeFlags">
            <Param Type="UINT" Name="uTypeFlags" />
            <Return Type="HRESULT" />
            <Success Return="Equal" Value="0" />
        </Api>
        <Api Name="SetDocString">
            <Param Type="LPOLESTR" Name="pStrDoc" />
            <Return Type="HRESULT" />
            <Success Return="Equal" Value="0" />
        </Api>
        <Api Name="SetHelpContext">
            <Param Type="DWORD" Name="dwHelpContext" />
            <Return Type="HRESULT" />
            <Success Return="Equal" Value="0" />
        </Api>
        <Api Name="SetVersion">
            <Param Type="WORD" Name="wMajorVerNum" />
            <Param Type="WORD" Name="wMinorVerNum" />
            <Return Type="HRESULT" />
            <Success Return="Equal" Value="0" />
        </Api>
        <Api Name="AddRefTypeInfo">
            <Param Type="ITypeInfo*" Name="pTInfo" />
            <Param Type="HREFTYPE*" Name="phRefType" />
            <Return Type="HRESULT" />
            <Success Return="Equal" Value="0" />
        </Api>
        <Api Name="AddFuncDesc">
            <Param Type="UINT" Name="index" />
            <Param Type="FUNCDESC*" Name="pFuncDesc" />
            <Return Type="HRESULT" />
            <Success Return="Equal" Value="0" />
        </Api>
        <Api Name="AddImplType">
            <Param Type="UINT" Name="index" />
            <Param Type="HREFTYPE" Name="hRefType" />
            <Return Type="HRESULT" />
            <Success Return="Equal" Value="0" />
        </Api>
        <Api Name="SetImplTypeFlags">
            <Param Type="UINT" Name="index" />
            <Param Type="INT" Name="implTypeFlags" />
            <Return Type="HRESULT" />
            <Success Return="Equal" Value="0" />
        </Api>
        <Api Name="SetAlignment">
            <Param Type="WORD" Name="cbAlignment" />
            <Return Type="HRESULT" />
            <Success Return="Equal" Value="0" />
        </Api>
        <Api Name="SetSchema">
            <Param Type="LPOLESTR" Name="pStrSchema" />
            <Return Type="HRESULT" />
            <Success Return="Equal" Value="0" />
        </Api>
        <Api Name="AddVarDesc">
            <Param Type="UINT" Name="index" />
            <Param Type="VARDESC*" Name="pVarDesc" />
            <Return Type="HRESULT" />
            <Success Return="Equal" Value="0" />
        </Api>
        <Api Name="SetFuncAndParamNames">
            <Param Type="UINT" Name="index" />
            <Param Type="LPOLESTR*" Name="rgszNames" />
            <Param Type="UINT" Name="cNames" />
            <Return Type="HRESULT" />
            <Success Return="Equal" Value="0" />
        </Api>
        <Api Name="SetVarName">
            <Param Type="UINT" Name="index" />
            <Param Type="LPOLESTR" Name="szName" />
            <Return Type="HRESULT" />
            <Success Return="Equal" Value="0" />
        </Api>
        <Api Name="SetTypeDescAlias">
            <Param Type="TYPEDESC*" Name="pTDescAlias" />
            <Return Type="HRESULT" />
            <Success Return="Equal" Value="0" />
        </Api>
        <Api Name="DefineFuncAsDllEntry">
            <Param Type="UINT" Name="index" />
            <Param Type="LPOLESTR" Name="szDllName" />
            <Param Type="LPOLESTR" Name="szProcName" />
            <Return Type="HRESULT" />
            <Success Return="Equal" Value="0" />
        </Api>
        <Api Name="SetFuncDocString">
            <Param Type="UINT" Name="index" />
            <Param Type="LPOLESTR" Name="szDocString" />
            <Return Type="HRESULT" />
            <Success Return="Equal" Value="0" />
        </Api>
        <Api Name="SetVarDocString">
            <Param Type="UINT" Name="index" />
            <Param Type="LPOLESTR" Name="szDocString" />
            <Return Type="HRESULT" />
            <Success Return="Equal" Value="0" />
        </Api>
        <Api Name="SetFuncHelpContext">
            <Param Type="UINT" Name="index" />
            <Param Type="DWORD" Name="dwHelpContext" />
            <Return Type="HRESULT" />
            <Success Return="Equal" Value="0" />
        </Api>
        <Api Name="SetVarHelpContext">
            <Param Type="UINT" Name="index" />
            <Param Type="DWORD" Name="dwHelpContext" />
            <Return Type="HRESULT" />
            <Success Return="Equal" Value="0" />
        </Api>
        <Api Name="SetMops">
            <Param Type="UINT" Name="index" />
            <Param Type="BSTR" Name="bstrMops" />
            <Return Type="HRESULT" />
            <Success Return="Equal" Value="0" />
        </Api>
        <Api Name="SetTypeIdldesc">
            <Param Type="IDLDESC*" Name="pIdlDesc" />
            <Return Type="HRESULT" />
            <Success Return="Equal" Value="0" />
        </Api>
        <Api Name="LayOut">
            <Return Type="HRESULT" />
            <Success Return="Equal" Value="0" />
        </Api>
    </Interface>
</ApiMonitor>