
<!--
    API Monitor Definitions
    (c) 2010-2011, Rohitab Batra <rohitab@rohitab.com>
    http://www.rohitab.com/apimonitor/
-->
<ApiMonitor>
    <Include Filename="Interfaces\ICreateTypeLib.xml" />
    <Interface Name="ICreateTypeLib2" Id="{0002040F-0000-0000-C000-000000000046}" BaseInterface="ICreateTypeLib" OnlineHelp="MSDN" ErrorFunc="HRESULT" Category="Component Development/COM/Automation Programming Reference/Type Building Interfaces and Functions/Interfaces">
        <Api Name="DeleteTypeInfo">
            <Param Type="LPOLESTR" Name="szName" />
            <Return Type="HRESULT" />
            <Success Return="Equal" Value="0" />
        </Api>
        <Api Name="SetCustData">
            <Param Type="REFGUID" Name="guid" />
            <Param Type="VARIANT*" Name="pVarVal" />
            <Return Type="HRESULT" />
            <Success Return="Equal" Value="0" />
        </Api>
        <Api Name="SetHelpStringContext">
            <Param Type="ULONG" Name="dwHelpStringContext" />
            <Return Type="HRESULT" />
            <Success Return="Equal" Value="0" />
        </Api>
        <Api Name="SetHelpStringDll">
            <Param Type="LPOLESTR" Name="szFileName" />
            <Return Type="HRESULT" />
            <Success Return="Equal" Value="0" />
        </Api>
    </Interface>
</ApiMonitor>