<!--
    API Monitor Definitions
    (c) 2010-2011, Rohitab Batra <rohitab@rohitab.com>
    http://www.rohitab.com/apimonitor/
-->
<ApiMonitor>
    <Include Filename="Interfaces\ICreateTypeInfo.xml" />
    <Interface Name="ICreateTypeInfo2" Id="{0002040E-0000-0000-C000-000000000046}" BaseInterface="ICreateTypeInfo" OnlineHelp="MSDN" ErrorFunc="HRESULT" Category="Component Development/COM/Automation Programming Reference/Type Building Interfaces and Functions/Interfaces">
        <Api Name="DeleteFuncDesc">
            <Param Type="UINT" Name="index" />
            <Return Type="HRESULT" />
            <Success Return="Equal" Value="0" />
        </Api>
        <Api Name="DeleteFuncDescByMemId">
            <Param Type="MEMBERID" Name="memid" />
            <Param Type="INVOKEKIND" Name="invKind" />
            <Return Type="HRESULT" />
            <Success Return="Equal" Value="0" />
        </Api>
        <Api Name="DeleteVarDesc">
            <Param Type="UINT" Name="index" />
            <Return Type="HRESULT" />
            <Success Return="Equal" Value="0" />
        </Api>
        <Api Name="DeleteVarDescByMemId">
            <Param Type="MEMBERID" Name="memid" />
            <Return Type="HRESULT" />
            <Success Return="Equal" Value="0" />
        </Api>
        <Api Name="DeleteImplType">
            <Param Type="UINT" Name="index" />
            <Return Type="HRESULT" />
            <Success Return="Equal" Value="0" />
        </Api>
        <Api Name="SetCustData">
            <Param Type="REFGUID" Name="guid" />
            <Param Type="VARIANT*" Name="pVarVal" />
            <Return Type="HRESULT" />
            <Success Return="Equal" Value="0" />
        </Api>
        <Api Name="SetFuncCustData">
            <Param Type="UINT" Name="index" />
            <Param Type="REFGUID" Name="guid" />
            <Param Type="VARIANT*" Name="pVarVal" />
            <Return Type="HRESULT" />
            <Success Return="Equal" Value="0" />
        </Api>
        <Api Name="SetParamCustData">
            <Param Type="UINT" Name="indexFunc" />
            <Param Type="UINT" Name="indexParam" />
            <Param Type="REFGUID" Name="guid" />
            <Param Type="VARIANT*" Name="pVarVal" />
            <Return Type="HRESULT" />
            <Success Return="Equal" Value="0" />
        </Api>
        <Api Name="SetVarCustData">
            <Param Type="UINT" Name="index" />
            <Param Type="REFGUID" Name="guid" />
            <Param Type="VARIANT*" Name="pVarVal" />
            <Return Type="HRESULT" />
            <Success Return="Equal" Value="0" />
        </Api>
        <Api Name="SetImplTypeCustData">
            <Param Type="UINT" Name="index" />
            <Param Type="REFGUID" Name="guid" />
            <Param Type="VARIANT*" Name="pVarVal" />
            <Return Type="HRESULT" />
            <Success Return="Equal" Value="0" />
        </Api>
        <Api Name="SetHelpStringContext">
            <Param Type="ULONG" Name="dwHelpStringContext" />
            <Return Type="HRESULT" />
            <Success Return="Equal" Value="0" />
        </Api>
        <Api Name="SetFuncHelpStringContext">
            <Param Type="UINT" Name="index" />
            <Param Type="ULONG" Name="dwHelpStringContext" />
            <Return Type="HRESULT" />
            <Success Return="Equal" Value="0" />
        </Api>
        <Api Name="SetVarHelpStringContext">
            <Param Type="UINT" Name="index" />
            <Param Type="ULONG" Name="dwHelpStringContext" />
            <Return Type="HRESULT" />
            <Success Return="Equal" Value="0" />
        </Api>
        <Api Name="Invalidate">
            <Return Type="HRESULT" />
            <Success Return="Equal" Value="0" />
        </Api>
        <Api Name="SetName">
            <Param Type="LPOLESTR" Name="szName" />
            <Return Type="HRESULT" />
            <Success Return="Equal" Value="0" />
        </Api>
    </Interface>
</ApiMonitor>