<!--
    API Monitor Definitions
    (c) 2010-2011, Rohitab Batra <rohitab@rohitab.com>
    http://www.rohitab.com/apimonitor/
-->
<ApiMonitor>
    <Include Filename="Interfaces\IUnknown.xml" />
    <Interface Name="IDispatch" Id="{00020400-0000-0000-C000-000000000046}" BaseInterface="IUnknown" OnlineHelp="MSDN" ErrorFunc="HRESULT" Category="Component Development/COM/Automation Programming Reference/Dispatch Interface and Automation Functions">
        <!-- Methods -->
        <Api Name="GetTypeInfoCount">
            <Param Type="UINT*" Name="pctinfo" />
            <Return Type="HRESULT" />
            <Success Return="Equal" Value="0" />
        </Api>
        <Api Name="GetTypeInfo">
            <Param Type="UINT" Name="iTInfo" />
            <Param Type="LCID" Name="lcid" />
            <Param Type="ITypeInfo**" Name="ppTInfo" />
            <Return Type="HRESULT" />
            <Success Return="Equal" Value="0" />
        </Api>
        <Api Name="GetIDsOfNames">
            <Param Type="REFIID" Name="riid" />
            <Param Type="LPOLESTR*" Name="rgszNames" />
            <Param Type="UINT" Name="cNames" />
            <Param Type="LCID" Name="lcid" />
            <Param Type="DISPID*" Name="rgDispId" />
            <Return Type="HRESULT" />
            <Success Return="Equal" Value="0" />
        </Api>
        <Api Name="Invoke">
            <Param Type="DISPID" Name="dispIdMember" />
            <Param Type="REFIID" Name="riid" />
            <Param Type="LCID" Name="lcid" />
            <Param Type="[InvokeFlags]" Name="wFlags" />
            <Param Type="DISPPARAMS*" Name="pDispParams" />
            <Param Type="VARIANT*" Name="pVarResult" />
            <Param Type="EXCEPINFO*" Name="pExcepInfo" />
            <Param Type="UINT*" Name="puArgErr" />
            <Return Type="HRESULT" />
            <Success Return="Equal" Value="0" />
        </Api>
    </Interface>
</ApiMonitor>