<!--
    API Monitor Definitions
    (c) 2010-2011, Rohitab Batra <rohitab@rohitab.com>
    http://www.rohitab.com/apimonitor/
-->
<ApiMonitor>
    <Include Filename="Interfaces\IUnknown.xml" />
    <Interface Name="IErrorLog" Id="{3127CA40-446E-11CE-8135-00AA004BB851}" BaseInterface="IUnknown" OnlineHelp="MSDN" ErrorFunc="HRESULT" Category="Web Development/Internet Explorer Development/Content Extensions/ActiveX Controls/Interfaces">
        <Api Name="AddError">
            <Param Type="LPCOLESTR" Name="pszPropName" />
            <Param Type="EXCEPINFO*" Name="pExcepInfo" />
            <Return Type="HRESULT" />
            <Success Return="Equal" Value="0" />
        </Api>
    </Interface>
</ApiMonitor>
