<!--
    API Monitor Definitions
    (c) 2010-2011, Rohitab Batra <rohitab@rohitab.com>
    http://www.rohitab.com/apimonitor/
-->
<ApiMonitor>
    <Include Filename="Interfaces\IUnknown.xml" />
    <Interface Name="IPropertyBag" Id="{55272A00-42CB-11CE-8135-00AA004BB851}" BaseInterface="IUnknown" OnlineHelp="MSDN" ErrorFunc="HRESULT" Category="Web Development/Internet Explorer Development/Content Extensions/ActiveX Controls/Interfaces">
        <Api Name="Read">
            <Param Type="LPCOLESTR" Name="pszPropName" />
            <Param Type="VARIANT*" Name="pVar" />
            <Param Type="IErrorLog*" Name="pErrorLog" />
            <Return Type="HRESULT" />
            <Success Return="Equal" Value="0" />
        </Api>
        <Api Name="Write">
            <Param Type="LPCOLESTR" Name="pszPropName" />
            <Param Type="VARIANT*" Name="pVar" />
            <Return Type="HRESULT" />
            <Success Return="Equal" Value="0" />
        </Api>
    </Interface>
</ApiMonitor>