<!--
    API Monitor Definitions
    (c) 2010-2011, Rohitab Batra <rohitab@rohitab.com>
    http://www.rohitab.com/apimonitor/
-->
<ApiMonitor>
    <Include Filename="Interfaces\IUnknown.xml" />
    <Interface Name="IRecordInfo" Id="{0000002F-0000-0000-C000-000000000046}" BaseInterface="IUnknown" OnlineHelp="MSDN" ErrorFunc="HRESULT" Category="Component Development/COM/Automation Programming Reference/User-Defined Data Types">
        <Api Name="RecordInit">
            <Param Type="PVOID" Name="pvNew" />
            <Return Type="HRESULT" />
            <Success Return="Equal" Value="0" />
        </Api>
        <Api Name="RecordClear">
            <Param Type="PVOID" Name="pvExisting" />
            <Return Type="HRESULT" />
            <Success Return="Equal" Value="0" />
        </Api>
        <Api Name="RecordCopy">
            <Param Type="PVOID" Name="pvExisting" />
            <Param Type="PVOID" Name="pvNew" />
            <Return Type="HRESULT" />
            <Success Return="Equal" Value="0" />
        </Api>
        <Api Name="GetGuid">
            <Param Type="GUID*" Name="pguid" />
            <Return Type="HRESULT" />
            <Success Return="Equal" Value="0" />
        </Api>
        <Api Name="GetName">
            <Param Type="BSTR*" Name="pbstrName" />
            <Return Type="HRESULT" />
            <Success Return="Equal" Value="0" />
        </Api>
        <Api Name="GetSize">
            <Param Type="ULONG*" Name="pcbSize" />
            <Return Type="HRESULT" />
            <Success Return="Equal" Value="0" />
        </Api>
        <Api Name="GetTypeInfo">
            <Param Type="ITypeInfo**" Name="ppTypeInfo" />
            <Return Type="HRESULT" />
            <Success Return="Equal" Value="0" />
        </Api>
        <Api Name="GetField">
            <Param Type="PVOID" Name="pvData" />
            <Param Type="LPCOLESTR" Name="szFieldName" />
            <Param Type="VARIANT*" Name="pvarField" />
            <Return Type="HRESULT" />
            <Success Return="Equal" Value="0" />
        </Api>
        <Api Name="GetFieldNoCopy">
            <Param Type="PVOID" Name="pvData" />
            <Param Type="LPCOLESTR" Name="szFieldName" />
            <Param Type="VARIANT*" Name="pvarField" />
            <Param Type="PVOID*" Name="ppvDataCArray" />
            <Return Type="HRESULT" />
            <Success Return="Equal" Value="0" />
        </Api>
        <Api Name="PutField">
            <Param Type="ULONG" Name="wFlags" />
            <Param Type="PVOID" Name="pvData" />
            <Param Type="LPCOLESTR" Name="szFieldName" />
            <Param Type="VARIANT*" Name="pvarField" />
            <Return Type="HRESULT" />
            <Success Return="Equal" Value="0" />
        </Api>
        <Api Name="PutFieldNoCopy">
            <Param Type="ULONG" Name="wFlags" />
            <Param Type="PVOID" Name="pvData" />
            <Param Type="LPCOLESTR" Name="szFieldName" />
            <Param Type="VARIANT*" Name="pvarField" />
            <Return Type="HRESULT" />
            <Success Return="Equal" Value="0" />
        </Api>
        <Api Name="GetFieldNames">
            <Param Type="ULONG*" Name="pcNames" />
            <Param Type="BSTR*" Name="rgBstrNames" />
            <Return Type="HRESULT" />
            <Success Return="Equal" Value="0" />
        </Api>
        <Api Name="IsMatchingType">
            <Param Type="IRecordInfo*" Name="pRecordInfo" />
            <Return Type="BOOL" />
            <Success Return="NotEqual" Value="0" />
        </Api>
        <Api Name="RecordCreate">
            <Return Type="PVOID" />
            <Success Return="NotEqual" Value="0" />
        </Api>
        <Api Name="RecordCreateCopy">
            <Param Type="PVOID" Name="pvSource" />
            <Param Type="PVOID*" Name="ppvDest" />
            <Return Type="HRESULT" />
            <Success Return="Equal" Value="0" />
        </Api>
        <Api Name="RecordDestroy">
            <Param Type="PVOID" Name="pvRecord" />
            <Return Type="HRESULT" />
            <Success Return="Equal" Value="0" />
        </Api>
    </Interface>
</ApiMonitor>