<!--
    API Monitor Definitions
    (c) 2010-2011, Rohitab Batra <rohitab@rohitab.com>
    http://www.rohitab.com/apimonitor/
-->
<ApiMonitor>
    <Include Filename="Interfaces\IUnknown.xml" />
    <Interface Name="IServiceProvider" Id="{6d5140c1-7436-11ce-8034-00aa006009fa}" BaseInterface="IUnknown" OnlineHelp="MSDN" ErrorFunc="HRESULT" Category="Web Development/Internet Explorer Development/Content Extensions/ActiveX Controls/Interfaces">
        <!-- Variables -->
        <!-- Methods -->
        <Api Name="QueryService">
            <Param Type="REFGUID" Name="guidService" />
            <Param Type="REFIID" Name="riid" />
            <Param Type="void**" Name="ppvObject" InterfaceId="riid" />
            <Return Type="HRESULT" />
            <Success Return="Equal" Value="0" />
        </Api>
    </Interface>
</ApiMonitor>