<!--
    API Monitor Definitions
    (c) 2010-2011, Rohitab Batra <rohitab@rohitab.com>
    http://www.rohitab.com/apimonitor/
-->
<ApiMonitor>
    <Include Filename="Interfaces\IUnknown.xml" />
    <Include Filename="Interfaces\ITypeInfo.xml" />
    
    <Interface Name="ITypeLib" Id="{00020402-0000-0000-C000-000000000046}" BaseInterface="IUnknown" OnlineHelp="MSDN" ErrorFunc="HRESULT" Category="Component Development/COM/Automation Programming Reference/Type Description Interfaces and Functions/Interfaces">
        <!-- Methods -->
        <Api Name="GetTypeInfoCount">
            <Return Type="UINT" />
            <Success Return="NotEqual" Value="0" />
        </Api>
        <Api Name="GetTypeInfo">
            <Param Type="UINT" Name="index" />
            <Param Type="ITypeInfo**" Name="ppTInfo" />
            <Return Type="HRESULT" />
            <Success Return="Equal" Value="0" />
        </Api>
        <Api Name="GetTypeInfoType">
            <Param Type="UINT" Name="index" />
            <Param Type="TYPEKIND*" Name="pTKind" />
            <Return Type="HRESULT" />
            <Success Return="Equal" Value="0" />
        </Api>
        <Api Name="GetTypeInfoOfGuid">
            <Param Type="REFGUID" Name="guid" />
            <Param Type="ITypeInfo**" Name="ppTinfo" />
            <Return Type="HRESULT" />
            <Success Return="Equal" Value="0" />
        </Api>
        <Api Name="GetLibAttr">
            <Param Type="TLIBATTR**" Name="ppTLibAttr" />
            <Return Type="HRESULT" />
            <Success Return="Equal" Value="0" />
        </Api>
        <Api Name="GetTypeComp">
            <Param Type="ITypeComp**" Name="ppTComp" />
            <Return Type="HRESULT" />
            <Success Return="Equal" Value="0" />
        </Api>
        <Api Name="GetDocumentation">
            <Param Type="INT" Name="index" />
            <Param Type="BSTR*" Name="pBstrName" />
            <Param Type="BSTR*" Name="pBstrDocString" />
            <Param Type="DWORD*" Name="pdwHelpContext" />
            <Param Type="BSTR*" Name="pBstrHelpFile" />
            <Return Type="HRESULT" />
            <Success Return="Equal" Value="0" />
        </Api>
        <Api Name="IsName">
            <Param Type="LPOLESTR" Name="szNameBuf" />
            <Param Type="ULONG" Name="lHashVal" />
            <Param Type="BOOL*" Name="pfName" />
            <Return Type="HRESULT" />
            <Success Return="Equal" Value="0" />
        </Api>
        <Api Name="FindName">
            <Param Type="LPOLESTR" Name="szNameBuf" />
            <Param Type="ULONG" Name="lHashVal" />
            <Param Type="ITypeInfo**" Name="ppTInfo" />
            <Param Type="MEMBERID*" Name="rgMemId" />
            <Param Type="USHORT*" Name="pcFound" />
            <Return Type="HRESULT" />
            <Success Return="Equal" Value="0" />
        </Api>
        <Api Name="ReleaseTLibAttr">
            <Param Type="TLIBATTR*" Name="pTLibAttr" />
            <Return Type="void" />
        </Api>
    </Interface>
</ApiMonitor>