<!--
    API Monitor Definitions
    (c) 2010-2011, Rohitab Batra <rohitab@rohitab.com>
    http://www.rohitab.com/apimonitor/
-->
<ApiMonitor>
    <Include Filename="Interfaces\ITypeLib.xml" />
    <Interface Name="ITypeLib2" Id="{00020411-0000-0000-C000-000000000046}" BaseInterface="ITypeLib" OnlineHelp="MSDN" ErrorFunc="HRESULT" Category="Component Development/COM/Automation Programming Reference/Type Description Interfaces and Functions/Interfaces">
        <Api Name="GetCustData">
            <Param Type="REFGUID" Name="guid" />
            <Param Type="VARIANT*" Name="pVarVal" />
            <Return Type="HRESULT" />
            <Success Return="Equal" Value="0" />
        </Api>
        <Api Name="GetLibStatistics">
            <Param Type="ULONG*" Name="pcUniqueNames" />
            <Param Type="ULONG*" Name="pcchUniqueNames" />
            <Return Type="HRESULT" />
            <Success Return="Equal" Value="0" />
        </Api>
        <Api Name="GetDocumentation2">
            <Param Type="INT" Name="index" />
            <Param Type="LCID" Name="lcid" />
            <Param Type="BSTR*" Name="pbstrHelpString" />
            <Param Type="DWORD*" Name="pdwHelpStringContext" />
            <Param Type="BSTR*" Name="pbstrHelpStringDll" />
            <Return Type="HRESULT" />
            <Success Return="Equal" Value="0" />
        </Api>
        <Api Name="GetAllCustData">
            <Param Type="CUSTDATA*" Name="pCustData" />
            <Return Type="HRESULT" />
            <Success Return="Equal" Value="0" />
        </Api>
    </Interface>
</ApiMonitor>