<!--
    API Monitor Definitions
    (c) 2010-2011, Rohitab Batra <rohitab@rohitab.com>
    http://www.rohitab.com/apimonitor/
-->
<ApiMonitor>
    <Include Filename="Interfaces\IUnknown.xml" />
    <Include Filename="Interfaces\ITypeInfo.xml" />
    
    <Interface Name="ITypeFactory" Id="{0000002E-0000-0000-C000-000000000046}" BaseInterface="IUnknown" OnlineHelp="MSDN" ErrorFunc="HRESULT" Category="Component Development/COM/Automation Programming Reference/Type Description Interfaces and Functions/Interfaces">
        <Api Name="CreateFromTypeInfo">
            <Param Type="ITypeInfo*" Name="pTypeInfo" />
            <Param Type="REFIID" Name="riid" />
            <Param Type="IUnknown**" Name="ppv" InterfaceId="riid" />
            <Return Type="HRESULT" />
            <Success Return="Equal" Value="0" />
        </Api>
    </Interface>
</ApiMonitor>