<!--
    API Monitor Definitions
    (c) 2010-2011, Rohitab Batra <rohitab@rohitab.com>
    http://www.rohitab.com/apimonitor/
-->
<ApiMonitor>
    <Include Filename="Interfaces\ITypeInfo.xml" />
    <Interface Name="ITypeInfo2" Id="{00020412-0000-0000-C000-000000000046}" BaseInterface="ITypeInfo" OnlineHelp="MSDN" ErrorFunc="HRESULT" Category="Component Development/COM/Automation Programming Reference/Type Description Interfaces and Functions/Interfaces">
        <!-- Methods -->
        <Api Name="GetTypeKind">
            <Param Type="TYPEKIND*" Name="pTypeKind" />
            <Return Type="HRESULT" />
            <Success Return="Equal" Value="0" />
        </Api>
        <Api Name="GetTypeFlags">
            <Param Type="ULONG*" Name="pTypeFlags" />
            <Return Type="HRESULT" />
            <Success Return="Equal" Value="0" />
        </Api>
        <Api Name="GetFuncIndexOfMemId">
            <Param Type="MEMBERID" Name="memid" />
            <Param Type="INVOKEKIND" Name="invKind" />
            <Param Type="UINT*" Name="pFuncIndex" />
            <Return Type="HRESULT" />
            <Success Return="Equal" Value="0" />
        </Api>
        <Api Name="GetVarIndexOfMemId">
            <Param Type="MEMBERID" Name="memid" />
            <Param Type="UINT*" Name="pVarIndex" />
            <Return Type="HRESULT" />
            <Success Return="Equal" Value="0" />
        </Api>
        <Api Name="GetCustData">
            <Param Type="REFGUID" Name="guid" />
            <Param Type="VARIANT*" Name="pVarVal" />
            <Return Type="HRESULT" />
            <Success Return="Equal" Value="0" />
        </Api>
        <Api Name="GetFuncCustData">
            <Param Type="UINT" Name="index" />
            <Param Type="REFGUID" Name="guid" />
            <Param Type="VARIANT*" Name="pVarVal" />
            <Return Type="HRESULT" />
            <Success Return="Equal" Value="0" />
        </Api>
        <Api Name="GetParamCustData">
            <Param Type="UINT" Name="indexFunc" />
            <Param Type="UINT" Name="indexParam" />
            <Param Type="REFGUID" Name="guid" />
            <Param Type="VARIANT*" Name="pVarVal" />
            <Return Type="HRESULT" />
            <Success Return="Equal" Value="0" />
        </Api>
        <Api Name="GetVarCustData">
            <Param Type="UINT" Name="index" />
            <Param Type="REFGUID" Name="guid" />
            <Param Type="VARIANT*" Name="pVarVal" />
            <Return Type="HRESULT" />
            <Success Return="Equal" Value="0" />
        </Api>
        <Api Name="GetImplTypeCustData">
            <Param Type="UINT" Name="index" />
            <Param Type="REFGUID" Name="guid" />
            <Param Type="VARIANT*" Name="pVarVal" />
            <Return Type="HRESULT" />
            <Success Return="Equal" Value="0" />
        </Api>
        <Api Name="GetDocumentation2">
            <Param Type="MEMBERID" Name="memid" />
            <Param Type="LCID" Name="lcid" />
            <Param Type="BSTR*" Name="pbstrHelpString" />
            <Param Type="DWORD*" Name="pdwHelpStringContext" />
            <Param Type="BSTR*" Name="pbstrHelpStringDll" />
            <Return Type="HRESULT" />
            <Success Return="Equal" Value="0" />
        </Api>
        <Api Name="GetAllCustData">
            <Param Type="CUSTDATA*" Name="pCustData" />
            <Return Type="HRESULT" />
            <Success Return="Equal" Value="0" />
        </Api>
        <Api Name="GetAllFuncCustData">
            <Param Type="UINT" Name="index" />
            <Param Type="CUSTDATA*" Name="pCustData" />
            <Return Type="HRESULT" />
            <Success Return="Equal" Value="0" />
        </Api>
        <Api Name="GetAllParamCustData">
            <Param Type="UINT" Name="indexFunc" />
            <Param Type="UINT" Name="indexParam" />
            <Param Type="CUSTDATA*" Name="pCustData" />
            <Return Type="HRESULT" />
            <Success Return="Equal" Value="0" />
        </Api>
        <Api Name="GetAllVarCustData">
            <Param Type="UINT" Name="index" />
            <Param Type="CUSTDATA*" Name="pCustData" />
            <Return Type="HRESULT" />
            <Success Return="Equal" Value="0" />
        </Api>
        <Api Name="GetAllImplTypeCustData">
            <Param Type="UINT" Name="index" />
            <Param Type="CUSTDATA*" Name="pCustData" />
            <Return Type="HRESULT" />
            <Success Return="Equal" Value="0" />
        </Api>
    </Interface>
</ApiMonitor>