<!--
    API Monitor Definitions
    (c) 2010-2011, Rohitab Batra <rohitab@rohitab.com>
    http://www.rohitab.com/apimonitor/
-->
<ApiMonitor>
    <Include Filename="Interfaces\IUnknown.xml" />
    <Interface Name="ITypeMarshal" Id="{0000002D-0000-0000-C000-000000000046}" BaseInterface="IUnknown" OnlineHelp="MSDN" ErrorFunc="HRESULT" Category="Component Development/COM/Automation Programming Reference/Type Description Interfaces and Functions/Interfaces">
        <Api Name="Size">
            <Param Type="PVOID" Name="pvType" />
            <Param Type="DWORD" Name="dwDestContext" />
            <Param Type="PVOID" Name="pvDestContext" />
            <Param Type="ULONG*" Name="pSize" />
            <Return Type="HRESULT" />
            <Success Return="Equal" Value="0" />
        </Api>
        <Api Name="Marshal">
            <Param Type="PVOID" Name="pvType" />
            <Param Type="DWORD" Name="dwDestContext" />
            <Param Type="PVOID" Name="pvDestContext" />
            <Param Type="ULONG" Name="cbBufferLength" />
            <Param Type="BYTE*" Name="pBuffer" />
            <Param Type="ULONG*" Name="pcbWritten" />
            <Return Type="HRESULT" />
            <Success Return="Equal" Value="0" />
        </Api>
        <Api Name="Unmarshal">
            <Param Type="PVOID" Name="pvType" />
            <Param Type="DWORD" Name="dwFlags" />
            <Param Type="ULONG" Name="cbBufferLength" />
            <Param Type="BYTE*" Name="pBuffer" />
            <Param Type="ULONG*" Name="pcbRead" />
            <Return Type="HRESULT" />
            <Success Return="Equal" Value="0" />
        </Api>
        <Api Name="Free">
            <Param Type="PVOID" Name="pvType" />
            <Return Type="HRESULT" />
            <Success Return="Equal" Value="0" />
        </Api>
    </Interface>
</ApiMonitor>