<!--
    API Monitor Definitions
    (c) 2010-2011, Rohitab Batra <rohitab@rohitab.com>
    http://www.rohitab.com/apimonitor/
-->
<ApiMonitor>
    <Include Filename="Interfaces\IUnknown.xml" />
    <Include Filename="Interfaces\DirectShow\IFilterGraph.xml" />
    <Interface Name="IAMAnalogVideoDecoder" Id="{C6E13350-30AC-11d0-A18C-00A0C9118956}" BaseInterface="IUnknown" OnlineHelp="MSDN" ErrorFunc="HRESULT" Category="Graphics and Multimedia/Audio and Video/DirectShow">
        <!-- Variables -->
        <!-- Methods -->
        <Api Name="get_AvailableTVFormats">
            <Param Type="long*" Name="lAnalogVideoStandard" />
            <Return Type="HRESULT" />
            <Success Return="Equal" Value="0" />
        </Api>
        <Api Name="put_TVFormat">
            <Param Type="long" Name="lAnalogVideoStandard" />
            <Return Type="HRESULT" />
            <Success Return="Equal" Value="0" />
        </Api>
        <Api Name="get_TVFormat">
            <Param Type="long*" Name="plAnalogVideoStandard" />
            <Return Type="HRESULT" />
            <Success Return="Equal" Value="0" />
        </Api>
        <Api Name="get_HorizontalLocked">
            <Param Type="long*" Name="plLocked" />
            <Return Type="HRESULT" />
            <Success Return="Equal" Value="0" />
        </Api>
        <Api Name="put_VCRHorizontalLocking">
            <Param Type="long" Name="lVCRHorizontalLocking" />
            <Return Type="HRESULT" />
            <Success Return="Equal" Value="0" />
        </Api>
        <Api Name="get_VCRHorizontalLocking">
            <Param Type="long*" Name="plVCRHorizontalLocking" />
            <Return Type="HRESULT" />
            <Success Return="Equal" Value="0" />
        </Api>
        <Api Name="get_NumberOfLines">
            <Param Type="long*" Name="plNumberOfLines" />
            <Return Type="HRESULT" />
            <Success Return="Equal" Value="0" />
        </Api>
        <Api Name="put_OutputEnable">
            <Param Type="long" Name="lOutputEnable" />
            <Return Type="HRESULT" />
            <Success Return="Equal" Value="0" />
        </Api>
        <Api Name="get_OutputEnable">
            <Param Type="long*" Name="plOutputEnable" />
            <Return Type="HRESULT" />
            <Success Return="Equal" Value="0" />
        </Api>
    </Interface>
</ApiMonitor>