<!--
    API Monitor Definitions
    (c) 2010-2011, Rohitab Batra <rohitab@rohitab.com>
    http://www.rohitab.com/apimonitor/
-->
<ApiMonitor>
    <Include Filename="Interfaces\IUnknown.xml" />
    <Interface Name="IAMAudioInputMixer" Id="{54C39221-8380-11d0-B3F0-00AA003761C5}" BaseInterface="IUnknown" OnlineHelp="MSDN" ErrorFunc="HRESULT" Category="Graphics and Multimedia/Audio and Video/DirectShow">
        <!-- Variables -->
        <!-- Methods -->
        <Api Name="put_Enable">
            <Param Type="BOOL" Name="fEnable" />
            <Return Type="HRESULT" />
            <Success Return="Equal" Value="0" />
        </Api>
        <Api Name="get_Enable">
            <Param Type="BOOL*" Name="pfEnable" />
            <Return Type="HRESULT" />
            <Success Return="Equal" Value="0" />
        </Api>
        <Api Name="put_Mono">
            <Param Type="BOOL" Name="fMono" />
            <Return Type="HRESULT" />
            <Success Return="Equal" Value="0" />
        </Api>
        <Api Name="get_Mono">
            <Param Type="BOOL*" Name="pfMono" />
            <Return Type="HRESULT" />
            <Success Return="Equal" Value="0" />
        </Api>
        <Api Name="put_MixLevel">
            <Param Type="double" Name="Level" />
            <Return Type="HRESULT" />
            <Success Return="Equal" Value="0" />
        </Api>
        <Api Name="get_MixLevel">
            <Param Type="double*" Name="pLevel" />
            <Return Type="HRESULT" />
            <Success Return="Equal" Value="0" />
        </Api>
        <Api Name="put_Pan">
            <Param Type="double" Name="Pan" />
            <Return Type="HRESULT" />
            <Success Return="Equal" Value="0" />
        </Api>
        <Api Name="get_Pan">
            <Param Type="double*" Name="pPan" />
            <Return Type="HRESULT" />
            <Success Return="Equal" Value="0" />
        </Api>
        <Api Name="put_Loudness">
            <Param Type="BOOL" Name="fLoudness" />
            <Return Type="HRESULT" />
            <Success Return="Equal" Value="0" />
        </Api>
        <Api Name="get_Loudness">
            <Param Type="BOOL*" Name="pfLoudness" />
            <Return Type="HRESULT" />
            <Success Return="Equal" Value="0" />
        </Api>
        <Api Name="put_Treble">
            <Param Type="double" Name="Treble" />
            <Return Type="HRESULT" />
            <Success Return="Equal" Value="0" />
        </Api>
        <Api Name="get_Treble">
            <Param Type="double*" Name="pTreble" />
            <Return Type="HRESULT" />
            <Success Return="Equal" Value="0" />
        </Api>
        <Api Name="get_TrebleRange">
            <Param Type="double*" Name="pRange" />
            <Return Type="HRESULT" />
            <Success Return="Equal" Value="0" />
        </Api>
        <Api Name="put_Bass">
            <Param Type="double" Name="Bass" />
            <Return Type="HRESULT" />
            <Success Return="Equal" Value="0" />
        </Api>
        <Api Name="get_Bass">
            <Param Type="double*" Name="pBass" />
            <Return Type="HRESULT" />
            <Success Return="Equal" Value="0" />
        </Api>
        <Api Name="get_BassRange">
            <Param Type="double*" Name="pRange" />
            <Return Type="HRESULT" />
            <Success Return="Equal" Value="0" />
        </Api>
    </Interface>
</ApiMonitor>