<!--
    API Monitor Definitions
    (c) 2010-2011, Rohitab Batra <rohitab@rohitab.com>
    http://www.rohitab.com/apimonitor/
-->
<ApiMonitor>
    <Include Filename="Interfaces\IUnknown.xml" />
    <Interface Name="IAMCameraControl" Id="{C6E13370-30AC-11d0-A18C-00A0C9118956}" BaseInterface="IUnknown" OnlineHelp="MSDN" ErrorFunc="HRESULT" Category="Graphics and Multimedia/Audio and Video/DirectShow">
        <!-- Variables -->
        <!-- Methods -->
        <Api Name="GetRange">
            <Param Type="long" Name="Property" />
            <Param Type="long*" Name="pMin" />
            <Param Type="long*" Name="pMax" />
            <Param Type="long*" Name="pSteppingDelta" />
            <Param Type="long*" Name="pDefault" />
            <Param Type="long*" Name="pCapsFlags" />
            <Return Type="HRESULT" />
            <Success Return="Equal" Value="0" />
        </Api>
        <Api Name="Set">
            <Param Type="long" Name="Property" />
            <Param Type="long" Name="lValue" />
            <Param Type="long" Name="Flags" />
            <Return Type="HRESULT" />
            <Success Return="Equal" Value="0" />
        </Api>
        <Api Name="Get">
            <Param Type="long" Name="Property" />
            <Param Type="long*" Name="lValue" />
            <Param Type="long*" Name="Flags" />
            <Return Type="HRESULT" />
            <Success Return="Equal" Value="0" />
        </Api>
    </Interface>
</ApiMonitor>