<!--
    API Monitor Definitions
    (c) 2010-2011, Rohitab Batra <rohitab@rohitab.com>
    http://www.rohitab.com/apimonitor/
-->
<ApiMonitor>
    <Include Filename="Interfaces\IDispatch.xml" />
    <Interface Name="IAMCollection" Id="{56a868b9-0ad4-11ce-b03a-0020af0ba770}" BaseInterface="IDispatch" OnlineHelp="MSDN" ErrorFunc="HRESULT" Category="Graphics and Multimedia/Audio and Video/DirectShow">
        <!-- Variables -->
        <!-- Methods -->
        <Api Name="get_Count">
            <Param Type="LONG*" Name="plCount" />
            <Return Type="HRESULT" />
            <Success Return="Equal" Value="0" />
        </Api>
        <Api Name="Item">
            <Param Type="long" Name="lItem" />
            <Param Type="IUnknown**" Name="ppUnk" />
            <Return Type="HRESULT" />
            <Success Return="Equal" Value="0" />
        </Api>
        <Api Name="get__NewEnum">
            <Param Type="IUnknown**" Name="ppUnk" />
            <Return Type="HRESULT" />
            <Success Return="Equal" Value="0" />
        </Api>
    </Interface>
</ApiMonitor>
