<!--
    API Monitor Definitions
    (c) 2010-2011, Rohitab Batra <rohitab@rohitab.com>
    http://www.rohitab.com/apimonitor/
-->
<ApiMonitor>
    <Include Filename="Interfaces\IUnknown.xml" />
    <Interface Name="IAMCertifiedOutputProtection" Id="{6feded3e-0ff1-4901-a2f1-43f7012c8515}" BaseInterface="IUnknown" OnlineHelp="MSDN" ErrorFunc="HRESULT" Category="Graphics and Multimedia/Audio and Video/DirectShow">
        <!-- Variables -->
        <!-- Methods -->
        <Api Name="KeyExchange">
            <Param Type="GUID*" Name="pRandom" />
            <Param Type="DWORD*" Name="pdwLengthCertGH" />
            <Return Type="HRESULT" />
            <Success Return="Equal" Value="0" />
        </Api>
        <Api Name="SessionSequenceStart">
            <Param Type="AMCOPPSignature*" Name="pSig" />
            <Return Type="HRESULT" />
            <Success Return="Equal" Value="0" />
        </Api>
        <Api Name="ProtectionCommand">
            <Param Type="const AMCOPPCommand*" Name="cmd" />
            <Return Type="HRESULT" />
            <Success Return="Equal" Value="0" />
        </Api>
        <Api Name="ProtectionStatus">
            <Param Type="const AMCOPPStatusInput*" Name="pStatusInput" />
            <Param Type="AMCOPPStatusOutput*" Name="pStatusOutput" />
            <Return Type="HRESULT" />
            <Success Return="Equal" Value="0" />
        </Api>
    </Interface>
</ApiMonitor>