<!--
    API Monitor Definitions
    (c) 2010-2011, Rohitab Batra <rohitab@rohitab.com>
    http://www.rohitab.com/apimonitor/
-->
<ApiMonitor>
    <Include Filename="Interfaces\IUnknown.xml" />
    <Interface Name="IAMCrossbar" Id="{C6E13380-30AC-11d0-A18C-00A0C9118956}" BaseInterface="IUnknown" OnlineHelp="MSDN" ErrorFunc="HRESULT" Category="Graphics and Multimedia/Audio and Video/DirectShow">
        <!-- Variables -->
        <!-- Methods -->
        <Api Name="get_PinCounts">
            <Param Type="long*" Name="OutputPinCount" />
            <Param Type="long*" Name="InputPinCount" />
            <Return Type="HRESULT" />
            <Success Return="Equal" Value="0" />
        </Api>
        <Api Name="CanRoute">
            <Param Type="long" Name="OutputPinIndex" />
            <Param Type="long" Name="InputPinIndex" />
            <Return Type="HRESULT" />
            <Success Return="Equal" Value="0" />
        </Api>
        <Api Name="Route">
            <Param Type="long" Name="OutputPinIndex" />
            <Param Type="long" Name="InputPinIndex" />
            <Return Type="HRESULT" />
            <Success Return="Equal" Value="0" />
        </Api>
        <Api Name="get_IsRoutedTo">
            <Param Type="long" Name="OutputPinIndex" />
            <Param Type="long*" Name="InputPinIndex" />
            <Return Type="HRESULT" />
            <Success Return="Equal" Value="0" />
        </Api>
        <Api Name="get_CrossbarPinInfo">
            <Param Type="BOOL" Name="IsInputPin" />
            <Param Type="long" Name="PinIndex" />
            <Param Type="long*" Name="PinIndexRelated" />
            <Param Type="long*" Name="PhysicalType" />
            <Return Type="HRESULT" />
            <Success Return="Equal" Value="0" />
        </Api>
    </Interface>
</ApiMonitor>