<!--
    API Monitor Definitions
    (c) 2010-2011, Rohitab Batra <rohitab@rohitab.com>
    http://www.rohitab.com/apimonitor/
-->
<ApiMonitor>
    <Include Filename="Interfaces\IUnknown.xml" />
    <Interface Name="IAMDevMemoryAllocator" Id="{c6545bf0-e76b-11d0-bd52-00a0c911ce86}" BaseInterface="IUnknown" OnlineHelp="MSDN" ErrorFunc="HRESULT" Category="Graphics and Multimedia/Audio and Video/DirectShow">
        <!-- Variables -->
        <!-- Methods -->
        <Api Name="GetInfo">
            <Param Type="DWORD*" Name="pdwcbTotalFree" />
            <Param Type="DWORD*" Name="pdwcbLargestFree" />
            <Param Type="DWORD*" Name="pdwcbTotalMemory" />
            <Param Type="DWORD*" Name="pdwcbMinimumChunk" />
            <Return Type="HRESULT" />
            <Success Return="Equal" Value="0" />
        </Api>
        <Api Name="CheckMemory">
            <Param Type="const BYTE*" Name="pBuffer" />
            <Return Type="HRESULT" />
            <Success Return="Equal" Value="0" />
        </Api>
        <Api Name="Alloc">
            <Param Type="DWORD*" Name="pdwcbBuffer" />
            <Return Type="HRESULT" />
            <Success Return="Equal" Value="0" />
        </Api>
        <Api Name="Free">
            <Param Type="BYTE*" Name="pBuffer" />
            <Return Type="HRESULT" />
            <Success Return="Equal" Value="0" />
        </Api>
        <Api Name="GetDevMemoryObject">
            <Param Type="IUnknown**" Name="ppUnkInnner" />
            <Param Type="IUnknown*" Name="pUnkOuter" />
            <Return Type="HRESULT" />
            <Success Return="Equal" Value="0" />
        </Api>
    </Interface>
</ApiMonitor>