<!--
    API Monitor Definitions
    (c) 2010-2011, Rohitab Batra <rohitab@rohitab.com>
    http://www.rohitab.com/apimonitor/
-->
<ApiMonitor>
    <Include Filename="Interfaces\IUnknown.xml" />
    <Interface Name="IAMExtTransport" Id="{A03CD5F0-3045-11cf-8C44-00AA006B6814}" BaseInterface="IUnknown" OnlineHelp="MSDN" ErrorFunc="HRESULT" Category="Graphics and Multimedia/Audio and Video/DirectShow">
        <!-- Variables -->
        <!-- Methods -->
        <Api Name="GetCapability">
            <Param Type="long" Name="Capability" />
            <Param Type="long*" Name="pValue" />
            <Param Type="double*" Name="pdblValue" />
            <Return Type="HRESULT" />
            <Success Return="Equal" Value="0" />
        </Api>
        <Api Name="put_MediaState">
            <Param Type="long" Name="State" />
            <Return Type="HRESULT" />
            <Success Return="Equal" Value="0" />
        </Api>
        <Api Name="get_MediaState">
            <Param Type="long*" Name="pState" />
            <Return Type="HRESULT" />
            <Success Return="Equal" Value="0" />
        </Api>
        <Api Name="put_LocalControl">
            <Param Type="long" Name="State" />
            <Return Type="HRESULT" />
            <Success Return="Equal" Value="0" />
        </Api>
        <Api Name="get_LocalControl">
            <Param Type="long*" Name="pState" />
            <Return Type="HRESULT" />
            <Success Return="Equal" Value="0" />
        </Api>
        <Api Name="GetStatus">
            <Param Type="long" Name="StatusItem" />
            <Param Type="long*" Name="pValue" />
            <Return Type="HRESULT" />
            <Success Return="Equal" Value="0" />
        </Api>
        <Api Name="GetTransportBasicParameters">
            <Param Type="long" Name="Param" />
            <Param Type="long*" Name="pValue" />
            <Param Type="LPOLESTR*" Name="ppszData" />
            <Return Type="HRESULT" />
            <Success Return="Equal" Value="0" />
        </Api>
        <Api Name="SetTransportBasicParameters">
            <Param Type="long" Name="Param" />
            <Param Type="long" Name="Value" />
            <Param Type="LPCOLESTR" Name="pszData" />
            <Return Type="HRESULT" />
            <Success Return="Equal" Value="0" />
        </Api>
        <Api Name="GetTransportVideoParameters">
            <Param Type="long" Name="Param" />
            <Param Type="long*" Name="pValue" />
            <Return Type="HRESULT" />
            <Success Return="Equal" Value="0" />
        </Api>
        <Api Name="SetTransportVideoParameters">
            <Param Type="long" Name="Param" />
            <Param Type="long" Name="Value" />
            <Return Type="HRESULT" />
            <Success Return="Equal" Value="0" />
        </Api>
        <Api Name="GetTransportAudioParameters">
            <Param Type="long" Name="Param" />
            <Param Type="long*" Name="pValue" />
            <Return Type="HRESULT" />
            <Success Return="Equal" Value="0" />
        </Api>
        <Api Name="SetTransportAudioParameters">
            <Param Type="long" Name="Param" />
            <Param Type="long" Name="Value" />
            <Return Type="HRESULT" />
            <Success Return="Equal" Value="0" />
        </Api>
        <Api Name="put_Mode">
            <Param Type="long" Name="Mode" />
            <Return Type="HRESULT" />
            <Success Return="Equal" Value="0" />
        </Api>
        <Api Name="get_Mode">
            <Param Type="long*" Name="pMode" />
            <Return Type="HRESULT" />
            <Success Return="Equal" Value="0" />
        </Api>
        <Api Name="put_Rate">
            <Param Type="double" Name="dblRate" />
            <Return Type="HRESULT" />
            <Success Return="Equal" Value="0" />
        </Api>
        <Api Name="get_Rate">
            <Param Type="double*" Name="pdblRate" />
            <Return Type="HRESULT" />
            <Success Return="Equal" Value="0" />
        </Api>
        <Api Name="GetChase">
            <Param Type="long*" Name="pEnabled" />
            <Param Type="long*" Name="pOffset" />
            <Param Type="HEVENT*" Name="phEvent" />
            <Return Type="HRESULT" />
            <Success Return="Equal" Value="0" />
        </Api>
        <Api Name="SetChase">
            <Param Type="long" Name="Enable" />
            <Param Type="long" Name="Offset" />
            <Param Type="HEVENT" Name="hEvent" />
            <Return Type="HRESULT" />
            <Success Return="Equal" Value="0" />
        </Api>
        <Api Name="GetBump">
            <Param Type="long*" Name="pSpeed" />
            <Param Type="long*" Name="pDuration" />
            <Return Type="HRESULT" />
            <Success Return="Equal" Value="0" />
        </Api>
        <Api Name="SetBump">
            <Param Type="long" Name="Speed" />
            <Param Type="long" Name="Duration" />
            <Return Type="HRESULT" />
            <Success Return="Equal" Value="0" />
        </Api>
        <Api Name="get_AntiClogControl">
            <Param Type="long*" Name="pEnabled" />
            <Return Type="HRESULT" />
            <Success Return="Equal" Value="0" />
        </Api>
        <Api Name="put_AntiClogControl">
            <Param Type="long" Name="Enable" />
            <Return Type="HRESULT" />
            <Success Return="Equal" Value="0" />
        </Api>
        <Api Name="GetEditPropertySet">
            <Param Type="long" Name="EditID" />
            <Param Type="long*" Name="pState" />
            <Return Type="HRESULT" />
            <Success Return="Equal" Value="0" />
        </Api>
        <Api Name="SetEditPropertySet">
            <Param Type="long*" Name="pEditID" />
            <Param Type="long" Name="State" />
            <Return Type="HRESULT" />
            <Success Return="Equal" Value="0" />
        </Api>
        <Api Name="GetEditProperty">
            <Param Type="long" Name="EditID" />
            <Param Type="long" Name="Param" />
            <Param Type="long*" Name="pValue" />
            <Return Type="HRESULT" />
            <Success Return="Equal" Value="0" />
        </Api>
        <Api Name="SetEditProperty">
            <Param Type="long" Name="EditID" />
            <Param Type="long" Name="Param" />
            <Param Type="long" Name="Value" />
            <Return Type="HRESULT" />
            <Success Return="Equal" Value="0" />
        </Api>
        <Api Name="get_EditStart">
            <Param Type="long*" Name="pValue" />
            <Return Type="HRESULT" />
            <Success Return="Equal" Value="0" />
        </Api>
        <Api Name="put_EditStart">
            <Param Type="long" Name="Value" />
            <Return Type="HRESULT" />
            <Success Return="Equal" Value="0" />
        </Api>
    </Interface>
</ApiMonitor>