<!--
    API Monitor Definitions
    (c) 2010-2011, Rohitab Batra <rohitab@rohitab.com>
    http://www.rohitab.com/apimonitor/
-->
<ApiMonitor>
    <Include Filename="Interfaces\IUnknown.xml" />
    <Interface Name="IAMExtDevice" Id="{B5730A90-1A2C-11cf-8C23-00AA006B6814}" BaseInterface="IUnknown" OnlineHelp="MSDN" ErrorFunc="HRESULT" Category="Graphics and Multimedia/Audio and Video/DirectShow">
        <!-- Variables -->
        <!-- Methods -->
        <Api Name="GetCapability">
            <Param Type="long" Name="Capability" />
            <Param Type="long*" Name="pValue" />
            <Param Type="double*" Name="pdblValue" />
            <Return Type="HRESULT" />
            <Success Return="Equal" Value="0" />
        </Api>
        <Api Name="get_ExternalDeviceID">
            <Param Type="LPOLESTR*" Name="ppszData" />
            <Return Type="HRESULT" />
            <Success Return="Equal" Value="0" />
        </Api>
        <Api Name="get_ExternalDeviceVersion">
            <Param Type="LPOLESTR*" Name="ppszData" />
            <Return Type="HRESULT" />
            <Success Return="Equal" Value="0" />
        </Api>
        <Api Name="put_DevicePower">
            <Param Type="long" Name="PowerMode" />
            <Return Type="HRESULT" />
            <Success Return="Equal" Value="0" />
        </Api>
        <Api Name="get_DevicePower">
            <Param Type="long*" Name="pPowerMode" />
            <Return Type="HRESULT" />
            <Success Return="Equal" Value="0" />
        </Api>
        <Api Name="Calibrate">
            <Param Type="HEVENT" Name="hEvent" />
            <Param Type="long" Name="Mode" />
            <Param Type="long*" Name="pStatus" />
            <Return Type="HRESULT" />
            <Success Return="Equal" Value="0" />
        </Api>
        <Api Name="put_DevicePort">
            <Param Type="long" Name="DevicePort" />
            <Return Type="HRESULT" />
            <Success Return="Equal" Value="0" />
        </Api>
        <Api Name="get_DevicePort">
            <Param Type="long*" Name="pDevicePort" />
            <Return Type="HRESULT" />
            <Success Return="Equal" Value="0" />
        </Api>
    </Interface>
</ApiMonitor>