<!--
    API Monitor Definitions
    (c) 2010-2011, Rohitab Batra <rohitab@rohitab.com>
    http://www.rohitab.com/apimonitor/
-->
<ApiMonitor>
    <Include Filename="Interfaces\IUnknown.xml" />
    <Interface Name="IAMGraphStreams" Id="{632105FA-072E-11d3-8AF9-00C04FB6BD3D}" BaseInterface="IUnknown" OnlineHelp="MSDN" ErrorFunc="HRESULT" Category="Graphics and Multimedia/Audio and Video/DirectShow">
        <!-- Variables -->
        <!-- Methods -->
        <Api Name="FindUpstreamInterface">
            <Param Type="IPin*" Name="pPin" />
            <Param Type="REFIID" Name="riid" />
            <Param Type="void**" Name="ppvInterface" InterfaceId="riid" />
            <Param Type="DWORD" Name="dwFlags" />
            <Return Type="HRESULT" />
            <Success Return="Equal" Value="0" />
        </Api>
        <Api Name="SyncUsingStreamOffset">
            <Param Type="BOOL" Name="bUseStreamOffset" />
            <Return Type="HRESULT" />
            <Success Return="Equal" Value="0" />
        </Api>
        <Api Name="SetMaxGraphLatency">
            <Param Type="REFERENCE_TIME" Name="rtMaxGraphLatency" />
            <Return Type="HRESULT" />
            <Success Return="Equal" Value="0" />
        </Api>
    </Interface>
</ApiMonitor>