<!--
    API Monitor Definitions
    (c) 2010-2011, Rohitab Batra <rohitab@rohitab.com>
    http://www.rohitab.com/apimonitor/
-->
<ApiMonitor>
<Include Filename="Interfaces\IUnknown.xml" />
<Interface Name="IAMovieSetup" Id="{a3d8cec0-7e5a-11cf-bbc5-00805f6cef20}" BaseInterface="IUnknown" OnlineHelp="MSDN" ErrorFunc="HRESULT" Category="Graphics and Multimedia/Audio and Video/DirectShow">
<!-- Variables -->
<!-- Methods -->
<Api Name="Register">
	<Return Type="HRESULT" />
	<Success Return="Equal" Value="0" />
</Api>
<Api Name="Unregister">
	<Return Type="HRESULT" />
	<Success Return="Equal" Value="0" />
</Api>
</Interface>
</ApiMonitor>
