<!--
    API Monitor Definitions
    (c) 2010-2011, Rohitab Batra <rohitab@rohitab.com>
    http://www.rohitab.com/apimonitor/
-->
<ApiMonitor>
    <Include Filename="Interfaces\DirectShow\IAMLatency.xml" />
    <Interface Name="IAMPushSource" Id="{F185FE76-E64E-11d2-B76E-00C04FB6BD3D}" BaseInterface="IAMLatency" OnlineHelp="MSDN" ErrorFunc="HRESULT" Category="Graphics and Multimedia/Audio and Video/DirectShow">
        <!-- Variables -->
        <!-- Methods -->
        <Api Name="GetPushSourceFlags">
            <Param Type="ULONG*" Name="pFlags" />
            <Return Type="HRESULT" />
            <Success Return="Equal" Value="0" />
        </Api>
        <Api Name="SetPushSourceFlags">
            <Param Type="ULONG" Name="Flags" />
            <Return Type="HRESULT" />
            <Success Return="Equal" Value="0" />
        </Api>
        <Api Name="SetStreamOffset">
            <Param Type="REFERENCE_TIME" Name="rtOffset" />
            <Return Type="HRESULT" />
            <Success Return="Equal" Value="0" />
        </Api>
        <Api Name="GetStreamOffset">
            <Param Type="REFERENCE_TIME*" Name="prtOffset" />
            <Return Type="HRESULT" />
            <Success Return="Equal" Value="0" />
        </Api>
        <Api Name="GetMaxStreamOffset">
            <Param Type="REFERENCE_TIME*" Name="prtMaxOffset" />
            <Return Type="HRESULT" />
            <Success Return="Equal" Value="0" />
        </Api>
        <Api Name="SetMaxStreamOffset">
            <Param Type="REFERENCE_TIME" Name="rtMaxOffset" />
            <Return Type="HRESULT" />
            <Success Return="Equal" Value="0" />
        </Api>
    </Interface>
</ApiMonitor>