<!--
    API Monitor Definitions
    (c) 2010-2011, Rohitab Batra <rohitab@rohitab.com>
    http://www.rohitab.com/apimonitor/
-->
<ApiMonitor>
    <Include Filename="Interfaces\IUnknown.xml" />
    <Interface Name="IAMPluginControl" Id="{0e26a181-f40c-4635-8786-976284b52981}" BaseInterface="IUnknown" OnlineHelp="MSDN" ErrorFunc="HRESULT" Category="Graphics and Multimedia/Audio and Video/DirectShow">
        <!-- Variables -->
        <!-- Methods -->
        <Api Name="GetPreferredClsid">
            <Param Type="REFGUID" Name="subType" />
            <Param Type="CLSID*" Name="clsid" />
            <Return Type="HRESULT" />
            <Success Return="Equal" Value="0" />
        </Api>
        <Api Name="GetPreferredClsidByIndex">
            <Param Type="DWORD" Name="index" />
            <Param Type="GUID*" Name="subType" />
            <Param Type="CLSID*" Name="clsid" />
            <Return Type="HRESULT" />
            <Success Return="Equal" Value="0" />
        </Api>
        <Api Name="SetPreferredClsid">
            <Param Type="REFGUID" Name="subType" />
            <Param Type="const CLSID*" Name="clsid" />
            <Return Type="HRESULT" />
            <Success Return="Equal" Value="0" />
        </Api>
        <Api Name="IsDisabled">
            <Param Type="REFCLSID" Name="clsid" />
            <Return Type="HRESULT" />
            <Success Return="Equal" Value="0" />
        </Api>
        <Api Name="GetDisabledByIndex">
            <Param Type="DWORD" Name="index" />
            <Param Type="CLSID*" Name="clsid" />
            <Return Type="HRESULT" />
            <Success Return="Equal" Value="0" />
        </Api>
        <Api Name="SetDisabled">
            <Param Type="REFCLSID" Name="clsid" />
            <Param Type="BOOL" Name="disabled" />
            <Return Type="HRESULT" />
            <Success Return="Equal" Value="0" />
        </Api>
        <Api Name="IsLegacyDisabled">
            <Param Type="LPCWSTR" Name="dllName" />
            <Return Type="HRESULT" />
            <Success Return="Equal" Value="0" />
        </Api>
    </Interface>
</ApiMonitor>