<!--
    API Monitor Definitions
    (c) 2010-2011, Rohitab Batra <rohitab@rohitab.com>
    http://www.rohitab.com/apimonitor/
-->
<ApiMonitor>
    <Include Filename="Interfaces\IUnknown.xml" />
    <Interface Name="IAMStreamConfig" Id="{C6E13340-30AC-11d0-A18C-00A0C9118956}" BaseInterface="IUnknown" OnlineHelp="MSDN" ErrorFunc="HRESULT" Category="Graphics and Multimedia/Audio and Video/DirectShow">
        <!-- Variables -->
        <!-- Methods -->
        <Api Name="SetFormat">
            <Param Type="AM_MEDIA_TYPE*" Name="pmt" />
            <Return Type="HRESULT" />
            <Success Return="Equal" Value="0" />
        </Api>
        <Api Name="GetFormat">
            <Param Type="AM_MEDIA_TYPE**" Name="ppmt" />
            <Return Type="HRESULT" />
            <Success Return="Equal" Value="0" />
        </Api>
        <Api Name="GetNumberOfCapabilities">
            <Param Type="int*" Name="piCount" />
            <Param Type="int*" Name="piSize" />
            <Return Type="HRESULT" />
            <Success Return="Equal" Value="0" />
        </Api>
        <Api Name="GetStreamCaps">
            <Param Type="int" Name="iIndex" />
            <Param Type="AM_MEDIA_TYPE**" Name="ppmt" />
            <Param Type="BYTE*" Name="pSCC" />
            <Return Type="HRESULT" />
            <Success Return="Equal" Value="0" />
        </Api>
    </Interface>
</ApiMonitor>