<!--
    API Monitor Definitions
    (c) 2010-2011, Rohitab Batra <rohitab@rohitab.com>
    http://www.rohitab.com/apimonitor/
-->
<ApiMonitor>
    <Include Filename="Interfaces\IUnknown.xml" />
    <Interface Name="IAMStreamSelect" Id="{c1960960-17f5-11d1-abe1-00a0c905f375}" BaseInterface="IUnknown" OnlineHelp="MSDN" ErrorFunc="HRESULT" Category="Graphics and Multimedia/Audio and Video/DirectShow">
        <!-- Variables -->
        <!-- Methods -->
        <Api Name="Count">
            <Param Type="DWORD*" Name="pcStreams" />
            <Return Type="HRESULT" />
            <Success Return="Equal" Value="0" />
        </Api>
        <Api Name="Info">
            <Param Type="long" Name="lIndex" />
            <Param Type="AM_MEDIA_TYPE**" Name="ppmt" />
            <Param Type="DWORD*" Name="pdwFlags" />
            <Param Type="LCID*" Name="plcid" />
            <Param Type="DWORD*" Name="pdwGroup" />
            <Param Type="LPWSTR*" Name="ppszName" />
            <Param Type="IUnknown**" Name="ppObject" />
            <Param Type="IUnknown**" Name="ppUnk" />
            <Return Type="HRESULT" />
            <Success Return="Equal" Value="0" />
        </Api>
        <Api Name="Enable">
            <Param Type="long" Name="lIndex" />
            <Param Type="DWORD" Name="dwFlags" />
            <Return Type="HRESULT" />
            <Success Return="Equal" Value="0" />
        </Api>
    </Interface>
</ApiMonitor>