<!--
    API Monitor Definitions
    (c) 2010-2011, Rohitab Batra <rohitab@rohitab.com>
    http://www.rohitab.com/apimonitor/
-->
<ApiMonitor>
    <Include Filename="Interfaces\IUnknown.xml" />
    <Interface Name="IAMStreamControl" Id="{36b73881-c2c8-11cf-8b46-00805f6cef60}" BaseInterface="IUnknown" OnlineHelp="MSDN" ErrorFunc="HRESULT" Category="Graphics and Multimedia/Audio and Video/DirectShow">
        <!-- Variables -->
        <!-- Methods -->
        <Api Name="StartAt">
            <Param Type="const REFERENCE_TIME*" Name="ptStart" />
            <Param Type="DWORD" Name="dwCookie" />
            <Return Type="HRESULT" />
            <Success Return="Equal" Value="0" />
        </Api>
        <Api Name="StopAt">
            <Param Type="const REFERENCE_TIME*" Name="ptStop" />
            <Param Type="BOOL" Name="bSendExtra" />
            <Param Type="DWORD" Name="dwCookie" />
            <Return Type="HRESULT" />
            <Success Return="Equal" Value="0" />
        </Api>
        <Api Name="GetInfo">
            <Param Type="AM_STREAM_INFO*" Name="pInfo" />
            <Return Type="HRESULT" />
            <Success Return="Equal" Value="0" />
        </Api>
    </Interface>
</ApiMonitor>