<!--
    API Monitor Definitions
    (c) 2010-2011, Rohitab Batra <rohitab@rohitab.com>
    http://www.rohitab.com/apimonitor/
-->
<ApiMonitor>
    <Include Filename="Interfaces\IDispatch.xml" />
    <Interface Name="IAMStats" Id="{bc9bcf80-dcd2-11d2-abf6-00a0c905f375}" BaseInterface="IDispatch" OnlineHelp="MSDN" ErrorFunc="HRESULT" Category="Graphics and Multimedia/Audio and Video/DirectShow">
        <!-- Variables -->
        <!-- Methods -->
        <Api Name="Reset">
            <Return Type="HRESULT" />
            <Success Return="Equal" Value="0" />
        </Api>
        <Api Name="get_Count">
            <Param Type="LONG*" Name="plCount" />
            <Return Type="HRESULT" />
            <Success Return="Equal" Value="0" />
        </Api>
        <Api Name="GetValueByIndex">
            <Param Type="long" Name="lIndex" />
            <Param Type="BSTR*" Name="szName" />
            <Param Type="long*" Name="lCount" />
            <Param Type="double*" Name="dLast" />
            <Param Type="double*" Name="dAverage" />
            <Param Type="double*" Name="dStdDev" />
            <Param Type="double*" Name="dMin" />
            <Param Type="double*" Name="dMax" />
            <Return Type="HRESULT" />
            <Success Return="Equal" Value="0" />
        </Api>
        <Api Name="GetValueByName">
            <Param Type="BSTR" Name="szName" />
            <Param Type="long*" Name="lIndex" />
            <Param Type="long*" Name="lCount" />
            <Param Type="double*" Name="dLast" />
            <Param Type="double*" Name="dAverage" />
            <Param Type="double*" Name="dStdDev" />
            <Param Type="double*" Name="dMin" />
            <Param Type="double*" Name="dMax" />
            <Return Type="HRESULT" />
            <Success Return="Equal" Value="0" />
        </Api>
        <Api Name="GetIndex">
            <Param Type="BSTR" Name="szName" />
            <Param Type="long" Name="lCreate" />
            <Param Type="long*" Name="plIndex" />
            <Return Type="HRESULT" />
            <Success Return="Equal" Value="0" />
        </Api>
        <Api Name="AddValue">
            <Param Type="long" Name="lIndex" />
            <Param Type="double" Name="dValue" />
            <Return Type="HRESULT" />
            <Success Return="Equal" Value="0" />
        </Api>
    </Interface>
</ApiMonitor>
