<!--
    API Monitor Definitions
    (c) 2010-2011, Rohitab Batra <rohitab@rohitab.com>
    http://www.rohitab.com/apimonitor/
-->
<ApiMonitor>
    <Include Filename="Interfaces\IUnknown.xml" />
    <Interface Name="IAMTimecodeGenerator" Id="{9B496CE0-811B-11cf-8C77-00AA006B6814}" BaseInterface="IUnknown" OnlineHelp="MSDN" ErrorFunc="HRESULT" Category="Graphics and Multimedia/Audio and Video/DirectShow">
        <!-- Variables -->
        <!-- Methods -->
        <Api Name="GetTCGMode">
            <Param Type="long" Name="Param" />
            <Param Type="long*" Name="pValue" />
            <Return Type="HRESULT" />
            <Success Return="Equal" Value="0" />
        </Api>
        <Api Name="SetTCGMode">
            <Param Type="long" Name="Param" />
            <Param Type="long" Name="Value" />
            <Return Type="HRESULT" />
            <Success Return="Equal" Value="0" />
        </Api>
        <Api Name="put_VITCLine">
            <Param Type="long" Name="Line" />
            <Return Type="HRESULT" />
            <Success Return="Equal" Value="0" />
        </Api>
        <Api Name="get_VITCLine">
            <Param Type="long*" Name="pLine" />
            <Return Type="HRESULT" />
            <Success Return="Equal" Value="0" />
        </Api>
        <Api Name="SetTimecode">
            <Param Type="PTIMECODE_SAMPLE" Name="pTimecodeSample" />
            <Return Type="HRESULT" />
            <Success Return="Equal" Value="0" />
        </Api>
        <Api Name="GetTimecode">
            <Param Type="PTIMECODE_SAMPLE" Name="pTimecodeSample" />
            <Return Type="HRESULT" />
            <Success Return="Equal" Value="0" />
        </Api>
    </Interface>
</ApiMonitor>