<!--
    API Monitor Definitions
    (c) 2010-2011, Rohitab Batra <rohitab@rohitab.com>
    http://www.rohitab.com/apimonitor/
-->
<ApiMonitor>
    <Include Filename="Interfaces\IUnknown.xml" />
    <Interface Name="IAMTuner" Id="{211A8761-03AC-11d1-8D13-00AA00BD8339}" BaseInterface="IUnknown" OnlineHelp="MSDN" ErrorFunc="HRESULT" Category="Graphics and Multimedia/Audio and Video/DirectShow">
        <!-- Variables -->
        <!-- Methods -->
        <Api Name="put_Channel">
            <Param Type="long" Name="lChannel" />
            <Param Type="long" Name="lVideoSubChannel" />
            <Param Type="long" Name="lAudioSubChannel" />
            <Return Type="HRESULT" />
            <Success Return="Equal" Value="0" />
        </Api>
        <Api Name="get_Channel">
            <Param Type="long*" Name="plChannel" />
            <Param Type="long*" Name="plVideoSubChannel" />
            <Param Type="long*" Name="plAudioSubChannel" />
            <Return Type="HRESULT" />
            <Success Return="Equal" Value="0" />
        </Api>
        <Api Name="ChannelMinMax">
            <Param Type="long*" Name="lChannelMin" />
            <Param Type="long*" Name="lChannelMax" />
            <Return Type="HRESULT" />
            <Success Return="Equal" Value="0" />
        </Api>
        <Api Name="put_CountryCode">
            <Param Type="long" Name="lCountryCode" />
            <Return Type="HRESULT" />
            <Success Return="Equal" Value="0" />
        </Api>
        <Api Name="get_CountryCode">
            <Param Type="long*" Name="plCountryCode" />
            <Return Type="HRESULT" />
            <Success Return="Equal" Value="0" />
        </Api>
        <Api Name="put_TuningSpace">
            <Param Type="long" Name="lTuningSpace" />
            <Return Type="HRESULT" />
            <Success Return="Equal" Value="0" />
        </Api>
        <Api Name="get_TuningSpace">
            <Param Type="long*" Name="plTuningSpace" />
            <Return Type="HRESULT" />
            <Success Return="Equal" Value="0" />
        </Api>
        <Api Name="Logon">
            <Param Type="HANDLE" Name="hCurrentUser" />
            <Return Type="HRESULT" />
            <Success Return="Equal" Value="0" />
        </Api>
        <Api Name="Logout">
            <Return Type="HRESULT" />
            <Success Return="Equal" Value="0" />
        </Api>
        <Api Name="SignalPresent">
            <Param Type="long*" Name="plSignalStrength" />
            <Return Type="HRESULT" />
            <Success Return="Equal" Value="0" />
        </Api>
        <Api Name="put_Mode">
            <Param Type="AMTunerModeType" Name="lMode" />
            <Return Type="HRESULT" />
            <Success Return="Equal" Value="0" />
        </Api>
        <Api Name="get_Mode">
            <Param Type="AMTunerModeType*" Name="plMode" />
            <Return Type="HRESULT" />
            <Success Return="Equal" Value="0" />
        </Api>
        <Api Name="GetAvailableModes">
            <Param Type="long*" Name="plModes" />
            <Return Type="HRESULT" />
            <Success Return="Equal" Value="0" />
        </Api>
        <Api Name="RegisterNotificationCallBack">
            <Param Type="IAMTunerNotification*" Name="pNotify" />
            <Param Type="long" Name="lEvents" />
            <Return Type="HRESULT" />
            <Success Return="Equal" Value="0" />
        </Api>
        <Api Name="UnRegisterNotificationCallBack">
            <Param Type="IAMTunerNotification*" Name="pNotify" />
            <Return Type="HRESULT" />
            <Success Return="Equal" Value="0" />
        </Api>
    </Interface>
</ApiMonitor>