<!--
    API Monitor Definitions
    (c) 2010-2011, Rohitab Batra <rohitab@rohitab.com>
    http://www.rohitab.com/apimonitor/
-->
<ApiMonitor>
    <Include Filename="Interfaces\DirectShow\IAMTuner.xml" />
    <Interface Name="IAMTVTuner" Id="{211A8766-03AC-11d1-8D13-00AA00BD8339}" BaseInterface="IAMTuner" OnlineHelp="MSDN" ErrorFunc="HRESULT" Category="Graphics and Multimedia/Audio and Video/DirectShow">
        <!-- Variables -->
        <!-- Methods -->
        <Api Name="get_AvailableTVFormats">
            <Param Type="long*" Name="lAnalogVideoStandard" />
            <Return Type="HRESULT" />
            <Success Return="Equal" Value="0" />
        </Api>
        <Api Name="get_TVFormat">
            <Param Type="long*" Name="plAnalogVideoStandard" />
            <Return Type="HRESULT" />
            <Success Return="Equal" Value="0" />
        </Api>
        <Api Name="AutoTune">
            <Param Type="long" Name="lChannel" />
            <Param Type="long*" Name="plFoundSignal" />
            <Return Type="HRESULT" />
            <Success Return="Equal" Value="0" />
        </Api>
        <Api Name="StoreAutoTune">
            <Return Type="HRESULT" />
            <Success Return="Equal" Value="0" />
        </Api>
        <Api Name="get_NumInputConnections">
            <Param Type="long*" Name="plNumInputConnections" />
            <Return Type="HRESULT" />
            <Success Return="Equal" Value="0" />
        </Api>
        <Api Name="put_InputType">
            <Param Type="long" Name="lIndex" />
            <Param Type="TunerInputType" Name="InputType" />
            <Return Type="HRESULT" />
            <Success Return="Equal" Value="0" />
        </Api>
        <Api Name="get_InputType">
            <Param Type="long" Name="lIndex" />
            <Param Type="TunerInputType*" Name="pInputType" />
            <Return Type="HRESULT" />
            <Success Return="Equal" Value="0" />
        </Api>
        <Api Name="put_ConnectInput">
            <Param Type="long" Name="lIndex" />
            <Return Type="HRESULT" />
            <Success Return="Equal" Value="0" />
        </Api>
        <Api Name="get_ConnectInput">
            <Param Type="long*" Name="plIndex" />
            <Return Type="HRESULT" />
            <Success Return="Equal" Value="0" />
        </Api>
        <Api Name="get_VideoFrequency">
            <Param Type="long*" Name="lFreq" />
            <Return Type="HRESULT" />
            <Success Return="Equal" Value="0" />
        </Api>
        <Api Name="get_AudioFrequency">
            <Param Type="long*" Name="lFreq" />
            <Return Type="HRESULT" />
            <Success Return="Equal" Value="0" />
        </Api>
    </Interface>
</ApiMonitor>