<!--
    API Monitor Definitions
    (c) 2010-2011, Rohitab Batra <rohitab@rohitab.com>
    http://www.rohitab.com/apimonitor/
-->
<ApiMonitor>
    <Include Filename="Interfaces\IUnknown.xml" />
    <Interface Name="IAMVfwCompressDialogs" Id="{D8D715A3-6E5E-11D0-B3F0-00AA003761C5}" BaseInterface="IUnknown" OnlineHelp="MSDN" ErrorFunc="HRESULT" Category="Graphics and Multimedia/Audio and Video/DirectShow">
        <!-- Variables -->
        <!-- Methods -->
        <Api Name="ShowDialog">
            <Param Type="int" Name="iDialog" />
            <Param Type="HWND" Name="hwnd" />
            <Return Type="HRESULT" />
            <Success Return="Equal" Value="0" />
        </Api>
        <Api Name="GetState">
            <Param Type="LPVOID" Name="pState" />
            <Param Type="int*" Name="pcbState" />
            <Return Type="HRESULT" />
            <Success Return="Equal" Value="0" />
        </Api>
        <Api Name="SetState">
            <Param Type="LPVOID" Name="pState" />
            <Param Type="int" Name="cbState" />
            <Return Type="HRESULT" />
            <Success Return="Equal" Value="0" />
        </Api>
        <Api Name="SendDriverMessage">
            <Param Type="int" Name="uMsg" />
            <Param Type="long" Name="dw1" />
            <Param Type="long" Name="dw2" />
            <Return Type="HRESULT" />
            <Success Return="Equal" Value="0" />
        </Api>
    </Interface>
</ApiMonitor>