<!--
    API Monitor Definitions
    (c) 2010-2011, Rohitab Batra <rohitab@rohitab.com>
    http://www.rohitab.com/apimonitor/
-->
<ApiMonitor>
    <Include Filename="Interfaces\IUnknown.xml" />
    <Interface Name="IAMVideoCompression" Id="{C6E13343-30AC-11d0-A18C-00A0C9118956}" BaseInterface="IUnknown" OnlineHelp="MSDN" ErrorFunc="HRESULT" Category="Graphics and Multimedia/Audio and Video/DirectShow">
        <!-- Variables -->
        <!-- Methods -->
        <Api Name="put_KeyFrameRate">
            <Param Type="long" Name="KeyFrameRate" />
            <Return Type="HRESULT" />
            <Success Return="Equal" Value="0" />
        </Api>
        <Api Name="get_KeyFrameRate">
            <Param Type="long*" Name="pKeyFrameRate" />
            <Return Type="HRESULT" />
            <Success Return="Equal" Value="0" />
        </Api>
        <Api Name="put_PFramesPerKeyFrame">
            <Param Type="long" Name="PFramesPerKeyFrame" />
            <Return Type="HRESULT" />
            <Success Return="Equal" Value="0" />
        </Api>
        <Api Name="get_PFramesPerKeyFrame">
            <Param Type="long*" Name="pPFramesPerKeyFrame" />
            <Return Type="HRESULT" />
            <Success Return="Equal" Value="0" />
        </Api>
        <Api Name="put_Quality">
            <Param Type="double" Name="Quality" />
            <Return Type="HRESULT" />
            <Success Return="Equal" Value="0" />
        </Api>
        <Api Name="get_Quality">
            <Param Type="double*" Name="pQuality" />
            <Return Type="HRESULT" />
            <Success Return="Equal" Value="0" />
        </Api>
        <Api Name="put_WindowSize">
            <Param Type="DWORDLONG" Name="WindowSize" />
            <Return Type="HRESULT" />
            <Success Return="Equal" Value="0" />
        </Api>
        <Api Name="get_WindowSize">
            <Param Type="DWORDLONG*" Name="pWindowSize" />
            <Return Type="HRESULT" />
            <Success Return="Equal" Value="0" />
        </Api>
        <Api Name="GetInfo">
            <Param Type="LPWSTR" Name="pszVersion" />
            <Param Type="int*" Name="pcbVersion" />
            <Param Type="LPWSTR" Name="pszDescription" />
            <Param Type="int*" Name="pcbDescription" />
            <Param Type="long*" Name="pDefaultKeyFrameRate" />
            <Param Type="long*" Name="pDefaultPFramesPerKey" />
            <Param Type="double*" Name="pDefaultQuality" />
            <Param Type="long*" Name="pCapabilities" />
            <Return Type="HRESULT" />
            <Success Return="Equal" Value="0" />
        </Api>
        <Api Name="OverrideKeyFrame">
            <Param Type="long" Name="FrameNumber" />
            <Return Type="HRESULT" />
            <Success Return="Equal" Value="0" />
        </Api>
        <Api Name="OverrideFrameSize">
            <Param Type="long" Name="FrameNumber" />
            <Param Type="long" Name="Size" />
            <Return Type="HRESULT" />
            <Success Return="Equal" Value="0" />
        </Api>
    </Interface>
</ApiMonitor>