<!--
    API Monitor Definitions
    (c) 2010-2011, Rohitab Batra <rohitab@rohitab.com>
    http://www.rohitab.com/apimonitor/
-->
<ApiMonitor>
    <Include Filename="Interfaces\IUnknown.xml" />
    <Interface Name="IAMVideoControl" Id="{6a2e0670-28e4-11d0-a18c-00a0c9118956}" BaseInterface="IUnknown" OnlineHelp="MSDN" ErrorFunc="HRESULT" Category="Graphics and Multimedia/Audio and Video/DirectShow">
        <!-- Variables -->
        <!-- Methods -->
        <Api Name="GetCaps">
            <Param Type="IPin*" Name="pPin" />
            <Param Type="long*" Name="pCapsFlags" />
            <Return Type="HRESULT" />
            <Success Return="Equal" Value="0" />
        </Api>
        <Api Name="SetMode">
            <Param Type="IPin*" Name="pPin" />
            <Param Type="long" Name="Mode" />
            <Return Type="HRESULT" />
            <Success Return="Equal" Value="0" />
        </Api>
        <Api Name="GetMode">
            <Param Type="IPin*" Name="pPin" />
            <Param Type="long*" Name="Mode" />
            <Return Type="HRESULT" />
            <Success Return="Equal" Value="0" />
        </Api>
        <Api Name="GetCurrentActualFrameRate">
            <Param Type="IPin*" Name="pPin" />
            <Param Type="LONGLONG*" Name="ActualFrameRate" />
            <Return Type="HRESULT" />
            <Success Return="Equal" Value="0" />
        </Api>
        <Api Name="GetMaxAvailableFrameRate">
            <Param Type="IPin*" Name="pPin" />
            <Param Type="long" Name="iIndex" />
            <Param Type="SIZE" Name="Dimensions" />
            <Param Type="LONGLONG*" Name="MaxAvailableFrameRate" />
            <Return Type="HRESULT" />
            <Success Return="Equal" Value="0" />
        </Api>
        <Api Name="GetFrameRateList">
            <Param Type="IPin*" Name="pPin" />
            <Param Type="long" Name="iIndex" />
            <Param Type="SIZE" Name="Dimensions" />
            <Param Type="long*" Name="ListSize" />
            <Param Type="LONGLONG**" Name="FrameRates" />
            <Return Type="HRESULT" />
            <Success Return="Equal" Value="0" />
        </Api>
    </Interface>
</ApiMonitor>