<!--
    API Monitor Definitions
    (c) 2010-2011, Rohitab Batra <rohitab@rohitab.com>
    http://www.rohitab.com/apimonitor/
-->
<ApiMonitor>
    <Include Filename="Interfaces\IUnknown.xml" />
    <Interface Name="IAsyncReader" Id="{56a868aa-0ad4-11ce-b03a-0020af0ba770}" BaseInterface="IUnknown" OnlineHelp="MSDN" ErrorFunc="HRESULT" Category="Graphics and Multimedia/Audio and Video/DirectShow">
        <!-- Variables -->
        <!-- Methods -->
        <Api Name="RequestAllocator">
            <Param Type="IMemAllocator*" Name="pPreferred" />
            <Param Type="ALLOCATOR_PROPERTIES*" Name="pProps" />
            <Param Type="IMemAllocator**" Name="ppActual" />
            <Return Type="HRESULT" />
            <Success Return="Equal" Value="0" />
        </Api>
        <Api Name="Request">
            <Param Type="IMediaSample*" Name="pSample" />
            <Param Type="DWORD_PTR" Name="dwUser" />
            <Return Type="HRESULT" />
            <Success Return="Equal" Value="0" />
        </Api>
        <Api Name="WaitForNext">
            <Param Type="DWORD" Name="dwTimeout" />
            <Param Type="IMediaSample**" Name="ppSample" />
            <Param Type="DWORD_PTR*" Name="pdwUser" />
            <Return Type="HRESULT" />
            <Success Return="Equal" Value="0" />
        </Api>
        <Api Name="SyncReadAligned">
            <Param Type="IMediaSample*" Name="pSample" />
            <Return Type="HRESULT" />
            <Success Return="Equal" Value="0" />
        </Api>
        <Api Name="SyncRead">
            <Param Type="LONGLONG" Name="llPosition" />
            <Param Type="LONG" Name="lLength" />
            <Param Type="BYTE*" Name="pBuffer" />
            <Return Type="HRESULT" />
            <Success Return="Equal" Value="0" />
        </Api>
        <Api Name="Length">
            <Param Type="LONGLONG*" Name="pTotal" />
            <Param Type="LONGLONG*" Name="pAvailable" />
            <Return Type="HRESULT" />
            <Success Return="Equal" Value="0" />
        </Api>
        <Api Name="BeginFlush">
            <Return Type="HRESULT" />
            <Success Return="Equal" Value="0" />
        </Api>
        <Api Name="EndFlush">
            <Return Type="HRESULT" />
            <Success Return="Equal" Value="0" />
        </Api>
    </Interface>
</ApiMonitor>