<!--
    API Monitor Definitions
    (c) 2010-2011, Rohitab Batra <rohitab@rohitab.com>
    http://www.rohitab.com/apimonitor/
-->
<ApiMonitor>
    <Include Filename="Interfaces\DirectShow\IMediaFilter.xml" />
    <Interface Name="IBaseFilter" Id="{56a86895-0ad4-11ce-b03a-0020af0ba770}" BaseInterface="IMediaFilter" OnlineHelp="MSDN" ErrorFunc="HRESULT" Category="Graphics and Multimedia/Audio and Video/DirectShow">
        <!-- Variables -->
        <!-- Methods -->
        <Api Name="EnumPins">
            <Param Type="IEnumPins**" Name="ppEnum" />
            <Return Type="HRESULT" />
            <Success Return="Equal" Value="0" />
        </Api>
        <Api Name="FindPin">
            <Param Type="LPCWSTR" Name="Id" />
            <Param Type="IPin**" Name="ppPin" />
            <Return Type="HRESULT" />
            <Success Return="Equal" Value="0" />
        </Api>
        <Api Name="QueryFilterInfo">
            <Param Type="FILTER_INFO*" Name="pInfo" />
            <Return Type="HRESULT" />
            <Success Return="Equal" Value="0" />
        </Api>
        <Api Name="JoinFilterGraph">
            <Param Type="IFilterGraph*" Name="pGraph" />
            <Param Type="LPCWSTR" Name="pName" />
            <Return Type="HRESULT" />
            <Success Return="Equal" Value="0" />
        </Api>
        <Api Name="QueryVendorInfo">
            <Param Type="LPWSTR*" Name="pVendorInfo" />
            <Return Type="HRESULT" />
            <Success Return="Equal" Value="0" />
        </Api>
    </Interface>
</ApiMonitor>