<!--
    API Monitor Definitions
    (c) 2010-2011, Rohitab Batra <rohitab@rohitab.com>
    http://www.rohitab.com/apimonitor/
-->
<ApiMonitor>
    <Include Filename="Interfaces\IDispatch.xml" />
    <Interface Name="IBasicVideo" Id="{56a868b5-0ad4-11ce-b03a-0020af0ba770}" BaseInterface="IDispatch" OnlineHelp="MSDN" ErrorFunc="HRESULT" Category="Graphics and Multimedia/Audio and Video/DirectShow">
        <!-- Variables -->
        <!-- Methods -->
        <Api Name="get_AvgTimePerFrame">
            <Param Type="REFTIME*" Name="pAvgTimePerFrame" />
            <Return Type="HRESULT" />
            <Success Return="Equal" Value="0" />
        </Api>
        <Api Name="get_BitRate">
            <Param Type="long*" Name="pBitRate" />
            <Return Type="HRESULT" />
            <Success Return="Equal" Value="0" />
        </Api>
        <Api Name="get_BitErrorRate">
            <Param Type="long*" Name="pBitErrorRate" />
            <Return Type="HRESULT" />
            <Success Return="Equal" Value="0" />
        </Api>
        <Api Name="get_VideoWidth">
            <Param Type="long*" Name="pVideoWidth" />
            <Return Type="HRESULT" />
            <Success Return="Equal" Value="0" />
        </Api>
        <Api Name="get_VideoHeight">
            <Param Type="long*" Name="pVideoHeight" />
            <Return Type="HRESULT" />
            <Success Return="Equal" Value="0" />
        </Api>
        <Api Name="put_SourceLeft">
            <Param Type="long" Name="SourceLeft" />
            <Return Type="HRESULT" />
            <Success Return="Equal" Value="0" />
        </Api>
        <Api Name="get_SourceLeft">
            <Param Type="long*" Name="pSourceLeft" />
            <Return Type="HRESULT" />
            <Success Return="Equal" Value="0" />
        </Api>
        <Api Name="put_SourceWidth">
            <Param Type="long" Name="SourceWidth" />
            <Return Type="HRESULT" />
            <Success Return="Equal" Value="0" />
        </Api>
        <Api Name="get_SourceWidth">
            <Param Type="long*" Name="pSourceWidth" />
            <Return Type="HRESULT" />
            <Success Return="Equal" Value="0" />
        </Api>
        <Api Name="put_SourceTop">
            <Param Type="long" Name="SourceTop" />
            <Return Type="HRESULT" />
            <Success Return="Equal" Value="0" />
        </Api>
        <Api Name="get_SourceTop">
            <Param Type="long*" Name="pSourceTop" />
            <Return Type="HRESULT" />
            <Success Return="Equal" Value="0" />
        </Api>
        <Api Name="put_SourceHeight">
            <Param Type="long" Name="SourceHeight" />
            <Return Type="HRESULT" />
            <Success Return="Equal" Value="0" />
        </Api>
        <Api Name="get_SourceHeight">
            <Param Type="long*" Name="pSourceHeight" />
            <Return Type="HRESULT" />
            <Success Return="Equal" Value="0" />
        </Api>
        <Api Name="put_DestinationLeft">
            <Param Type="long" Name="DestinationLeft" />
            <Return Type="HRESULT" />
            <Success Return="Equal" Value="0" />
        </Api>
        <Api Name="get_DestinationLeft">
            <Param Type="long*" Name="pDestinationLeft" />
            <Return Type="HRESULT" />
            <Success Return="Equal" Value="0" />
        </Api>
        <Api Name="put_DestinationWidth">
            <Param Type="long" Name="DestinationWidth" />
            <Return Type="HRESULT" />
            <Success Return="Equal" Value="0" />
        </Api>
        <Api Name="get_DestinationWidth">
            <Param Type="long*" Name="pDestinationWidth" />
            <Return Type="HRESULT" />
            <Success Return="Equal" Value="0" />
        </Api>
        <Api Name="put_DestinationTop">
            <Param Type="long" Name="DestinationTop" />
            <Return Type="HRESULT" />
            <Success Return="Equal" Value="0" />
        </Api>
        <Api Name="get_DestinationTop">
            <Param Type="long*" Name="pDestinationTop" />
            <Return Type="HRESULT" />
            <Success Return="Equal" Value="0" />
        </Api>
        <Api Name="put_DestinationHeight">
            <Param Type="long" Name="DestinationHeight" />
            <Return Type="HRESULT" />
            <Success Return="Equal" Value="0" />
        </Api>
        <Api Name="get_DestinationHeight">
            <Param Type="long*" Name="pDestinationHeight" />
            <Return Type="HRESULT" />
            <Success Return="Equal" Value="0" />
        </Api>
        <Api Name="SetSourcePosition">
            <Param Type="long" Name="Left" />
            <Param Type="long" Name="Top" />
            <Param Type="long" Name="Width" />
            <Param Type="long" Name="Height" />
            <Return Type="HRESULT" />
            <Success Return="Equal" Value="0" />
        </Api>
        <Api Name="GetSourcePosition">
            <Param Type="long*" Name="pLeft" />
            <Param Type="long*" Name="pTop" />
            <Param Type="long*" Name="pWidth" />
            <Param Type="long*" Name="pHeight" />
            <Return Type="HRESULT" />
            <Success Return="Equal" Value="0" />
        </Api>
        <Api Name="SetDefaultSourcePosition">
            <Return Type="HRESULT" />
            <Success Return="Equal" Value="0" />
        </Api>
        <Api Name="SetDestinationPosition">
            <Param Type="long" Name="Left" />
            <Param Type="long" Name="Top" />
            <Param Type="long" Name="Width" />
            <Param Type="long" Name="Height" />
            <Return Type="HRESULT" />
            <Success Return="Equal" Value="0" />
        </Api>
        <Api Name="GetDestinationPosition">
            <Param Type="long*" Name="pLeft" />
            <Param Type="long*" Name="pTop" />
            <Param Type="long*" Name="pWidth" />
            <Param Type="long*" Name="pHeight" />
            <Return Type="HRESULT" />
            <Success Return="Equal" Value="0" />
        </Api>
        <Api Name="SetDefaultDestinationPosition">
            <Return Type="HRESULT" />
            <Success Return="Equal" Value="0" />
        </Api>
        <Api Name="GetVideoSize">
            <Param Type="long*" Name="pWidth" />
            <Param Type="long*" Name="pHeight" />
            <Return Type="HRESULT" />
            <Success Return="Equal" Value="0" />
        </Api>
        <Api Name="GetVideoPaletteEntries">
            <Param Type="long" Name="StartIndex" />
            <Param Type="long" Name="Entries" />
            <Param Type="long*" Name="pRetrieved" />
            <Param Type="long*" Name="pPalette" />
            <Return Type="HRESULT" />
            <Success Return="Equal" Value="0" />
        </Api>
        <Api Name="GetCurrentImage">
            <Param Type="long*" Name="pBufferSize" />
            <Param Type="long*" Name="pDIBImage" />
            <Return Type="HRESULT" />
            <Success Return="Equal" Value="0" />
        </Api>
        <Api Name="IsUsingDefaultSource">
            <Return Type="HRESULT" />
            <Success Return="Equal" Value="0" />
        </Api>
        <Api Name="IsUsingDefaultDestination">
            <Return Type="HRESULT" />
            <Success Return="Equal" Value="0" />
        </Api>
    </Interface>
</ApiMonitor>
