<!--
    API Monitor Definitions
    (c) 2010-2011, Rohitab Batra <rohitab@rohitab.com>
    http://www.rohitab.com/apimonitor/
-->
<ApiMonitor>
    <Include Filename="Interfaces\DirectShow\IBasicVideo.xml" />
    <Interface Name="IBasicVideo2" Id="{329bb360-f6ea-11d1-9038-00a0c9697298}" BaseInterface="IBasicVideo" OnlineHelp="MSDN" ErrorFunc="HRESULT" Category="Graphics and Multimedia/Audio and Video/DirectShow">
        <!-- Variables -->
        <!-- Methods -->
        <Api Name="GetPreferredAspectRatio">
            <Param Type="long*" Name="plAspectX" />
            <Param Type="long*" Name="plAspectY" />
            <Return Type="HRESULT" />
            <Success Return="Equal" Value="0" />
        </Api>
    </Interface>
</ApiMonitor>
