<!--
    API Monitor Definitions
    (c) 2010-2011, Rohitab Batra <rohitab@rohitab.com>
    http://www.rohitab.com/apimonitor/
-->
<ApiMonitor>
    <Include Filename="Interfaces\DirectShow\IAMTuner.xml" />
    <Interface Name="IBPCSatelliteTuner" Id="{211A8765-03AC-11d1-8D13-00AA00BD8339}" BaseInterface="IAMTuner" OnlineHelp="MSDN" ErrorFunc="HRESULT" Category="Graphics and Multimedia/Audio and Video/DirectShow">
        <!-- Variables -->
        <!-- Methods -->
        <Api Name="get_DefaultSubChannelTypes">
            <Param Type="long*" Name="plDefaultVideoType" />
            <Param Type="long*" Name="plDefaultAudioType" />
            <Return Type="HRESULT" />
            <Success Return="Equal" Value="0" />
        </Api>
        <Api Name="put_DefaultSubChannelTypes">
            <Param Type="long" Name="lDefaultVideoType" />
            <Param Type="long" Name="lDefaultAudioType" />
            <Return Type="HRESULT" />
            <Success Return="Equal" Value="0" />
        </Api>
        <Api Name="IsTapingPermitted">
            <Return Type="HRESULT" />
            <Success Return="Equal" Value="0" />
        </Api>
    </Interface>
</ApiMonitor>