<!--
    API Monitor Definitions
    (c) 2010-2011, Rohitab Batra <rohitab@rohitab.com>
    http://www.rohitab.com/apimonitor/
-->
<ApiMonitor>
    <Include Filename="Interfaces\IUnknown.xml" />
    <Interface Name="ICaptureGraphBuilder2" Id="{93E5A4E0-2D50-11d2-ABFA-00A0C9C6E38D}" BaseInterface="IUnknown" OnlineHelp="MSDN" ErrorFunc="HRESULT" Category="Graphics and Multimedia/Audio and Video/DirectShow">
        <!-- Variables -->
        <!-- Methods -->
        <Api Name="SetFiltergraph">
            <Param Type="IGraphBuilder*" Name="pfg" />
            <Return Type="HRESULT" />
            <Success Return="Equal" Value="0" />
        </Api>
        <Api Name="GetFiltergraph">
            <Param Type="IGraphBuilder**" Name="ppfg" />
            <Return Type="HRESULT" />
            <Success Return="Equal" Value="0" />
        </Api>
        <Api Name="SetOutputFileName">
            <Param Type="const GUID*" Name="pType" />
            <Param Type="LPCOLESTR" Name="lpstrFile" />
            <Param Type="IBaseFilter**" Name="ppf" />
            <Param Type="IFileSinkFilter**" Name="ppSink" />
            <Return Type="HRESULT" />
            <Success Return="Equal" Value="0" />
        </Api>
        <Api Name="FindInterface">
            <Param Type="const GUID*" Name="pCategory" />
            <Param Type="const GUID*" Name="pType" />
            <Param Type="IBaseFilter*" Name="pf" />
            <Param Type="REFIID" Name="riid" />
            <Param Type="void**" Name="ppint" InterfaceId="riid" />
            <Return Type="HRESULT" />
            <Success Return="Equal" Value="0" />
        </Api>
        <Api Name="RenderStream">
            <Param Type="const GUID*" Name="pCategory" />
            <Param Type="const GUID*" Name="pType" />
            <Param Type="IUnknown*" Name="pSource" />
            <Param Type="IBaseFilter*" Name="pfCompressor" />
            <Param Type="IBaseFilter*" Name="pfRenderer" />
            <Return Type="HRESULT" />
            <Success Return="Equal" Value="0" />
        </Api>
        <Api Name="ControlStream">
            <Param Type="const GUID*" Name="pCategory" />
            <Param Type="const GUID*" Name="pType" />
            <Param Type="IBaseFilter*" Name="pFilter" />
            <Param Type="REFERENCE_TIME*" Name="pstart" />
            <Param Type="REFERENCE_TIME*" Name="pstop" />
            <Param Type="WORD" Name="wStartCookie" />
            <Param Type="WORD" Name="wStopCookie" />
            <Return Type="HRESULT" />
            <Success Return="Equal" Value="0" />
        </Api>
        <Api Name="AllocCapFile">
            <Param Type="LPCOLESTR" Name="lpstr" />
            <Param Type="DWORDLONG" Name="dwlSize" />
            <Return Type="HRESULT" />
            <Success Return="Equal" Value="0" />
        </Api>
        <Api Name="CopyCaptureFile">
            <Param Type="LPOLESTR" Name="lpwstrOld" />
            <Param Type="LPOLESTR" Name="lpwstrNew" />
            <Param Type="int" Name="fAllowEscAbort" />
            <Param Type="IAMCopyCaptureFileProgress*" Name="pCallback" />
            <Return Type="HRESULT" />
            <Success Return="Equal" Value="0" />
        </Api>
        <Api Name="FindPin">
            <Param Type="IUnknown*" Name="pSource" />
            <Param Type="PIN_DIRECTION" Name="pindir" />
            <Param Type="const GUID*" Name="pCategory" />
            <Param Type="const GUID*" Name="pType" />
            <Param Type="BOOL" Name="fUnconnected" />
            <Param Type="int" Name="num" />
            <Param Type="IPin**" Name="ppPin" />
            <Return Type="HRESULT" />
            <Success Return="Equal" Value="0" />
        </Api>
    </Interface>
</ApiMonitor>