<!--
    API Monitor Definitions
    (c) 2010-2011, Rohitab Batra <rohitab@rohitab.com>
    http://www.rohitab.com/apimonitor/
-->
<ApiMonitor>
    <Include Filename="Interfaces\IUnknown.xml" />
    <Interface Name="ICodecAPI" Id="{901db4c7-31ce-41a2-85dc-8fa0bf41b8da}" BaseInterface="IUnknown" OnlineHelp="MSDN" ErrorFunc="HRESULT" Category="Graphics and Multimedia/Audio and Video/DirectShow">
        <!-- Variables -->
        <!-- Methods -->
        <Api Name="IsSupported">
            <Param Type="const GUID*" Name="Api" />
            <Return Type="HRESULT" />
            <Success Return="Equal" Value="0" />
        </Api>
        <Api Name="IsModifiable">
            <Param Type="const GUID*" Name="Api" />
            <Return Type="HRESULT" />
            <Success Return="Equal" Value="0" />
        </Api>
        <Api Name="GetParameterRange">
            <Param Type="const GUID*" Name="Api" />
            <Param Type="VARIANT*" Name="ValueMin" />
            <Param Type="VARIANT*" Name="ValueMax" />
            <Param Type="VARIANT*" Name="SteppingDelta" />
            <Return Type="HRESULT" />
            <Success Return="Equal" Value="0" />
        </Api>
        <Api Name="GetParameterValues">
            <Param Type="const GUID*" Name="Api" />
            <Param Type="ULONG*" Name="ValuesCount" />
            <Return Type="HRESULT" />
            <Success Return="Equal" Value="0" />
        </Api>
        <Api Name="GetDefaultValue">
            <Param Type="const GUID*" Name="Api" />
            <Param Type="VARIANT*" Name="Value" />
            <Return Type="HRESULT" />
            <Success Return="Equal" Value="0" />
        </Api>
        <Api Name="GetValue">
            <Param Type="const GUID*" Name="Api" />
            <Param Type="VARIANT*" Name="Value" />
            <Return Type="HRESULT" />
            <Success Return="Equal" Value="0" />
        </Api>
        <Api Name="SetValue">
            <Param Type="const GUID*" Name="Api" />
            <Param Type="VARIANT*" Name="Value" />
            <Return Type="HRESULT" />
            <Success Return="Equal" Value="0" />
        </Api>
        <Api Name="RegisterForEvent">
            <Param Type="const GUID*" Name="Api" />
            <Param Type="LONG_PTR" Name="userData" />
            <Return Type="HRESULT" />
            <Success Return="Equal" Value="0" />
        </Api>
        <Api Name="UnregisterForEvent">
            <Param Type="const GUID*" Name="Api" />
            <Return Type="HRESULT" />
            <Success Return="Equal" Value="0" />
        </Api>
        <Api Name="SetAllDefaults">
            <Return Type="HRESULT" />
            <Success Return="Equal" Value="0" />
        </Api>
        <Api Name="SetValueWithNotify">
            <Param Type="const GUID*" Name="Api" />
            <Param Type="VARIANT*" Name="Value" />
            <Param Type="ULONG*" Name="ChangedParamCount" />
            <Return Type="HRESULT" />
            <Success Return="Equal" Value="0" />
        </Api>
        <Api Name="SetAllDefaultsWithNotify">
            <Param Type="ULONG*" Name="ChangedParamCount" />
            <Return Type="HRESULT" />
            <Success Return="Equal" Value="0" />
        </Api>
        <Api Name="GetAllSettings">
            <Param Type="IStream*" Name="pStream" />
            <Return Type="HRESULT" />
            <Success Return="Equal" Value="0" />
        </Api>
        <Api Name="SetAllSettings">
            <Param Type="IStream*" Name="pStream" />
            <Return Type="HRESULT" />
            <Success Return="Equal" Value="0" />
        </Api>
        <Api Name="SetAllSettingsWithNotify">
            <Param Type="IStream*" Name="pStream" />
            <Param Type="ULONG*" Name="ChangedParamCount" />
            <Return Type="HRESULT" />
            <Success Return="Equal" Value="0" />
        </Api>
    </Interface>
</ApiMonitor>