<!--
    API Monitor Definitions
    (c) 2010-2011, Rohitab Batra <rohitab@rohitab.com>
    http://www.rohitab.com/apimonitor/
-->
<ApiMonitor>
    <Include Filename="Interfaces\IUnknown.xml" />
    <Interface Name="IDDrawExclModeVideoCallback" Id="{913c24a0-20ab-11d2-9038-00a0c9697298}" BaseInterface="IUnknown" OnlineHelp="MSDN" ErrorFunc="HRESULT" Category="Graphics and Multimedia/Audio and Video/DirectShow">
        <!-- Variables -->
        <!-- Methods -->
        <Api Name="OnUpdateOverlay">
            <Param Type="BOOL" Name="bBefore" />
            <Param Type="DWORD" Name="dwFlags" />
            <Param Type="BOOL" Name="bOldVisible" />
            <Param Type="const RECT*" Name="prcOldSrc" />
            <Param Type="const RECT*" Name="prcOldDest" />
            <Param Type="BOOL" Name="bNewVisible" />
            <Param Type="const RECT*" Name="prcNewSrc" />
            <Param Type="const RECT*" Name="prcNewDest" />
            <Return Type="HRESULT" />
            <Success Return="Equal" Value="0" />
        </Api>
        <Api Name="OnUpdateColorKey">
            <Param Type="const COLORKEY*" Name="pKey" />
            <Param Type="DWORD" Name="dwColor" />
            <Return Type="HRESULT" />
            <Success Return="Equal" Value="0" />
        </Api>
        <Api Name="OnUpdateSize">
            <Param Type="DWORD" Name="dwWidth" />
            <Param Type="DWORD" Name="dwHeight" />
            <Param Type="DWORD" Name="dwARWidth" />
            <Param Type="DWORD" Name="dwARHeight" />
            <Return Type="HRESULT" />
            <Success Return="Equal" Value="0" />
        </Api>
    </Interface>
</ApiMonitor>