<!--
    API Monitor Definitions
    (c) 2010-2011, Rohitab Batra <rohitab@rohitab.com>
    http://www.rohitab.com/apimonitor/
-->
<ApiMonitor>
    <Include Filename="Interfaces\IUnknown.xml" />
    <Interface Name="IDDrawExclModeVideo" Id="{153ACC21-D83B-11d1-82BF-00A0C9696C8F}" BaseInterface="IUnknown" OnlineHelp="MSDN" ErrorFunc="HRESULT" Category="Graphics and Multimedia/Audio and Video/DirectShow">
        <!-- Variables -->
        <!-- Methods -->
        <Api Name="SetDDrawObject">
            <Param Type="IDirectDraw*" Name="pDDrawObject" />
            <Return Type="HRESULT" />
            <Success Return="Equal" Value="0" />
        </Api>
        <Api Name="GetDDrawObject">
            <Param Type="IDirectDraw**" Name="ppDDrawObject" />
            <Param Type="BOOL*" Name="pbUsingExternal" />
            <Return Type="HRESULT" />
            <Success Return="Equal" Value="0" />
        </Api>
        <Api Name="SetDDrawSurface">
            <Param Type="IDirectDrawSurface*" Name="pDDrawSurface" />
            <Return Type="HRESULT" />
            <Success Return="Equal" Value="0" />
        </Api>
        <Api Name="GetDDrawSurface">
            <Param Type="IDirectDrawSurface**" Name="ppDDrawSurface" />
            <Param Type="BOOL*" Name="pbUsingExternal" />
            <Return Type="HRESULT" />
            <Success Return="Equal" Value="0" />
        </Api>
        <Api Name="SetDrawParameters">
            <Param Type="const RECT*" Name="prcSource" />
            <Param Type="const RECT*" Name="prcTarget" />
            <Return Type="HRESULT" />
            <Success Return="Equal" Value="0" />
        </Api>
        <Api Name="GetNativeVideoProps">
            <Param Type="DWORD*" Name="pdwVideoWidth" />
            <Param Type="DWORD*" Name="pdwVideoHeight" />
            <Param Type="DWORD*" Name="pdwPictAspectRatioX" />
            <Param Type="DWORD*" Name="pdwPictAspectRatioY" />
            <Return Type="HRESULT" />
            <Success Return="Equal" Value="0" />
        </Api>
        <Api Name="SetCallbackInterface">
            <Param Type="IDDrawExclModeVideoCallback*" Name="pCallback" />
            <Param Type="DWORD" Name="dwFlags" />
            <Return Type="HRESULT" />
            <Success Return="Equal" Value="0" />
        </Api>
    </Interface>
</ApiMonitor>