<!--
    API Monitor Definitions
    (c) 2010-2011, Rohitab Batra <rohitab@rohitab.com>
    http://www.rohitab.com/apimonitor/
-->
<ApiMonitor>
    <Include Filename="Interfaces\IUnknown.xml" />
    <Interface Name="IDvdGraphBuilder" Id="{FCC152B6-F372-11d0-8E00-00C04FD7C08B}" BaseInterface="IUnknown" OnlineHelp="MSDN" ErrorFunc="HRESULT" Category="Graphics and Multimedia/Audio and Video/DirectShow">
        <!-- Variables -->
        <!-- Methods -->
        <Api Name="GetFiltergraph">
            <Param Type="IGraphBuilder**" Name="ppGB" />
            <Return Type="HRESULT" />
            <Success Return="Equal" Value="0" />
        </Api>
        <Api Name="GetDvdInterface">
            <Param Type="REFIID" Name="riid" />
            <Param Type="void**" Name="ppvIF" InterfaceId="riid" />
            <Return Type="HRESULT" />
            <Success Return="Equal" Value="0" />
        </Api>
        <Api Name="RenderDvdVideoVolume">
            <Param Type="LPCWSTR" Name="lpcwszPathName" />
            <Param Type="DWORD" Name="dwFlags" />
            <Param Type="AM_DVD_RENDERSTATUS*" Name="pStatus" />
            <Return Type="HRESULT" />
            <Success Return="Equal" Value="0" />
        </Api>
    </Interface>
</ApiMonitor>