<!--
    API Monitor Definitions
    (c) 2010-2011, Rohitab Batra <rohitab@rohitab.com>
    http://www.rohitab.com/apimonitor/
-->
<ApiMonitor>
    <Include Filename="Interfaces\IUnknown.xml" />
    <Interface Name="IDvdControl" Id="{A70EFE61-E2A3-11d0-A9BE-00AA0061BE93}" BaseInterface="IUnknown" OnlineHelp="MSDN" ErrorFunc="HRESULT" Category="Graphics and Multimedia/Audio and Video/DirectShow">
        <!-- Variables -->
        <!-- Methods -->
        <Api Name="TitlePlay">
            <Param Type="ULONG" Name="ulTitle" />
            <Return Type="HRESULT" />
            <Success Return="Equal" Value="0" />
        </Api>
        <Api Name="ChapterPlay">
            <Param Type="ULONG" Name="ulTitle" />
            <Param Type="ULONG" Name="ulChapter" />
            <Return Type="HRESULT" />
            <Success Return="Equal" Value="0" />
        </Api>
        <Api Name="TimePlay">
            <Param Type="ULONG" Name="ulTitle" />
            <Param Type="ULONG" Name="bcdTime" />
            <Return Type="HRESULT" />
            <Success Return="Equal" Value="0" />
        </Api>
        <Api Name="StopForResume">
            <Return Type="HRESULT" />
            <Success Return="Equal" Value="0" />
        </Api>
        <Api Name="GoUp">
            <Return Type="HRESULT" />
            <Success Return="Equal" Value="0" />
        </Api>
        <Api Name="TimeSearch">
            <Param Type="ULONG" Name="bcdTime" />
            <Return Type="HRESULT" />
            <Success Return="Equal" Value="0" />
        </Api>
        <Api Name="ChapterSearch">
            <Param Type="ULONG" Name="ulChapter" />
            <Return Type="HRESULT" />
            <Success Return="Equal" Value="0" />
        </Api>
        <Api Name="PrevPGSearch">
            <Return Type="HRESULT" />
            <Success Return="Equal" Value="0" />
        </Api>
        <Api Name="TopPGSearch">
            <Return Type="HRESULT" />
            <Success Return="Equal" Value="0" />
        </Api>
        <Api Name="NextPGSearch">
            <Return Type="HRESULT" />
            <Success Return="Equal" Value="0" />
        </Api>
        <Api Name="ForwardScan">
            <Param Type="double" Name="dwSpeed" />
            <Return Type="HRESULT" />
            <Success Return="Equal" Value="0" />
        </Api>
        <Api Name="BackwardScan">
            <Param Type="double" Name="dwSpeed" />
            <Return Type="HRESULT" />
            <Success Return="Equal" Value="0" />
        </Api>
        <Api Name="MenuCall">
            <Param Type="DVD_MENU_ID" Name="MenuID" />
            <Return Type="HRESULT" />
            <Success Return="Equal" Value="0" />
        </Api>
        <Api Name="Resume">
            <Return Type="HRESULT" />
            <Success Return="Equal" Value="0" />
        </Api>
        <Api Name="UpperButtonSelect">
            <Return Type="HRESULT" />
            <Success Return="Equal" Value="0" />
        </Api>
        <Api Name="LowerButtonSelect">
            <Return Type="HRESULT" />
            <Success Return="Equal" Value="0" />
        </Api>
        <Api Name="LeftButtonSelect">
            <Return Type="HRESULT" />
            <Success Return="Equal" Value="0" />
        </Api>
        <Api Name="RightButtonSelect">
            <Return Type="HRESULT" />
            <Success Return="Equal" Value="0" />
        </Api>
        <Api Name="ButtonActivate">
            <Return Type="HRESULT" />
            <Success Return="Equal" Value="0" />
        </Api>
        <Api Name="ButtonSelectAndActivate">
            <Param Type="ULONG" Name="ulButton" />
            <Return Type="HRESULT" />
            <Success Return="Equal" Value="0" />
        </Api>
        <Api Name="StillOff">
            <Return Type="HRESULT" />
            <Success Return="Equal" Value="0" />
        </Api>
        <Api Name="PauseOn">
            <Return Type="HRESULT" />
            <Success Return="Equal" Value="0" />
        </Api>
        <Api Name="PauseOff">
            <Return Type="HRESULT" />
            <Success Return="Equal" Value="0" />
        </Api>
        <Api Name="MenuLanguageSelect">
            <Param Type="LCID" Name="Language" />
            <Return Type="HRESULT" />
            <Success Return="Equal" Value="0" />
        </Api>
        <Api Name="AudioStreamChange">
            <Param Type="ULONG" Name="ulAudio" />
            <Return Type="HRESULT" />
            <Success Return="Equal" Value="0" />
        </Api>
        <Api Name="SubpictureStreamChange">
            <Param Type="ULONG" Name="ulSubPicture" />
            <Param Type="BOOL" Name="bDisplay" />
            <Return Type="HRESULT" />
            <Success Return="Equal" Value="0" />
        </Api>
        <Api Name="AngleChange">
            <Param Type="ULONG" Name="ulAngle" />
            <Return Type="HRESULT" />
            <Success Return="Equal" Value="0" />
        </Api>
        <Api Name="ParentalLevelSelect">
            <Param Type="ULONG" Name="ulParentalLevel" />
            <Return Type="HRESULT" />
            <Success Return="Equal" Value="0" />
        </Api>
        <Api Name="ParentalCountrySelect">
            <Param Type="WORD" Name="wCountry" />
            <Return Type="HRESULT" />
            <Success Return="Equal" Value="0" />
        </Api>
        <Api Name="KaraokeAudioPresentationModeChange">
            <Param Type="ULONG" Name="ulMode" />
            <Return Type="HRESULT" />
            <Success Return="Equal" Value="0" />
        </Api>
        <Api Name="VideoModePreferrence">
            <Param Type="ULONG" Name="ulPreferredDisplayMode" />
            <Return Type="HRESULT" />
            <Success Return="Equal" Value="0" />
        </Api>
        <Api Name="SetRoot">
            <Param Type="LPCWSTR" Name="pszPath" />
            <Return Type="HRESULT" />
            <Success Return="Equal" Value="0" />
        </Api>
        <Api Name="MouseActivate">
            <Param Type="POINT" Name="point" />
            <Return Type="HRESULT" />
            <Success Return="Equal" Value="0" />
        </Api>
        <Api Name="MouseSelect">
            <Param Type="POINT" Name="point" />
            <Return Type="HRESULT" />
            <Success Return="Equal" Value="0" />
        </Api>
        <Api Name="ChapterPlayAutoStop">
            <Param Type="ULONG" Name="ulTitle" />
            <Param Type="ULONG" Name="ulChapter" />
            <Param Type="ULONG" Name="ulChaptersToPlay" />
            <Return Type="HRESULT" />
            <Success Return="Equal" Value="0" />
        </Api>
    </Interface>
</ApiMonitor>