<!--
    API Monitor Definitions
    (c) 2010-2011, Rohitab Batra <rohitab@rohitab.com>
    http://www.rohitab.com/apimonitor/
-->
<ApiMonitor>
    <Include Filename="Interfaces\IUnknown.xml" />
    <Interface Name="IDvdInfo" Id="{A70EFE60-E2A3-11d0-A9BE-00AA0061BE93}" BaseInterface="IUnknown" OnlineHelp="MSDN" ErrorFunc="HRESULT" Category="Graphics and Multimedia/Audio and Video/DirectShow">
        <!-- Variables -->
        <!-- Methods -->
        <Api Name="GetCurrentDomain">
            <Param Type="DVD_DOMAIN*" Name="pDomain" />
            <Return Type="HRESULT" />
            <Success Return="Equal" Value="0" />
        </Api>
        <Api Name="GetCurrentLocation">
            <Param Type="DVD_PLAYBACK_LOCATION*" Name="pLocation" />
            <Return Type="HRESULT" />
            <Success Return="Equal" Value="0" />
        </Api>
        <Api Name="GetTotalTitleTime">
            <Param Type="ULONG*" Name="pulTotalTime" />
            <Return Type="HRESULT" />
            <Success Return="Equal" Value="0" />
        </Api>
        <Api Name="GetCurrentButton">
            <Param Type="ULONG*" Name="pulButtonsAvailable" />
            <Param Type="ULONG*" Name="pulCurrentButton" />
            <Return Type="HRESULT" />
            <Success Return="Equal" Value="0" />
        </Api>
        <Api Name="GetCurrentAngle">
            <Param Type="ULONG*" Name="pulAnglesAvailable" />
            <Param Type="ULONG*" Name="pulCurrentAngle" />
            <Return Type="HRESULT" />
            <Success Return="Equal" Value="0" />
        </Api>
        <Api Name="GetCurrentAudio">
            <Param Type="ULONG*" Name="pulStreamsAvailable" />
            <Param Type="ULONG*" Name="pulCurrentStream" />
            <Return Type="HRESULT" />
            <Success Return="Equal" Value="0" />
        </Api>
        <Api Name="GetCurrentSubpicture">
            <Param Type="ULONG*" Name="pulStreamsAvailable" />
            <Param Type="ULONG*" Name="pulCurrentStream" />
            <Param Type="BOOL*" Name="pIsDisabled" />
            <Return Type="HRESULT" />
            <Success Return="Equal" Value="0" />
        </Api>
        <Api Name="GetCurrentUOPS">
            <Param Type="VALID_UOP_SOMTHING_OR_OTHER*" Name="pUOP" />
            <Return Type="HRESULT" />
            <Success Return="Equal" Value="0" />
        </Api>
        <Api Name="GetAllSPRMs">
            <Param Type="SPRMARRAY*" Name="pRegisterArray" />
            <Return Type="HRESULT" />
            <Success Return="Equal" Value="0" />
        </Api>
        <Api Name="GetAllGPRMs">
            <Param Type="GPRMARRAY*" Name="pRegisterArray" />
            <Return Type="HRESULT" />
            <Success Return="Equal" Value="0" />
        </Api>
        <Api Name="GetAudioLanguage">
            <Param Type="ULONG" Name="ulStream" />
            <Param Type="LCID*" Name="pLanguage" />
            <Return Type="HRESULT" />
            <Success Return="Equal" Value="0" />
        </Api>
        <Api Name="GetSubpictureLanguage">
            <Param Type="ULONG" Name="ulStream" />
            <Param Type="LCID*" Name="pLanguage" />
            <Return Type="HRESULT" />
            <Success Return="Equal" Value="0" />
        </Api>
        <Api Name="GetTitleAttributes">
            <Param Type="ULONG" Name="ulTitle" />
            <Param Type="DVD_ATR*" Name="pATR" />
            <Return Type="HRESULT" />
            <Success Return="Equal" Value="0" />
        </Api>
        <Api Name="GetVMGAttributes">
            <Param Type="DVD_ATR*" Name="pATR" />
            <Return Type="HRESULT" />
            <Success Return="Equal" Value="0" />
        </Api>
        <Api Name="GetCurrentVideoAttributes">
            <Param Type="DVD_VideoATR*" Name="pATR" />
            <Return Type="HRESULT" />
            <Success Return="Equal" Value="0" />
        </Api>
        <Api Name="GetCurrentAudioAttributes">
            <Param Type="DVD_AudioATR*" Name="pATR" />
            <Return Type="HRESULT" />
            <Success Return="Equal" Value="0" />
        </Api>
        <Api Name="GetCurrentSubpictureAttributes">
            <Param Type="DVD_SubpictureATR*" Name="pATR" />
            <Return Type="HRESULT" />
            <Success Return="Equal" Value="0" />
        </Api>
        <Api Name="GetCurrentVolumeInfo">
            <Param Type="ULONG*" Name="pulNumOfVol" />
            <Param Type="ULONG*" Name="pulThisVolNum" />
            <Param Type="DVD_DISC_SIDE*" Name="pSide" />
            <Param Type="ULONG*" Name="pulNumOfTitles" />
            <Return Type="HRESULT" />
            <Success Return="Equal" Value="0" />
        </Api>
        <Api Name="GetDVDTextInfo">
            <Param Type="BYTE*" Name="pTextManager" />
            <Param Type="ULONG" Name="ulBufSize" />
            <Param Type="ULONG*" Name="pulActualSize" />
            <Return Type="HRESULT" />
            <Success Return="Equal" Value="0" />
        </Api>
        <Api Name="GetPlayerParentalLevel">
            <Param Type="ULONG*" Name="pulParentalLevel" />
            <Param Type="ULONG*" Name="pulCountryCode" />
            <Return Type="HRESULT" />
            <Success Return="Equal" Value="0" />
        </Api>
        <Api Name="GetNumberOfChapters">
            <Param Type="ULONG" Name="ulTitle" />
            <Param Type="ULONG*" Name="pulNumberOfChapters" />
            <Return Type="HRESULT" />
            <Success Return="Equal" Value="0" />
        </Api>
        <Api Name="GetTitleParentalLevels">
            <Param Type="ULONG" Name="ulTitle" />
            <Param Type="ULONG*" Name="pulParentalLevels" />
            <Return Type="HRESULT" />
            <Success Return="Equal" Value="0" />
        </Api>
        <Api Name="GetRoot">
            <Param Type="LPSTR" Name="pRoot" />
            <Param Type="ULONG" Name="ulBufSize" />
            <Param Type="ULONG*" Name="pulActualSize" />
            <Return Type="HRESULT" />
            <Success Return="Equal" Value="0" />
        </Api>
    </Interface>
</ApiMonitor>