<!--
    API Monitor Definitions
    (c) 2010-2011, Rohitab Batra <rohitab@rohitab.com>
    http://www.rohitab.com/apimonitor/
-->
<ApiMonitor>
    <Include Filename="Interfaces\IUnknown.xml" />
    <Interface Name="IDvdInfo2" Id="{34151510-EEC0-11D2-8201-00A0C9D74842}" BaseInterface="IUnknown" OnlineHelp="MSDN" ErrorFunc="HRESULT" Category="Graphics and Multimedia/Audio and Video/DirectShow">
        <!-- Variables -->
        <!-- Methods -->
        <Api Name="GetCurrentDomain">
            <Param Type="DVD_DOMAIN*" Name="pDomain" />
            <Return Type="HRESULT" />
            <Success Return="Equal" Value="0" />
        </Api>
        <Api Name="GetCurrentLocation">
            <Param Type="DVD_PLAYBACK_LOCATION2*" Name="pLocation" />
            <Return Type="HRESULT" />
            <Success Return="Equal" Value="0" />
        </Api>
        <Api Name="GetTotalTitleTime">
            <Param Type="DVD_HMSF_TIMECODE*" Name="pTotalTime" />
            <Param Type="ULONG*" Name="ulTimeCodeFlags" />
            <Return Type="HRESULT" />
            <Success Return="Equal" Value="0" />
        </Api>
        <Api Name="GetCurrentButton">
            <Param Type="ULONG*" Name="pulButtonsAvailable" />
            <Param Type="ULONG*" Name="pulCurrentButton" />
            <Return Type="HRESULT" />
            <Success Return="Equal" Value="0" />
        </Api>
        <Api Name="GetCurrentAngle">
            <Param Type="ULONG*" Name="pulAnglesAvailable" />
            <Param Type="ULONG*" Name="pulCurrentAngle" />
            <Return Type="HRESULT" />
            <Success Return="Equal" Value="0" />
        </Api>
        <Api Name="GetCurrentAudio">
            <Param Type="ULONG*" Name="pulStreamsAvailable" />
            <Param Type="ULONG*" Name="pulCurrentStream" />
            <Return Type="HRESULT" />
            <Success Return="Equal" Value="0" />
        </Api>
        <Api Name="GetCurrentSubpicture">
            <Param Type="ULONG*" Name="pulStreamsAvailable" />
            <Param Type="ULONG*" Name="pulCurrentStream" />
            <Param Type="BOOL*" Name="pbIsDisabled" />
            <Return Type="HRESULT" />
            <Success Return="Equal" Value="0" />
        </Api>
        <Api Name="GetCurrentUOPS">
            <Param Type="ULONG*" Name="pulUOPs" />
            <Return Type="HRESULT" />
            <Success Return="Equal" Value="0" />
        </Api>
        <Api Name="GetAllSPRMs">
            <Param Type="SPRMARRAY*" Name="pRegisterArray" />
            <Return Type="HRESULT" />
            <Success Return="Equal" Value="0" />
        </Api>
        <Api Name="GetAllGPRMs">
            <Param Type="GPRMARRAY*" Name="pRegisterArray" />
            <Return Type="HRESULT" />
            <Success Return="Equal" Value="0" />
        </Api>
        <Api Name="GetAudioLanguage">
            <Param Type="ULONG" Name="ulStream" />
            <Param Type="LCID*" Name="pLanguage" />
            <Return Type="HRESULT" />
            <Success Return="Equal" Value="0" />
        </Api>
        <Api Name="GetSubpictureLanguage">
            <Param Type="ULONG" Name="ulStream" />
            <Param Type="LCID*" Name="pLanguage" />
            <Return Type="HRESULT" />
            <Success Return="Equal" Value="0" />
        </Api>
        <Api Name="GetTitleAttributes">
            <Param Type="ULONG" Name="ulTitle" />
            <Param Type="DVD_MenuAttributes*" Name="pMenu" />
            <Param Type="DVD_TitleAttributes*" Name="pTitle" />
            <Return Type="HRESULT" />
            <Success Return="Equal" Value="0" />
        </Api>
        <Api Name="GetVMGAttributes">
            <Param Type="DVD_MenuAttributes*" Name="pATR" />
            <Return Type="HRESULT" />
            <Success Return="Equal" Value="0" />
        </Api>
        <Api Name="GetCurrentVideoAttributes">
            <Param Type="DVD_VideoAttributes*" Name="pATR" />
            <Return Type="HRESULT" />
            <Success Return="Equal" Value="0" />
        </Api>
        <Api Name="GetAudioAttributes">
            <Param Type="ULONG" Name="ulStream" />
            <Param Type="DVD_AudioAttributes*" Name="pATR" />
            <Return Type="HRESULT" />
            <Success Return="Equal" Value="0" />
        </Api>
        <Api Name="GetKaraokeAttributes">
            <Param Type="ULONG" Name="ulStream" />
            <Param Type="DVD_KaraokeAttributes*" Name="pAttributes" />
            <Return Type="HRESULT" />
            <Success Return="Equal" Value="0" />
        </Api>
        <Api Name="GetSubpictureAttributes">
            <Param Type="ULONG" Name="ulStream" />
            <Param Type="DVD_SubpictureAttributes*" Name="pATR" />
            <Return Type="HRESULT" />
            <Success Return="Equal" Value="0" />
        </Api>
        <Api Name="GetDVDVolumeInfo">
            <Param Type="ULONG*" Name="pulNumOfVolumes" />
            <Param Type="ULONG*" Name="pulVolume" />
            <Param Type="DVD_DISC_SIDE*" Name="pSide" />
            <Param Type="ULONG*" Name="pulNumOfTitles" />
            <Return Type="HRESULT" />
            <Success Return="Equal" Value="0" />
        </Api>
        <Api Name="GetDVDTextNumberOfLanguages">
            <Param Type="ULONG*" Name="pulNumOfLangs" />
            <Return Type="HRESULT" />
            <Success Return="Equal" Value="0" />
        </Api>
        <Api Name="GetDVDTextLanguageInfo">
            <Param Type="ULONG" Name="ulLangIndex" />
            <Param Type="ULONG*" Name="pulNumOfStrings" />
            <Param Type="LCID*" Name="pLangCode" />
            <Param Type="enum DVD_TextCharSet*" Name="pbCharacterSet" />
            <Return Type="HRESULT" />
            <Success Return="Equal" Value="0" />
        </Api>
        <Api Name="GetDVDTextStringAsNative">
            <Param Type="ULONG" Name="ulLangIndex" />
            <Param Type="ULONG" Name="ulStringIndex" />
            <Param Type="BYTE*" Name="pbBuffer" />
            <Param Type="ULONG" Name="ulMaxBufferSize" />
            <Param Type="ULONG*" Name="pulActualSize" />
            <Param Type="enum DVD_TextStringType*" Name="pType" />
            <Return Type="HRESULT" />
            <Success Return="Equal" Value="0" />
        </Api>
        <Api Name="GetDVDTextStringAsUnicode">
            <Param Type="ULONG" Name="ulLangIndex" />
            <Param Type="ULONG" Name="ulStringIndex" />
            <Param Type="WCHAR*" Name="pchwBuffer" />
            <Param Type="ULONG" Name="ulMaxBufferSize" />
            <Param Type="ULONG*" Name="pulActualSize" />
            <Param Type="enum DVD_TextStringType*" Name="pType" />
            <Return Type="HRESULT" />
            <Success Return="Equal" Value="0" />
        </Api>
        <Api Name="GetPlayerParentalLevel">
            <Param Type="ULONG*" Name="pulParentalLevel" />
            <Param Type="BYTE[2]" Name="pbCountryCode" />
            <Return Type="HRESULT" />
            <Success Return="Equal" Value="0" />
        </Api>
        <Api Name="GetNumberOfChapters">
            <Param Type="ULONG" Name="ulTitle" />
            <Param Type="ULONG*" Name="pulNumOfChapters" />
            <Return Type="HRESULT" />
            <Success Return="Equal" Value="0" />
        </Api>
        <Api Name="GetTitleParentalLevels">
            <Param Type="ULONG" Name="ulTitle" />
            <Param Type="ULONG*" Name="pulParentalLevels" />
            <Return Type="HRESULT" />
            <Success Return="Equal" Value="0" />
        </Api>
        <Api Name="GetDVDDirectory">
            <Param Type="LPWSTR" Name="pszwPath" />
            <Param Type="ULONG" Name="ulMaxSize" />
            <Param Type="ULONG*" Name="pulActualSize" />
            <Return Type="HRESULT" />
            <Success Return="Equal" Value="0" />
        </Api>
        <Api Name="IsAudioStreamEnabled">
            <Param Type="ULONG" Name="ulStreamNum" />
            <Param Type="BOOL*" Name="pbEnabled" />
            <Return Type="HRESULT" />
            <Success Return="Equal" Value="0" />
        </Api>
        <Api Name="GetDiscID">
            <Param Type="LPCWSTR" Name="pszwPath" />
            <Param Type="ULONGLONG*" Name="pullDiscID" />
            <Return Type="HRESULT" />
            <Success Return="Equal" Value="0" />
        </Api>
        <Api Name="GetState">
            <Param Type="IDvdState**" Name="pStateData" />
            <Return Type="HRESULT" />
            <Success Return="Equal" Value="0" />
        </Api>
        <Api Name="GetMenuLanguages">
            <Param Type="LCID*" Name="pLanguages" />
            <Param Type="ULONG" Name="ulMaxLanguages" />
            <Param Type="ULONG*" Name="pulActualLanguages" />
            <Return Type="HRESULT" />
            <Success Return="Equal" Value="0" />
        </Api>
        <Api Name="GetButtonAtPosition">
            <Param Type="POINT" Name="point" />
            <Param Type="ULONG*" Name="pulButtonIndex" />
            <Return Type="HRESULT" />
            <Success Return="Equal" Value="0" />
        </Api>
        <Api Name="GetCmdFromEvent">
            <Param Type="LONG_PTR" Name="lParam1" />
            <Param Type="IDvdCmd**" Name="pCmdObj" />
            <Return Type="HRESULT" />
            <Success Return="Equal" Value="0" />
        </Api>
        <Api Name="GetDefaultMenuLanguage">
            <Param Type="LCID*" Name="pLanguage" />
            <Return Type="HRESULT" />
            <Success Return="Equal" Value="0" />
        </Api>
        <Api Name="GetDefaultAudioLanguage">
            <Param Type="LCID*" Name="pLanguage" />
            <Param Type="DVD_AUDIO_LANG_EXT*" Name="pAudioExtension" />
            <Return Type="HRESULT" />
            <Success Return="Equal" Value="0" />
        </Api>
        <Api Name="GetDefaultSubpictureLanguage">
            <Param Type="LCID*" Name="pLanguage" />
            <Param Type="DVD_SUBPICTURE_LANG_EXT*" Name="pSubpictureExtension" />
            <Return Type="HRESULT" />
            <Success Return="Equal" Value="0" />
        </Api>
        <Api Name="GetDecoderCaps">
            <Param Type="DVD_DECODER_CAPS*" Name="pCaps" />
            <Return Type="HRESULT" />
            <Success Return="Equal" Value="0" />
        </Api>
        <Api Name="GetButtonRect">
            <Param Type="ULONG" Name="ulButton" />
            <Param Type="RECT*" Name="pRect" />
            <Return Type="HRESULT" />
            <Success Return="Equal" Value="0" />
        </Api>
        <Api Name="IsSubpictureStreamEnabled">
            <Param Type="ULONG" Name="ulStreamNum" />
            <Param Type="BOOL*" Name="pbEnabled" />
            <Return Type="HRESULT" />
            <Success Return="Equal" Value="0" />
        </Api>
    </Interface>
</ApiMonitor>