<!--
    API Monitor Definitions
    (c) 2010-2011, Rohitab Batra <rohitab@rohitab.com>
    http://www.rohitab.com/apimonitor/
-->
<ApiMonitor>
    <Include Filename="Interfaces\IUnknown.xml" />
    <Interface Name="IDvdControl2" Id="{33BC7430-EEC0-11D2-8201-00A0C9D74842}" BaseInterface="IUnknown" OnlineHelp="MSDN" ErrorFunc="HRESULT" Category="Graphics and Multimedia/Audio and Video/DirectShow">
        <!-- Variables -->
        <!-- Methods -->
        <Api Name="PlayTitle">
            <Param Type="ULONG" Name="ulTitle" />
            <Param Type="DWORD" Name="dwFlags" />
            <Param Type="IDvdCmd**" Name="ppCmd" />
            <Return Type="HRESULT" />
            <Success Return="Equal" Value="0" />
        </Api>
        <Api Name="PlayChapterInTitle">
            <Param Type="ULONG" Name="ulTitle" />
            <Param Type="ULONG" Name="ulChapter" />
            <Param Type="DWORD" Name="dwFlags" />
            <Param Type="IDvdCmd**" Name="ppCmd" />
            <Return Type="HRESULT" />
            <Success Return="Equal" Value="0" />
        </Api>
        <Api Name="PlayAtTimeInTitle">
            <Param Type="ULONG" Name="ulTitle" />
            <Param Type="DVD_HMSF_TIMECODE*" Name="pStartTime" />
            <Param Type="DWORD" Name="dwFlags" />
            <Param Type="IDvdCmd**" Name="ppCmd" />
            <Return Type="HRESULT" />
            <Success Return="Equal" Value="0" />
        </Api>
        <Api Name="Stop">
            <Return Type="HRESULT" />
            <Success Return="Equal" Value="0" />
        </Api>
        <Api Name="ReturnFromSubmenu">
            <Param Type="DWORD" Name="dwFlags" />
            <Param Type="IDvdCmd**" Name="ppCmd" />
            <Return Type="HRESULT" />
            <Success Return="Equal" Value="0" />
        </Api>
        <Api Name="PlayAtTime">
            <Param Type="DVD_HMSF_TIMECODE*" Name="pTime" />
            <Param Type="DWORD" Name="dwFlags" />
            <Param Type="IDvdCmd**" Name="ppCmd" />
            <Return Type="HRESULT" />
            <Success Return="Equal" Value="0" />
        </Api>
        <Api Name="PlayChapter">
            <Param Type="ULONG" Name="ulChapter" />
            <Param Type="DWORD" Name="dwFlags" />
            <Param Type="IDvdCmd**" Name="ppCmd" />
            <Return Type="HRESULT" />
            <Success Return="Equal" Value="0" />
        </Api>
        <Api Name="PlayPrevChapter">
            <Param Type="DWORD" Name="dwFlags" />
            <Param Type="IDvdCmd**" Name="ppCmd" />
            <Return Type="HRESULT" />
            <Success Return="Equal" Value="0" />
        </Api>
        <Api Name="ReplayChapter">
            <Param Type="DWORD" Name="dwFlags" />
            <Param Type="IDvdCmd**" Name="ppCmd" />
            <Return Type="HRESULT" />
            <Success Return="Equal" Value="0" />
        </Api>
        <Api Name="PlayNextChapter">
            <Param Type="DWORD" Name="dwFlags" />
            <Param Type="IDvdCmd**" Name="ppCmd" />
            <Return Type="HRESULT" />
            <Success Return="Equal" Value="0" />
        </Api>
        <Api Name="PlayForwards">
            <Param Type="double" Name="dSpeed" />
            <Param Type="DWORD" Name="dwFlags" />
            <Param Type="IDvdCmd**" Name="ppCmd" />
            <Return Type="HRESULT" />
            <Success Return="Equal" Value="0" />
        </Api>
        <Api Name="PlayBackwards">
            <Param Type="double" Name="dSpeed" />
            <Param Type="DWORD" Name="dwFlags" />
            <Param Type="IDvdCmd**" Name="ppCmd" />
            <Return Type="HRESULT" />
            <Success Return="Equal" Value="0" />
        </Api>
        <Api Name="ShowMenu">
            <Param Type="DVD_MENU_ID" Name="MenuID" />
            <Param Type="DWORD" Name="dwFlags" />
            <Param Type="IDvdCmd**" Name="ppCmd" />
            <Return Type="HRESULT" />
            <Success Return="Equal" Value="0" />
        </Api>
        <Api Name="Resume">
            <Param Type="DWORD" Name="dwFlags" />
            <Param Type="IDvdCmd**" Name="ppCmd" />
            <Return Type="HRESULT" />
            <Success Return="Equal" Value="0" />
        </Api>
        <Api Name="SelectRelativeButton">
            <Param Type="DVD_RELATIVE_BUTTON" Name="buttonDir" />
            <Return Type="HRESULT" />
            <Success Return="Equal" Value="0" />
        </Api>
        <Api Name="ActivateButton">
            <Return Type="HRESULT" />
            <Success Return="Equal" Value="0" />
        </Api>
        <Api Name="SelectButton">
            <Param Type="ULONG" Name="ulButton" />
            <Return Type="HRESULT" />
            <Success Return="Equal" Value="0" />
        </Api>
        <Api Name="SelectAndActivateButton">
            <Param Type="ULONG" Name="ulButton" />
            <Return Type="HRESULT" />
            <Success Return="Equal" Value="0" />
        </Api>
        <Api Name="StillOff">
            <Return Type="HRESULT" />
            <Success Return="Equal" Value="0" />
        </Api>
        <Api Name="Pause">
            <Param Type="BOOL" Name="bState" />
            <Return Type="HRESULT" />
            <Success Return="Equal" Value="0" />
        </Api>
        <Api Name="SelectAudioStream">
            <Param Type="ULONG" Name="ulAudio" />
            <Param Type="DWORD" Name="dwFlags" />
            <Param Type="IDvdCmd**" Name="ppCmd" />
            <Return Type="HRESULT" />
            <Success Return="Equal" Value="0" />
        </Api>
        <Api Name="SelectSubpictureStream">
            <Param Type="ULONG" Name="ulSubPicture" />
            <Param Type="DWORD" Name="dwFlags" />
            <Param Type="IDvdCmd**" Name="ppCmd" />
            <Return Type="HRESULT" />
            <Success Return="Equal" Value="0" />
        </Api>
        <Api Name="SetSubpictureState">
            <Param Type="BOOL" Name="bState" />
            <Param Type="DWORD" Name="dwFlags" />
            <Param Type="IDvdCmd**" Name="ppCmd" />
            <Return Type="HRESULT" />
            <Success Return="Equal" Value="0" />
        </Api>
        <Api Name="SelectAngle">
            <Param Type="ULONG" Name="ulAngle" />
            <Param Type="DWORD" Name="dwFlags" />
            <Param Type="IDvdCmd**" Name="ppCmd" />
            <Return Type="HRESULT" />
            <Success Return="Equal" Value="0" />
        </Api>
        <Api Name="SelectParentalLevel">
            <Param Type="ULONG" Name="ulParentalLevel" />
            <Return Type="HRESULT" />
            <Success Return="Equal" Value="0" />
        </Api>
        <Api Name="SelectParentalCountry">
            <Param Type="BYTE[2]" Name="bCountry" />
            <Return Type="HRESULT" />
            <Success Return="Equal" Value="0" />
        </Api>
        <Api Name="SelectKaraokeAudioPresentationMode">
            <Param Type="ULONG" Name="ulMode" />
            <Return Type="HRESULT" />
            <Success Return="Equal" Value="0" />
        </Api>
        <Api Name="SelectVideoModePreference">
            <Param Type="ULONG" Name="ulPreferredDisplayMode" />
            <Return Type="HRESULT" />
            <Success Return="Equal" Value="0" />
        </Api>
        <Api Name="SetDVDDirectory">
            <Param Type="LPCWSTR" Name="pszwPath" />
            <Return Type="HRESULT" />
            <Success Return="Equal" Value="0" />
        </Api>
        <Api Name="ActivateAtPosition">
            <Param Type="POINT" Name="point" />
            <Return Type="HRESULT" />
            <Success Return="Equal" Value="0" />
        </Api>
        <Api Name="SelectAtPosition">
            <Param Type="POINT" Name="point" />
            <Return Type="HRESULT" />
            <Success Return="Equal" Value="0" />
        </Api>
        <Api Name="PlayChaptersAutoStop">
            <Param Type="ULONG" Name="ulTitle" />
            <Param Type="ULONG" Name="ulChapter" />
            <Param Type="ULONG" Name="ulChaptersToPlay" />
            <Param Type="DWORD" Name="dwFlags" />
            <Param Type="IDvdCmd**" Name="ppCmd" />
            <Return Type="HRESULT" />
            <Success Return="Equal" Value="0" />
        </Api>
        <Api Name="AcceptParentalLevelChange">
            <Param Type="BOOL" Name="bAccept" />
            <Return Type="HRESULT" />
            <Success Return="Equal" Value="0" />
        </Api>
        <Api Name="SetOption">
            <Param Type="DVD_OPTION_FLAG" Name="flag" />
            <Param Type="BOOL" Name="fState" />
            <Return Type="HRESULT" />
            <Success Return="Equal" Value="0" />
        </Api>
        <Api Name="SetState">
            <Param Type="IDvdState*" Name="pState" />
            <Param Type="DWORD" Name="dwFlags" />
            <Param Type="IDvdCmd**" Name="ppCmd" />
            <Return Type="HRESULT" />
            <Success Return="Equal" Value="0" />
        </Api>
        <Api Name="PlayPeriodInTitleAutoStop">
            <Param Type="ULONG" Name="ulTitle" />
            <Param Type="DVD_HMSF_TIMECODE*" Name="pStartTime" />
            <Param Type="DVD_HMSF_TIMECODE*" Name="pEndTime" />
            <Param Type="DWORD" Name="dwFlags" />
            <Param Type="IDvdCmd**" Name="ppCmd" />
            <Return Type="HRESULT" />
            <Success Return="Equal" Value="0" />
        </Api>
        <Api Name="SetGPRM">
            <Param Type="ULONG" Name="ulIndex" />
            <Param Type="WORD" Name="wValue" />
            <Param Type="DWORD" Name="dwFlags" />
            <Param Type="IDvdCmd**" Name="ppCmd" />
            <Return Type="HRESULT" />
            <Success Return="Equal" Value="0" />
        </Api>
        <Api Name="SelectDefaultMenuLanguage">
            <Param Type="LCID" Name="Language" />
            <Return Type="HRESULT" />
            <Success Return="Equal" Value="0" />
        </Api>
        <Api Name="SelectDefaultAudioLanguage">
            <Param Type="LCID" Name="Language" />
            <Param Type="DVD_AUDIO_LANG_EXT" Name="audioExtension" />
            <Return Type="HRESULT" />
            <Success Return="Equal" Value="0" />
        </Api>
        <Api Name="SelectDefaultSubpictureLanguage">
            <Param Type="LCID" Name="Language" />
            <Param Type="DVD_SUBPICTURE_LANG_EXT" Name="subpictureExtension" />
            <Return Type="HRESULT" />
            <Success Return="Equal" Value="0" />
        </Api>
    </Interface>
</ApiMonitor>