<!--
    API Monitor Definitions
    (c) 2010-2011, Rohitab Batra <rohitab@rohitab.com>
    http://www.rohitab.com/apimonitor/
-->
<ApiMonitor>
    <Include Filename="Interfaces\IUnknown.xml" />
    <Interface Name="IDVEnc" Id="{d18e17a0-aacb-11d0-afb0-00aa00b67a42}" BaseInterface="IUnknown" OnlineHelp="MSDN" ErrorFunc="HRESULT" Category="Graphics and Multimedia/Audio and Video/DirectShow">
        <!-- Variables -->
        <!-- Methods -->
        <Api Name="get_IFormatResolution">
            <Param Type="int*" Name="VideoFormat" />
            <Param Type="int*" Name="DVFormat" />
            <Param Type="int*" Name="Resolution" />
            <Param Type="BYTE" Name="fDVInfo" />
            <Param Type="DVINFO*" Name="sDVInfo" />
            <Return Type="HRESULT" />
            <Success Return="Equal" Value="0" />
        </Api>
        <Api Name="put_IFormatResolution">
            <Param Type="int" Name="VideoFormat" />
            <Param Type="int" Name="DVFormat" />
            <Param Type="int" Name="Resolution" />
            <Param Type="BYTE" Name="fDVInfo" />
            <Param Type="DVINFO*" Name="sDVInfo" />
            <Return Type="HRESULT" />
            <Success Return="Equal" Value="0" />
        </Api>
    </Interface>
</ApiMonitor>