<!--
    API Monitor Definitions
    (c) 2010-2011, Rohitab Batra <rohitab@rohitab.com>
    http://www.rohitab.com/apimonitor/
-->
<ApiMonitor>
    <Include Filename="Interfaces\IUnknown.xml" />
    <Interface Name="IFilterChain" Id="{DCFBDCF6-0DC2-45f5-9AB2-7C330EA09C29}" BaseInterface="IUnknown" OnlineHelp="MSDN" ErrorFunc="HRESULT" Category="Graphics and Multimedia/Audio and Video/DirectShow">
        <!-- Variables -->
        <!-- Methods -->
        <Api Name="StartChain">
            <Param Type="IBaseFilter*" Name="pStartFilter" />
            <Param Type="IBaseFilter*" Name="pEndFilter" />
            <Return Type="HRESULT" />
            <Success Return="Equal" Value="0" />
        </Api>
        <Api Name="PauseChain">
            <Param Type="IBaseFilter*" Name="pStartFilter" />
            <Param Type="IBaseFilter*" Name="pEndFilter" />
            <Return Type="HRESULT" />
            <Success Return="Equal" Value="0" />
        </Api>
        <Api Name="StopChain">
            <Param Type="IBaseFilter*" Name="pStartFilter" />
            <Param Type="IBaseFilter*" Name="pEndFilter" />
            <Return Type="HRESULT" />
            <Success Return="Equal" Value="0" />
        </Api>
        <Api Name="RemoveChain">
            <Param Type="IBaseFilter*" Name="pStartFilter" />
            <Param Type="IBaseFilter*" Name="pEndFilter" />
            <Return Type="HRESULT" />
            <Success Return="Equal" Value="0" />
        </Api>
    </Interface>
</ApiMonitor>