<!--
    API Monitor Definitions
    (c) 2010-2011, Rohitab Batra <rohitab@rohitab.com>
    http://www.rohitab.com/apimonitor/
-->
<ApiMonitor>
    <Include Filename="Interfaces\IUnknown.xml" />
    <Interface Name="IFileSinkFilter" Id="{a2104830-7c70-11cf-8bce-00aa00a3f1a6}" BaseInterface="IUnknown" OnlineHelp="MSDN" ErrorFunc="HRESULT" Category="Graphics and Multimedia/Audio and Video/DirectShow">
        <!-- Variables -->
        <!-- Methods -->
        <Api Name="SetFileName">
            <Param Type="LPCOLESTR" Name="pszFileName" />
            <Param Type="const AM_MEDIA_TYPE*" Name="pmt" />
            <Return Type="HRESULT" />
            <Success Return="Equal" Value="0" />
        </Api>
        <Api Name="GetCurFile">
            <Param Type="LPOLESTR*" Name="ppszFileName" />
            <Param Type="AM_MEDIA_TYPE*" Name="pmt" />
            <Return Type="HRESULT" />
            <Success Return="Equal" Value="0" />
        </Api>
    </Interface>
</ApiMonitor>