<!--
    API Monitor Definitions
    (c) 2010-2011, Rohitab Batra <rohitab@rohitab.com>
    http://www.rohitab.com/apimonitor/
-->
<ApiMonitor>
    <Include Filename="Interfaces\DirectShow\IFilterGraph2.xml" />
    <Interface Name="IFilterGraph3" Id="{aaf38154-b80b-422f-91e6-b66467509a07}" BaseInterface="IFilterGraph2" OnlineHelp="MSDN" ErrorFunc="HRESULT" Category="Graphics and Multimedia/Audio and Video/DirectShow">
        <!-- Variables -->
        <!-- Methods -->
        <Api Name="SetSyncSourceEx">
            <Param Type="IReferenceClock*" Name="pClockForMostOfFilterGraph" />
            <Param Type="IReferenceClock*" Name="pClockForFilter" />
            <Param Type="IBaseFilter*" Name="pFilter" />
            <Return Type="HRESULT" />
            <Success Return="Equal" Value="0" />
        </Api>
    </Interface>
</ApiMonitor>