<!--
    API Monitor Definitions
    (c) 2010-2011, Rohitab Batra <rohitab@rohitab.com>
    http://www.rohitab.com/apimonitor/
-->
<ApiMonitor>
    <Include Filename="Interfaces\DirectShow\IGraphBuilder.xml" />
    <Interface Name="IFilterGraph2" Id="{36b73882-c2c8-11cf-8b46-00805f6cef60}" BaseInterface="IGraphBuilder" OnlineHelp="MSDN" ErrorFunc="HRESULT" Category="Graphics and Multimedia/Audio and Video/DirectShow">
        <!-- Variables -->
        <!-- Methods -->
        <Api Name="AddSourceFilterForMoniker">
            <Param Type="IMoniker*" Name="pMoniker" />
            <Param Type="IBindCtx*" Name="pCtx" />
            <Param Type="LPCWSTR" Name="lpcwstrFilterName" />
            <Param Type="IBaseFilter**" Name="ppFilter" />
            <Return Type="HRESULT" />
            <Success Return="Equal" Value="0" />
        </Api>
        <Api Name="ReconnectEx">
            <Param Type="IPin*" Name="ppin" />
            <Param Type="const AM_MEDIA_TYPE*" Name="pmt" />
            <Return Type="HRESULT" />
            <Success Return="Equal" Value="0" />
        </Api>
        <Api Name="RenderEx">
            <Param Type="IPin*" Name="pPinOut" />
            <Param Type="DWORD" Name="dwFlags" />
            <Param Type="DWORD*" Name="pvContext" />
            <Return Type="HRESULT" />
            <Success Return="Equal" Value="0" />
        </Api>
    </Interface>
</ApiMonitor>