<!--
    API Monitor Definitions
    (c) 2010-2011, Rohitab Batra <rohitab@rohitab.com>
    http://www.rohitab.com/apimonitor/
-->
<ApiMonitor>
    <Include Filename="Interfaces\IUnknown.xml" />
    <Interface Name="IFilterMapper2" Id="{b79bb0b0-33c1-11d1-abe1-00a0c905f375}" BaseInterface="IUnknown" OnlineHelp="MSDN" ErrorFunc="HRESULT" Category="Graphics and Multimedia/Audio and Video/DirectShow">
        <!-- Variables -->
        <!-- Methods -->
        <Api Name="CreateCategory">
            <Param Type="REFCLSID" Name="clsidCategory" />
            <Param Type="DWORD" Name="dwCategoryMerit" />
            <Param Type="LPCWSTR" Name="Description" />
            <Return Type="HRESULT" />
            <Success Return="Equal" Value="0" />
        </Api>
        <Api Name="UnregisterFilter">
            <Param Type="const CLSID*" Name="pclsidCategory" />
            <Param Type="LPCOLESTR" Name="szInstance" />
            <Param Type="REFCLSID" Name="Filter" />
            <Return Type="HRESULT" />
            <Success Return="Equal" Value="0" />
        </Api>
        <Api Name="RegisterFilter">
            <Param Type="REFCLSID" Name="clsidFilter" />
            <Param Type="LPCWSTR" Name="Name" />
            <Param Type="IMoniker**" Name="ppMoniker" />
            <Param Type="const CLSID*" Name="pclsidCategory" />
            <Param Type="LPCOLESTR" Name="szInstance" />
            <Param Type="const REGFILTER2*" Name="prf2" />
            <Return Type="HRESULT" />
            <Success Return="Equal" Value="0" />
        </Api>
        <Api Name="EnumMatchingFilters">
            <Param Type="IEnumMoniker**" Name="ppEnum" />
            <Param Type="DWORD" Name="dwFlags" />
            <Param Type="BOOL" Name="bExactMatch" />
            <Param Type="DWORD" Name="dwMerit" />
            <Param Type="BOOL" Name="bInputNeeded" />
            <Param Type="DWORD" Name="cInputTypes" />
            <Param Type="const GUID*" Name="pInputTypes" />
            <Param Type="const REGPINMEDIUM*" Name="pMedIn" />
            <Param Type="const CLSID*" Name="pPinCategoryIn" />
            <Param Type="BOOL" Name="bRender" />
            <Param Type="BOOL" Name="bOutputNeeded" />
            <Param Type="DWORD" Name="cOutputTypes" />
            <Param Type="const GUID*" Name="pOutputTypes" />
            <Param Type="const REGPINMEDIUM*" Name="pMedOut" />
            <Param Type="const CLSID*" Name="pPinCategoryOut" />
            <Return Type="HRESULT" />
            <Success Return="Equal" Value="0" />
        </Api>
    </Interface>
</ApiMonitor>