<!--
    API Monitor Definitions
    (c) 2010-2011, Rohitab Batra <rohitab@rohitab.com>
    http://www.rohitab.com/apimonitor/
-->
<ApiMonitor>
    <Include Filename="Interfaces\DirectShow\IFilterGraph.xml" />
    <Interface Name="IGraphBuilder" Id="{56a868a9-0ad4-11ce-b03a-0020af0ba770}" BaseInterface="IFilterGraph" OnlineHelp="MSDN" ErrorFunc="HRESULT" Category="Graphics and Multimedia/Audio and Video/DirectShow">
        <!-- Variables -->
        <!-- Methods -->
        <Api Name="Connect">
            <Param Type="IPin*" Name="ppinOut" />
            <Param Type="IPin*" Name="ppinIn" />
            <Return Type="HRESULT" />
            <Success Return="Equal" Value="0" />
        </Api>
        <Api Name="Render">
            <Param Type="IPin*" Name="ppinOut" />
            <Return Type="HRESULT" />
            <Success Return="Equal" Value="0" />
        </Api>
        <Api Name="RenderFile">
            <Param Type="LPCWSTR" Name="lpcwstrFile" />
            <Param Type="LPCWSTR" Name="lpcwstrPlayList" />
            <Return Type="HRESULT" />
            <Success Return="Equal" Value="0" />
        </Api>
        <Api Name="AddSourceFilter">
            <Param Type="LPCWSTR" Name="lpcwstrFileName" />
            <Param Type="LPCWSTR" Name="lpcwstrFilterName" />
            <Param Type="IBaseFilter**" Name="ppFilter" />
            <Return Type="HRESULT" />
            <Success Return="Equal" Value="0" />
        </Api>
        <Api Name="SetLogFile">
            <Param Type="DWORD_PTR" Name="hFile" />
            <Return Type="HRESULT" />
            <Success Return="Equal" Value="0" />
        </Api>
        <Api Name="Abort">
            <Return Type="HRESULT" />
            <Success Return="Equal" Value="0" />
        </Api>
        <Api Name="ShouldOperationContinue">
            <Return Type="HRESULT" />
            <Success Return="Equal" Value="0" />
        </Api>
    </Interface>
</ApiMonitor>