<!--
    API Monitor Definitions
    (c) 2010-2011, Rohitab Batra <rohitab@rohitab.com>
    http://www.rohitab.com/apimonitor/
-->
<ApiMonitor>
    <Include Filename="Interfaces\DirectShow\IMediaEvent.xml" />
    <Interface Name="IMediaEventEx" Id="{56a868c0-0ad4-11ce-b03a-0020af0ba770}" BaseInterface="IMediaEvent" OnlineHelp="MSDN" ErrorFunc="HRESULT" Category="Graphics and Multimedia/Audio and Video/DirectShow">
        <!-- Variables -->
        <!-- Methods -->
        <Api Name="SetNotifyWindow">
            <Param Type="OAHWND" Name="hwnd" />
            <Param Type="long" Name="lMsg" />
            <Param Type="LONG_PTR" Name="lInstanceData" />
            <Return Type="HRESULT" />
            <Success Return="Equal" Value="0" />
        </Api>
        <Api Name="SetNotifyFlags">
            <Param Type="long" Name="lNoNotifyFlags" />
            <Return Type="HRESULT" />
            <Success Return="Equal" Value="0" />
        </Api>
        <Api Name="GetNotifyFlags">
            <Param Type="long*" Name="lplNoNotifyFlags" />
            <Return Type="HRESULT" />
            <Success Return="Equal" Value="0" />
        </Api>
    </Interface>
</ApiMonitor>
