<!--
    API Monitor Definitions
    (c) 2010-2011, Rohitab Batra <rohitab@rohitab.com>
    http://www.rohitab.com/apimonitor/
-->
<ApiMonitor>
    <Include Filename="Interfaces\IUnknown.xml" />
    <Interface Name="IMediaSample" Id="{56a8689a-0ad4-11ce-b03a-0020af0ba770}" BaseInterface="IUnknown" OnlineHelp="MSDN" ErrorFunc="HRESULT" Category="Graphics and Multimedia/Audio and Video/DirectShow">
        <!-- Variables -->
        <!-- Methods -->
        <Api Name="GetPointer">
            <Param Type="BYTE**" Name="ppBuffer" />
            <Return Type="HRESULT" />
            <Success Return="Equal" Value="0" />
        </Api>
        <Api Name="GetSize">
            <Return Type="long" />
            <Success Return="NotEqual" Value="0" />
        </Api>
        <Api Name="GetTime">
            <Param Type="REFERENCE_TIME*" Name="pTimeStart" />
            <Param Type="REFERENCE_TIME*" Name="pTimeEnd" />
            <Return Type="HRESULT" />
            <Success Return="Equal" Value="0" />
        </Api>
        <Api Name="SetTime">
            <Param Type="REFERENCE_TIME*" Name="pTimeStart" />
            <Param Type="REFERENCE_TIME*" Name="pTimeEnd" />
            <Return Type="HRESULT" />
            <Success Return="Equal" Value="0" />
        </Api>
        <Api Name="IsSyncPoint">
            <Return Type="HRESULT" />
            <Success Return="Equal" Value="0" />
        </Api>
        <Api Name="SetSyncPoint">
            <Param Type="BOOL" Name="bIsSyncPoint" />
            <Return Type="HRESULT" />
            <Success Return="Equal" Value="0" />
        </Api>
        <Api Name="IsPreroll">
            <Return Type="HRESULT" />
            <Success Return="Equal" Value="0" />
        </Api>
        <Api Name="SetPreroll">
            <Param Type="BOOL" Name="bIsPreroll" />
            <Return Type="HRESULT" />
            <Success Return="Equal" Value="0" />
        </Api>
        <Api Name="GetActualDataLength">
            <Return Type="long" />
            <Success Return="NotEqual" Value="0" />
        </Api>
        <Api Name="SetActualDataLength">
            <Param Type="long" Name="lLen" />
            <Return Type="HRESULT" />
            <Success Return="Equal" Value="0" />
        </Api>
        <Api Name="GetMediaType">
            <Param Type="AM_MEDIA_TYPE**" Name="ppMediaType" />
            <Return Type="HRESULT" />
            <Success Return="Equal" Value="0" />
        </Api>
        <Api Name="SetMediaType">
            <Param Type="AM_MEDIA_TYPE*" Name="pMediaType" />
            <Return Type="HRESULT" />
            <Success Return="Equal" Value="0" />
        </Api>
        <Api Name="IsDiscontinuity">
            <Return Type="HRESULT" />
            <Success Return="Equal" Value="0" />
        </Api>
        <Api Name="SetDiscontinuity">
            <Param Type="BOOL" Name="bDiscontinuity" />
            <Return Type="HRESULT" />
            <Success Return="Equal" Value="0" />
        </Api>
        <Api Name="GetMediaTime">
            <Param Type="LONGLONG*" Name="pTimeStart" />
            <Param Type="LONGLONG*" Name="pTimeEnd" />
            <Return Type="HRESULT" />
            <Success Return="Equal" Value="0" />
        </Api>
        <Api Name="SetMediaTime">
            <Param Type="LONGLONG*" Name="pTimeStart" />
            <Param Type="LONGLONG*" Name="pTimeEnd" />
            <Return Type="HRESULT" />
            <Success Return="Equal" Value="0" />
        </Api>
    </Interface>
</ApiMonitor>