<!--
    API Monitor Definitions
    (c) 2010-2011, Rohitab Batra <rohitab@rohitab.com>
    http://www.rohitab.com/apimonitor/
-->
<ApiMonitor>
    <Include Filename="Interfaces\IDispatch.xml" />
    <Interface Name="IMediaEvent" Id="{56a868b6-0ad4-11ce-b03a-0020af0ba770}" BaseInterface="IDispatch" OnlineHelp="MSDN" ErrorFunc="HRESULT" Category="Graphics and Multimedia/Audio and Video/DirectShow">
        <!-- Variables -->
        <!-- Methods -->
        <Api Name="GetEventHandle">
            <Param Type="OAEVENT*" Name="hEvent" />
            <Return Type="HRESULT" />
            <Success Return="Equal" Value="0" />
        </Api>
        <Api Name="GetEvent">
            <Param Type="[MediaEventCode*]" Name="lEventCode" />
            <Param Type="LONG_PTR*" Name="lParam1" />
            <Param Type="LONG_PTR*" Name="lParam2" />
            <Param Type="long" Name="msTimeout" />
            <Return Type="HRESULT" />
            <Success Return="Equal" Value="0" />
        </Api>
        <Api Name="WaitForCompletion">
            <Param Type="long" Name="msTimeout" />
            <Param Type="long*" Name="pEvCode" />
            <Return Type="HRESULT" />
            <Success Return="Equal" Value="0" />
        </Api>
        <Api Name="CancelDefaultHandling">
            <Param Type="long" Name="lEvCode" />
            <Return Type="HRESULT" />
            <Success Return="Equal" Value="0" />
        </Api>
        <Api Name="RestoreDefaultHandling">
            <Param Type="long" Name="lEvCode" />
            <Return Type="HRESULT" />
            <Success Return="Equal" Value="0" />
        </Api>
        <Api Name="FreeEventParams">
            <Param Type="long" Name="lEvCode" />
            <Param Type="LONG_PTR" Name="lParam1" />
            <Param Type="LONG_PTR" Name="lParam2" />
            <Return Type="HRESULT" />
            <Success Return="Equal" Value="0" />
        </Api>
    </Interface>
</ApiMonitor>
