<!--
    API Monitor Definitions
    (c) 2010-2011, Rohitab Batra <rohitab@rohitab.com>
    http://www.rohitab.com/apimonitor/
-->
<ApiMonitor>
    <Include Filename="Interfaces\IUnknown.xml" />
    <Interface Name="IMPEG2StreamIdMap" Id="{D0E04C47-25B8-4369-925A-362A01D95444}" BaseInterface="IUnknown" OnlineHelp="MSDN" ErrorFunc="HRESULT" Category="Graphics and Multimedia/Audio and Video/DirectShow">
        <!-- Variables -->
        <!-- Methods -->
        <Api Name="MapStreamId">
            <Param Type="ULONG" Name="ulStreamId" />
            <Param Type="DWORD" Name="MediaSampleContent" />
            <Param Type="ULONG" Name="ulSubstreamFilterValue" />
            <Param Type="int" Name="iDataOffset" />
            <Return Type="HRESULT" />
            <Success Return="Equal" Value="0" />
        </Api>
        <Api Name="UnmapStreamId">
            <Param Type="ULONG" Name="culStreamId" />
            <Param Type="ULONG*" Name="pulStreamId" />
            <Return Type="HRESULT" />
            <Success Return="Equal" Value="0" />
        </Api>
        <Api Name="EnumStreamIdMap">
            <Param Type="IEnumStreamIdMap**" Name="ppIEnumStreamIdMap" />
            <Return Type="HRESULT" />
            <Success Return="Equal" Value="0" />
        </Api>
    </Interface>
</ApiMonitor>