<!--
    API Monitor Definitions
    (c) 2010-2011, Rohitab Batra <rohitab@rohitab.com>
    http://www.rohitab.com/apimonitor/
-->
<ApiMonitor>
    <Include Filename="Interfaces\IUnknown.xml" />
    <Interface Name="IMpeg2Demultiplexer" Id="{436eee9c-264f-4242-90e1-4e330c107512}" BaseInterface="IUnknown" OnlineHelp="MSDN" ErrorFunc="HRESULT" Category="Graphics and Multimedia/Audio and Video/DirectShow">
        <!-- Variables -->
        <!-- Methods -->
        <Api Name="CreateOutputPin">
            <Param Type="AM_MEDIA_TYPE*" Name="pMediaType" />
            <Param Type="LPWSTR" Name="pszPinName" />
            <Param Type="IPin**" Name="ppIPin" />
            <Return Type="HRESULT" />
            <Success Return="Equal" Value="0" />
        </Api>
        <Api Name="SetOutputPinMediaType">
            <Param Type="LPWSTR" Name="pszPinName" />
            <Param Type="AM_MEDIA_TYPE*" Name="pMediaType" />
            <Return Type="HRESULT" />
            <Success Return="Equal" Value="0" />
        </Api>
        <Api Name="DeleteOutputPin">
            <Param Type="LPWSTR" Name="pszPinName" />
            <Return Type="HRESULT" />
            <Success Return="Equal" Value="0" />
        </Api>
    </Interface>
</ApiMonitor>