<!--
    API Monitor Definitions
    (c) 2010-2011, Rohitab Batra <rohitab@rohitab.com>
    http://www.rohitab.com/apimonitor/
-->
<ApiMonitor>
    <Include Filename="Interfaces\DirectShow\IOverlayNotify.xml" />
    <Interface Name="IOverlayNotify2" Id="{680EFA10-D535-11D1-87C8-00A0C9223196}" BaseInterface="IOverlayNotify" OnlineHelp="MSDN" ErrorFunc="HRESULT" Category="Graphics and Multimedia/Audio and Video/DirectShow">
        <!-- Variables -->
        <!-- Methods -->
        <Api Name="OnDisplayChange">
            <Param Type="HMONITOR" Name="hMonitor" />
            <Return Type="HRESULT" />
            <Success Return="Equal" Value="0" />
        </Api>
    </Interface>
</ApiMonitor>