<!--
    API Monitor Definitions
    (c) 2010-2011, Rohitab Batra <rohitab@rohitab.com>
    http://www.rohitab.com/apimonitor/
-->
<ApiMonitor>
    <Include Filename="Interfaces\COM\IPersist.xml" />
    <Interface Name="IPersistMediaPropertyBag" Id="{5738E040-B67F-11d0-BD4D-00A0C911CE86}" BaseInterface="IPersist" OnlineHelp="MSDN" ErrorFunc="HRESULT" Category="Graphics and Multimedia/Audio and Video/DirectShow">
        <!-- Variables -->
        <!-- Methods -->
        <Api Name="InitNew">
            <Return Type="HRESULT" />
            <Success Return="Equal" Value="0" />
        </Api>
        <Api Name="Load">
            <Param Type="IMediaPropertyBag*" Name="pPropBag" />
            <Param Type="IErrorLog*" Name="pErrorLog" />
            <Return Type="HRESULT" />
            <Success Return="Equal" Value="0" />
        </Api>
        <Api Name="Save">
            <Param Type="IMediaPropertyBag*" Name="pPropBag" />
            <Param Type="BOOL" Name="fClearDirty" />
            <Param Type="BOOL" Name="fSaveAllProperties" />
            <Return Type="HRESULT" />
            <Success Return="Equal" Value="0" />
        </Api>
    </Interface>
</ApiMonitor>