<!--
    API Monitor Definitions
    (c) 2010-2011, Rohitab Batra <rohitab@rohitab.com>
    http://www.rohitab.com/apimonitor/
-->
<ApiMonitor>
    <Include Filename="Interfaces\IUnknown.xml" />
    <Interface Name="IQueueCommand" Id="{56a868b7-0ad4-11ce-b03a-0020af0ba770}" BaseInterface="IUnknown" OnlineHelp="MSDN" ErrorFunc="HRESULT" Category="Graphics and Multimedia/Audio and Video/DirectShow">
        <!-- Variables -->
        <!-- Methods -->
        <Api Name="InvokeAtStreamTime">
            <Param Type="IDeferredCommand**" Name="pCmd" />
            <Param Type="REFTIME" Name="time" />
            <Param Type="GUID*" Name="iid" />
            <Param Type="long" Name="dispidMethod" />
            <Param Type="short" Name="wFlags" />
            <Param Type="long" Name="cArgs" />
            <Param Type="VARIANT*" Name="pDispParams" />
            <Param Type="VARIANT*" Name="pvarResult" />
            <Param Type="short*" Name="puArgErr" />
            <Return Type="HRESULT" />
            <Success Return="Equal" Value="0" />
        </Api>
        <Api Name="InvokeAtPresentationTime">
            <Param Type="IDeferredCommand**" Name="pCmd" />
            <Param Type="REFTIME" Name="time" />
            <Param Type="GUID*" Name="iid" />
            <Param Type="long" Name="dispidMethod" />
            <Param Type="short" Name="wFlags" />
            <Param Type="long" Name="cArgs" />
            <Param Type="VARIANT*" Name="pDispParams" />
            <Param Type="VARIANT*" Name="pvarResult" />
            <Param Type="short*" Name="puArgErr" />
            <Return Type="HRESULT" />
            <Success Return="Equal" Value="0" />
        </Api>
    </Interface>
</ApiMonitor>
