<!--
    API Monitor Definitions
    (c) 2010-2011, Rohitab Batra <rohitab@rohitab.com>
    http://www.rohitab.com/apimonitor/
-->
<ApiMonitor>
    <Include Filename="Interfaces\IUnknown.xml" />
    <Interface Name="IReferenceClock" Id="{56a86897-0ad4-11ce-b03a-0020af0ba770}" BaseInterface="IUnknown" OnlineHelp="MSDN" ErrorFunc="HRESULT" Category="Graphics and Multimedia/Audio and Video/DirectShow">
        <!-- Variables -->
        <!-- Methods -->
        <Api Name="GetTime">
            <Param Type="REFERENCE_TIME*" Name="pTime" />
            <Return Type="HRESULT" />
            <Success Return="Equal" Value="0" />
        </Api>
        <Api Name="AdviseTime">
            <Param Type="REFERENCE_TIME" Name="baseTime" />
            <Param Type="REFERENCE_TIME" Name="streamTime" />
            <Param Type="HEVENT" Name="hEvent" />
            <Param Type="DWORD_PTR*" Name="pdwAdviseCookie" />
            <Return Type="HRESULT" />
            <Success Return="Equal" Value="0" />
        </Api>
        <Api Name="AdvisePeriodic">
            <Param Type="REFERENCE_TIME" Name="startTime" />
            <Param Type="REFERENCE_TIME" Name="periodTime" />
            <Param Type="HSEMAPHORE" Name="hSemaphore" />
            <Param Type="DWORD_PTR*" Name="pdwAdviseCookie" />
            <Return Type="HRESULT" />
            <Success Return="Equal" Value="0" />
        </Api>
        <Api Name="Unadvise">
            <Param Type="DWORD_PTR" Name="dwAdviseCookie" />
            <Return Type="HRESULT" />
            <Success Return="Equal" Value="0" />
        </Api>
    </Interface>
</ApiMonitor>