<!--
    API Monitor Definitions
    (c) 2010-2011, Rohitab Batra <rohitab@rohitab.com>
    http://www.rohitab.com/apimonitor/
-->
<ApiMonitor>
    <Include Filename="Interfaces\IUnknown.xml" />
    <Interface Name="IResourceManager" Id="{56a868ac-0ad4-11ce-b03a-0020af0ba770}" BaseInterface="IUnknown" OnlineHelp="MSDN" ErrorFunc="HRESULT" Category="Graphics and Multimedia/Audio and Video/DirectShow">
        <!-- Variables -->
        <!-- Methods -->
        <Api Name="Register">
            <Param Type="LPCWSTR" Name="pName" />
            <Param Type="LONG" Name="cResource" />
            <Param Type="LONG*" Name="plToken" />
            <Return Type="HRESULT" />
            <Success Return="Equal" Value="0" />
        </Api>
        <Api Name="RegisterGroup">
            <Param Type="LPCWSTR" Name="pName" />
            <Param Type="LONG" Name="cResource" />
            <Param Type="LONG*" Name="palTokens" />
            <Param Type="LONG*" Name="plToken" />
            <Return Type="HRESULT" />
            <Success Return="Equal" Value="0" />
        </Api>
        <Api Name="RequestResource">
            <Param Type="LONG" Name="idResource" />
            <Param Type="IUnknown*" Name="pFocusObject" />
            <Param Type="IResourceConsumer*" Name="pConsumer" />
            <Return Type="HRESULT" />
            <Success Return="Equal" Value="0" />
        </Api>
        <Api Name="NotifyAcquire">
            <Param Type="LONG" Name="idResource" />
            <Param Type="IResourceConsumer*" Name="pConsumer" />
            <Param Type="HRESULT" Name="hr" />
            <Return Type="HRESULT" />
            <Success Return="Equal" Value="0" />
        </Api>
        <Api Name="NotifyRelease">
            <Param Type="LONG" Name="idResource" />
            <Param Type="IResourceConsumer*" Name="pConsumer" />
            <Param Type="BOOL" Name="bStillWant" />
            <Return Type="HRESULT" />
            <Success Return="Equal" Value="0" />
        </Api>
        <Api Name="CancelRequest">
            <Param Type="LONG" Name="idResource" />
            <Param Type="IResourceConsumer*" Name="pConsumer" />
            <Return Type="HRESULT" />
            <Success Return="Equal" Value="0" />
        </Api>
        <Api Name="SetFocus">
            <Param Type="IUnknown*" Name="pFocusObject" />
            <Return Type="HRESULT" />
            <Success Return="Equal" Value="0" />
        </Api>
        <Api Name="ReleaseFocus">
            <Param Type="IUnknown*" Name="pFocusObject" />
            <Return Type="HRESULT" />
            <Success Return="Equal" Value="0" />
        </Api>
    </Interface>
</ApiMonitor>