<!--
    API Monitor Definitions
    (c) 2010-2011, Rohitab Batra <rohitab@rohitab.com>
    http://www.rohitab.com/apimonitor/
-->
<ApiMonitor>
    <Include Filename="Interfaces\IUnknown.xml" />
    <Interface Name="IVMRDeinterlaceControl" Id="{bb057577-0db8-4e6a-87a7-1a8c9a505a0f}" BaseInterface="IUnknown" OnlineHelp="MSDN" ErrorFunc="HRESULT" Category="Graphics and Multimedia/Audio and Video/DirectShow">
        <!-- Variables -->
        <!-- Methods -->
        <Api Name="GetNumberOfDeinterlaceModes">
            <Param Type="VMRVideoDesc*" Name="lpVideoDescription" />
            <Param Type="LPDWORD" Name="lpdwNumDeinterlaceModes" />
            <Param Type="LPGUID" Name="lpDeinterlaceModes" />
            <Return Type="HRESULT" />
            <Success Return="Equal" Value="0" />
        </Api>
        <Api Name="GetDeinterlaceModeCaps">
            <Param Type="LPGUID" Name="lpDeinterlaceMode" />
            <Param Type="VMRVideoDesc*" Name="lpVideoDescription" />
            <Param Type="VMRDeinterlaceCaps*" Name="lpDeinterlaceCaps" />
            <Return Type="HRESULT" />
            <Success Return="Equal" Value="0" />
        </Api>
        <Api Name="GetDeinterlaceMode">
            <Param Type="DWORD" Name="dwStreamID" />
            <Param Type="LPGUID" Name="lpDeinterlaceMode" />
            <Return Type="HRESULT" />
            <Success Return="Equal" Value="0" />
        </Api>
        <Api Name="SetDeinterlaceMode">
            <Param Type="DWORD" Name="dwStreamID" />
            <Param Type="LPGUID" Name="lpDeinterlaceMode" />
            <Return Type="HRESULT" />
            <Success Return="Equal" Value="0" />
        </Api>
        <Api Name="GetDeinterlacePrefs">
            <Param Type="LPDWORD" Name="lpdwDeinterlacePrefs" />
            <Return Type="HRESULT" />
            <Success Return="Equal" Value="0" />
        </Api>
        <Api Name="SetDeinterlacePrefs">
            <Param Type="DWORD" Name="dwDeinterlacePrefs" />
            <Return Type="HRESULT" />
            <Success Return="Equal" Value="0" />
        </Api>
        <Api Name="GetActualDeinterlaceMode">
            <Param Type="DWORD" Name="dwStreamID" />
            <Param Type="LPGUID" Name="lpDeinterlaceMode" />
            <Return Type="HRESULT" />
            <Success Return="Equal" Value="0" />
        </Api>
    </Interface>
</ApiMonitor>