<!--
    API Monitor Definitions
    (c) 2010-2011, Rohitab Batra <rohitab@rohitab.com>
    http://www.rohitab.com/apimonitor/
-->
<ApiMonitor>
    <Include Filename="Interfaces\IUnknown.xml" />
    <Interface Name="IVMRSurfaceAllocatorNotify9" Id="{dca3f5df-bb3a-4d03-bd81-84614bfbfa0c}" BaseInterface="IUnknown" OnlineHelp="MSDN" ErrorFunc="HRESULT" Category="Graphics and Multimedia/Audio and Video/DirectShow">
        <!-- Variables -->
        <!-- Methods -->
        <Api Name="AdviseSurfaceAllocator">
            <Param Type="DWORD_PTR" Name="dwUserID" />
            <Param Type="IVMRSurfaceAllocator9*" Name="lpIVRMSurfaceAllocator" />
            <Return Type="HRESULT" />
            <Success Return="Equal" Value="0" />
        </Api>
        <Api Name="SetD3DDevice">
            <Param Type="IDirect3DDevice9*" Name="lpD3DDevice" />
            <Param Type="HMONITOR" Name="hMonitor" />
            <Return Type="HRESULT" />
            <Success Return="Equal" Value="0" />
        </Api>
        <Api Name="ChangeD3DDevice">
            <Param Type="IDirect3DDevice9*" Name="lpD3DDevice" />
            <Param Type="HMONITOR" Name="hMonitor" />
            <Return Type="HRESULT" />
            <Success Return="Equal" Value="0" />
        </Api>
        <Api Name="AllocateSurfaceHelper">
            <Param Type="VMR9AllocationInfo*" Name="lpAllocInfo" />
            <Param Type="DWORD*" Name="lpNumBuffers" />
            <Param Type="IDirect3DSurface9**" Name="lplpSurface" />
            <Return Type="HRESULT" />
            <Success Return="Equal" Value="0" />
        </Api>
        <Api Name="NotifyEvent">
            <Param Type="[MediaEventCode]" Display="LONG" Name="EventCode" />
            <Param Type="LONG_PTR" Name="Param1" />
            <Param Type="LONG_PTR" Name="Param2" />
            <Return Type="HRESULT" />
            <Success Return="Equal" Value="0" />
        </Api>
    </Interface>
</ApiMonitor>