<!--
    API Monitor Definitions
    (c) 2010-2011, Rohitab Batra <rohitab@rohitab.com>
    http://www.rohitab.com/apimonitor/
-->
<ApiMonitor>
    <Include Filename="Interfaces\IUnknown.xml" />
    <Interface Name="IVMRSurfaceAllocator" Id="{31ce832e-4484-458b-8cca-f4d7e3db0b52}" BaseInterface="IUnknown" OnlineHelp="MSDN" ErrorFunc="HRESULT" Category="Graphics and Multimedia/Audio and Video/DirectShow">
        <!-- Variables -->
        <!-- Methods -->
        <Api Name="AllocateSurface">
            <Param Type="DWORD_PTR" Name="dwUserID" />
            <Param Type="VMRALLOCATIONINFO*" Name="lpAllocInfo" />
            <Param Type="DWORD*" Name="lpdwActualBuffers" />
            <Param Type="LPDIRECTDRAWSURFACE7*" Name="lplpSurface" />
            <Return Type="HRESULT" />
            <Success Return="Equal" Value="0" />
        </Api>
        <Api Name="FreeSurface">
            <Param Type="DWORD_PTR" Name="dwID" />
            <Return Type="HRESULT" />
            <Success Return="Equal" Value="0" />
        </Api>
        <Api Name="PrepareSurface">
            <Param Type="DWORD_PTR" Name="dwUserID" />
            <Param Type="LPDIRECTDRAWSURFACE7" Name="lpSurface" />
            <Param Type="DWORD" Name="dwSurfaceFlags" />
            <Return Type="HRESULT" />
            <Success Return="Equal" Value="0" />
        </Api>
        <Api Name="AdviseNotify">
            <Param Type="IVMRSurfaceAllocatorNotify*" Name="lpIVMRSurfAllocNotify" />
            <Return Type="HRESULT" />
            <Success Return="Equal" Value="0" />
        </Api>
    </Interface>
</ApiMonitor>