<!--
    API Monitor Definitions
    (c) 2010-2011, Rohitab Batra <rohitab@rohitab.com>
    http://www.rohitab.com/apimonitor/
-->
<ApiMonitor>
    <Include Filename="Interfaces\IUnknown.xml" />
    <Interface Name="IVMRSurfaceAllocator9" Id="{8d5148ea-3f5d-46cf-9df1-d1b896eedb1f}" BaseInterface="IUnknown" OnlineHelp="MSDN" ErrorFunc="HRESULT" Category="Graphics and Multimedia/Audio and Video/DirectShow">
        <!-- Variables -->
        <!-- Methods -->
        <Api Name="InitializeDevice">
            <Param Type="DWORD_PTR" Name="dwUserID" />
            <Param Type="VMR9AllocationInfo*" Name="lpAllocInfo" />
            <Param Type="DWORD*" Name="lpNumBuffers" />
            <Return Type="HRESULT" />
            <Success Return="Equal" Value="0" />
        </Api>
        <Api Name="TerminateDevice">
            <Param Type="DWORD_PTR" Name="dwID" />
            <Return Type="HRESULT" />
            <Success Return="Equal" Value="0" />
        </Api>
        <Api Name="GetSurface">
            <Param Type="DWORD_PTR" Name="dwUserID" />
            <Param Type="DWORD" Name="SurfaceIndex" />
            <Param Type="DWORD" Name="SurfaceFlags" />
            <Param Type="IDirect3DSurface9**" Name="lplpSurface" />
            <Return Type="HRESULT" />
            <Success Return="Equal" Value="0" />
        </Api>
        <Api Name="AdviseNotify">
            <Param Type="IVMRSurfaceAllocatorNotify9*" Name="lpIVMRSurfAllocNotify" />
            <Return Type="HRESULT" />
            <Success Return="Equal" Value="0" />
        </Api>
    </Interface>
</ApiMonitor>