<!--
    API Monitor Definitions
    (c) 2010-2011, Rohitab Batra <rohitab@rohitab.com>
    http://www.rohitab.com/apimonitor/
-->
<ApiMonitor>
    <Include Filename="Interfaces\IUnknown.xml" />
    <Interface Name="IVMRMonitorConfig9" Id="{46c2e457-8ba0-4eef-b80b-0680f0978749}" BaseInterface="IUnknown" OnlineHelp="MSDN" ErrorFunc="HRESULT" Category="Graphics and Multimedia/Audio and Video/DirectShow">
        <!-- Variables -->
        <!-- Methods -->
        <Api Name="SetMonitor">
            <Param Type="UINT" Name="uDev" />
            <Return Type="HRESULT" />
            <Success Return="Equal" Value="0" />
        </Api>
        <Api Name="GetMonitor">
            <Param Type="UINT*" Name="puDev" />
            <Return Type="HRESULT" />
            <Success Return="Equal" Value="0" />
        </Api>
        <Api Name="SetDefaultMonitor">
            <Param Type="UINT" Name="uDev" />
            <Return Type="HRESULT" />
            <Success Return="Equal" Value="0" />
        </Api>
        <Api Name="GetDefaultMonitor">
            <Param Type="UINT*" Name="puDev" />
            <Return Type="HRESULT" />
            <Success Return="Equal" Value="0" />
        </Api>
        <Api Name="GetAvailableMonitors">
            <Param Type="VMR9MonitorInfo*" Name="pInfo" />
            <Param Type="DWORD" Name="dwMaxInfoArraySize" />
            <Param Type="DWORD*" Name="pdwNumDevices" />
            <Return Type="HRESULT" />
            <Success Return="Equal" Value="0" />
        </Api>
    </Interface>
</ApiMonitor>