<!--
    API Monitor Definitions
    (c) 2010-2011, Rohitab Batra <rohitab@rohitab.com>
    http://www.rohitab.com/apimonitor/
-->
<ApiMonitor>
    <Include Filename="Interfaces\IUnknown.xml" />
    <Interface Name="IVMRMixerControl9" Id="{1a777eaa-47c8-4930-b2c9-8fee1c1b0f3b}" BaseInterface="IUnknown" OnlineHelp="MSDN" ErrorFunc="HRESULT" Category="Graphics and Multimedia/Audio and Video/DirectShow">
        <!-- Variables -->
        <!-- Methods -->
        <Api Name="SetAlpha">
            <Param Type="DWORD" Name="dwStreamID" />
            <Param Type="float" Name="Alpha" />
            <Return Type="HRESULT" />
            <Success Return="Equal" Value="0" />
        </Api>
        <Api Name="GetAlpha">
            <Param Type="DWORD" Name="dwStreamID" />
            <Param Type="float*" Name="pAlpha" />
            <Return Type="HRESULT" />
            <Success Return="Equal" Value="0" />
        </Api>
        <Api Name="SetZOrder">
            <Param Type="DWORD" Name="dwStreamID" />
            <Param Type="DWORD" Name="dwZ" />
            <Return Type="HRESULT" />
            <Success Return="Equal" Value="0" />
        </Api>
        <Api Name="GetZOrder">
            <Param Type="DWORD" Name="dwStreamID" />
            <Param Type="DWORD*" Name="pZ" />
            <Return Type="HRESULT" />
            <Success Return="Equal" Value="0" />
        </Api>
        <Api Name="SetOutputRect">
            <Param Type="DWORD" Name="dwStreamID" />
            <Param Type="const VMR9NormalizedRect*" Name="pRect" />
            <Return Type="HRESULT" />
            <Success Return="Equal" Value="0" />
        </Api>
        <Api Name="GetOutputRect">
            <Param Type="DWORD" Name="dwStreamID" />
            <Param Type="VMR9NormalizedRect*" Name="pRect" />
            <Return Type="HRESULT" />
            <Success Return="Equal" Value="0" />
        </Api>
        <Api Name="SetBackgroundClr">
            <Param Type="COLORREF" Name="ClrBkg" />
            <Return Type="HRESULT" />
            <Success Return="Equal" Value="0" />
        </Api>
        <Api Name="GetBackgroundClr">
            <Param Type="COLORREF*" Name="lpClrBkg" />
            <Return Type="HRESULT" />
            <Success Return="Equal" Value="0" />
        </Api>
        <Api Name="SetMixingPrefs">
            <Param Type="DWORD" Name="dwMixerPrefs" />
            <Return Type="HRESULT" />
            <Success Return="Equal" Value="0" />
        </Api>
        <Api Name="GetMixingPrefs">
            <Param Type="DWORD*" Name="pdwMixerPrefs" />
            <Return Type="HRESULT" />
            <Success Return="Equal" Value="0" />
        </Api>
        <Api Name="SetProcAmpControl">
            <Param Type="DWORD" Name="dwStreamID" />
            <Param Type="VMR9ProcAmpControl*" Name="lpClrControl" />
            <Return Type="HRESULT" />
            <Success Return="Equal" Value="0" />
        </Api>
        <Api Name="GetProcAmpControl">
            <Param Type="DWORD" Name="dwStreamID" />
            <Param Type="VMR9ProcAmpControl*" Name="lpClrControl" />
            <Return Type="HRESULT" />
            <Success Return="Equal" Value="0" />
        </Api>
        <Api Name="GetProcAmpControlRange">
            <Param Type="DWORD" Name="dwStreamID" />
            <Param Type="VMR9ProcAmpControlRange*" Name="lpClrControl" />
            <Return Type="HRESULT" />
            <Success Return="Equal" Value="0" />
        </Api>
    </Interface>
</ApiMonitor>