<!--
    API Monitor Definitions
    (c) 2010-2011, Rohitab Batra <rohitab@rohitab.com>
    http://www.rohitab.com/apimonitor/
-->
<ApiMonitor>
    <Include Filename="Interfaces\IUnknown.xml" />
    <Interface Name="IVMRImagePresenter" Id="{CE704FE7-E71E-41fb-BAA2-C4403E1182F5}" BaseInterface="IUnknown" OnlineHelp="MSDN" ErrorFunc="HRESULT" Category="Graphics and Multimedia/Audio and Video/DirectShow">
        <!-- Variables -->
        <!-- Methods -->
        <Api Name="StartPresenting">
            <Param Type="DWORD_PTR" Name="dwUserID" />
            <Return Type="HRESULT" />
            <Success Return="Equal" Value="0" />
        </Api>
        <Api Name="StopPresenting">
            <Param Type="DWORD_PTR" Name="dwUserID" />
            <Return Type="HRESULT" />
            <Success Return="Equal" Value="0" />
        </Api>
        <Api Name="PresentImage">
            <Param Type="DWORD_PTR" Name="dwUserID" />
            <Param Type="VMRPRESENTATIONINFO*" Name="lpPresInfo" />
            <Return Type="HRESULT" />
            <Success Return="Equal" Value="0" />
        </Api>
    </Interface>
</ApiMonitor>