<!--
    API Monitor Definitions
    (c) 2010-2011, Rohitab Batra <rohitab@rohitab.com>
    http://www.rohitab.com/apimonitor/
-->
<ApiMonitor>
    <Include Filename="Interfaces\DirectShow\IVMRSurfaceAllocator9.xml" />
    <Interface Name="IVMRSurfaceAllocatorEx9" Id="{6de9a68a-a928-4522-bf57-655ae3866456}" BaseInterface="IVMRSurfaceAllocator9" OnlineHelp="MSDN" ErrorFunc="HRESULT" Category="Graphics and Multimedia/Audio and Video/DirectShow">
        <!-- Variables -->
        <!-- Methods -->
        <Api Name="GetSurfaceEx">
            <Param Type="DWORD_PTR" Name="dwUserID" />
            <Param Type="DWORD" Name="SurfaceIndex" />
            <Param Type="DWORD" Name="SurfaceFlags" />
            <Param Type="IDirect3DSurface9**" Name="lplpSurface" />
            <Param Type="RECT*" Name="lprcDst" />
            <Return Type="HRESULT" />
            <Success Return="Equal" Value="0" />
        </Api>
    </Interface>
</ApiMonitor>