<!--
    API Monitor Definitions
    (c) 2010-2011, Rohitab Batra <rohitab@rohitab.com>
    http://www.rohitab.com/apimonitor/
-->
<ApiMonitor>
    <Include Filename="Interfaces\IUnknown.xml" />
    <Interface Name="IVMRMonitorConfig" Id="{9cf0b1b6-fbaa-4b7f-88cf-cf1f130a0dce}" BaseInterface="IUnknown" OnlineHelp="MSDN" ErrorFunc="HRESULT" Category="Graphics and Multimedia/Audio and Video/DirectShow">
        <!-- Variables -->
        <!-- Methods -->
        <Api Name="SetMonitor">
            <Param Type="const VMRGUID*" Name="pGUID" />
            <Return Type="HRESULT" />
            <Success Return="Equal" Value="0" />
        </Api>
        <Api Name="GetMonitor">
            <Param Type="VMRGUID*" Name="pGUID" />
            <Return Type="HRESULT" />
            <Success Return="Equal" Value="0" />
        </Api>
        <Api Name="SetDefaultMonitor">
            <Param Type="const VMRGUID*" Name="pGUID" />
            <Return Type="HRESULT" />
            <Success Return="Equal" Value="0" />
        </Api>
        <Api Name="GetDefaultMonitor">
            <Param Type="VMRGUID*" Name="pGUID" />
            <Return Type="HRESULT" />
            <Success Return="Equal" Value="0" />
        </Api>
        <Api Name="GetAvailableMonitors">
            <Param Type="VMRMONITORINFO*" Name="pInfo" />
            <Param Type="DWORD" Name="dwMaxInfoArraySize" />
            <Param Type="DWORD*" Name="pdwNumDevices" />
            <Return Type="HRESULT" />
            <Success Return="Equal" Value="0" />
        </Api>
    </Interface>
</ApiMonitor>