<!--
    API Monitor Definitions
    (c) 2010-2011, Rohitab Batra <rohitab@rohitab.com>
    http://www.rohitab.com/apimonitor/
-->
<ApiMonitor>
    <Include Filename="Interfaces\IUnknown.xml" />
    <Interface Name="IVMRImagePresenter9" Id="{69188c61-12a3-40f0-8ffc-342e7b433fd7}" BaseInterface="IUnknown" OnlineHelp="MSDN" ErrorFunc="HRESULT" Category="Graphics and Multimedia/Audio and Video/DirectShow">
        <!-- Variables -->
        <!-- Methods -->
        <Api Name="StartPresenting">
            <Param Type="DWORD_PTR" Name="dwUserID" />
            <Return Type="HRESULT" />
            <Success Return="Equal" Value="0" />
        </Api>
        <Api Name="StopPresenting">
            <Param Type="DWORD_PTR" Name="dwUserID" />
            <Return Type="HRESULT" />
            <Success Return="Equal" Value="0" />
        </Api>
        <Api Name="PresentImage">
            <Param Type="DWORD_PTR" Name="dwUserID" />
            <Param Type="VMR9PresentationInfo*" Name="lpPresInfo" />
            <Return Type="HRESULT" />
            <Success Return="Equal" Value="0" />
        </Api>
    </Interface>
</ApiMonitor>