﻿<!--
    API Monitor Definitions
    (c) 2013, Rohitab Batra <rohitab@rohitab.com>
    http://www.rohitab.com/apimonitor/
-->
<ApiMonitor>
    <ApiSetSchema>

        <!-- This file contains manual redirections for API Set Schemas. Only add redirections that
        are not already present in the OS. For example, a redirection for ms-win-downlevel-advapi32-l2-1-0
        is available on Windows 8, but not on Windows 7, so we add a manual redirection for it. The OS redirection
        takes precendence, so these redirections will only be used if missing in the OS -->

        <ApiSet Module="api-ms-win-downlevel-advapi32-l1-1-0.dll">
            <Redirection Module="kernelbase.dll" />
        </ApiSet>

        <ApiSet Module="api-ms-win-downlevel-advapi32-l2-1-0.dll">
            <Redirection Module="sechost.dll" />
        </ApiSet>

        <ApiSet Module="api-ms-win-downlevel-normaliz-l1-1-0.dll">
            <Redirection Module="kernelbase.dll" />
        </ApiSet>

        <ApiSet Module="api-ms-win-downlevel-ole32-l1-1-0.dll">
            <Redirection Module="combase.dll" />
        </ApiSet>

        <ApiSet Module="api-ms-win-downlevel-shell32-l1-1-0.dll">
            <Redirection Module="shcore.dll" />
        </ApiSet>

        <ApiSet Module="api-ms-win-downlevel-shlwapi-l1-1-0.dll">
            <Redirection Module="kernelbase.dll" />
        </ApiSet>

        <ApiSet Module="api-ms-win-downlevel-shlwapi-l2-1-0.dll">
            <Redirection Module="shcore.dll" />
        </ApiSet>

        <ApiSet Module="api-ms-win-downlevel-user32-l1-1-0.dll">
            <Redirection Module="kernelbase.dll" />
        </ApiSet>

        <ApiSet Module="api-ms-win-downlevel-version-l1-1-0.dll">
            <Redirection Module="kernelbase.dll" />
        </ApiSet>

    </ApiSetSchema>

</ApiMonitor>
