﻿<!--
    API Monitor Definitions
    (c) 2010-2011, Rohitab Batra <rohitab@rohitab.com>
    http://www.rohitab.com/apimonitor/
-->
<ApiMonitor>
    <Headers>
        <!-- Used by API Monitor Breakpoint to display the CommDlgExtendedError codes -->
        <Variable Name="[CommDlgErrorCode]" Type="Alias" Base="DWORD">
            <Enum DefaultName="Unknown">
                <Set Value="0xFFFF"     Name="CDERR_DIALOGFAILURE: The dialog box could not be created. The common dialog box function's call to the DialogBox function failed. For example, this error occurs if the common dialog box call specifies an invalid window handle." />
                <Set Value="0x0001"     Name="CDERR_STRUCTSIZE: The lStructSize member of the initialization structure for the corresponding common dialog box is invalid." />
                <Set Value="0x0002"     Name="CDERR_INITIALIZATION: The common dialog box function failed during initialization. This error often occurs when sufficient memory is not available." />
                <Set Value="0x0003"     Name="CDERR_NOTEMPLATE: The ENABLETEMPLATE flag was set in the Flags member of the initialization structure for the corresponding common dialog box, but you failed to provide a corresponding template." />
                <Set Value="0x0004"     Name="CDERR_NOHINSTANCE: The ENABLETEMPLATE flag was set in the Flags member of the initialization structure for the corresponding common dialog box, but you failed to provide a corresponding instance handle." />
                <Set Value="0x0005"     Name="CDERR_LOADSTRFAILURE: The common dialog box function failed to load a specified string." />
                <Set Value="0x0006"     Name="CDERR_FINDRESFAILURE: The common dialog box function failed to find a specified resource." />
                <Set Value="0x0007"     Name="CDERR_LOADRESFAILURE: The common dialog box function failed to load a specified resource." />
                <Set Value="0x0008"     Name="CDERR_LOCKRESFAILURE: The common dialog box function failed to lock a specified resource." />
                <Set Value="0x0009"     Name="CDERR_MEMALLOCFAILURE: The common dialog box function was unable to allocate memory for internal structures." />
                <Set Value="0x000A"     Name="CDERR_MEMLOCKFAILURE: The common dialog box function was unable to lock the memory associated with a handle." />
                <Set Value="0x000B"     Name="CDERR_NOHOOKL: The ENABLEHOOK flag was set in the Flags member of the initialization structure for the corresponding common dialog box, but you failed to provide a pointer to a corresponding hook procedure." />
                <Set Value="0x000C"     Name="CDERR_REGISTERMSGFAIL: The RegisterWindowMessage function returned an error code when it was called by the common dialog box function." />

                <Set Value="0x1001"     Name="PDERR_SETUPFAILURE: The PrintDlg function failed to load the required resources." />
                <Set Value="0x1002"     Name="PDERR_PARSEFAILURE: The PrintDlg function failed to parse the strings in the [devices] section of the WIN.INI file." />
                <Set Value="0x1003"     Name="PDERR_RETDEFFAILURE: The PD_RETURNDEFAULT flag was specified in the Flags member of the PRINTDLG structure, but the hDevMode or hDevNames member was not NULL." />
                <Set Value="0x1004"     Name="PDERR_LOADDRVFAILURE: The PrintDlg function failed to load the device driver for the specified printer." />
                <Set Value="0x1005"     Name="PDERR_GETDEVMODEFAIL: The printer driver failed to initialize a DEVMODE structure." />
                <Set Value="0x1006"     Name="PDERR_INITFAILURE: The PrintDlg function failed during initialization, and there is no more specific extended error code to describe the failure. This is the generic default error code for the function." />
                <Set Value="0x1007"     Name="PDERR_NODEVICES: No printer drivers were found." />
                <Set Value="0x1008"     Name="PDERR_NODEFAULTPRN: A default printer does not exist." />
                <Set Value="0x1009"     Name="PDERR_DNDMMISMATCH: The data in the DEVMODE and DEVNAMES structures describes two different printers." />
                <Set Value="0x100A"     Name="PDERR_CREATEICFAILURE: The PrintDlg function failed when it attempted to create an information context." />
                <Set Value="0x100B"     Name="PDERR_PRINTERNOTFOUND: The [devices] section of the WIN.INI file did not contain an entry for the requested printer." />
                <Set Value="0x100C"     Name="PDERR_DEFAULTDIFFERENT: You called the PrintDlg function with the DN_DEFAULTPRN flag specified in the wDefault member of the DEVNAMES structure, but the printer described by the other structure members did not match the current default printer." />

                <Set Value="0x2001"     Name="CFERR_NOFONTS: No fonts exist." />
                <Set Value="0x2002"     Name="CFERR_MAXLESSTHANMIN: The size specified in the nSizeMax member of the CHOOSEFONT structure is less than the size specified in the nSizeMin member." />
                
                <Set Value="0x3001"     Name="FNERR_SUBCLASSFAILURE: An attempt to subclass a list box failed because sufficient memory was not available." />
                <Set Value="0x3003"     Name="FNERR_BUFFERTOOSMALL: The buffer pointed to by the lpstrFile member of the OPENFILENAME structure is too small for the file name specified by the user." />
                <Set Value="0x3002"     Name="FNERR_INVALIDFILENAME: A file name is invalid." />
                
                <Set Value="0x4001"     Name="FRERR_BUFFERLENGTHZERO: A member of the FINDREPLACE structure points to an invalid buffer." />
            </Enum>
        </Variable>
    </Headers>
</ApiMonitor>