﻿<!--
    API Monitor Definitions
    (c) 2010-2011, Rohitab Batra <rohitab@rohitab.com>
    http://www.rohitab.com/apimonitor/
-->
<ApiMonitor>
    <Headers>
        <!-- Used by API Monitor Breakpoint to display the friendly name -->
        <Variable Name="[ExceptionCode]" Type="Alias" Base="DWORD" DisplayHex="True">
            <Display Name="DWORD" />
            <Enum>
                <Set Name="EXCEPTION_ACCESS_VIOLATION"              Value="0xC0000005" />
                <Set Name="EXCEPTION_ARRAY_BOUNDS_EXCEEDED"         Value="0xC000008C" />
                <Set Name="EXCEPTION_BREAKPOINT"                    Value="0x80000003" />
                <Set Name="EXCEPTION_DATATYPE_MISALIGNMENT"         Value="0xC00002C5" />
                <Set Name="EXCEPTION_FLT_DENORMAL_OPERAND"          Value="0xC000008D" />
                <Set Name="EXCEPTION_FLT_DIVIDE_BY_ZERO"            Value="0xC000008E" />
                <Set Name="EXCEPTION_FLT_INEXACT_RESULT"            Value="0xC000008F" />
                <Set Name="EXCEPTION_FLT_INVALID_OPERATION"         Value="0xC0000090" />
                <Set Name="EXCEPTION_FLT_OVERFLOW"                  Value="0xC0000091" />
                <Set Name="EXCEPTION_FLT_STACK_CHECK"               Value="0xC0000092" />
                <Set Name="EXCEPTION_FLT_UNDERFLOW"                 Value="0xC0000093" />
                <Set Name="EXCEPTION_GUARD_PAGE"                    Value="0x80000001" />
                <Set Name="EXCEPTION_ILLEGAL_INSTRUCTION"           Value="0xC000001D" />
                <Set Name="EXCEPTION_IN_PAGE_ERROR"                 Value="0xC0000006" />
                <Set Name="EXCEPTION_INT_DIVIDE_BY_ZERO"            Value="0xC0000094" />
                <Set Name="EXCEPTION_INT_OVERFLOW"                  Value="0xC0000095" />
                <Set Name="EXCEPTION_INVALID_DISPOSITION"           Value="0xC0000026" />
                <Set Name="EXCEPTION_INVALID_HANDLE"                Value="0xC0000008" />
                <Set Name="EXCEPTION_NONCONTINUABLE_EXCEPTION"      Value="0xC0000025" />
                <Set Name="EXCEPTION_PRIV_INSTRUCTION"              Value="0xC0000096" />
                <Set Name="EXCEPTION_SINGLE_STEP"                   Value="0x80000004" />
                <Set Name="EXCEPTION_STACK_OVERFLOW"                Value="0xC00000FD" />
                <Set Name="STATUS_UNWIND_CONSOLIDATE"               Value="0x80000029" />
            </Enum>
        </Variable>
    </Headers>
</ApiMonitor>