﻿<!--
    API Monitor Definitions
    (c) 2010-2011, Rohitab Batra <rohitab@rohitab.com>
    http://www.rohitab.com/apimonitor/
-->
<ApiMonitor>
    <Include Filename="Internal\exception-codes.h.xml" />
    <Include Filename="Internal\commdlg-codes.h.xml" />
    <Include Filename="Internal\error-codes.h.xml" />

    <Headers>

        <!-- Stack Variable
        Used for API's from External DLL's and for API's with unknown parameters. DO NOT REMOVE.
        If this is not available, support for External DLL's will be disabled.
        -->
        <!--
        <Variable Name="Stack" Type="Union">
            <Field Type="UINT32"    Name="ui32Value" />
            <Field Type="UINT64" 	Name="ui64Value" />
            <Field Type="INT32" 	Name="i32Value" />
            <Field Type="INT64" 	Name="i64Value" />
            <Field Type="BOOL" 	    Name="bValue" />
            <Field Type="LPSTR" 	Name="lpszValue" />
            <Field Type="LPWSTR" 	Name="lpwszValue" />
            <Field Type="FLOAT" 	Name="flValue" />
            <Field Type="DOUBLE"    Name="dblValue" />
            
            <Field Type="LPSTR*" 	Name="ppszValue" />
            <Field Type="LPWSTR*"   Name="ppwszValue" />
            <Field Type="PUINT32"   Name="pui32Value" />
            <Field Type="PUINT64" 	Name="pui64Value" />
            <Field Type="PBOOL" 	Name="pbValue" />
            <Field Type="FLOAT*" 	Name="pflValue" />
            <Field Type="DOUBLE*"   Name="pdblValue" />
        </Variable>
        -->
        <Variable Name="Stack" Type="Union">
            <Field Type="UINT_PTR"  Name="uintp" />
            <Field Type="INT_PTR"   Name="intp" />
            <Field Type="LPSTR" 	Name="psz" />
            <Field Type="LPWSTR" 	Name="pwsz" />
            <Field Type="LPVOID*" 	Name="ppv" />
        </Variable>

        <!-- Async I/O Data - Used to display data from API's such as ReadFile and WSARecv
        DO NOT MODIFY - Any changes to this structure will result in incorrect data being
        displayed in API Monitor -->
        <Variable Name="AsyncIoBuffer" Type="Struct">
            <Display Name="OVERLAPPED I/O" />
            <Field Type="DWORD"     Name="dwBytesRead" />
            <Field Type="LPVOID"    Name="lpBuffer" Length="dwBytesRead" />
        </Variable>

    </Headers>
</ApiMonitor>