﻿<!--
    API Monitor Definitions
    (c) 2012, Rohitab Batra <rohitab@rohitab.com>
    http://www.rohitab.com/apimonitor/
    
    This file contains a list of API's that are known to cause issues with monitoring.
    These issues relate to unsupported calling conventions, direct stack manipulation,
    stack unwinding due to exceptions etc. In most cases, enabling these API's will
    cause the target application to crash.
    
    - Rohitab Batra
-->
<ApiMonitor>
    <UnsupportedModules>

        <!-- Ntdll -->
        <Module Name="Ntdll.dll">
            <!-- Executed after unload -->
            <Api Name="LdrShutdownProcess" />
            <Api Name="NtTerminateProcess" />

            <!-- Call Depth -->
            <Api Name="NtCallbackReturn" />
            
            <!-- Exception / Stack Unwinding -->
            <Api Name="NtRaiseException" />
            
            <!-- fastcall -->
            <Api Name="RtlActivateActivationContextUnsafeFast" />
            <Api Name="RtlDeactivateActivationContextUnsafeFast" />

            <!-- Exception / Stack Unwinding -->
            <Api Name="RtlRaiseException" />
            <Api Name="RtlUnwind" />

            <!-- Register Arguments -->
            <Api Name="_allshl" />
            <Api Name="_allshr" />
            <Api Name="_aullshl" />
            <Api Name="_aullshr" />

            <!-- Stack Checking - Not yet sure why this is cause issues -->
            <Api Name="_chkstk" />
            <Api Name="__chkstk" />

            <!-- Stack Allocation -->
            <Api Name="_alloca_probe" />
            <Api Name="_alloca_probe_16" />
            <Api Name="_alloca_probe_8" />
        </Module>

        <!-- Kernel32.dll -->
        <Module Name="Kernel32.DLL">
            <!-- Exception / Stack Unwinding -->
            <Api Name="RaiseException" />
            <Api Name="RtlUnwind" />
            <Api Name="RtlUnwind2" />
            <Api Name="RtlUnwindEx" />
            <Api Name="RtlVirtualUnwind" />

            <!-- Stack Checking - Windows XP x64 -->
            <Api Name="__chkstk" />
        </Module>

        <!-- RpcRT4.dll -->
        <Module Name="RpcRT4.dll">
            <!-- Exception / Stack Unwinding -->
            <Api Name="RpcExceptionFilter" />
            <Api Name="I_RpcExceptionFilter" />
            <Api Name="NdrClientCall3" />
        </Module>

    </UnsupportedModules>

</ApiMonitor>
