<!--
    API Monitor Definitions
    (c) 2010-2011, Rohitab Batra <rohitab@rohitab.com>
    http://www.rohitab.com/apimonitor/
-->
<ApiMonitor>
    <Include Filename="Interfaces\DirectX\11\ID3D11Device.xml" />
    <Include Filename="Interfaces\DirectX\11\ID3D11DeviceContext.xml" />
    <Include Filename="Interfaces\DirectX\DXGI\IDXGIAdapter.xml" />
    
    <Module Name="dxgi.dll" CallingConvention="STDCALL" OnlineHelp="MSDN" ErrorFunc="HRESULT" Category="Graphics and Multimedia/DirectX/DirectX Graphics Infrastructure (DXGI)">
        <!-- DXGI -->
        <Api Name="CreateDXGIFactory">
            <Param Type="REFIID" Name="riid" />
            <Param Type="void**" Name="ppFactory" InterfaceId="riid" />
            <Return Type="HRESULT" />
            <Success Return="Equal" Value="0" />
        </Api>
        <Api Name="CreateDXGIFactory1">
            <Param Type="REFIID" Name="riid" />
            <Param Type="void**" Name="ppFactory" InterfaceId="riid" />
            <Return Type="HRESULT" />
            <Success Return="Equal" Value="0" />
        </Api>
    </Module>
</ApiMonitor>