<!--
    API Monitor Definitions
    (c) 2010-2011, Rohitab Batra <rohitab@rohitab.com>
    http://www.rohitab.com/apimonitor/
-->
<ApiMonitor>
    <Include Filename="Interfaces\DirectX\DXGI\IDXGIObject.xml" />
    <Interface Name="IDXGIDevice" Id="{54ec77fa-1377-44e6-8c32-88fd5f44c84c}" BaseInterface="IDXGIObject" OnlineHelp="MSDN" ErrorFunc="HRESULT" Category="Graphics and Multimedia/DirectX/DirectX Graphics Infrastructure (DXGI)">
        <Api Name="GetAdapter">
            <Param Type="IDXGIAdapter**" Name="pAdapter" />
            <Return Type="HRESULT" />
            <Success Return="Equal" Value="0" />
        </Api>
        <Api Name="CreateSurface">
            <Param Type="const DXGI_SURFACE_DESC*" Name="pDesc" />
            <Param Type="UINT" Name="NumSurfaces" />
            <Param Type="DXGI_USAGE" Name="Usage" />
            <Param Type="const DXGI_SHARED_RESOURCE*" Name="pSharedResource" />
            <Param Type="IDXGISurface**" Name="ppSurface" />
            <Return Type="HRESULT" />
            <Success Return="Equal" Value="0" />
        </Api>
        <Api Name="QueryResourceResidency">
            <Param Type="IUnknown**" Name="ppResources" />
            <Param Type="DXGI_RESIDENCY*" Name="pResidencyStatus" />
            <Param Type="UINT" Name="NumResources" />
            <Return Type="HRESULT" />
            <Success Return="Equal" Value="0" />
        </Api>
        <Api Name="SetGPUThreadPriority">
            <Param Type="INT" Name="Priority" />
            <Return Type="HRESULT" />
            <Success Return="Equal" Value="0" />
        </Api>
        <Api Name="GetGPUThreadPriority">
            <Param Type="INT*" Name="pPriority" />
            <Return Type="HRESULT" />
            <Success Return="Equal" Value="0" />
        </Api>
    </Interface>
</ApiMonitor>
