<!--
    API Monitor Definitions
    (c) 2010-2011, Rohitab Batra <rohitab@rohitab.com>
    http://www.rohitab.com/apimonitor/
-->
<ApiMonitor>
    <Include Filename="Interfaces\DirectX\DXGI\IDXGISurface.xml" />
    <Interface Name="IDXGISurface1" Id="{4AE63092-6327-4c1b-80AE-BFE12EA32B86}" BaseInterface="IDXGISurface" OnlineHelp="MSDN" ErrorFunc="HRESULT" Category="Graphics and Multimedia/DirectX/DirectX Graphics Infrastructure (DXGI)">
        <Api Name="GetDC">
            <Param Type="BOOL" Name="Discard" />
            <Param Type="HDC*" Name="phdc" />
            <Return Type="HRESULT" />
            <Success Return="Equal" Value="0" />
        </Api>
        <Api Name="ReleaseDC">
            <Param Type="RECT*" Name="pDirtyRect" />
            <Return Type="HRESULT" />
            <Success Return="Equal" Value="0" />
        </Api>
    </Interface>
</ApiMonitor>