<!--
    API Monitor Definitions
    (c) 2010-2011, Rohitab Batra <rohitab@rohitab.com>
    http://www.rohitab.com/apimonitor/
-->
<ApiMonitor>
    <Include Filename="Interfaces\DirectX\DXGI\IDXGIObject.xml" />
    <Interface Name="IDXGIOutput" Id="{ae02eedb-c735-4690-8d52-5a8dc20213aa}" BaseInterface="IDXGIObject" OnlineHelp="MSDN" ErrorFunc="HRESULT" Category="Graphics and Multimedia/DirectX/DirectX Graphics Infrastructure (DXGI)">
        <Api Name="GetDesc">
            <Param Type="DXGI_OUTPUT_DESC*" Name="pDesc" />
            <Return Type="HRESULT" />
            <Success Return="Equal" Value="0" />
        </Api>
        <Api Name="GetDisplayModeList">
            <Param Type="DXGI_FORMAT" Name="EnumFormat" />
            <Param Type="UINT" Name="Flags" />
            <Param Type="UINT*" Name="pNumModes" />
            <Param Type="DXGI_MODE_DESC*" Name="pDesc" />
            <Return Type="HRESULT" />
            <Success Return="Equal" Value="0" />
        </Api>
        <Api Name="FindClosestMatchingMode">
            <Param Type="const DXGI_MODE_DESC*" Name="pModeToMatch" />
            <Param Type="DXGI_MODE_DESC*" Name="pClosestMatch" />
            <Param Type="IUnknown*" Name="pConcernedDevice" />
            <Return Type="HRESULT" />
            <Success Return="Equal" Value="0" />
        </Api>
        <Api Name="WaitForVBlank">
            <Return Type="HRESULT" />
            <Success Return="Equal" Value="0" />
        </Api>
        <Api Name="TakeOwnership">
            <Param Type="IUnknown*" Name="pDevice" />
            <Param Type="BOOL" Name="Exclusive" />
            <Return Type="HRESULT" />
            <Success Return="Equal" Value="0" />
        </Api>
        <Api Name="ReleaseOwnership">
            <Return Type="void" />
        </Api>
        <Api Name="GetGammaControlCapabilities">
            <Param Type="DXGI_GAMMA_CONTROL_CAPABILITIES*" Name="pGammaCaps" />
            <Return Type="HRESULT" />
            <Success Return="Equal" Value="0" />
        </Api>
        <Api Name="SetGammaControl">
            <Param Type="const DXGI_GAMMA_CONTROL*" Name="pArray" />
            <Return Type="HRESULT" />
            <Success Return="Equal" Value="0" />
        </Api>
        <Api Name="GetGammaControl">
            <Param Type="DXGI_GAMMA_CONTROL*" Name="pArray" />
            <Return Type="HRESULT" />
            <Success Return="Equal" Value="0" />
        </Api>
        <Api Name="SetDisplaySurface">
            <Param Type="IDXGISurface*" Name="pScanoutSurface" />
            <Return Type="HRESULT" />
            <Success Return="Equal" Value="0" />
        </Api>
        <Api Name="GetDisplaySurfaceData">
            <Param Type="IDXGISurface*" Name="pDestination" />
            <Return Type="HRESULT" />
            <Success Return="Equal" Value="0" />
        </Api>
        <Api Name="GetFrameStatistics">
            <Param Type="DXGI_FRAME_STATISTICS*" Name="pStats" />
            <Return Type="HRESULT" />
            <Success Return="Equal" Value="0" />
        </Api>
    </Interface>
</ApiMonitor>