<!--
    API Monitor Definitions
    (c) 2010-2011, Rohitab Batra <rohitab@rohitab.com>
    http://www.rohitab.com/apimonitor/
-->
<ApiMonitor>
    <Include Filename="Interfaces\DirectX\DXGI\IDXGIObject.xml" />
    <Interface Name="IDXGIAdapter" Id="{2411e7e1-12ac-4ccf-bd14-9798e8534dc0}" BaseInterface="IDXGIObject" OnlineHelp="MSDN" ErrorFunc="HRESULT" Category="Graphics and Multimedia/DirectX/DirectX Graphics Infrastructure (DXGI)">
        <!-- Variables -->
        <!-- Methods -->
        <Api Name="EnumOutputs">
            <Param Type="UINT" Name="Output" />
            <Param Type="IDXGIOutput**" Name="ppOutput" />
            <Return Type="HRESULT" />
            <Success Return="Equal" Value="0" />
        </Api>
        <Api Name="GetDesc">
            <Param Type="DXGI_ADAPTER_DESC*" Name="pDesc" />
            <Return Type="HRESULT" />
            <Success Return="Equal" Value="0" />
        </Api>
        <Api Name="CheckInterfaceSupport">
            <Param Type="REFGUID" Name="InterfaceName" />
            <Param Type="LARGE_INTEGER*" Name="pUMDVersion" />
            <Return Type="HRESULT" />
            <Success Return="Equal" Value="0" />
        </Api>
    </Interface>
</ApiMonitor>