<!--
    API Monitor Definitions
    (c) 2010-2011, Rohitab Batra <rohitab@rohitab.com>
    http://www.rohitab.com/apimonitor/
-->
<ApiMonitor>
    <Include Filename="Interfaces\DirectX\DXGI\IDXGIDeviceSubObject.xml" />
    <Interface Name="IDXGIKeyedMutex" Id="{9d8e1289-d7b3-465f-8126-250e349af85d}" BaseInterface="IDXGIDeviceSubObject" OnlineHelp="MSDN" ErrorFunc="HRESULT" Category="Graphics and Multimedia/DirectX/DirectX Graphics Infrastructure (DXGI)">
        <Api Name="AcquireSync">
            <Param Type="UINT64" Name="Key" />
            <Param Type="DWORD" Name="dwMilliseconds" />
            <Return Type="HRESULT" />
            <Success Return="Equal" Value="0" />
        </Api>
        <Api Name="ReleaseSync">
            <Param Type="UINT64" Name="Key" />
            <Return Type="HRESULT" />
            <Success Return="Equal" Value="0" />
        </Api>
    </Interface>
</ApiMonitor>