<!--
    API Monitor Definitions
    (c) 2010-2011, Rohitab Batra <rohitab@rohitab.com>
    http://www.rohitab.com/apimonitor/
-->
<ApiMonitor>
    <Include Filename="Interfaces\DirectX\DXGI\IDXGIObject.xml" />
    <Interface Name="IDXGIFactory" Id="{7b7166ec-21c7-44ae-b21a-c9ae321ae369}" BaseInterface="IDXGIObject" OnlineHelp="MSDN" ErrorFunc="HRESULT" Category="Graphics and Multimedia/DirectX/DirectX Graphics Infrastructure (DXGI)">
        <Api Name="EnumAdapters">
            <Param Type="UINT" Name="Adapter" />
            <Param Type="IDXGIAdapter**" Name="ppAdapter" />
            <Return Type="HRESULT" />
            <Success Return="Equal" Value="0" />
        </Api>
        <Api Name="MakeWindowAssociation">
            <Param Type="HWND" Name="WindowHandle" />
            <Param Type="UINT" Name="Flags" />
            <Return Type="HRESULT" />
            <Success Return="Equal" Value="0" />
        </Api>
        <Api Name="GetWindowAssociation">
            <Param Type="HWND*" Name="pWindowHandle" />
            <Return Type="HRESULT" />
            <Success Return="Equal" Value="0" />
        </Api>
        <Api Name="CreateSwapChain">
            <Param Type="IUnknown*" Name="pDevice" />
            <Param Type="DXGI_SWAP_CHAIN_DESC*" Name="pDesc" />
            <Param Type="IDXGISwapChain**" Name="ppSwapChain" />
            <Return Type="HRESULT" />
            <Success Return="Equal" Value="0" />
        </Api>
        <Api Name="CreateSoftwareAdapter">
            <Param Type="HMODULE" Name="Module" />
            <Param Type="IDXGIAdapter**" Name="ppAdapter" />
            <Return Type="HRESULT" />
            <Success Return="Equal" Value="0" />
        </Api>
    </Interface>
</ApiMonitor>
