<!--
    API Monitor Definitions
    (c) 2010-2011, Rohitab Batra <rohitab@rohitab.com>
    http://www.rohitab.com/apimonitor/
-->
<ApiMonitor>
    <Include Filename="Interfaces\DirectX\DXGI\IDXGIDeviceSubObject.xml" />
    <Interface Name="IDXGISwapChain" Id="{310d36a0-d2e7-4c0a-aa04-6a9d23b8886a}" BaseInterface="IDXGIDeviceSubObject" OnlineHelp="MSDN" ErrorFunc="HRESULT" Category="Graphics and Multimedia/DirectX/DirectX Graphics Infrastructure (DXGI)">
        <Api Name="Present">
            <Param Type="UINT" Name="SyncInterval" />
            <Param Type="UINT" Name="Flags" />
            <Return Type="HRESULT" />
            <Success Return="Equal" Value="0" />
        </Api>
        <Api Name="GetBuffer">
            <Param Type="UINT" Name="Buffer" />
            <Param Type="REFIID" Name="riid" />
            <Param Type="void**" Name="ppSurface" InterfaceId="riid" />
            <Return Type="HRESULT" />
            <Success Return="Equal" Value="0" />
        </Api>
        <Api Name="SetFullscreenState">
            <Param Type="BOOL" Name="Fullscreen" />
            <Param Type="IDXGIOutput*" Name="pTarget" />
            <Return Type="HRESULT" />
            <Success Return="Equal" Value="0" />
        </Api>
        <Api Name="GetFullscreenState">
            <Param Type="BOOL*" Name="pFullscreen" />
            <Param Type="IDXGIOutput**" Name="ppTarget" />
            <Return Type="HRESULT" />
            <Success Return="Equal" Value="0" />
        </Api>
        <Api Name="GetDesc">
            <Param Type="DXGI_SWAP_CHAIN_DESC*" Name="pDesc" />
            <Return Type="HRESULT" />
            <Success Return="Equal" Value="0" />
        </Api>
        <Api Name="ResizeBuffers">
            <Param Type="UINT" Name="BufferCount" />
            <Param Type="UINT" Name="Width" />
            <Param Type="UINT" Name="Height" />
            <Param Type="DXGI_FORMAT" Name="NewFormat" />
            <Param Type="UINT" Name="SwapChainFlags" />
            <Return Type="HRESULT" />
            <Success Return="Equal" Value="0" />
        </Api>
        <Api Name="ResizeTarget">
            <Param Type="const DXGI_MODE_DESC*" Name="pNewTargetParameters" />
            <Return Type="HRESULT" />
            <Success Return="Equal" Value="0" />
        </Api>
        <Api Name="GetContainingOutput">
            <Param Type="IDXGIOutput**" Name="ppOutput" />
            <Return Type="HRESULT" />
            <Success Return="Equal" Value="0" />
        </Api>
        <Api Name="GetFrameStatistics">
            <Param Type="DXGI_FRAME_STATISTICS*" Name="pStats" />
            <Return Type="HRESULT" />
            <Success Return="Equal" Value="0" />
        </Api>
        <Api Name="GetLastPresentCount">
            <Param Type="UINT*" Name="pLastPresentCount" />
            <Return Type="HRESULT" />
            <Success Return="Equal" Value="0" />
        </Api>
    </Interface>
</ApiMonitor>