<!--
    API Monitor Definitions
    (c) 2010-2011, Rohitab Batra <rohitab@rohitab.com>
    http://www.rohitab.com/apimonitor/
-->
<ApiMonitor>
    <Include Filename="Interfaces\DirectX\DXGI\IDXGIAdapter.xml" />
    <Interface Name="IDXGIAdapter1" Id="{29038f61-3839-4626-91fd-086879011a05}" BaseInterface="IDXGIAdapter" OnlineHelp="MSDN" ErrorFunc="HRESULT" Category="Graphics and Multimedia/DirectX/DirectX Graphics Infrastructure (DXGI)">
        <!-- Methods -->
        <Api Name="GetDesc1">
            <Param Type="DXGI_ADAPTER_DESC1*" Name="pDesc" />
            <Return Type="HRESULT" />
            <Success Return="Equal" Value="0" />
        </Api>
    </Interface>
</ApiMonitor>