<!--
    API Monitor Definitions
    (c) 2010-2011, Rohitab Batra <rohitab@rohitab.com>
    http://www.rohitab.com/apimonitor/
-->
<ApiMonitor>
    <Include Filename="Interfaces\DirectX\DXGI\IDXGIFactory.xml" />
    <Interface Name="IDXGIFactory1" Id="{770aae78-f26f-4dba-a829-253c83d1b387}" BaseInterface="IDXGIFactory" OnlineHelp="MSDN" ErrorFunc="HRESULT" Category="Graphics and Multimedia/DirectX/DirectX Graphics Infrastructure (DXGI)">
        <Api Name="EnumAdapters1">
            <Param Type="UINT" Name="Adapter" />
            <Param Type="IDXGIAdapter1**" Name="ppAdapter" />
            <Return Type="HRESULT" />
            <Success Return="Equal" Value="0" />
        </Api>
        <Api Name="IsCurrent">
            <Return Type="BOOL" />
            <Success Return="NotEqual" Value="0" />
        </Api>
    </Interface>
</ApiMonitor>