<!--
    API Monitor Definitions
    (c) 2010-2011, Rohitab Batra <rohitab@rohitab.com>
    http://www.rohitab.com/apimonitor/
-->
<ApiMonitor>
    <Include Filename="Interfaces\DirectX\DXGI\IDXGIDeviceSubObject.xml" />
    <Interface Name="IDXGIResource" Id="{035f3ab4-482e-4e50-b41f-8a7f8bd8960b}" BaseInterface="IDXGIDeviceSubObject" OnlineHelp="MSDN" ErrorFunc="HRESULT" Category="Graphics and Multimedia/DirectX/DirectX Graphics Infrastructure (DXGI)">
        <Api Name="GetSharedHandle">
            <Param Type="HANDLE*" Name="pSharedHandle" />
            <Return Type="HRESULT" />
            <Success Return="Equal" Value="0" />
        </Api>
        <Api Name="GetUsage">
            <Param Type="DXGI_USAGE*" Name="pUsage" />
            <Return Type="HRESULT" />
            <Success Return="Equal" Value="0" />
        </Api>
        <Api Name="SetEvictionPriority">
            <Param Type="UINT" Name="EvictionPriority" />
            <Return Type="HRESULT" />
            <Success Return="Equal" Value="0" />
        </Api>
        <Api Name="GetEvictionPriority">
            <Param Type="UINT*" Name="pEvictionPriority" />
            <Return Type="HRESULT" />
            <Success Return="Equal" Value="0" />
        </Api>
    </Interface>
</ApiMonitor>