<!--
    API Monitor Definitions
    (c) 2010-2011, Rohitab Batra <rohitab@rohitab.com>
    http://www.rohitab.com/apimonitor/
-->
<ApiMonitor>
    <Include Filename="Interfaces\DirectX\DXGI\IDXGIObject.xml" />
    <Interface Name="IDXGIDeviceSubObject" Id="{3d3e0379-f9de-4d58-bb6c-18d62992f1a6}" BaseInterface="IDXGIObject" OnlineHelp="MSDN" ErrorFunc="HRESULT" Category="Graphics and Multimedia/DirectX/DirectX Graphics Infrastructure (DXGI)">
        <Api Name="GetDevice">
            <Param Type="REFIID" Name="riid" />
            <Param Type="void**" Name="ppDevice" InterfaceId="riid" />
            <Return Type="HRESULT" />
            <Success Return="Equal" Value="0" />
        </Api>
    </Interface>
</ApiMonitor>