<!--
    API Monitor Definitions
    (c) 2010-2011, Rohitab Batra <rohitab@rohitab.com>
    http://www.rohitab.com/apimonitor/
-->
<ApiMonitor>
    <Include Filename="Interfaces\IUnknown.xml" />
    <Interface Name="IDXGIObject" Id="{aec22fb8-76f3-4639-9be0-28eb43a67a2e}" BaseInterface="IUnknown" OnlineHelp="MSDN" ErrorFunc="HRESULT" Category="Graphics and Multimedia/DirectX/DirectX Graphics Infrastructure (DXGI)">
        
        <!-- Forward Interface Declarations -->
        <Variable Name="IDXGIOutput"                        Type="Interface" />
        <Variable Name="IDXGISwapChain"                     Type="Interface" />
        <Variable Name="IDXGISurface"                       Type="Interface" />

        <!-- TODO: Structures  -->
        <Variable Name="DXGI_ADAPTER_DESC*"                 Type="Alias"    Base="LPVOID" />
        <Variable Name="DXGI_ADAPTER_DESC1*"                Type="Alias"    Base="LPVOID" />
        <Variable Name="DXGI_OUTPUT_DESC*"                  Type="Alias"    Base="LPVOID" />
        <Variable Name="DXGI_GAMMA_CONTROL_CAPABILITIES*"   Type="Alias"    Base="LPVOID" />
        <Variable Name="DXGI_GAMMA_CONTROL*"                Type="Alias"    Base="LPVOID" />
        <Variable Name="const DXGI_GAMMA_CONTROL*"          Type="Alias"    Base="LPVOID" />

        <!-- DXGI_RATIONAL -->
        <Variable Name="DXGI_RATIONAL" Type="Struct">
            <Field Type="UINT"     Name="Numerator" />
            <Field Type="UINT"     Name="Denominator" />
        </Variable>

        <!-- DXGI_MODE_SCANLINE_ORDER -->
        <Variable Name="DXGI_MODE_SCANLINE_ORDER" Type="Alias" Base="UINT">
            <Enum>
                <Set Name="DXGI_MODE_SCANLINE_ORDER_UNSPECIFIED"        Value="0" />
                <Set Name="DXGI_MODE_SCANLINE_ORDER_PROGRESSIVE"        Value="1" />
                <Set Name="DXGI_MODE_SCANLINE_ORDER_UPPER_FIELD_FIRST"  Value="2" />
                <Set Name="DXGI_MODE_SCANLINE_ORDER_LOWER_FIELD_FIRST"  Value="3" />
            </Enum>
        </Variable>

        <!-- DXGI_MODE_SCALING -->
        <Variable Name="DXGI_MODE_SCALING" Type="Alias" Base="UINT">
            <Enum>
                <Set Name="DXGI_MODE_SCALING_UNSPECIFIED"               Value="0" />
                <Set Name="DXGI_MODE_SCALING_CENTERED"                  Value="1" />
                <Set Name="DXGI_MODE_SCALING_STRETCHED"                 Value="2" />
            </Enum>
        </Variable>

        <!-- DXGI_MODE_ROTATION -->
        <Variable Name="DXGI_MODE_ROTATION" Type="Alias" Base="UINT">
            <Enum>
                <Set Name="DXGI_MODE_ROTATION_UNSPECIFIED"              Value="0" />
                <Set Name="DXGI_MODE_ROTATION_IDENTITY"                 Value="1" />
                <Set Name="DXGI_MODE_ROTATION_ROTATE90"                 Value="2" />
                <Set Name="DXGI_MODE_ROTATION_ROTATE180"                Value="3" />
                <Set Name="DXGI_MODE_ROTATION_ROTATE270"                Value="4" />
            </Enum>
        </Variable>

        <!-- DXGI_FORMAT -->
        <Variable Name="DXGI_FORMAT" Type="Alias" Base="UINT">
            <Enum>
                <Set Name="DXGI_FORMAT_UNKNOWN"                         Value="0" />
                <Set Name="DXGI_FORMAT_R32G32B32A32_TYPELESS"			Value="1" />
                <Set Name="DXGI_FORMAT_R32G32B32A32_FLOAT"				Value="2" />
                <Set Name="DXGI_FORMAT_R32G32B32A32_UINT"				Value="3" />
                <Set Name="DXGI_FORMAT_R32G32B32A32_SINT"				Value="4" />
                <Set Name="DXGI_FORMAT_R32G32B32_TYPELESS"				Value="5" />
                <Set Name="DXGI_FORMAT_R32G32B32_FLOAT"				    Value="6" />
                <Set Name="DXGI_FORMAT_R32G32B32_UINT"				    Value="7" />
                <Set Name="DXGI_FORMAT_R32G32B32_SINT"				    Value="8" />
                <Set Name="DXGI_FORMAT_R16G16B16A16_TYPELESS"			Value="9" />
                <Set Name="DXGI_FORMAT_R16G16B16A16_FLOAT"				Value="10" />
                <Set Name="DXGI_FORMAT_R16G16B16A16_UNORM"				Value="11" />
                <Set Name="DXGI_FORMAT_R16G16B16A16_UINT"				Value="12" />
                <Set Name="DXGI_FORMAT_R16G16B16A16_SNORM"				Value="13" />
                <Set Name="DXGI_FORMAT_R16G16B16A16_SINT"				Value="14" />
                <Set Name="DXGI_FORMAT_R32G32_TYPELESS"				    Value="15" />
                <Set Name="DXGI_FORMAT_R32G32_FLOAT"				    Value="16" />
                <Set Name="DXGI_FORMAT_R32G32_UINT"				        Value="17" />
                <Set Name="DXGI_FORMAT_R32G32_SINT"				        Value="18" />
                <Set Name="DXGI_FORMAT_R32G8X24_TYPELESS"				Value="19" />
                <Set Name="DXGI_FORMAT_D32_FLOAT_S8X24_UINT"			Value="20" />
                <Set Name="DXGI_FORMAT_R32_FLOAT_X8X24_TYPELESS"		Value="21" />
                <Set Name="DXGI_FORMAT_X32_TYPELESS_G8X24_UINT"			Value="22" />
                <Set Name="DXGI_FORMAT_R10G10B10A2_TYPELESS"			Value="23" />
                <Set Name="DXGI_FORMAT_R10G10B10A2_UNORM"				Value="24" />
                <Set Name="DXGI_FORMAT_R10G10B10A2_UINT"				Value="25" />
                <Set Name="DXGI_FORMAT_R11G11B10_FLOAT"				    Value="26" />
                <Set Name="DXGI_FORMAT_R8G8B8A8_TYPELESS"				Value="27" />
                <Set Name="DXGI_FORMAT_R8G8B8A8_UNORM"				    Value="28" />
                <Set Name="DXGI_FORMAT_R8G8B8A8_UNORM_SRGB"				Value="29" />
                <Set Name="DXGI_FORMAT_R8G8B8A8_UINT"				    Value="30" />
                <Set Name="DXGI_FORMAT_R8G8B8A8_SNORM"				    Value="31" />
                <Set Name="DXGI_FORMAT_R8G8B8A8_SINT"				    Value="32" />
                <Set Name="DXGI_FORMAT_R16G16_TYPELESS"				    Value="33" />
                <Set Name="DXGI_FORMAT_R16G16_FLOAT"				    Value="34" />
                <Set Name="DXGI_FORMAT_R16G16_UNORM"				    Value="35" />
                <Set Name="DXGI_FORMAT_R16G16_UINT"				        Value="36" />
                <Set Name="DXGI_FORMAT_R16G16_SNORM"			        Value="37" />
                <Set Name="DXGI_FORMAT_R16G16_SINT"				        Value="38" />
                <Set Name="DXGI_FORMAT_R32_TYPELESS"			        Value="39" />
                <Set Name="DXGI_FORMAT_D32_FLOAT"				        Value="40" />
                <Set Name="DXGI_FORMAT_R32_FLOAT"				        Value="41" />
                <Set Name="DXGI_FORMAT_R32_UINT"				        Value="42" />
                <Set Name="DXGI_FORMAT_R32_SINT"				        Value="43" />
                <Set Name="DXGI_FORMAT_R24G8_TYPELESS"			        Value="44" />
                <Set Name="DXGI_FORMAT_D24_UNORM_S8_UINT"		        Value="45" />
                <Set Name="DXGI_FORMAT_R24_UNORM_X8_TYPELESS"	        Value="46" />
                <Set Name="DXGI_FORMAT_X24_TYPELESS_G8_UINT"	        Value="47" />
                <Set Name="DXGI_FORMAT_R8G8_TYPELESS"			        Value="48" />
                <Set Name="DXGI_FORMAT_R8G8_UNORM"				        Value="49" />
                <Set Name="DXGI_FORMAT_R8G8_UINT"				        Value="50" />
                <Set Name="DXGI_FORMAT_R8G8_SNORM"				        Value="51" />
                <Set Name="DXGI_FORMAT_R8G8_SINT"				        Value="52" />
                <Set Name="DXGI_FORMAT_R16_TYPELESS"			        Value="53" />
                <Set Name="DXGI_FORMAT_R16_FLOAT"				        Value="54" />
                <Set Name="DXGI_FORMAT_D16_UNORM"				        Value="55" />
                <Set Name="DXGI_FORMAT_R16_UNORM"				        Value="56" />
                <Set Name="DXGI_FORMAT_R16_UINT"				        Value="57" />
                <Set Name="DXGI_FORMAT_R16_SNORM"				        Value="58" />
                <Set Name="DXGI_FORMAT_R16_SINT"				        Value="59" />
                <Set Name="DXGI_FORMAT_R8_TYPELESS"				        Value="60" />
                <Set Name="DXGI_FORMAT_R8_UNORM"				        Value="61" />
                <Set Name="DXGI_FORMAT_R8_UINT"				            Value="62" />
                <Set Name="DXGI_FORMAT_R8_SNORM"			            Value="63" />
                <Set Name="DXGI_FORMAT_R8_SINT"				            Value="64" />
                <Set Name="DXGI_FORMAT_A8_UNORM"			            Value="65" />
                <Set Name="DXGI_FORMAT_R1_UNORM"			            Value="66" />
                <Set Name="DXGI_FORMAT_R9G9B9E5_SHAREDEXP"	            Value="67" />
                <Set Name="DXGI_FORMAT_R8G8_B8G8_UNORM"		            Value="68" />
                <Set Name="DXGI_FORMAT_G8R8_G8B8_UNORM"		            Value="69" />
                <Set Name="DXGI_FORMAT_BC1_TYPELESS"		            Value="70" />
                <Set Name="DXGI_FORMAT_BC1_UNORM"			            Value="71" />
                <Set Name="DXGI_FORMAT_BC1_UNORM_SRGB"		            Value="72" />
                <Set Name="DXGI_FORMAT_BC2_TYPELESS"		            Value="73" />
                <Set Name="DXGI_FORMAT_BC2_UNORM"			            Value="74" />
                <Set Name="DXGI_FORMAT_BC2_UNORM_SRGB"		            Value="75" />
                <Set Name="DXGI_FORMAT_BC3_TYPELESS"		            Value="76" />
                <Set Name="DXGI_FORMAT_BC3_UNORM"			            Value="77" />
                <Set Name="DXGI_FORMAT_BC3_UNORM_SRGB"		            Value="78" />
                <Set Name="DXGI_FORMAT_BC4_TYPELESS"		            Value="79" />
                <Set Name="DXGI_FORMAT_BC4_UNORM"			            Value="80" />
                <Set Name="DXGI_FORMAT_BC4_SNORM"			            Value="81" />
                <Set Name="DXGI_FORMAT_BC5_TYPELESS"		            Value="82" />
                <Set Name="DXGI_FORMAT_BC5_UNORM"			            Value="83" />
                <Set Name="DXGI_FORMAT_BC5_SNORM"				        Value="84" />
                <Set Name="DXGI_FORMAT_B5G6R5_UNORM"				    Value="85" />
                <Set Name="DXGI_FORMAT_B5G5R5A1_UNORM"				    Value="86" />
                <Set Name="DXGI_FORMAT_B8G8R8A8_UNORM"				    Value="87" />
                <Set Name="DXGI_FORMAT_B8G8R8X8_UNORM"				    Value="88" />
                <Set Name="DXGI_FORMAT_R10G10B10_XR_BIAS_A2_UNORM"	    Value="89" />
                <Set Name="DXGI_FORMAT_B8G8R8A8_TYPELESS"			    Value="90" />
                <Set Name="DXGI_FORMAT_B8G8R8A8_UNORM_SRGB"			    Value="91" />
                <Set Name="DXGI_FORMAT_B8G8R8X8_TYPELESS"	            Value="92" />
                <Set Name="DXGI_FORMAT_B8G8R8X8_UNORM_SRGB"	            Value="93" />
                <Set Name="DXGI_FORMAT_BC6H_TYPELESS"		            Value="94" />
                <Set Name="DXGI_FORMAT_BC6H_UF16"			            Value="95" />
                <Set Name="DXGI_FORMAT_BC6H_SF16"			            Value="96" />
                <Set Name="DXGI_FORMAT_BC7_TYPELESS"		            Value="97" />
                <Set Name="DXGI_FORMAT_BC7_UNORM"			            Value="98" />
                <Set Name="DXGI_FORMAT_BC7_UNORM_SRGB"		            Value="99" />
            </Enum>
        </Variable>
        <Variable Name="DXGI_FORMAT*" Type="Pointer" Base="DXGI_FORMAT" />

        <!-- DXGI_MODE_DESC -->
        <Variable Name="DXGI_MODE_DESC" Type="Struct">
            <Field Type="UINT"                      Name="Width" />
            <Field Type="UINT"                      Name="Height" />
            <Field Type="DXGI_RATIONAL"             Name="RefreshRate" />
            <Field Type="DXGI_FORMAT"               Name="Format" />
            <Field Type="DXGI_MODE_SCANLINE_ORDER"  Name="ScanlineOrdering" />
            <Field Type="DXGI_MODE_SCALING"         Name="Scaling" />
        </Variable>
        <Variable Name="DXGI_MODE_DESC*"        Type="Pointer" Base="DXGI_MODE_DESC" />
        <Variable Name="const DXGI_MODE_DESC*"  Type="Pointer" Base="DXGI_MODE_DESC" />

        <!-- DXGI_MAPPED_RECT -->
        <Variable Name="DXGI_MAPPED_RECT" Type="Struct">
            <Field Type="INT" 	    Name="Pitch" />
            <Field Type="BYTE*" 	Name="pBits" />
        </Variable>
        <Variable Name="DXGI_MAPPED_RECT*" Type="Pointer" Base="DXGI_MAPPED_RECT" />

        <!-- DXGI_SAMPLE_DESC -->
        <Variable Name="DXGI_SAMPLE_DESC" Type="Struct">
            <Field Type="UINT" 	    Name="Count" />
            <Field Type="UINT"      Name="Quality" />
        </Variable>

        <!-- DXGI_SURFACE_DESC -->
        <Variable Name="DXGI_SURFACE_DESC" Type="Struct">
            <Field Type="UINT" 	            Name="Width" />
            <Field Type="UINT" 	            Name="Height" />
            <Field Type="DXGI_FORMAT" 	    Name="Format" />
            <Field Type="DXGI_SAMPLE_DESC" 	Name="SampleDesc" />
        </Variable>
        <Variable Name="DXGI_SURFACE_DESC*"         Type="Pointer" Base="DXGI_SURFACE_DESC" />
        <Variable Name="const DXGI_SURFACE_DESC*"   Type="Pointer" Base="DXGI_SURFACE_DESC" />

        <!-- DXGI_USAGE -->
        <Variable Name="DXGI_USAGE" Type="Alias" Base="UINT">
            <Enum>
                <Set Name="DXGI_USAGE_SHADER_INPUT"             Value="0x10" />
                <Set Name="DXGI_USAGE_RENDER_TARGET_OUTPUT"     Value="0x20" />
                <Set Name="DXGI_USAGE_BACK_BUFFER"              Value="0x40" />
                <Set Name="DXGI_USAGE_SHARED"                   Value="0x80" />
                <Set Name="DXGI_USAGE_READ_ONLY"                Value="0x100" />
                <Set Name="DXGI_USAGE_DISCARD_ON_PRESENT"       Value="0x200" />
                <Set Name="DXGI_USAGE_UNORDERED_ACCESS"         Value="0x400" />
            </Enum>
        </Variable>
        <Variable Name="DXGI_USAGE*" Type="Pointer" Base="DXGI_USAGE" />

        <!-- DXGI_SWAP_EFFECT -->
        <Variable Name="DXGI_SWAP_EFFECT" Type="Alias" Base="UINT">
            <Enum>
                <Set Name="DXGI_SWAP_EFFECT_DISCARD"    Value="0" />
                <Set Name="DXGI_SWAP_EFFECT_SEQUENTIAL" Value="1" />
            </Enum>
        </Variable>

        <!-- DXGI_SWAP_CHAIN_FLAG -->
        <Variable Name="DXGI_SWAP_CHAIN_FLAG" Type="Alias" Base="UINT">
            <Display Name="UINT" />
            <Flag>
                <Set Name="DXGI_SWAP_CHAIN_FLAG_NONPREROTATED"      Value="1" />
                <Set Name="DXGI_SWAP_CHAIN_FLAG_ALLOW_MODE_SWITCH"  Value="2" />
                <Set Name="DXGI_SWAP_CHAIN_FLAG_GDI_COMPATIBLE"     Value="4" />
            </Flag>
        </Variable>

        <!-- DXGI_SWAP_CHAIN_DESC -->
        <Variable Name="DXGI_SWAP_CHAIN_DESC" Type="Struct">
            <Field Type="DXGI_MODE_DESC" 	    Name="BufferDesc" />
            <Field Type="DXGI_SAMPLE_DESC" 	    Name="SampleDesc" />
            <Field Type="DXGI_USAGE" 	        Name="BufferUsage" />
            <Field Type="UINT" 	                Name="BufferCount" />
            <Field Type="HWND" 	                Name="OutputWindow" />
            <Field Type="BOOL" 	                Name="Windowed" />
            <Field Type="DXGI_SWAP_EFFECT" 	    Name="SwapEffect" />
            <Field Type="DXGI_SWAP_CHAIN_FLAG" 	Name="Flags" />
        </Variable>
        <Variable Name="DXGI_SWAP_CHAIN_DESC*"          Type="Pointer" Base="DXGI_SWAP_CHAIN_DESC" />
        <Variable Name="const DXGI_SWAP_CHAIN_DESC*"    Type="Pointer" Base="DXGI_SWAP_CHAIN_DESC" />

        <!-- DXGI_RESIDENCY -->
        <Variable Name="DXGI_RESIDENCY" Type="Alias" Base="UINT">
            <Enum>
                <Set Name="DXGI_RESIDENCY_FULLY_RESIDENT"               Value="1" />
                <Set Name="DXGI_RESIDENCY_RESIDENT_IN_SHARED_MEMORY"	Value="2" />
                <Set Name="DXGI_RESIDENCY_EVICTED_TO_DISK"				Value="3" />
            </Enum>
        </Variable>
        <Variable Name="DXGI_RESIDENCY*" Type="Pointer" Base="DXGI_RESIDENCY" />

        <!-- DXGI_SHARED_RESOURCE -->
        <Variable Name="DXGI_SHARED_RESOURCE" Type="Struct">
            <Field Type="HANDLE" Name="Handle" />
        </Variable>
        <Variable Name="const DXGI_SHARED_RESOURCE*" Type="Pointer" Base="DXGI_SHARED_RESOURCE" />

        <!-- DXGI_FRAME_STATISTICS -->
        <Variable Name="DXGI_FRAME_STATISTICS" Type="Struct">
            <Field Type="UINT" 	            Name="PresentCount" />
            <Field Type="UINT" 	            Name="PresentRefreshCount" />
            <Field Type="UINT" 	            Name="SyncRefreshCount" />
            <Field Type="LARGE_INTEGER" 	Name="SyncQPCTime" />
            <Field Type="LARGE_INTEGER" 	Name="SyncGPUTime" />
        </Variable>
        <Variable Name="DXGI_FRAME_STATISTICS*" Type="Pointer" Base="DXGI_FRAME_STATISTICS" />

        <!-- API -->
        <Api Name="SetPrivateData">
            <Param Type="REFGUID" Name="Name" />
            <Param Type="UINT" Name="DataSize" />
            <Param Type="const void*" Name="pData" Length="DataSize" />
            <Return Type="HRESULT" />
            <Success Return="Equal" Value="0" />
        </Api>
        <Api Name="SetPrivateDataInterface">
            <Param Type="REFGUID" Name="Name" />
            <Param Type="const IUnknown*" Name="pUnknown" />
            <Return Type="HRESULT" />
            <Success Return="Equal" Value="0" />
        </Api>
        <Api Name="GetPrivateData">
            <Param Type="REFGUID" Name="Name" />
            <Param Type="UINT*" Name="pDataSize" />
            <Param Type="void*" Name="pData" />
            <Return Type="HRESULT" />
            <Success Return="Equal" Value="0" />
        </Api>
        <Api Name="GetParent">
            <Param Type="REFIID" Name="riid" />
            <Param Type="void**" Name="ppParent" InterfaceId="riid" />
            <Return Type="HRESULT" />
            <Success Return="Equal" Value="0" />
        </Api>
    </Interface>
</ApiMonitor>