<!--
    API Monitor Definitions
    (c) 2010-2011, Rohitab Batra <rohitab@rohitab.com>
    http://www.rohitab.com/apimonitor/
-->
<ApiMonitor>
    <Include Filename="Interfaces\DirectX\DXGI\IDXGIDevice.xml" />
    <Interface Name="IDXGIDevice1" Id="{77db970f-6276-48ba-ba28-070143b4392c}" BaseInterface="IDXGIDevice" OnlineHelp="MSDN" ErrorFunc="HRESULT" Category="Graphics and Multimedia/DirectX/DirectX Graphics Infrastructure (DXGI)">
        <Api Name="SetMaximumFrameLatency">
            <Param Type="UINT" Name="MaxLatency" />
            <Return Type="HRESULT" />
            <Success Return="Equal" Value="0" />
        </Api>
        <Api Name="GetMaximumFrameLatency">
            <Param Type="UINT*" Name="pMaxLatency" />
            <Return Type="HRESULT" />
            <Success Return="Equal" Value="0" />
        </Api>
    </Interface>
</ApiMonitor>