<!--
    API Monitor Definitions
    (c) 2010-2011, Rohitab Batra <rohitab@rohitab.com>
    http://www.rohitab.com/apimonitor/
-->
<ApiMonitor>
    <Include Filename="Interfaces\DirectX\9\IDirect3D9.xml" />
    
    <Module Name="d3d9.dll" CallingConvention="STDCALL" OnlineHelp="MSDN" ErrorFunc="GetLastError" Category="Graphics and Multimedia/DirectX/Direct3D 9">
        <!-- Variables -->
        <Api Name="Direct3DCreate9">
            <Param Type="UINT" Name="SDKVersion" />
            <Return Type="IDirect3D9*"  />
            <Success Return="NotEqual" Value="0" />
        </Api>
    </Module>
</ApiMonitor>