<!--
    API Monitor Definitions
    (c) 2010-2011, Rohitab Batra <rohitab@rohitab.com>
    http://www.rohitab.com/apimonitor/
-->
<ApiMonitor>
    <Include Filename="Interfaces\DirectX\9\IDirect3DDevice9.xml" />
    <Interface Name="IDirect3DDevice9Ex" Id="{B18B10CE-2649-405a-870F-95F777D4313A}" BaseInterface="IDirect3DDevice9" OnlineHelp="MSDN" ErrorFunc="HRESULT" Category="Graphics and Multimedia/DirectX/Direct3D 9">
        <!-- Methods -->
        <Api Name="SetConvolutionMonoKernel">
            <Param Type="UINT" Name="width" />
            <Param Type="UINT" Name="height" />
            <Param Type="float*" Name="rows" />
            <Param Type="float*" Name="columns" />
            <Return Type="HRESULT" />
            <Success Return="Equal" Value="0" />
        </Api>
        <Api Name="ComposeRects">
            <Param Type="IDirect3DSurface9*" Name="pSrc" />
            <Param Type="IDirect3DSurface9*" Name="pDst" />
            <Param Type="IDirect3DVertexBuffer9*" Name="pSrcRectDescs" />
            <Param Type="UINT" Name="NumRects" />
            <Param Type="IDirect3DVertexBuffer9*" Name="pDstRectDescs" />
            <Param Type="D3DCOMPOSERECTSOP" Name="Operation" />
            <Param Type="int" Name="Xoffset" />
            <Param Type="int" Name="Yoffset" />
            <Return Type="HRESULT" />
            <Success Return="Equal" Value="0" />
        </Api>
        <Api Name="PresentEx">
            <Param Type="CONST RECT*" Name="pSourceRect" />
            <Param Type="CONST RECT*" Name="pDestRect" />
            <Param Type="HWND" Name="hDestWindowOverride" />
            <Param Type="CONST RGNDATA*" Name="pDirtyRegion" />
            <Param Type="DWORD" Name="dwFlags" />
            <Return Type="HRESULT" />
            <Success Return="Equal" Value="0" />
        </Api>
        <Api Name="GetGPUThreadPriority">
            <Param Type="INT*" Name="pPriority" />
            <Return Type="HRESULT" />
            <Success Return="Equal" Value="0" />
        </Api>
        <Api Name="SetGPUThreadPriority">
            <Param Type="INT" Name="Priority" />
            <Return Type="HRESULT" />
            <Success Return="Equal" Value="0" />
        </Api>
        <Api Name="WaitForVBlank">
            <Param Type="UINT" Name="iSwapChain" />
            <Return Type="HRESULT" />
            <Success Return="Equal" Value="0" />
        </Api>
        <Api Name="CheckResourceResidency">
            <Param Type="IDirect3DResource9**" Name="pResourceArray" />
            <Param Type="UINT32" Name="NumResources" />
            <Return Type="HRESULT" />
            <Success Return="Equal" Value="0" />
        </Api>
        <Api Name="SetMaximumFrameLatency">
            <Param Type="UINT" Name="MaxLatency" />
            <Return Type="HRESULT" />
            <Success Return="Equal" Value="0" />
        </Api>
        <Api Name="GetMaximumFrameLatency">
            <Param Type="UINT*" Name="pMaxLatency" />
            <Return Type="HRESULT" />
            <Success Return="Equal" Value="0" />
        </Api>
        <Api Name="CheckDeviceState">
            <Param Type="HWND" Name="hDestinationWindow" />
            <Return Type="HRESULT" />
            <Success Return="Equal" Value="0" />
        </Api>
        <Api Name="CreateRenderTargetEx">
            <Param Type="UINT" Name="Width" />
            <Param Type="UINT" Name="Height" />
            <Param Type="D3DFORMAT" Name="Format" />
            <Param Type="D3DMULTISAMPLE_TYPE" Name="MultiSample" />
            <Param Type="DWORD" Name="MultisampleQuality" />
            <Param Type="BOOL" Name="Lockable" />
            <Param Type="IDirect3DSurface9**" Name="ppSurface" />
            <Param Type="HANDLE*" Name="pSharedHandle" />
            <Param Type="[D3DUSAGE]" Name="Usage" />
            <Return Type="HRESULT" />
            <Success Return="Equal" Value="0" />
        </Api>
        <Api Name="CreateOffscreenPlainSurfaceEx">
            <Param Type="UINT" Name="Width" />
            <Param Type="UINT" Name="Height" />
            <Param Type="D3DFORMAT" Name="Format" />
            <Param Type="D3DPOOL" Name="Pool" />
            <Param Type="IDirect3DSurface9**" Name="ppSurface" />
            <Param Type="HANDLE*" Name="pSharedHandle" />
            <Param Type="[D3DUSAGE]" Name="Usage" />
            <Return Type="HRESULT" />
            <Success Return="Equal" Value="0" />
        </Api>
        <Api Name="CreateDepthStencilSurfaceEx">
            <Param Type="UINT" Name="Width" />
            <Param Type="UINT" Name="Height" />
            <Param Type="D3DFORMAT" Name="Format" />
            <Param Type="D3DMULTISAMPLE_TYPE" Name="MultiSample" />
            <Param Type="DWORD" Name="MultisampleQuality" />
            <Param Type="BOOL" Name="Discard" />
            <Param Type="IDirect3DSurface9**" Name="ppSurface" />
            <Param Type="HANDLE*" Name="pSharedHandle" />
            <Param Type="[D3DUSAGE]" Name="Usage" />
            <Return Type="HRESULT" />
            <Success Return="Equal" Value="0" />
        </Api>
        <Api Name="ResetEx">
            <Param Type="D3DPRESENT_PARAMETERS*" Name="pPresentationParameters" />
            <Param Type="D3DDISPLAYMODEEX*" Name="pFullscreenDisplayMode" />
            <Return Type="HRESULT" />
            <Success Return="Equal" Value="0" />
        </Api>
        <Api Name="GetDisplayModeEx">
            <Param Type="UINT" Name="iSwapChain" />
            <Param Type="D3DDISPLAYMODEEX*" Name="pMode" />
            <Param Type="D3DDISPLAYROTATION*" Name="pRotation" />
            <Return Type="HRESULT" />
            <Success Return="Equal" Value="0" />
        </Api>
    </Interface>
</ApiMonitor>