<!--
    API Monitor Definitions
    (c) 2010-2011, Rohitab Batra <rohitab@rohitab.com>
    http://www.rohitab.com/apimonitor/
-->
<ApiMonitor>
    <Include Filename="Interfaces\IUnknown.xml" />

    <Interface Name="IDirect3DDevice9Video" Id="{26DC4561-A1EE-4ae7-96DA-118A36C0EC95}" BaseInterface="IUnknown" OnlineHelp="MSDN" ErrorFunc="HRESULT" Category="Graphics and Multimedia/DirectX/Direct3D 9">
        <!-- Methods -->
        <Api Name="GetContentProtectionCaps">
            <Param Type="CONST GUID*" Name="pCryptoType" />
            <Param Type="CONST GUID*" Name="pDecodeProfile" />
            <Param Type="D3DCONTENTPROTECTIONCAPS*" Name="pCaps" />
            <Return Type="HRESULT" />
            <Success Return="Equal" Value="0" />
        </Api>
        <Api Name="CreateAuthenticatedChannel">
            <Param Type="D3DAUTHENTICATEDCHANNELTYPE" Name="ChannelType" />
            <Param Type="IDirect3DAuthenticatedChannel9**" Name="ppAuthenticatedChannel" />
            <Param Type="HANDLE*" Name="pChannelHandle" />
            <Return Type="HRESULT" />
            <Success Return="Equal" Value="0" />
        </Api>
        <Api Name="CreateCryptoSession">
            <Param Type="CONST GUID*" Name="pCryptoType" />
            <Param Type="CONST GUID*" Name="pDecodeProfile" />
            <Param Type="IDirect3DCryptoSession9**" Name="ppCryptoSession" />
            <Param Type="HANDLE*" Name="pCryptoHandle" />
            <Return Type="HRESULT" />
            <Success Return="Equal" Value="0" />
        </Api>
    </Interface>
</ApiMonitor>