<!--
    API Monitor Definitions
    (c) 2010-2011, Rohitab Batra <rohitab@rohitab.com>
    http://www.rohitab.com/apimonitor/
-->
<ApiMonitor>
    <Include Filename="Interfaces\DirectX\9\IDirect3DBaseTexture9.xml" />
    <Interface Name="IDirect3DVolumeTexture9" Id="{2518526C-E789-4111-A7B9-47EF328D13E6}" BaseInterface="IDirect3DBaseTexture9" OnlineHelp="MSDN" ErrorFunc="HRESULT" Category="Graphics and Multimedia/DirectX/Direct3D 9">
        <!-- Methods -->
        <Api Name="GetLevelDesc">
            <Param Type="UINT" Name="Level" />
            <Param Type="D3DVOLUME_DESC*" Name="pDesc" />
            <Return Type="HRESULT" />
            <Success Return="Equal" Value="0" />
        </Api>
        <Api Name="GetVolumeLevel">
            <Param Type="UINT" Name="Level" />
            <Param Type="IDirect3DVolume9**" Name="ppVolumeLevel" />
            <Return Type="HRESULT" />
            <Success Return="Equal" Value="0" />
        </Api>
        <Api Name="LockBox">
            <Param Type="UINT" Name="Level" />
            <Param Type="D3DLOCKED_BOX*" Name="pLockedVolume" />
            <Param Type="CONST D3DBOX*" Name="pBox" />
            <Param Type="DWORD" Name="Flags" />
            <Return Type="HRESULT" />
            <Success Return="Equal" Value="0" />
        </Api>
        <Api Name="UnlockBox">
            <Param Type="UINT" Name="Level" />
            <Return Type="HRESULT" />
            <Success Return="Equal" Value="0" />
        </Api>
        <Api Name="AddDirtyBox">
            <Param Type="CONST D3DBOX*" Name="pDirtyBox" />
            <Return Type="HRESULT" />
            <Success Return="Equal" Value="0" />
        </Api>
    </Interface>
</ApiMonitor>