<!--
    API Monitor Definitions
    (c) 2010-2011, Rohitab Batra <rohitab@rohitab.com>
    http://www.rohitab.com/apimonitor/
-->
<ApiMonitor>
    <Include Filename="Interfaces\IUnknown.xml" />
    <Interface Name="IDirect3DVertexDeclaration9" Id="{DD13C59C-36FA-4098-A8FB-C7ED39DC8546}" BaseInterface="IUnknown" OnlineHelp="MSDN" ErrorFunc="HRESULT" Category="Graphics and Multimedia/DirectX/Direct3D 9">
        <!-- Methods -->
        <Api Name="GetDevice">
            <Param Type="IDirect3DDevice9**" Name="ppDevice" />
            <Return Type="HRESULT" />
            <Success Return="Equal" Value="0" />
        </Api>
        <Api Name="GetDeclaration">
            <Param Type="D3DVERTEXELEMENT9*" Name="pElement" />
            <Param Type="UINT*" Name="pNumElements" />
            <Return Type="HRESULT" />
            <Success Return="Equal" Value="0" />
        </Api>
    </Interface>
</ApiMonitor>