<!--
    API Monitor Definitions
    (c) 2010-2011, Rohitab Batra <rohitab@rohitab.com>
    http://www.rohitab.com/apimonitor/
-->
<ApiMonitor>
    <Include Filename="Interfaces\IUnknown.xml" />
    <Interface Name="IDirect3DAuthenticatedChannel9" Id="{FF24BEEE-DA21-4beb-98B5-D2F899F98AF9}" BaseInterface="IUnknown" OnlineHelp="MSDN" ErrorFunc="HRESULT" Category="Graphics and Multimedia/DirectX/Direct3D 9">
        <!-- DirectX -->
        <Api Name="GetCertificateSize">
            <Param Type="UINT*" Name="pCertificateSize" />
            <Return Type="HRESULT" />
            <Success Return="Equal" Value="0" />
        </Api>
        <Api Name="GetCertificate">
            <Param Type="UINT" Name="CertifacteSize" />
            <Param Type="BYTE*" Name="ppCertificate" />
            <Return Type="HRESULT" />
            <Success Return="Equal" Value="0" />
        </Api>
        <Api Name="NegotiateKeyExchange">
            <Param Type="UINT" Name="DataSize" />
            <Param Type="VOID*" Name="pData" />
            <Return Type="HRESULT" />
            <Success Return="Equal" Value="0" />
        </Api>
        <Api Name="Query">
            <Param Type="UINT" Name="InputSize" />
            <Param Type="CONST VOID*" Name="pInput" />
            <Param Type="UINT" Name="OutputSize" />
            <Param Type="VOID*" Name="pOutput" />
            <Return Type="HRESULT" />
            <Success Return="Equal" Value="0" />
        </Api>
        <Api Name="Configure">
            <Param Type="UINT" Name="InputSize" />
            <Param Type="CONST VOID*" Name="pInput" />
            <Param Type="D3DAUTHENTICATEDCHANNEL_CONFIGURE_OUTPUT*" Name="pOutput" />
            <Return Type="HRESULT" />
            <Success Return="Equal" Value="0" />
        </Api>
    </Interface>
</ApiMonitor>