<!--
    API Monitor Definitions
    (c) 2010-2011, Rohitab Batra <rohitab@rohitab.com>
    http://www.rohitab.com/apimonitor/
-->
<ApiMonitor>
    <Include Filename="Interfaces\DirectX\9\IDirect3DResource9.xml" />
    <Interface Name="IDirect3DBaseTexture9" Id="{580CA87E-1D3C-4d54-991D-B7D3E3C298CE}" BaseInterface="IDirect3DResource9" OnlineHelp="MSDN" ErrorFunc="HRESULT" Category="Graphics and Multimedia/DirectX/Direct3D 9">
        <!-- DirectX -->
        <Api Name="SetLOD">
            <Param Type="DWORD" Name="LODNew" />
            <Return Type="DWORD" />
            <Success Return="NotEqual" Value="0" />
        </Api>
        <Api Name="GetLOD">
            <Return Type="DWORD" />
            <Success Return="NotEqual" Value="0" />
        </Api>
        <Api Name="GetLevelCount">
            <Return Type="DWORD" />
            <Success Return="NotEqual" Value="0" />
        </Api>
        <Api Name="SetAutoGenFilterType">
            <Param Type="D3DTEXTUREFILTERTYPE" Name="FilterType" />
            <Return Type="HRESULT" />
            <Success Return="Equal" Value="0" />
        </Api>
        <Api Name="GetAutoGenFilterType">
            <Return Type="D3DTEXTUREFILTERTYPE" />
            <Success Return="NotEqual" Value="0" />
        </Api>
        <Api Name="GenerateMipSubLevels">
            <Return Type="void" />
        </Api>
    </Interface>
</ApiMonitor>