<!--
    API Monitor Definitions
    (c) 2010-2011, Rohitab Batra <rohitab@rohitab.com>
    http://www.rohitab.com/apimonitor/
-->
<ApiMonitor>
    <Include Filename="Interfaces\DirectX\9\IDirect3DResource9.xml" />
    <Interface Name="IDirect3DSurface9" Id="{0CFBAF3A-9FF6-429a-99B3-A2796AF8B89B}" BaseInterface="IDirect3DResource9" OnlineHelp="MSDN" ErrorFunc="HRESULT" Category="Graphics and Multimedia/DirectX/Direct3D 9">
        <!-- Methods -->
        <Api Name="GetContainer">
            <Param Type="REFIID" Name="riid" />
            <Param Type="void**" Name="ppContainer" InterfaceId="riid" />
            <Return Type="HRESULT" />
            <Success Return="Equal" Value="0" />
        </Api>
        <Api Name="GetDesc">
            <Param Type="D3DSURFACE_DESC*" Name="pDesc" />
            <Return Type="HRESULT" />
            <Success Return="Equal" Value="0" />
        </Api>
        <Api Name="LockRect">
            <Param Type="D3DLOCKED_RECT*" Name="pLockedRect" />
            <Param Type="CONST RECT*" Name="pRect" />
            <Param Type="DWORD" Name="Flags" />
            <Return Type="HRESULT" />
            <Success Return="Equal" Value="0" />
        </Api>
        <Api Name="UnlockRect">
            <Return Type="HRESULT" />
            <Success Return="Equal" Value="0" />
        </Api>
        <Api Name="GetDC">
            <Param Type="HDC*" Name="phdc" />
            <Return Type="HRESULT" />
            <Success Return="Equal" Value="0" />
        </Api>
        <Api Name="ReleaseDC">
            <Param Type="HDC" Name="hdc" />
            <Return Type="HRESULT" />
            <Success Return="Equal" Value="0" />
        </Api>
    </Interface>
</ApiMonitor>