<!--
    API Monitor Definitions
    (c) 2010-2011, Rohitab Batra <rohitab@rohitab.com>
    http://www.rohitab.com/apimonitor/
-->
<ApiMonitor>
    <Include Filename="Interfaces\IUnknown.xml" />
    <Interface Name="IDirect3DVolume9" Id="{24F416E6-1F67-4aa7-B88E-D33F6F3128A1}" BaseInterface="IUnknown" OnlineHelp="MSDN" ErrorFunc="HRESULT" Category="Graphics and Multimedia/DirectX/Direct3D 9">
        <!-- Methods -->
        <Api Name="GetDevice">
            <Param Type="IDirect3DDevice9**" Name="ppDevice" />
            <Return Type="HRESULT" />
            <Success Return="Equal" Value="0" />
        </Api>
        <Api Name="SetPrivateData">
            <Param Type="REFGUID" Name="refguid" />
            <Param Type="CONST void*" Name="pData" />
            <Param Type="DWORD" Name="SizeOfData" />
            <Param Type="DWORD" Name="Flags" />
            <Return Type="HRESULT" />
            <Success Return="Equal" Value="0" />
        </Api>
        <Api Name="GetPrivateData">
            <Param Type="REFGUID" Name="refguid" />
            <Param Type="void*" Name="pData" />
            <Param Type="DWORD*" Name="pSizeOfData" />
            <Return Type="HRESULT" />
            <Success Return="Equal" Value="0" />
        </Api>
        <Api Name="FreePrivateData">
            <Param Type="REFGUID" Name="refguid" />
            <Return Type="HRESULT" />
            <Success Return="Equal" Value="0" />
        </Api>
        <Api Name="GetContainer">
            <Param Type="REFIID" Name="riid" />
            <Param Type="void**" Name="ppContainer" InterfaceId="riid" />
            <Return Type="HRESULT" />
            <Success Return="Equal" Value="0" />
        </Api>
        <Api Name="GetDesc">
            <Param Type="D3DVOLUME_DESC*" Name="pDesc" />
            <Return Type="HRESULT" />
            <Success Return="Equal" Value="0" />
        </Api>
        <Api Name="LockBox">
            <Param Type="D3DLOCKED_BOX*" Name="pLockedVolume" />
            <Param Type="CONST D3DBOX*" Name="pBox" />
            <Param Type="DWORD" Name="Flags" />
            <Return Type="HRESULT" />
            <Success Return="Equal" Value="0" />
        </Api>
        <Api Name="UnlockBox">
            <Return Type="HRESULT" />
            <Success Return="Equal" Value="0" />
        </Api>
    </Interface>
</ApiMonitor>