<!--
    API Monitor Definitions
    (c) 2010-2011, Rohitab Batra <rohitab@rohitab.com>
    http://www.rohitab.com/apimonitor/
-->
<ApiMonitor>
    <Include Filename="Interfaces\IUnknown.xml" />
    <Interface Name="IDirect3DResource9" Id="{05EEC05D-8F7D-4362-B999-D1BAF357C704}" BaseInterface="IUnknown" OnlineHelp="MSDN" ErrorFunc="HRESULT" Category="Graphics and Multimedia/DirectX/Direct3D 9">
        <Api Name="GetDevice">
            <Param Type="IDirect3DDevice9**" Name="ppDevice" />
            <Return Type="HRESULT" />
            <Success Return="Equal" Value="0" />
        </Api>
        <Api Name="SetPrivateData">
            <Param Type="REFGUID" Name="refguid" />
            <Param Type="CONST void*" Name="pData" />
            <Param Type="DWORD" Name="SizeOfData" />
            <Param Type="DWORD" Name="Flags" />
            <Return Type="HRESULT" />
            <Success Return="Equal" Value="0" />
        </Api>
        <Api Name="GetPrivateData">
            <Param Type="REFGUID" Name="refguid" />
            <Param Type="void*" Name="pData" />
            <Param Type="DWORD*" Name="pSizeOfData" />
            <Return Type="HRESULT" />
            <Success Return="Equal" Value="0" />
        </Api>
        <Api Name="FreePrivateData">
            <Param Type="REFGUID" Name="refguid" />
            <Return Type="HRESULT" />
            <Success Return="Equal" Value="0" />
        </Api>
        <Api Name="SetPriority">
            <Param Type="DWORD" Name="PriorityNew" />
            <Return Type="DWORD" />
            <Success Return="NotEqual" Value="0" />
        </Api>
        <Api Name="GetPriority">
            <Return Type="DWORD" />
            <Success Return="NotEqual" Value="0" />
        </Api>
        <Api Name="PreLoad">
            <Return Type="void" />
        </Api>
        <Api Name="GetType">
            <Return Type="D3DRESOURCETYPE" />
            <Success Return="NotEqual" Value="0" />
        </Api>
    </Interface>
</ApiMonitor>