<!--
    API Monitor Definitions
    (c) 2010-2011, Rohitab Batra <rohitab@rohitab.com>
    http://www.rohitab.com/apimonitor/
-->
<ApiMonitor>
    <Include Filename="Interfaces\DirectX\9\IDirect3DBaseTexture9.xml" />
    <Interface Name="IDirect3DTexture9" Id="{85C31227-3DE5-4f00-9B3A-F11AC38C18B5}" BaseInterface="IDirect3DBaseTexture9" OnlineHelp="MSDN" ErrorFunc="HRESULT" Category="Graphics and Multimedia/DirectX/Direct3D 9">
        <!-- Methods -->
        <Api Name="GetLevelDesc">
            <Param Type="UINT" Name="Level" />
            <Param Type="D3DSURFACE_DESC*" Name="pDesc" />
            <Return Type="HRESULT" />
            <Success Return="Equal" Value="0" />
        </Api>
        <Api Name="GetSurfaceLevel">
            <Param Type="UINT" Name="Level" />
            <Param Type="IDirect3DSurface9**" Name="ppSurfaceLevel" />
            <Return Type="HRESULT" />
            <Success Return="Equal" Value="0" />
        </Api>
        <Api Name="LockRect">
            <Param Type="UINT" Name="Level" />
            <Param Type="D3DLOCKED_RECT*" Name="pLockedRect" />
            <Param Type="CONST RECT*" Name="pRect" />
            <Param Type="DWORD" Name="Flags" />
            <Return Type="HRESULT" />
            <Success Return="Equal" Value="0" />
        </Api>
        <Api Name="UnlockRect">
            <Param Type="UINT" Name="Level" />
            <Return Type="HRESULT" />
            <Success Return="Equal" Value="0" />
        </Api>
        <Api Name="AddDirtyRect">
            <Param Type="CONST RECT*" Name="pDirtyRect" />
            <Return Type="HRESULT" />
            <Success Return="Equal" Value="0" />
        </Api>
    </Interface>
</ApiMonitor>