<!--
    API Monitor Definitions
    (c) 2010-2011, Rohitab Batra <rohitab@rohitab.com>
    http://www.rohitab.com/apimonitor/
-->
<ApiMonitor>
    <Include Filename="Interfaces\IUnknown.xml" />
    <Interface Name="IDirect3D9ExOverlayExtension" Id="{187aeb13-aaf5-4c59-876d-e059088c0df8}" BaseInterface="IUnknown" OnlineHelp="MSDN" ErrorFunc="HRESULT" Category="Graphics and Multimedia/DirectX/Direct3D 9">
        <!-- DirectX -->
        <Api Name="CheckDeviceOverlayType">
            <Param Type="UINT" Name="Adapter" />
            <Param Type="D3DDEVTYPE" Name="DevType" />
            <Param Type="UINT" Name="OverlayWidth" />
            <Param Type="UINT" Name="OverlayHeight" />
            <Param Type="D3DFORMAT" Name="OverlayFormat" />
            <Param Type="D3DDISPLAYMODEEX*" Name="pDisplayMode" />
            <Param Type="D3DDISPLAYROTATION" Name="DisplayRotation" />
            <Param Type="D3DOVERLAYCAPS*" Name="pOverlayCaps" />
            <Return Type="HRESULT" />
            <Success Return="Equal" Value="0" />
        </Api>
    </Interface>
</ApiMonitor>