<!--
    API Monitor Definitions
    (c) 2010-2011, Rohitab Batra <rohitab@rohitab.com>
    http://www.rohitab.com/apimonitor/
-->
<ApiMonitor>
    <Include Filename="Interfaces\DirectX\9\IDirect3DResource9.xml" />
    <Interface Name="IDirect3DVertexBuffer9" Id="{B64BB1B5-FD70-4df6-BF91-19D0A12455E3}" BaseInterface="IDirect3DResource9" OnlineHelp="MSDN" ErrorFunc="HRESULT" Category="Graphics and Multimedia/DirectX/Direct3D 9">
        <!-- Methods -->
        <Api Name="Lock">
            <Param Type="UINT" Name="OffsetToLock" />
            <Param Type="UINT" Name="SizeToLock" />
            <Param Type="void**" Name="ppbData" />
            <Param Type="DWORD" Name="Flags" />
            <Return Type="HRESULT" />
            <Success Return="Equal" Value="0" />
        </Api>
        <Api Name="Unlock">
            <Return Type="HRESULT" />
            <Success Return="Equal" Value="0" />
        </Api>
        <Api Name="GetDesc">
            <Param Type="D3DVERTEXBUFFER_DESC*" Name="pDesc" />
            <Return Type="HRESULT" />
            <Success Return="Equal" Value="0" />
        </Api>
    </Interface>
</ApiMonitor>