<!--
    API Monitor Definitions
    (c) 2010-2011, Rohitab Batra <rohitab@rohitab.com>
    http://www.rohitab.com/apimonitor/
-->
<ApiMonitor>
    <Include Filename="Interfaces\IUnknown.xml" />
    <Include Filename="Interfaces\DirectX\11\ID3D11Device.xml" />
    <Interface Name="ID3D11DeviceChild" Id="{1841e5c8-16b0-489b-bcc8-44cfb0d5deae}" BaseInterface="IUnknown" OnlineHelp="MSDN" ErrorFunc="HRESULT" Category="Graphics and Multimedia/DirectX/Direct3D 11/Core">
        <Api Name="GetDevice">
            <Param Type="ID3D11Device**" Name="ppDevice" />
            <Return Type="void" />
        </Api>
        <Api Name="GetPrivateData">
            <Param Type="REFGUID" Name="guid" />
            <Param Type="UINT*" Name="pDataSize" />
            <Param Type="void*" Name="pData" />
            <Return Type="HRESULT" />
            <Success Return="Equal" Value="0" />
        </Api>
        <Api Name="SetPrivateData">
            <Param Type="REFGUID" Name="guid" />
            <Param Type="UINT" Name="DataSize" />
            <Param Type="const void*" Name="pData" Length="DataSize" />
            <Return Type="HRESULT" />
            <Success Return="Equal" Value="0" />
        </Api>
        <Api Name="SetPrivateDataInterface">
            <Param Type="REFGUID" Name="guid" />
            <Param Type="const IUnknown*" Name="pData" />
            <Return Type="HRESULT" />
            <Success Return="Equal" Value="0" />
        </Api>
    </Interface>
</ApiMonitor>