<!--
    API Monitor Definitions
    (c) 2010-2011, Rohitab Batra <rohitab@rohitab.com>
    http://www.rohitab.com/apimonitor/
-->
<ApiMonitor>
    <Include Filename="Interfaces\DirectX\11\ID3D11DeviceChild.xml" />
    <Interface Name="ID3D11DeviceContext" Id="{c0bfa96c-e089-44fb-8eaf-26f8796190da}" BaseInterface="ID3D11DeviceChild" OnlineHelp="MSDN" ErrorFunc="HRESULT" Category="Graphics and Multimedia/DirectX/Direct3D 11/Core">
        <!-- Methods -->
        <Api Name="VSSetConstantBuffers">
            <Param Type="UINT" Name="StartSlot" />
            <Param Type="UINT" Name="NumBuffers" />
            <Param Type="ID3D11Buffer*const*" Name="ppConstantBuffers" />
            <Return Type="void" />
        </Api>
        <Api Name="PSSetShaderResources">
            <Param Type="UINT" Name="StartSlot" />
            <Param Type="UINT" Name="NumViews" />
            <Param Type="ID3D11ShaderResourceView*const*" Name="ppShaderResourceViews" />
            <Return Type="void" />
        </Api>
        <Api Name="PSSetShader">
            <Param Type="ID3D11PixelShader*" Name="pPixelShader" />
            <Param Type="ID3D11ClassInstance*const*" Name="ppClassInstances" />
            <Param Type="UINT" Name="NumClassInstances" />
            <Return Type="void" />
        </Api>
        <Api Name="PSSetSamplers">
            <Param Type="UINT" Name="StartSlot" />
            <Param Type="UINT" Name="NumSamplers" />
            <Param Type="ID3D11SamplerState*const*" Name="ppSamplers" />
            <Return Type="void" />
        </Api>
        <Api Name="VSSetShader">
            <Param Type="ID3D11VertexShader*" Name="pVertexShader" />
            <Param Type="ID3D11ClassInstance*const*" Name="ppClassInstances" />
            <Param Type="UINT" Name="NumClassInstances" />
            <Return Type="void" />
        </Api>
        <Api Name="DrawIndexed">
            <Param Type="UINT" Name="IndexCount" />
            <Param Type="UINT" Name="StartIndexLocation" />
            <Param Type="INT" Name="BaseVertexLocation" />
            <Return Type="void" />
        </Api>
        <Api Name="Draw">
            <Param Type="UINT" Name="VertexCount" />
            <Param Type="UINT" Name="StartVertexLocation" />
            <Return Type="void" />
        </Api>
        <Api Name="Map">
            <Param Type="ID3D11Resource*" Name="pResource" />
            <Param Type="UINT" Name="Subresource" />
            <Param Type="D3D11_MAP" Name="MapType" />
            <Param Type="UINT" Name="MapFlags" />
            <Param Type="D3D11_MAPPED_SUBRESOURCE*" Name="pMappedResource" />
            <Return Type="HRESULT" />
            <Success Return="Equal" Value="0" />
        </Api>
        <Api Name="Unmap">
            <Param Type="ID3D11Resource*" Name="pResource" />
            <Param Type="UINT" Name="Subresource" />
            <Return Type="void" />
        </Api>
        <Api Name="PSSetConstantBuffers">
            <Param Type="UINT" Name="StartSlot" />
            <Param Type="UINT" Name="NumBuffers" />
            <Param Type="ID3D11Buffer*const*" Name="ppConstantBuffers" />
            <Return Type="void" />
        </Api>
        <Api Name="IASetInputLayout">
            <Param Type="ID3D11InputLayout*" Name="pInputLayout" />
            <Return Type="void" />
        </Api>
        <Api Name="IASetVertexBuffers">
            <Param Type="UINT" Name="StartSlot" />
            <Param Type="UINT" Name="NumBuffers" />
            <Param Type="ID3D11Buffer*const*" Name="ppVertexBuffers" />
            <Param Type="const UINT*" Name="pStrides" />
            <Param Type="const UINT*" Name="pOffsets" />
            <Return Type="void" />
        </Api>
        <Api Name="IASetIndexBuffer">
            <Param Type="ID3D11Buffer*" Name="pIndexBuffer" />
            <Param Type="DXGI_FORMAT" Name="Format" />
            <Param Type="UINT" Name="Offset" />
            <Return Type="void" />
        </Api>
        <Api Name="DrawIndexedInstanced">
            <Param Type="UINT" Name="IndexCountPerInstance" />
            <Param Type="UINT" Name="InstanceCount" />
            <Param Type="UINT" Name="StartIndexLocation" />
            <Param Type="INT" Name="BaseVertexLocation" />
            <Param Type="UINT" Name="StartInstanceLocation" />
            <Return Type="void" />
        </Api>
        <Api Name="DrawInstanced">
            <Param Type="UINT" Name="VertexCountPerInstance" />
            <Param Type="UINT" Name="InstanceCount" />
            <Param Type="UINT" Name="StartVertexLocation" />
            <Param Type="UINT" Name="StartInstanceLocation" />
            <Return Type="void" />
        </Api>
        <Api Name="GSSetConstantBuffers">
            <Param Type="UINT" Name="StartSlot" />
            <Param Type="UINT" Name="NumBuffers" />
            <Param Type="ID3D11Buffer*const*" Name="ppConstantBuffers" />
            <Return Type="void" />
        </Api>
        <Api Name="GSSetShader">
            <Param Type="ID3D11GeometryShader*" Name="pShader" />
            <Param Type="ID3D11ClassInstance*const*" Name="ppClassInstances" />
            <Param Type="UINT" Name="NumClassInstances" />
            <Return Type="void" />
        </Api>
        <Api Name="IASetPrimitiveTopology">
            <Param Type="D3D11_PRIMITIVE_TOPOLOGY" Name="Topology" />
            <Return Type="void" />
        </Api>
        <Api Name="VSSetShaderResources">
            <Param Type="UINT" Name="StartSlot" />
            <Param Type="UINT" Name="NumViews" />
            <Param Type="ID3D11ShaderResourceView*const*" Name="ppShaderResourceViews" />
            <Return Type="void" />
        </Api>
        <Api Name="VSSetSamplers">
            <Param Type="UINT" Name="StartSlot" />
            <Param Type="UINT" Name="NumSamplers" />
            <Param Type="ID3D11SamplerState*const*" Name="ppSamplers" />
            <Return Type="void" />
        </Api>
        <Api Name="Begin">
            <Param Type="ID3D11Asynchronous*" Name="pAsync" />
            <Return Type="void" />
        </Api>
        <Api Name="End">
            <Param Type="ID3D11Asynchronous*" Name="pAsync" />
            <Return Type="void" />
        </Api>
        <Api Name="GetData">
            <Param Type="ID3D11Asynchronous*" Name="pAsync" />
            <Param Type="void*" Name="pData" />
            <Param Type="UINT" Name="DataSize" />
            <Param Type="UINT" Name="GetDataFlags" />
            <Return Type="HRESULT" />
            <Success Return="Equal" Value="0" />
        </Api>
        <Api Name="SetPredication">
            <Param Type="ID3D11Predicate*" Name="pPredicate" />
            <Param Type="BOOL" Name="PredicateValue" />
            <Return Type="void" />
        </Api>
        <Api Name="GSSetShaderResources">
            <Param Type="UINT" Name="StartSlot" />
            <Param Type="UINT" Name="NumViews" />
            <Param Type="ID3D11ShaderResourceView*const*" Name="ppShaderResourceViews" />
            <Return Type="void" />
        </Api>
        <Api Name="GSSetSamplers">
            <Param Type="UINT" Name="StartSlot" />
            <Param Type="UINT" Name="NumSamplers" />
            <Param Type="ID3D11SamplerState*const*" Name="ppSamplers" />
            <Return Type="void" />
        </Api>
        <Api Name="OMSetRenderTargets">
            <Param Type="UINT" Name="NumViews" />
            <Param Type="ID3D11RenderTargetView*const*" Name="ppRenderTargetViews" />
            <Param Type="ID3D11DepthStencilView*" Name="pDepthStencilView" />
            <Return Type="void" />
        </Api>
        <Api Name="OMSetRenderTargetsAndUnorderedAccessViews">
            <Param Type="UINT" Name="NumRTVs" />
            <Param Type="ID3D11RenderTargetView*const*" Name="ppRenderTargetViews" />
            <Param Type="ID3D11DepthStencilView*" Name="pDepthStencilView" />
            <Param Type="UINT" Name="UAVStartSlot" />
            <Param Type="UINT" Name="NumUAVs" />
            <Param Type="ID3D11UnorderedAccessView*const*" Name="ppUnorderedAccessViews" />
            <Param Type="const UINT*" Name="pUAVInitialCounts" />
            <Return Type="void" />
        </Api>
        <Api Name="OMSetBlendState">
            <Param Type="ID3D11BlendState*" Name="pBlendState" />
            <Param Type="const FLOAT[4]" Name="BlendFactor" />
            <Param Type="UINT" Name="SampleMask" />
            <Return Type="void" />
        </Api>
        <Api Name="OMSetDepthStencilState">
            <Param Type="ID3D11DepthStencilState*" Name="pDepthStencilState" />
            <Param Type="UINT" Name="StencilRef" />
            <Return Type="void" />
        </Api>
        <Api Name="SOSetTargets">
            <Param Type="UINT" Name="NumBuffers" />
            <Param Type="ID3D11Buffer*const*" Name="ppSOTargets" />
            <Param Type="const UINT*" Name="pOffsets" />
            <Return Type="void" />
        </Api>
        <Api Name="DrawAuto">
            <Return Type="void" />
        </Api>
        <Api Name="DrawIndexedInstancedIndirect">
            <Param Type="ID3D11Buffer*" Name="pBufferForArgs" />
            <Param Type="UINT" Name="AlignedByteOffsetForArgs" />
            <Return Type="void" />
        </Api>
        <Api Name="DrawInstancedIndirect">
            <Param Type="ID3D11Buffer*" Name="pBufferForArgs" />
            <Param Type="UINT" Name="AlignedByteOffsetForArgs" />
            <Return Type="void" />
        </Api>
        <Api Name="Dispatch">
            <Param Type="UINT" Name="ThreadGroupCountX" />
            <Param Type="UINT" Name="ThreadGroupCountY" />
            <Param Type="UINT" Name="ThreadGroupCountZ" />
            <Return Type="void" />
        </Api>
        <Api Name="DispatchIndirect">
            <Param Type="ID3D11Buffer*" Name="pBufferForArgs" />
            <Param Type="UINT" Name="AlignedByteOffsetForArgs" />
            <Return Type="void" />
        </Api>
        <Api Name="RSSetState">
            <Param Type="ID3D11RasterizerState*" Name="pRasterizerState" />
            <Return Type="void" />
        </Api>
        <Api Name="RSSetViewports">
            <Param Type="UINT" Name="NumViewports" />
            <Param Type="const D3D11_VIEWPORT*" Name="pViewports" />
            <Return Type="void" />
        </Api>
        <Api Name="RSSetScissorRects">
            <Param Type="UINT" Name="NumRects" />
            <Param Type="const D3D11_RECT*" Name="pRects" />
            <Return Type="void" />
        </Api>
        <Api Name="CopySubresourceRegion">
            <Param Type="ID3D11Resource*" Name="pDstResource" />
            <Param Type="UINT" Name="DstSubresource" />
            <Param Type="UINT" Name="DstX" />
            <Param Type="UINT" Name="DstY" />
            <Param Type="UINT" Name="DstZ" />
            <Param Type="ID3D11Resource*" Name="pSrcResource" />
            <Param Type="UINT" Name="SrcSubresource" />
            <Param Type="const D3D11_BOX*" Name="pSrcBox" />
            <Return Type="void" />
        </Api>
        <Api Name="CopyResource">
            <Param Type="ID3D11Resource*" Name="pDstResource" />
            <Param Type="ID3D11Resource*" Name="pSrcResource" />
            <Return Type="void" />
        </Api>
        <Api Name="UpdateSubresource">
            <Param Type="ID3D11Resource*" Name="pDstResource" />
            <Param Type="UINT" Name="DstSubresource" />
            <Param Type="const D3D11_BOX*" Name="pDstBox" />
            <Param Type="const void*" Name="pSrcData" />
            <Param Type="UINT" Name="SrcRowPitch" />
            <Param Type="UINT" Name="SrcDepthPitch" />
            <Return Type="void" />
        </Api>
        <Api Name="CopyStructureCount">
            <Param Type="ID3D11Buffer*" Name="pDstBuffer" />
            <Param Type="UINT" Name="DstAlignedByteOffset" />
            <Param Type="ID3D11UnorderedAccessView*" Name="pSrcView" />
            <Return Type="void" />
        </Api>
        <Api Name="ClearRenderTargetView">
            <Param Type="ID3D11RenderTargetView*" Name="pRenderTargetView" />
            <Param Type="const FLOAT[4]" Name="ColorRGBA" />
            <Return Type="void" />
        </Api>
        <Api Name="ClearUnorderedAccessViewUint">
            <Param Type="ID3D11UnorderedAccessView*" Name="pUnorderedAccessView" />
            <Param Type="const UINT[4]" Name="Values" />
            <Return Type="void" />
        </Api>
        <Api Name="ClearUnorderedAccessViewFloat">
            <Param Type="ID3D11UnorderedAccessView*" Name="pUnorderedAccessView" />
            <Param Type="const FLOAT[4]" Name="Values" />
            <Return Type="void" />
        </Api>
        <Api Name="ClearDepthStencilView">
            <Param Type="ID3D11DepthStencilView*" Name="pDepthStencilView" />
            <Param Type="UINT" Name="ClearFlags" />
            <Param Type="FLOAT" Name="Depth" />
            <Param Type="UINT8" Name="Stencil" />
            <Return Type="void" />
        </Api>
        <Api Name="GenerateMips">
            <Param Type="ID3D11ShaderResourceView*" Name="pShaderResourceView" />
            <Return Type="void" />
        </Api>
        <Api Name="SetResourceMinLOD">
            <Param Type="ID3D11Resource*" Name="pResource" />
            <Param Type="FLOAT" Name="MinLOD" />
            <Return Type="void" />
        </Api>
        <Api Name="GetResourceMinLOD">
            <Param Type="ID3D11Resource*" Name="pResource" />
            <Return Type="FLOAT" />
        </Api>
        <Api Name="ResolveSubresource">
            <Param Type="ID3D11Resource*" Name="pDstResource" />
            <Param Type="UINT" Name="DstSubresource" />
            <Param Type="ID3D11Resource*" Name="pSrcResource" />
            <Param Type="UINT" Name="SrcSubresource" />
            <Param Type="DXGI_FORMAT" Name="Format" />
            <Return Type="void" />
        </Api>
        <Api Name="ExecuteCommandList">
            <Param Type="ID3D11CommandList*" Name="pCommandList" />
            <Param Type="BOOL" Name="RestoreContextState" />
            <Return Type="void" />
        </Api>
        <Api Name="HSSetShaderResources">
            <Param Type="UINT" Name="StartSlot" />
            <Param Type="UINT" Name="NumViews" />
            <Param Type="ID3D11ShaderResourceView*const*" Name="ppShaderResourceViews" />
            <Return Type="void" />
        </Api>
        <Api Name="HSSetShader">
            <Param Type="ID3D11HullShader*" Name="pHullShader" />
            <Param Type="ID3D11ClassInstance*const*" Name="ppClassInstances" />
            <Param Type="UINT" Name="NumClassInstances" />
            <Return Type="void" />
        </Api>
        <Api Name="HSSetSamplers">
            <Param Type="UINT" Name="StartSlot" />
            <Param Type="UINT" Name="NumSamplers" />
            <Param Type="ID3D11SamplerState*const*" Name="ppSamplers" />
            <Return Type="void" />
        </Api>
        <Api Name="HSSetConstantBuffers">
            <Param Type="UINT" Name="StartSlot" />
            <Param Type="UINT" Name="NumBuffers" />
            <Param Type="ID3D11Buffer*const*" Name="ppConstantBuffers" />
            <Return Type="void" />
        </Api>
        <Api Name="DSSetShaderResources">
            <Param Type="UINT" Name="StartSlot" />
            <Param Type="UINT" Name="NumViews" />
            <Param Type="ID3D11ShaderResourceView*const*" Name="ppShaderResourceViews" />
            <Return Type="void" />
        </Api>
        <Api Name="DSSetShader">
            <Param Type="ID3D11DomainShader*" Name="pDomainShader" />
            <Param Type="ID3D11ClassInstance*const*" Name="ppClassInstances" />
            <Param Type="UINT" Name="NumClassInstances" />
            <Return Type="void" />
        </Api>
        <Api Name="DSSetSamplers">
            <Param Type="UINT" Name="StartSlot" />
            <Param Type="UINT" Name="NumSamplers" />
            <Param Type="ID3D11SamplerState*const*" Name="ppSamplers" />
            <Return Type="void" />
        </Api>
        <Api Name="DSSetConstantBuffers">
            <Param Type="UINT" Name="StartSlot" />
            <Param Type="UINT" Name="NumBuffers" />
            <Param Type="ID3D11Buffer*const*" Name="ppConstantBuffers" />
            <Return Type="void" />
        </Api>
        <Api Name="CSSetShaderResources">
            <Param Type="UINT" Name="StartSlot" />
            <Param Type="UINT" Name="NumViews" />
            <Param Type="ID3D11ShaderResourceView*const*" Name="ppShaderResourceViews" />
            <Return Type="void" />
        </Api>
        <Api Name="CSSetUnorderedAccessViews">
            <Param Type="UINT" Name="StartSlot" />
            <Param Type="UINT" Name="NumUAVs" />
            <Param Type="ID3D11UnorderedAccessView*const*" Name="ppUnorderedAccessViews" />
            <Param Type="const UINT*" Name="pUAVInitialCounts" />
            <Return Type="void" />
        </Api>
        <Api Name="CSSetShader">
            <Param Type="ID3D11ComputeShader*" Name="pComputeShader" />
            <Param Type="ID3D11ClassInstance*const*" Name="ppClassInstances" />
            <Param Type="UINT" Name="NumClassInstances" />
            <Return Type="void" />
        </Api>
        <Api Name="CSSetSamplers">
            <Param Type="UINT" Name="StartSlot" />
            <Param Type="UINT" Name="NumSamplers" />
            <Param Type="ID3D11SamplerState*const*" Name="ppSamplers" />
            <Return Type="void" />
        </Api>
        <Api Name="CSSetConstantBuffers">
            <Param Type="UINT" Name="StartSlot" />
            <Param Type="UINT" Name="NumBuffers" />
            <Param Type="ID3D11Buffer*const*" Name="ppConstantBuffers" />
            <Return Type="void" />
        </Api>
        <Api Name="VSGetConstantBuffers">
            <Param Type="UINT" Name="StartSlot" />
            <Param Type="UINT" Name="NumBuffers" />
            <Param Type="ID3D11Buffer**" Name="ppConstantBuffers" />
            <Return Type="void" />
        </Api>
        <Api Name="PSGetShaderResources">
            <Param Type="UINT" Name="StartSlot" />
            <Param Type="UINT" Name="NumViews" />
            <Param Type="ID3D11ShaderResourceView**" Name="ppShaderResourceViews" />
            <Return Type="void" />
        </Api>
        <Api Name="PSGetShader">
            <Param Type="ID3D11PixelShader**" Name="ppPixelShader" />
            <Param Type="ID3D11ClassInstance**" Name="ppClassInstances" />
            <Param Type="UINT*" Name="pNumClassInstances" />
            <Return Type="void" />
        </Api>
        <Api Name="PSGetSamplers">
            <Param Type="UINT" Name="StartSlot" />
            <Param Type="UINT" Name="NumSamplers" />
            <Param Type="ID3D11SamplerState**" Name="ppSamplers" />
            <Return Type="void" />
        </Api>
        <Api Name="VSGetShader">
            <Param Type="ID3D11VertexShader**" Name="ppVertexShader" />
            <Param Type="ID3D11ClassInstance**" Name="ppClassInstances" />
            <Param Type="UINT*" Name="pNumClassInstances" />
            <Return Type="void" />
        </Api>
        <Api Name="PSGetConstantBuffers">
            <Param Type="UINT" Name="StartSlot" />
            <Param Type="UINT" Name="NumBuffers" />
            <Param Type="ID3D11Buffer**" Name="ppConstantBuffers" />
            <Return Type="void" />
        </Api>
        <Api Name="IAGetInputLayout">
            <Param Type="ID3D11InputLayout**" Name="ppInputLayout" />
            <Return Type="void" />
        </Api>
        <Api Name="IAGetVertexBuffers">
            <Param Type="UINT" Name="StartSlot" />
            <Param Type="UINT" Name="NumBuffers" />
            <Param Type="ID3D11Buffer**" Name="ppVertexBuffers" />
            <Param Type="UINT*" Name="pStrides" />
            <Param Type="UINT*" Name="pOffsets" />
            <Return Type="void" />
        </Api>
        <Api Name="IAGetIndexBuffer">
            <Param Type="ID3D11Buffer**" Name="pIndexBuffer" />
            <Param Type="DXGI_FORMAT*" Name="Format" />
            <Param Type="UINT*" Name="Offset" />
            <Return Type="void" />
        </Api>
        <Api Name="GSGetConstantBuffers">
            <Param Type="UINT" Name="StartSlot" />
            <Param Type="UINT" Name="NumBuffers" />
            <Param Type="ID3D11Buffer**" Name="ppConstantBuffers" />
            <Return Type="void" />
        </Api>
        <Api Name="GSGetShader">
            <Param Type="ID3D11GeometryShader**" Name="ppGeometryShader" />
            <Param Type="ID3D11ClassInstance**" Name="ppClassInstances" />
            <Param Type="UINT*" Name="pNumClassInstances" />
            <Return Type="void" />
        </Api>
        <Api Name="IAGetPrimitiveTopology">
            <Param Type="D3D11_PRIMITIVE_TOPOLOGY*" Name="pTopology" />
            <Return Type="void" />
        </Api>
        <Api Name="VSGetShaderResources">
            <Param Type="UINT" Name="StartSlot" />
            <Param Type="UINT" Name="NumViews" />
            <Param Type="ID3D11ShaderResourceView**" Name="ppShaderResourceViews" />
            <Return Type="void" />
        </Api>
        <Api Name="VSGetSamplers">
            <Param Type="UINT" Name="StartSlot" />
            <Param Type="UINT" Name="NumSamplers" />
            <Param Type="ID3D11SamplerState**" Name="ppSamplers" />
            <Return Type="void" />
        </Api>
        <Api Name="GetPredication">
            <Param Type="ID3D11Predicate**" Name="ppPredicate" />
            <Param Type="BOOL*" Name="pPredicateValue" />
            <Return Type="void" />
        </Api>
        <Api Name="GSGetShaderResources">
            <Param Type="UINT" Name="StartSlot" />
            <Param Type="UINT" Name="NumViews" />
            <Param Type="ID3D11ShaderResourceView**" Name="ppShaderResourceViews" />
            <Return Type="void" />
        </Api>
        <Api Name="GSGetSamplers">
            <Param Type="UINT" Name="StartSlot" />
            <Param Type="UINT" Name="NumSamplers" />
            <Param Type="ID3D11SamplerState**" Name="ppSamplers" />
            <Return Type="void" />
        </Api>
        <Api Name="OMGetRenderTargets">
            <Param Type="UINT" Name="NumViews" />
            <Param Type="ID3D11RenderTargetView**" Name="ppRenderTargetViews" />
            <Param Type="ID3D11DepthStencilView**" Name="ppDepthStencilView" />
            <Return Type="void" />
        </Api>
        <Api Name="OMGetRenderTargetsAndUnorderedAccessViews">
            <Param Type="UINT" Name="NumRTVs" />
            <Param Type="ID3D11RenderTargetView**" Name="ppRenderTargetViews" />
            <Param Type="ID3D11DepthStencilView**" Name="ppDepthStencilView" />
            <Param Type="UINT" Name="UAVStartSlot" />
            <Param Type="UINT" Name="NumUAVs" />
            <Param Type="ID3D11UnorderedAccessView**" Name="ppUnorderedAccessViews" />
            <Return Type="void" />
        </Api>
        <Api Name="OMGetBlendState">
            <Param Type="ID3D11BlendState**" Name="ppBlendState" />
            <Param Type="FLOAT[4]" Name="BlendFactor" />
            <Param Type="UINT*" Name="pSampleMask" />
            <Return Type="void" />
        </Api>
        <Api Name="OMGetDepthStencilState">
            <Param Type="ID3D11DepthStencilState**" Name="ppDepthStencilState" />
            <Param Type="UINT*" Name="pStencilRef" />
            <Return Type="void" />
        </Api>
        <Api Name="SOGetTargets">
            <Param Type="UINT" Name="NumBuffers" />
            <Param Type="ID3D11Buffer**" Name="ppSOTargets" />
            <Return Type="void" />
        </Api>
        <Api Name="RSGetState">
            <Param Type="ID3D11RasterizerState**" Name="ppRasterizerState" />
            <Return Type="void" />
        </Api>
        <Api Name="RSGetViewports">
            <Param Type="UINT*" Name="pNumViewports" />
            <Param Type="D3D11_VIEWPORT*" Name="pViewports" />
            <Return Type="void" />
        </Api>
        <Api Name="RSGetScissorRects">
            <Param Type="UINT*" Name="pNumRects" />
            <Param Type="D3D11_RECT*" Name="pRects" />
            <Return Type="void" />
        </Api>
        <Api Name="HSGetShaderResources">
            <Param Type="UINT" Name="StartSlot" />
            <Param Type="UINT" Name="NumViews" />
            <Param Type="ID3D11ShaderResourceView**" Name="ppShaderResourceViews" />
            <Return Type="void" />
        </Api>
        <Api Name="HSGetShader">
            <Param Type="ID3D11HullShader**" Name="ppHullShader" />
            <Param Type="ID3D11ClassInstance**" Name="ppClassInstances" />
            <Param Type="UINT*" Name="pNumClassInstances" />
            <Return Type="void" />
        </Api>
        <Api Name="HSGetSamplers">
            <Param Type="UINT" Name="StartSlot" />
            <Param Type="UINT" Name="NumSamplers" />
            <Param Type="ID3D11SamplerState**" Name="ppSamplers" />
            <Return Type="void" />
        </Api>
        <Api Name="HSGetConstantBuffers">
            <Param Type="UINT" Name="StartSlot" />
            <Param Type="UINT" Name="NumBuffers" />
            <Param Type="ID3D11Buffer**" Name="ppConstantBuffers" />
            <Return Type="void" />
        </Api>
        <Api Name="DSGetShaderResources">
            <Param Type="UINT" Name="StartSlot" />
            <Param Type="UINT" Name="NumViews" />
            <Param Type="ID3D11ShaderResourceView**" Name="ppShaderResourceViews" />
            <Return Type="void" />
        </Api>
        <Api Name="DSGetShader">
            <Param Type="ID3D11DomainShader**" Name="ppDomainShader" />
            <Param Type="ID3D11ClassInstance**" Name="ppClassInstances" />
            <Param Type="UINT*" Name="pNumClassInstances" />
            <Return Type="void" />
        </Api>
        <Api Name="DSGetSamplers">
            <Param Type="UINT" Name="StartSlot" />
            <Param Type="UINT" Name="NumSamplers" />
            <Param Type="ID3D11SamplerState**" Name="ppSamplers" />
            <Return Type="void" />
        </Api>
        <Api Name="DSGetConstantBuffers">
            <Param Type="UINT" Name="StartSlot" />
            <Param Type="UINT" Name="NumBuffers" />
            <Param Type="ID3D11Buffer**" Name="ppConstantBuffers" />
            <Return Type="void" />
        </Api>
        <Api Name="CSGetShaderResources">
            <Param Type="UINT" Name="StartSlot" />
            <Param Type="UINT" Name="NumViews" />
            <Param Type="ID3D11ShaderResourceView**" Name="ppShaderResourceViews" />
            <Return Type="void" />
        </Api>
        <Api Name="CSGetUnorderedAccessViews">
            <Param Type="UINT" Name="StartSlot" />
            <Param Type="UINT" Name="NumUAVs" />
            <Param Type="ID3D11UnorderedAccessView**" Name="ppUnorderedAccessViews" />
            <Return Type="void" />
        </Api>
        <Api Name="CSGetShader">
            <Param Type="ID3D11ComputeShader**" Name="ppComputeShader" />
            <Param Type="ID3D11ClassInstance**" Name="ppClassInstances" />
            <Param Type="UINT*" Name="pNumClassInstances" />
            <Return Type="void" />
        </Api>
        <Api Name="CSGetSamplers">
            <Param Type="UINT" Name="StartSlot" />
            <Param Type="UINT" Name="NumSamplers" />
            <Param Type="ID3D11SamplerState**" Name="ppSamplers" />
            <Return Type="void" />
        </Api>
        <Api Name="CSGetConstantBuffers">
            <Param Type="UINT" Name="StartSlot" />
            <Param Type="UINT" Name="NumBuffers" />
            <Param Type="ID3D11Buffer**" Name="ppConstantBuffers" />
            <Return Type="void" />
        </Api>
        <Api Name="ClearState">
            <Return Type="void" />
        </Api>
        <Api Name="Flush">
            <Return Type="void" />
        </Api>
        <Api Name="GetType">
            <Return Type="D3D11_DEVICE_CONTEXT_TYPE" />
            <Success Return="NotEqual" Value="0" />
        </Api>
        <Api Name="GetContextFlags">
            <Return Type="UINT" />
            <Success Return="NotEqual" Value="0" />
        </Api>
        <Api Name="FinishCommandList">
            <Param Type="BOOL" Name="RestoreDeferredContextState" />
            <Param Type="ID3D11CommandList**" Name="ppCommandList" />
            <Return Type="HRESULT" />
            <Success Return="Equal" Value="0" />
        </Api>
    </Interface>
</ApiMonitor>