<!--
    API Monitor Definitions
    (c) 2010-2011, Rohitab Batra <rohitab@rohitab.com>
    http://www.rohitab.com/apimonitor/
-->
<ApiMonitor>
    <Include Filename="Interfaces\DirectX\11\ID3D11DeviceChild.xml" />
    <Interface Name="ID3D11Resource" Id="{dc8e63f3-d12b-4952-b47b-5e45026a862d}" BaseInterface="ID3D11DeviceChild" OnlineHelp="MSDN" ErrorFunc="HRESULT" Category="Graphics and Multimedia/DirectX/Direct3D 11/Resource">
        <!-- Methods -->
        <Api Name="GetType">
            <Param Type="D3D11_RESOURCE_DIMENSION*" Name="pResourceDimension" />
            <Return Type="void" />
        </Api>
        <Api Name="SetEvictionPriority">
            <Param Type="UINT" Name="EvictionPriority" />
            <Return Type="void" />
        </Api>
        <Api Name="GetEvictionPriority">
            <Return Type="UINT" />
            <Success Return="NotEqual" Value="0" />
        </Api>
    </Interface>
</ApiMonitor>