<!--
    API Monitor Definitions
    (c) 2010-2011, Rohitab Batra <rohitab@rohitab.com>
    http://www.rohitab.com/apimonitor/
-->
<ApiMonitor>
    <Include Filename="Interfaces\DirectX\11\ID3D11DeviceChild.xml" />
    <Interface Name="ID3D11ClassLinkage" Id="{ddf57cba-9543-46e4-a12b-f207a0fe7fed}" BaseInterface="ID3D11DeviceChild" OnlineHelp="MSDN" ErrorFunc="HRESULT" Category="Graphics and Multimedia/DirectX/Direct3D 11/Shader">
        <Api Name="GetClassInstance">
            <Param Type="LPCSTR" Name="pClassInstanceName" />
            <Param Type="UINT" Name="InstanceIndex" />
            <Param Type="ID3D11ClassInstance**" Name="ppInstance" />
            <Return Type="HRESULT" />
            <Success Return="Equal" Value="0" />
        </Api>
        <Api Name="CreateClassInstance">
            <Param Type="LPCSTR" Name="pClassTypeName" />
            <Param Type="UINT" Name="ConstantBufferOffset" />
            <Param Type="UINT" Name="ConstantVectorOffset" />
            <Param Type="UINT" Name="TextureOffset" />
            <Param Type="UINT" Name="SamplerOffset" />
            <Param Type="ID3D11ClassInstance**" Name="ppInstance" />
            <Return Type="HRESULT" />
            <Success Return="Equal" Value="0" />
        </Api>
    </Interface>
</ApiMonitor>