<!--
    API Monitor Definitions
    (c) 2010-2011, Rohitab Batra <rohitab@rohitab.com>
    http://www.rohitab.com/apimonitor/
-->
<ApiMonitor>
    <Include Filename="Interfaces\DirectX\11\ID3D11DeviceChild.xml" />
    <Interface Name="ID3D11ClassInstance" Id="{a6cd7faa-b0b7-4a2f-9436-8662a65797cb}" BaseInterface="ID3D11DeviceChild" OnlineHelp="MSDN" ErrorFunc="HRESULT" Category="Graphics and Multimedia/DirectX/Direct3D 11/Shader">
        <!-- Methods -->
        <Api Name="GetClassLinkage">
            <Param Type="ID3D11ClassLinkage**" Name="ppLinkage" />
            <Return Type="void" />
        </Api>
        <Api Name="GetDesc">
            <Param Type="D3D11_CLASS_INSTANCE_DESC*" Name="pDesc" />
            <Return Type="void" />
        </Api>
        <Api Name="GetInstanceName">
            <Param Type="LPSTR" Name="pInstanceName" />
            <Param Type="SIZE_T*" Name="pBufferLength" />
            <Return Type="void" />
        </Api>
        <Api Name="GetTypeName">
            <Param Type="LPSTR" Name="pTypeName" />
            <Param Type="SIZE_T*" Name="pBufferLength" />
            <Return Type="void" />
        </Api>
    </Interface>
</ApiMonitor>