<!--
    API Monitor Definitions
    (c) 2010-2011, Rohitab Batra <rohitab@rohitab.com>
    http://www.rohitab.com/apimonitor/
-->
<ApiMonitor>
    <Include Filename="Interfaces\IUnknown.xml" />
    <Interface Name="ID3D11Debug" Id="{79cf2233-7536-4948-9d36-1e4692dc5760}" BaseInterface="IUnknown" OnlineHelp="MSDN" ErrorFunc="HRESULT" Category="Graphics and Multimedia/DirectX/Direct3D 11/Layer">
        <!-- Variables -->
        <!-- Methods -->
        <Api Name="SetFeatureMask">
            <Param Type="UINT" Name="Mask" />
            <Return Type="HRESULT" />
            <Success Return="Equal" Value="0" />
        </Api>
        <Api Name="GetFeatureMask">
            <Return Type="UINT" />
            <Success Return="NotEqual" Value="0" />
        </Api>
        <Api Name="SetPresentPerRenderOpDelay">
            <Param Type="UINT" Name="Milliseconds" />
            <Return Type="HRESULT" />
            <Success Return="Equal" Value="0" />
        </Api>
        <Api Name="GetPresentPerRenderOpDelay">
            <Return Type="UINT" />
            <Success Return="NotEqual" Value="0" />
        </Api>
        <Api Name="SetSwapChain">
            <Param Type="IDXGISwapChain*" Name="pSwapChain" />
            <Return Type="HRESULT" />
            <Success Return="Equal" Value="0" />
        </Api>
        <Api Name="GetSwapChain">
            <Param Type="IDXGISwapChain**" Name="ppSwapChain" />
            <Return Type="HRESULT" />
            <Success Return="Equal" Value="0" />
        </Api>
        <Api Name="ValidateContext">
            <Param Type="ID3D11DeviceContext*" Name="pContext" />
            <Return Type="HRESULT" />
            <Success Return="Equal" Value="0" />
        </Api>
        <Api Name="ReportLiveDeviceObjects">
            <Param Type="D3D11_RLDO_FLAGS" Name="Flags" />
            <Return Type="HRESULT" />
            <Success Return="Equal" Value="0" />
        </Api>
        <Api Name="ValidateContextForDispatch">
            <Param Type="ID3D11DeviceContext*" Name="pContext" />
            <Return Type="HRESULT" />
            <Success Return="Equal" Value="0" />
        </Api>
    </Interface>
</ApiMonitor>