<!--
    API Monitor Definitions
    (c) 2010-2011, Rohitab Batra <rohitab@rohitab.com>
    http://www.rohitab.com/apimonitor/
-->
<ApiMonitor>
    <Include Filename="Interfaces\IUnknown.xml" />
    <Interface Name="ID3D11InfoQueue" Id="{6543dbb6-1b48-42f5-ab82-e97ec74326f6}" BaseInterface="IUnknown" OnlineHelp="MSDN" ErrorFunc="HRESULT" Category="Graphics and Multimedia/DirectX/Direct3D 11/Layer">
        <!-- Variables -->
        <!-- Methods -->
        <Api Name="SetMessageCountLimit">
            <Param Type="UINT64" Name="MessageCountLimit" />
            <Return Type="HRESULT" />
            <Success Return="Equal" Value="0" />
        </Api>
        <Api Name="ClearStoredMessages">
            <Return Type="void" />
        </Api>
        <Api Name="GetMessage">
            <Param Type="UINT64" Name="MessageIndex" />
            <Param Type="D3D11_MESSAGE*" Name="pMessage" />
            <Param Type="SIZE_T*" Name="pMessageByteLength" />
            <Return Type="HRESULT" />
            <Success Return="Equal" Value="0" />
        </Api>
        <Api Name="GetNumMessagesAllowedByStorageFilter">
            <Return Type="UINT64" />
            <Success Return="NotEqual" Value="0" />
        </Api>
        <Api Name="GetNumMessagesDeniedByStorageFilter">
            <Return Type="UINT64" />
            <Success Return="NotEqual" Value="0" />
        </Api>
        <Api Name="GetNumStoredMessages">
            <Return Type="UINT64" />
            <Success Return="NotEqual" Value="0" />
        </Api>
        <Api Name="GetNumStoredMessagesAllowedByRetrievalFilter">
            <Return Type="UINT64" />
            <Success Return="NotEqual" Value="0" />
        </Api>
        <Api Name="GetNumMessagesDiscardedByMessageCountLimit">
            <Return Type="UINT64" />
            <Success Return="NotEqual" Value="0" />
        </Api>
        <Api Name="GetMessageCountLimit">
            <Return Type="UINT64" />
            <Success Return="NotEqual" Value="0" />
        </Api>
        <Api Name="AddStorageFilterEntries">
            <Param Type="D3D11_INFO_QUEUE_FILTER*" Name="pFilter" />
            <Return Type="HRESULT" />
            <Success Return="Equal" Value="0" />
        </Api>
        <Api Name="GetStorageFilter">
            <Param Type="D3D11_INFO_QUEUE_FILTER*" Name="pFilter" />
            <Param Type="SIZE_T*" Name="pFilterByteLength" />
            <Return Type="HRESULT" />
            <Success Return="Equal" Value="0" />
        </Api>
        <Api Name="ClearStorageFilter">
            <Return Type="void" />
        </Api>
        <Api Name="PushEmptyStorageFilter">
            <Return Type="HRESULT" />
            <Success Return="Equal" Value="0" />
        </Api>
        <Api Name="PushCopyOfStorageFilter">
            <Return Type="HRESULT" />
            <Success Return="Equal" Value="0" />
        </Api>
        <Api Name="PushStorageFilter">
            <Param Type="D3D11_INFO_QUEUE_FILTER*" Name="pFilter" />
            <Return Type="HRESULT" />
            <Success Return="Equal" Value="0" />
        </Api>
        <Api Name="PopStorageFilter">
            <Return Type="void" />
        </Api>
        <Api Name="GetStorageFilterStackSize">
            <Return Type="UINT" />
            <Success Return="NotEqual" Value="0" />
        </Api>
        <Api Name="AddRetrievalFilterEntries">
            <Param Type="D3D11_INFO_QUEUE_FILTER*" Name="pFilter" />
            <Return Type="HRESULT" />
            <Success Return="Equal" Value="0" />
        </Api>
        <Api Name="GetRetrievalFilter">
            <Param Type="D3D11_INFO_QUEUE_FILTER*" Name="pFilter" />
            <Param Type="SIZE_T*" Name="pFilterByteLength" />
            <Return Type="HRESULT" />
            <Success Return="Equal" Value="0" />
        </Api>
        <Api Name="ClearRetrievalFilter">
            <Return Type="void" />
        </Api>
        <Api Name="PushEmptyRetrievalFilter">
            <Return Type="HRESULT" />
            <Success Return="Equal" Value="0" />
        </Api>
        <Api Name="PushCopyOfRetrievalFilter">
            <Return Type="HRESULT" />
            <Success Return="Equal" Value="0" />
        </Api>
        <Api Name="PushRetrievalFilter">
            <Param Type="D3D11_INFO_QUEUE_FILTER*" Name="pFilter" />
            <Return Type="HRESULT" />
            <Success Return="Equal" Value="0" />
        </Api>
        <Api Name="PopRetrievalFilter">
            <Return Type="void" />
        </Api>
        <Api Name="GetRetrievalFilterStackSize">
            <Return Type="UINT" />
            <Success Return="NotEqual" Value="0" />
        </Api>
        <Api Name="AddMessage">
            <Param Type="D3D11_MESSAGE_CATEGORY" Name="Category" />
            <Param Type="D3D11_MESSAGE_SEVERITY" Name="Severity" />
            <Param Type="D3D11_MESSAGE_ID" Name="ID" />
            <Param Type="LPCSTR" Name="pDescription" />
            <Return Type="HRESULT" />
            <Success Return="Equal" Value="0" />
        </Api>
        <Api Name="AddApplicationMessage">
            <Param Type="D3D11_MESSAGE_SEVERITY" Name="Severity" />
            <Param Type="LPCSTR" Name="pDescription" />
            <Return Type="HRESULT" />
            <Success Return="Equal" Value="0" />
        </Api>
        <Api Name="SetBreakOnCategory">
            <Param Type="D3D11_MESSAGE_CATEGORY" Name="Category" />
            <Param Type="BOOL" Name="bEnable" />
            <Return Type="HRESULT" />
            <Success Return="Equal" Value="0" />
        </Api>
        <Api Name="SetBreakOnSeverity">
            <Param Type="D3D11_MESSAGE_SEVERITY" Name="Severity" />
            <Param Type="BOOL" Name="bEnable" />
            <Return Type="HRESULT" />
            <Success Return="Equal" Value="0" />
        </Api>
        <Api Name="SetBreakOnID">
            <Param Type="D3D11_MESSAGE_ID" Name="ID" />
            <Param Type="BOOL" Name="bEnable" />
            <Return Type="HRESULT" />
            <Success Return="Equal" Value="0" />
        </Api>
        <Api Name="GetBreakOnCategory">
            <Param Type="D3D11_MESSAGE_CATEGORY" Name="Category" />
            <Return Type="BOOL" />
            <Success Return="NotEqual" Value="0" />
        </Api>
        <Api Name="GetBreakOnSeverity">
            <Param Type="D3D11_MESSAGE_SEVERITY" Name="Severity" />
            <Return Type="BOOL" />
            <Success Return="NotEqual" Value="0" />
        </Api>
        <Api Name="GetBreakOnID">
            <Param Type="D3D11_MESSAGE_ID" Name="ID" />
            <Return Type="BOOL" />
            <Success Return="NotEqual" Value="0" />
        </Api>
        <Api Name="SetMuteDebugOutput">
            <Param Type="BOOL" Name="bMute" />
            <Return Type="void" />
        </Api>
        <Api Name="GetMuteDebugOutput">
            <Return Type="BOOL" />
            <Success Return="NotEqual" Value="0" />
        </Api>
    </Interface>
</ApiMonitor>