<!--
    API Monitor Definitions
    (c) 2010-2011, Rohitab Batra <rohitab@rohitab.com>
    http://www.rohitab.com/apimonitor/
-->
<ApiMonitor>
    <Include Filename="Interfaces\IUnknown.xml" />
    <Interface Name="ID3D11SwitchToRef" Id="{1ef337e3-58e7-4f83-a692-db221f5ed47e}" BaseInterface="IUnknown" OnlineHelp="MSDN" ErrorFunc="HRESULT" Category="Graphics and Multimedia/DirectX/Direct3D 11/Layer">
        <!-- Variables -->
        <!-- Methods -->
        <Api Name="SetUseRef">
            <Param Type="BOOL" Name="UseRef" />
            <Return Type="BOOL" />
            <Success Return="NotEqual" Value="0" />
        </Api>
        <Api Name="GetUseRef">
            <Return Type="BOOL" />
            <Success Return="NotEqual" Value="0" />
        </Api>
    </Interface>
</ApiMonitor>