<!--
    API Monitor Definitions
    (c) 2010-2011, Rohitab Batra <rohitab@rohitab.com>
    http://www.rohitab.com/apimonitor/
-->
<ApiMonitor>
    <Include Filename="Interfaces\IUnknown.xml" />
    <Include Filename="Interfaces\DirectX\DXGI\IDXGIObject.xml" />

    <Interface Name="ID3D11Device" Id="{db6f6ddb-ac77-4e88-8253-819df9bbf140}" BaseInterface="IUnknown" OnlineHelp="MSDN" ErrorFunc="HRESULT" Category="Graphics and Multimedia/DirectX/Direct3D 11/Core">

        <!-- TODO: Structures -->
        <Variable Name="const D3DX11_FFT_DESC*"                     Type="Alias"    Base="LPVOID" />
        <Variable Name="D3DX11_FFT_BUFFER_INFO*"                    Type="Alias"    Base="LPVOID" />
        <Variable Name="D3D11_SHADER_RESOURCE_VIEW_DESC*"           Type="Alias"    Base="LPVOID" />
        <Variable Name="const D3D11_SHADER_RESOURCE_VIEW_DESC*"     Type="Alias"    Base="LPVOID" />
        <Variable Name="D3D11_UNORDERED_ACCESS_VIEW_DESC*"          Type="Alias"    Base="LPVOID" />
        <Variable Name="const D3D11_UNORDERED_ACCESS_VIEW_DESC*"    Type="Alias"    Base="LPVOID" />
        <Variable Name="D3D11_RENDER_TARGET_VIEW_DESC*"             Type="Alias"    Base="LPVOID" />
        <Variable Name="const D3D11_RENDER_TARGET_VIEW_DESC*"       Type="Alias"    Base="LPVOID" />
        <Variable Name="D3D11_DEPTH_STENCIL_VIEW_DESC*"             Type="Alias"    Base="LPVOID" />
        <Variable Name="const D3D11_DEPTH_STENCIL_VIEW_DESC*"       Type="Alias"    Base="LPVOID" />
        <Variable Name="D3D11_SAMPLER_DESC*"                        Type="Alias"    Base="LPVOID" />
        <Variable Name="const D3D11_SAMPLER_DESC*"                  Type="Alias"    Base="LPVOID" />
        <Variable Name="D3D11_BLEND_DESC*"                          Type="Alias"    Base="LPVOID" />
        <Variable Name="const D3D11_BLEND_DESC*"                    Type="Alias"    Base="LPVOID" />

        <!-- Forward Interface Declarations -->
        <Variable Name="ID3D11Buffer"                       Type="Interface" />
        <Variable Name="ID3D11Texture1D"                    Type="Interface" />
        <Variable Name="ID3D11Texture2D"                    Type="Interface" />
        <Variable Name="ID3D11Texture3D"                    Type="Interface" />
        <Variable Name="ID3D11Resource"                     Type="Interface" />
        <Variable Name="ID3D11ShaderResourceView"           Type="Interface" />
        <Variable Name="ID3D11UnorderedAccessView"          Type="Interface" />
        <Variable Name="ID3D11RenderTargetView"             Type="Interface" />
        <Variable Name="ID3D11DepthStencilView"             Type="Interface" />
        <Variable Name="ID3D11InputLayout"                  Type="Interface" />
        <Variable Name="ID3D11ClassLinkage"                 Type="Interface" />
        <Variable Name="ID3D11VertexShader"                 Type="Interface" />
        <Variable Name="ID3D11GeometryShader"               Type="Interface" />
        <Variable Name="ID3D11PixelShader"                  Type="Interface" />
        <Variable Name="ID3D11HullShader"                   Type="Interface" />
        <Variable Name="ID3D11DomainShader"                 Type="Interface" />
        <Variable Name="ID3D11ComputeShader"                Type="Interface" />
        <Variable Name="ID3D11BlendState"                   Type="Interface" />
        <Variable Name="ID3D11DepthStencilState"            Type="Interface" />
        <Variable Name="ID3D11RasterizerState"              Type="Interface" />
        <Variable Name="ID3D11SamplerState"                 Type="Interface" />
        <Variable Name="ID3D11Query"                        Type="Interface" />
        <Variable Name="ID3D11Predicate"                    Type="Interface" />
        <Variable Name="ID3D11DeviceContext"                Type="Interface" />
        <Variable Name="ID3D11Counter"                      Type="Interface" />
        <Variable Name="ID3D11Asynchronous"                 Type="Interface" />
        <Variable Name="ID3D11CommandList"                  Type="Interface" />
        <Variable Name="ID3D11ClassInstance"                Type="Interface" />
        <Variable Name="ID3D10Blob"                         Type="Interface" />
        <Variable Name="ID3DInclude"                        Type="Interface" />
        <Variable Name="ID3DX11DataLoader"                  Type="Interface" />
        <Variable Name="ID3DX11DataProcessor"               Type="Interface" />
        <Variable Name="ID3DX11FFT"                         Type="Interface" />
        <Variable Name="ID3DX11Scan"                        Type="Interface" />
        <Variable Name="ID3DX11SegmentedScan"               Type="Interface" />
        <Variable Name="ID3DX11ThreadPump"                  Type="Interface" />
        <Variable Name="ID3D11UnorderedAccessView"          Type="Interface" />
        <Variable Name="IDXGISwapChain"                     Type="Interface" />

        <!-- Interface Aliases -->
        <Variable Name="LPD3D10BLOB*"                       Type="Alias"    Base="ID3D10Blob**" />
        <Variable Name="LPD3D10INCLUDE"                     Type="Alias"    Base="ID3DInclude*" />
        <Variable Name="const ID3D11UnorderedAccessView*"   Type="Alias"    Base="ID3D11UnorderedAccessView*" />

        <!-- TODO: Not defining these to interfaces since these are readonly -->
        <Variable Name="ID3D11Buffer*const*"                Type="Alias"    Base="LPVOID" />
        <Variable Name="ID3D11ShaderResourceView*const*"    Type="Alias"    Base="LPVOID" />
        <Variable Name="ID3D11ClassInstance*const*"         Type="Alias"    Base="LPVOID" />
        <Variable Name="ID3D11SamplerState*const*"          Type="Alias"    Base="LPVOID" />
        <Variable Name="ID3D11RenderTargetView*const*"      Type="Alias"    Base="LPVOID" />
        <Variable Name="ID3D11UnorderedAccessView*const*"   Type="Alias"    Base="LPVOID" />
        
        <!-- Variables -->
        <Variable Name="const FLOAT[4]"                     Type="Alias"    Base="PFLOAT" />
        <Variable Name="const UINT[4]"                      Type="Alias"    Base="PUINT" />
        <Variable Name="FLOAT[4]"                           Type="Alias"    Base="PFLOAT" />
        
        <!-- D3D11_RECT -->
        <Variable Name="D3D11_RECT"         Type="Alias"    Base="RECT" />
        <Variable Name="D3D11_RECT*"        Type="Pointer"  Base="D3D11_RECT" />
        <Variable Name="const D3D11_RECT*"  Type="Pointer"  Base="D3D11_RECT" />

        <!-- D3D10_SHADER_MACRO -->
        <Variable Name="D3D10_SHADER_MACRO" Type="Struct">
            <Field Type="LPCSTR" 	Name="Name" />
            <Field Type="LPCSTR"    Name="Definition" />
        </Variable>
        <Variable Name="const D3D10_SHADER_MACRO*" Type="Pointer" Base="D3D10_SHADER_MACRO" />

        <!-- D3D11_SHADER_MACRO -->
        <Variable Name="D3D11_SHADER_MACRO"         Type="Alias"    Base="D3D10_SHADER_MACRO" />
        <Variable Name="const D3D11_SHADER_MACRO*"  Type="Pointer"  Base="D3D11_SHADER_MACRO" />

        <!-- D3D11_USAGE -->
        <Variable Name="D3D11_USAGE" Type="Alias" Base="UINT">
            <Enum>
                <Set Name="D3D11_USAGE_DEFAULT"         Value="0" />
                <Set Name="D3D11_USAGE_IMMUTABLE"       Value="1" />
                <Set Name="D3D11_USAGE_DYNAMIC"         Value="2" />
                <Set Name="D3D11_USAGE_STAGING"         Value="3" />
            </Enum>
        </Variable>

        <!-- D3D11_BIND_FLAG -->
        <Variable Name="D3D11_BIND_FLAG" Type="Alias" Base="UINT">
            <Display Name="UINT" />
            <Flag>
                <Set Name="D3D11_BIND_VERTEX_BUFFER"        Value="0x1" />
                <Set Name="D3D11_BIND_INDEX_BUFFER"         Value="0x2" />
                <Set Name="D3D11_BIND_CONSTANT_BUFFER"      Value="0x4" />
                <Set Name="D3D11_BIND_SHADER_RESOURCE"      Value="0x8" />
                <Set Name="D3D11_BIND_STREAM_OUTPUT"        Value="0x10" />
                <Set Name="D3D11_BIND_RENDER_TARGET"        Value="0x20" />
                <Set Name="D3D11_BIND_DEPTH_STENCIL"        Value="0x40" />
                <Set Name="D3D11_BIND_UNORDERED_ACCESS"     Value="0x80" />
            </Flag>
        </Variable>

        <!-- D3D11_CPU_ACCESS_FLAG -->
        <Variable Name="D3D11_CPU_ACCESS_FLAG" Type="Alias" Base="UINT">
            <Display Name="UINT" />
            <Flag>
                <Set Name="D3D11_CPU_ACCESS_WRITE"      Value="0x10000" />
                <Set Name="D3D11_CPU_ACCESS_READ"       Value="0x20000" />
            </Flag>
        </Variable>

        <!-- D3D11_RESOURCE_MISC_FLAG -->
        <Variable Name="D3D11_RESOURCE_MISC_FLAG" Type="Alias" Base="UINT">
            <Display Name="UINT" />
            <Flag>
                <Set Name="D3D11_RESOURCE_MISC_GENERATE_MIPS"               Value="0x1" />
                <Set Name="D3D11_RESOURCE_MISC_SHARED"                      Value="0x2" />
                <Set Name="D3D11_RESOURCE_MISC_TEXTURECUBE"                 Value="0x4" />
                <Set Name="D3D11_RESOURCE_MISC_DRAWINDIRECT_ARGS"           Value="0x10" />
                <Set Name="D3D11_RESOURCE_MISC_BUFFER_ALLOW_RAW_VIEWS"      Value="0x20" />
                <Set Name="D3D11_RESOURCE_MISC_BUFFER_STRUCTURED"           Value="0x40" />
                <Set Name="D3D11_RESOURCE_MISC_RESOURCE_CLAMP"              Value="0x80" />
                <Set Name="D3D11_RESOURCE_MISC_SHARED_KEYEDMUTEX"           Value="0x100" />
                <Set Name="D3D11_RESOURCE_MISC_GDI_COMPATIBLE"              Value="0x200" />
            </Flag>
        </Variable>

        <!-- D3D11_RESOURCE_DIMENSION -->
        <Variable Name="D3D11_RESOURCE_DIMENSION" Type="Alias" Base="UINT">
            <Enum>
                <Set Name="D3D11_RESOURCE_DIMENSION_UNKNOWN"        Value="0" />
                <Set Name="D3D11_RESOURCE_DIMENSION_BUFFER"			Value="1" />
                <Set Name="D3D11_RESOURCE_DIMENSION_TEXTURE1D"		Value="2" />
                <Set Name="D3D11_RESOURCE_DIMENSION_TEXTURE2D"		Value="3" />
                <Set Name="D3D11_RESOURCE_DIMENSION_TEXTURE3D"		Value="4" />
            </Enum>
        </Variable>
        <Variable Name="D3D11_RESOURCE_DIMENSION*" Type="Pointer" Base="D3D11_RESOURCE_DIMENSION" />

        <!-- D3DX11_IMAGE_FILE_FORMAT -->
        <Variable Name="D3DX11_IMAGE_FILE_FORMAT" Type="Alias" Base="UINT">
            <Enum>
                <Set Name="D3DX11_IFF_BMP"		Value="0" />
                <Set Name="D3DX11_IFF_JPG"		Value="1" />
                <Set Name="D3DX11_IFF_PNG"		Value="3" />
                <Set Name="D3DX11_IFF_DDS"		Value="4" />
                <Set Name="D3DX11_IFF_TIFF"		Value="10" />
                <Set Name="D3DX11_IFF_GIF"		Value="11" />
                <Set Name="D3DX11_IFF_WMP"      Value="12" />
            </Enum>
        </Variable>

        <!-- D3DX11_IMAGE_INFO -->
        <Variable Name="D3DX11_IMAGE_INFO" Type="Struct">
            <Field Type="UINT"                        	Name="Width" />
            <Field Type="UINT"                        	Name="Height" />
            <Field Type="UINT"                        	Name="Depth" />
            <Field Type="UINT"                        	Name="ArraySize" />
            <Field Type="UINT"                        	Name="MipLevels" />
            <Field Type="D3D11_RESOURCE_MISC_FLAG"      Name="MiscFlags" />
            <Field Type="DXGI_FORMAT"                 	Name="Format" />
            <Field Type="D3D11_RESOURCE_DIMENSION"    	Name="ResourceDimension" />
            <Field Type="D3DX11_IMAGE_FILE_FORMAT"      Name="ImageFileFormat" />
        </Variable>
        <Variable Name="D3DX11_IMAGE_INFO*" Type="Pointer" Base="D3DX11_IMAGE_INFO" />

        <!-- D3DX11_IMAGE_LOAD_INFO -->
        <Variable Name="D3DX11_IMAGE_LOAD_INFO" Type="Struct">
            <Field Type="UINT"                      Name="Width" />
            <Field Type="UINT"                      Name="Height" />
            <Field Type="UINT"                      Name="Depth" />
            <Field Type="UINT"                      Name="FirstMipLevel" />
            <Field Type="UINT"                      Name="MipLevels" />
            <Field Type="D3D11_USAGE"               Name="Usage" />
            <Field Type="D3D11_BIND_FLAG"           Name="BindFlags" />
            <Field Type="D3D11_CPU_ACCESS_FLAG"     Name="CpuAccessFlags" />
            <Field Type="D3D11_RESOURCE_MISC_FLAG"  Name="MiscFlags" />
            <Field Type="DXGI_FORMAT"               Name="Format" />
            <Field Type="UINT"                      Name="Filter" />
            <Field Type="UINT"                      Name="MipFilter" />
            <Field Type="D3DX11_IMAGE_INFO*"        Name="pSrcInfo" />
        </Variable>
        <Variable Name="D3DX11_IMAGE_LOAD_INFO*" Type="Pointer" Base="D3DX11_IMAGE_LOAD_INFO" />

        <!-- D3D11_BOX -->
        <Variable Name="D3D11_BOX" Type="Struct">
            <Field Type="UINT"      Name="left" />
            <Field Type="UINT"      Name="top" />
            <Field Type="UINT"      Name="front" />
            <Field Type="UINT"      Name="right" />
            <Field Type="UINT"      Name="bottom" />
            <Field Type="UINT"      Name="back" />
        </Variable>
        <Variable Name="D3D11_BOX*"         Type="Pointer" Base="D3D11_BOX" />
        <Variable Name="const D3D11_BOX*"   Type="Pointer" Base="D3D11_BOX" />

        <!-- D3DX11_TEXTURE_LOAD_INFO -->
        <Variable Name="D3DX11_TEXTURE_LOAD_INFO" Type="Struct">
            <Field Type="D3D11_BOX*"        Name="pSrcBox" />
            <Field Type="D3D11_BOX*"        Name="pDstBox" />
            <Field Type="UINT"              Name="SrcFirstMip" />
            <Field Type="UINT"              Name="DstFirstMip" />
            <Field Type="UINT"              Name="NumMips" />
            <Field Type="UINT"              Name="SrcFirstElement" />
            <Field Type="UINT"              Name="DstFirstElement" />
            <Field Type="UINT"              Name="NumElements" />
            <Field Type="UINT"              Name="Filter" />
            <Field Type="UINT"              Name="MipFilter" />
        </Variable>
        <Variable Name="D3DX11_TEXTURE_LOAD_INFO*" Type="Pointer" Base="D3DX11_TEXTURE_LOAD_INFO" />

        <!-- D3DX11_SCAN_DIRECTION -->
        <Variable Name="D3DX11_SCAN_DIRECTION" Type="Alias" Base="UINT">
            <Enum>
                <Set Name="D3DX11_SCAN_DIRECTION_FORWARD"   Value="1" />
                <Set Name="D3DX11_SCAN_DIRECTION_BACKWARD"  Value="2" />
            </Enum>
        </Variable>

        <!-- D3DX11_SCAN_DATA_TYPE -->
        <Variable Name="D3DX11_SCAN_DATA_TYPE" Type="Alias" Base="UINT">
            <Enum>
                <Set Name="D3DX11_SCAN_DATA_TYPE_FLOAT"     Value="1" />
                <Set Name="D3DX11_SCAN_DATA_TYPE_INT"       Value="2" />
                <Set Name="D3DX11_SCAN_DATA_TYPE_UINT"      Value="3" />
            </Enum>
        </Variable>

        <!-- D3DX11_SCAN_OPCODE -->
        <Variable Name="D3DX11_SCAN_OPCODE" Type="Alias" Base="UINT">
            <Enum>
                <Set Name="D3DX11_SCAN_OPCODE_ADD"			Value="1" />
                <Set Name="D3DX11_SCAN_OPCODE_MIN"			Value="2" />
                <Set Name="D3DX11_SCAN_OPCODE_MAX"			Value="3" />
                <Set Name="D3DX11_SCAN_OPCODE_MUL"			Value="4" />
                <Set Name="D3DX11_SCAN_OPCODE_AND"			Value="5" />
                <Set Name="D3DX11_SCAN_OPCODE_OR"			Value="6" />
                <Set Name="D3DX11_SCAN_OPCODE_XOR"          Value="7" />
            </Enum>
        </Variable>

        <!-- D3D_DRIVER_TYPE -->
        <Variable Name="D3D_DRIVER_TYPE" Type="Alias" Base="UINT">
            <Enum>
                <Set Name="D3D_DRIVER_TYPE_UNKNOWN"		Value="0" />
                <Set Name="D3D_DRIVER_TYPE_HARDWARE"	Value="1" />
                <Set Name="D3D_DRIVER_TYPE_REFERENCE"	Value="2" />
                <Set Name="D3D_DRIVER_TYPE_NULL"		Value="3" />
                <Set Name="D3D_DRIVER_TYPE_SOFTWARE"	Value="4" />
                <Set Name="D3D_DRIVER_TYPE_WARP"        Value="5" />
            </Enum>
        </Variable>

        <!-- D3D11_COUNTER_TYPE -->
        <Variable Name="D3D11_COUNTER_TYPE" Type="Alias" Base="UINT">
            <Enum>
                <Set Name="D3D11_COUNTER_TYPE_FLOAT32"      Value="0" />
                <Set Name="D3D11_COUNTER_TYPE_UINT16"		Value="1" />
                <Set Name="D3D11_COUNTER_TYPE_UINT32"		Value="2" />
                <Set Name="D3D11_COUNTER_TYPE_UINT64"		Value="3" />
            </Enum>
        </Variable>
        <Variable Name="D3D11_COUNTER_TYPE*" Type="Pointer" Base="D3D11_COUNTER_TYPE" />

        <!-- D3D11_FEATURE -->
        <Variable Name="D3D11_FEATURE" Type="Alias" Base="UINT">
            <Enum>
                <Set Name="D3D11_FEATURE_THREADING"				    Value="0" />
                <Set Name="D3D11_FEATURE_DOUBLES"				    Value="1" />
                <Set Name="D3D11_FEATURE_FORMAT_SUPPORT"			Value="2" />
                <Set Name="D3D11_FEATURE_FORMAT_SUPPORT2"			Value="3" />
                <Set Name="D3D11_FEATURE_D3D10_X_HARDWARE_OPTIONS"  Value="4" />
            </Enum>
        </Variable>

        <!-- D3D_FEATURE_LEVEL -->
        <Variable Name="D3D_FEATURE_LEVEL" Type="Alias" Base="UINT">
            <Enum>
                <Set Name="D3D_FEATURE_LEVEL_9_1"       Value="0x9100" />
                <Set Name="D3D_FEATURE_LEVEL_9_2"		Value="0x9200" />
                <Set Name="D3D_FEATURE_LEVEL_9_3"		Value="0x9300" />
                <Set Name="D3D_FEATURE_LEVEL_10_0"		Value="0xa000" />
                <Set Name="D3D_FEATURE_LEVEL_10_1"		Value="0xa100" />
                <Set Name="D3D_FEATURE_LEVEL_11_0"		Value="0xb000" />
            </Enum>
        </Variable>
        <Variable Name="D3D_FEATURE_LEVEL*"         Type="Pointer" Base="D3D_FEATURE_LEVEL" />
        <Variable Name="const D3D_FEATURE_LEVEL*"   Type="Alias" Base="D3D_FEATURE_LEVEL*" />

        <!-- D3D11_RLDO_FLAGS -->
        <Variable Name="D3D11_RLDO_FLAGS" Type="Alias" Base="UINT">
            <Flag>
                <Set Name="D3D11_RLDO_SUMMARY"				Value="0x1" />
                <Set Name="D3D11_RLDO_DETAIL"				Value="0x2" />
            </Flag>
        </Variable>

        <!-- D3D11_MESSAGE_CATEGORY -->
        <Variable Name="D3D11_MESSAGE_CATEGORY" Type="Alias" Base="UINT">
            <Enum>
                <Set Name="D3D11_MESSAGE_CATEGORY_APPLICATION_DEFINED"		Value="0" />
                <Set Name="D3D11_MESSAGE_CATEGORY_MISCELLANEOUS"			Value="1" />
                <Set Name="D3D11_MESSAGE_CATEGORY_INITIALIZATION"			Value="2" />
                <Set Name="D3D11_MESSAGE_CATEGORY_CLEANUP"				    Value="3" />
                <Set Name="D3D11_MESSAGE_CATEGORY_COMPILATION"				Value="4" />
                <Set Name="D3D11_MESSAGE_CATEGORY_STATE_CREATION"			Value="5" />
                <Set Name="D3D11_MESSAGE_CATEGORY_STATE_SETTING"			Value="6" />
                <Set Name="D3D11_MESSAGE_CATEGORY_STATE_GETTING"			Value="7" />
                <Set Name="D3D11_MESSAGE_CATEGORY_RESOURCE_MANIPULATION"    Value="8" />
                <Set Name="D3D11_MESSAGE_CATEGORY_EXECUTION"				Value="9" />
            </Enum>
        </Variable>
        <Variable Name="D3D11_MESSAGE_CATEGORY*" Type="Pointer" Base="D3D11_MESSAGE_CATEGORY" />

        <!-- D3D11_MESSAGE_SEVERITY -->
        <Variable Name="D3D11_MESSAGE_SEVERITY" Type="Alias" Base="UINT">
            <Enum>
                <Set Name="D3D11_MESSAGE_SEVERITY_CORRUPTION"		Value="0" />
                <Set Name="D3D11_MESSAGE_SEVERITY_ERROR"            Value="1" />
                <Set Name="D3D11_MESSAGE_SEVERITY_WARNING"			Value="2" />
                <Set Name="D3D11_MESSAGE_SEVERITY_INFO"				Value="3" />
            </Enum>
        </Variable>
        <Variable Name="D3D11_MESSAGE_SEVERITY*" Type="Pointer" Base="D3D11_MESSAGE_SEVERITY" />

        <!-- D3D11_FORMAT_SUPPORT -->
        <Variable Name="D3D11_FORMAT_SUPPORT" Type="Alias" Base="UINT">
            <Display Name="UINT" />
            <Flag>
                <Set Name="D3D11_FORMAT_SUPPORT_BUFFER"					        Value="0x1" />
                <Set Name="D3D11_FORMAT_SUPPORT_IA_VERTEX_BUFFER"				Value="0x2" />
                <Set Name="D3D11_FORMAT_SUPPORT_IA_INDEX_BUFFER"				Value="0x4" />
                <Set Name="D3D11_FORMAT_SUPPORT_SO_BUFFER"					    Value="0x8" />
                <Set Name="D3D11_FORMAT_SUPPORT_TEXTURE1D"					    Value="0x10" />
                <Set Name="D3D11_FORMAT_SUPPORT_TEXTURE2D"					    Value="0x20" />
                <Set Name="D3D11_FORMAT_SUPPORT_TEXTURE3D"					    Value="0x40" />
                <Set Name="D3D11_FORMAT_SUPPORT_TEXTURECUBE"					Value="0x80" />
                <Set Name="D3D11_FORMAT_SUPPORT_SHADER_LOAD"					Value="0x100" />
                <Set Name="D3D11_FORMAT_SUPPORT_SHADER_SAMPLE"					Value="0x200" />
                <Set Name="D3D11_FORMAT_SUPPORT_SHADER_SAMPLE_COMPARISON"		Value="0x400" />
                <Set Name="D3D11_FORMAT_SUPPORT_SHADER_SAMPLE_MONO_TEXT"        Value="0x800" />
                <Set Name="D3D11_FORMAT_SUPPORT_MIP"					        Value="0x1000" />
                <Set Name="D3D11_FORMAT_SUPPORT_MIP_AUTOGEN"				    Value="0x2000" />
                <Set Name="D3D11_FORMAT_SUPPORT_RENDER_TARGET"				    Value="0x4000" />
                <Set Name="D3D11_FORMAT_SUPPORT_BLENDABLE"					    Value="0x8000" />
                <Set Name="D3D11_FORMAT_SUPPORT_DEPTH_STENCIL"				    Value="0x10000" />
                <Set Name="D3D11_FORMAT_SUPPORT_CPU_LOCKABLE"				    Value="0x20000" />
                <Set Name="D3D11_FORMAT_SUPPORT_MULTISAMPLE_RESOLVE"		    Value="0x40000" />
                <Set Name="D3D11_FORMAT_SUPPORT_DISPLAY"					    Value="0x80000" />
                <Set Name="D3D11_FORMAT_SUPPORT_CAST_WITHIN_BIT_LAYOUT"		    Value="0x100000" />
                <Set Name="D3D11_FORMAT_SUPPORT_MULTISAMPLE_RENDERTARGET"	    Value="0x200000" />
                <Set Name="D3D11_FORMAT_SUPPORT_MULTISAMPLE_LOAD"			    Value="0x400000" />
                <Set Name="D3D11_FORMAT_SUPPORT_SHADER_GATHER"				    Value="0x800000" />
                <Set Name="D3D11_FORMAT_SUPPORT_BACK_BUFFER_CAST"			    Value="0x1000000" />
                <Set Name="D3D11_FORMAT_SUPPORT_TYPED_UNORDERED_ACCESS_VIEW"    Value="0x2000000" />
                <Set Name="D3D11_FORMAT_SUPPORT_SHADER_GATHER_COMPARISON"		Value="0x4000000" />
            </Flag>
        </Variable>
        <Variable Name="D3D11_FORMAT_SUPPORT*" Type="Pointer" Base="D3D11_FORMAT_SUPPORT">
            <Display Name="UINT*" />
        </Variable>

        <!-- D3D11_MAP -->
        <Variable Name="D3D11_MAP" Type="Alias" Base="UINT">
            <Enum>
                <Set Name="D3D11_MAP_READ"                  Value="1" />
                <Set Name="D3D11_MAP_WRITE"				    Value="2" />
                <Set Name="D3D11_MAP_READ_WRITE"		    Value="3" />
                <Set Name="D3D11_MAP_WRITE_DISCARD"			Value="4" />
                <Set Name="D3D11_MAP_WRITE_NO_OVERWRITE"	Value="5" />
            </Enum>
        </Variable>

        <!-- D3D11_MAPPED_SUBRESOURCE -->
        <Variable Name="D3D11_MAPPED_SUBRESOURCE" Type="Struct">
            <Field Type="void*" 	Name="pData" />
            <Field Type="UINT" 	    Name="RowPitch" />
            <Field Type="UINT" 	    Name="DepthPitch" />
        </Variable>
        <Variable Name="D3D11_MAPPED_SUBRESOURCE*" Type="Pointer" Base="D3D11_MAPPED_SUBRESOURCE" />

        <!-- D3D11_PRIMITIVE_TOPOLOGY -->
        <Variable Name="D3D11_PRIMITIVE_TOPOLOGY" Type="Alias" Base="UINT">
            <Enum>
                <Set Name="D3D11_PRIMITIVE_TOPOLOGY_UNDEFINED"                      Value="0" />
                <Set Name="D3D11_PRIMITIVE_TOPOLOGY_POINTLIST"				        Value="1" />
                <Set Name="D3D11_PRIMITIVE_TOPOLOGY_LINELIST"				        Value="2" />
                <Set Name="D3D11_PRIMITIVE_TOPOLOGY_LINESTRIP"				        Value="3" />
                <Set Name="D3D11_PRIMITIVE_TOPOLOGY_TRIANGLELIST"				    Value="4" />
                <Set Name="D3D11_PRIMITIVE_TOPOLOGY_TRIANGLESTRIP"				    Value="5" />
                <Set Name="D3D11_PRIMITIVE_TOPOLOGY_LINELIST_ADJ"				    Value="10" />
                <Set Name="D3D11_PRIMITIVE_TOPOLOGY_LINESTRIP_ADJ"				    Value="11" />
                <Set Name="D3D11_PRIMITIVE_TOPOLOGY_TRIANGLELIST_ADJ"				Value="12" />
                <Set Name="D3D11_PRIMITIVE_TOPOLOGY_TRIANGLESTRIP_ADJ"				Value="13" />
                <Set Name="D3D11_PRIMITIVE_TOPOLOGY_1_CONTROL_POINT_PATCHLIST"		Value="33" />
                <Set Name="D3D11_PRIMITIVE_TOPOLOGY_2_CONTROL_POINT_PATCHLIST"		Value="34" />
                <Set Name="D3D11_PRIMITIVE_TOPOLOGY_3_CONTROL_POINT_PATCHLIST"		Value="35" />
                <Set Name="D3D11_PRIMITIVE_TOPOLOGY_4_CONTROL_POINT_PATCHLIST"		Value="36" />
                <Set Name="D3D11_PRIMITIVE_TOPOLOGY_5_CONTROL_POINT_PATCHLIST"		Value="37" />
                <Set Name="D3D11_PRIMITIVE_TOPOLOGY_6_CONTROL_POINT_PATCHLIST"		Value="38" />
                <Set Name="D3D11_PRIMITIVE_TOPOLOGY_7_CONTROL_POINT_PATCHLIST"		Value="39" />
                <Set Name="D3D11_PRIMITIVE_TOPOLOGY_8_CONTROL_POINT_PATCHLIST"		Value="40" />
                <Set Name="D3D11_PRIMITIVE_TOPOLOGY_9_CONTROL_POINT_PATCHLIST"		Value="41" />
                <Set Name="D3D11_PRIMITIVE_TOPOLOGY_10_CONTROL_POINT_PATCHLIST"		Value="42" />
                <Set Name="D3D11_PRIMITIVE_TOPOLOGY_11_CONTROL_POINT_PATCHLIST"		Value="43" />
                <Set Name="D3D11_PRIMITIVE_TOPOLOGY_12_CONTROL_POINT_PATCHLIST"		Value="44" />
                <Set Name="D3D11_PRIMITIVE_TOPOLOGY_13_CONTROL_POINT_PATCHLIST"		Value="45" />
                <Set Name="D3D11_PRIMITIVE_TOPOLOGY_14_CONTROL_POINT_PATCHLIST"		Value="46" />
                <Set Name="D3D11_PRIMITIVE_TOPOLOGY_15_CONTROL_POINT_PATCHLIST"		Value="47" />
                <Set Name="D3D11_PRIMITIVE_TOPOLOGY_16_CONTROL_POINT_PATCHLIST"		Value="48" />
                <Set Name="D3D11_PRIMITIVE_TOPOLOGY_17_CONTROL_POINT_PATCHLIST"		Value="49" />
                <Set Name="D3D11_PRIMITIVE_TOPOLOGY_18_CONTROL_POINT_PATCHLIST"		Value="50" />
                <Set Name="D3D11_PRIMITIVE_TOPOLOGY_19_CONTROL_POINT_PATCHLIST"		Value="51" />
                <Set Name="D3D11_PRIMITIVE_TOPOLOGY_20_CONTROL_POINT_PATCHLIST"		Value="52" />
                <Set Name="D3D11_PRIMITIVE_TOPOLOGY_21_CONTROL_POINT_PATCHLIST"		Value="53" />
                <Set Name="D3D11_PRIMITIVE_TOPOLOGY_22_CONTROL_POINT_PATCHLIST"		Value="54" />
                <Set Name="D3D11_PRIMITIVE_TOPOLOGY_23_CONTROL_POINT_PATCHLIST"		Value="55" />
                <Set Name="D3D11_PRIMITIVE_TOPOLOGY_24_CONTROL_POINT_PATCHLIST"		Value="56" />
                <Set Name="D3D11_PRIMITIVE_TOPOLOGY_25_CONTROL_POINT_PATCHLIST"		Value="57" />
                <Set Name="D3D11_PRIMITIVE_TOPOLOGY_26_CONTROL_POINT_PATCHLIST"		Value="58" />
                <Set Name="D3D11_PRIMITIVE_TOPOLOGY_27_CONTROL_POINT_PATCHLIST"		Value="59" />
                <Set Name="D3D11_PRIMITIVE_TOPOLOGY_28_CONTROL_POINT_PATCHLIST"		Value="60" />
                <Set Name="D3D11_PRIMITIVE_TOPOLOGY_29_CONTROL_POINT_PATCHLIST"		Value="61" />
                <Set Name="D3D11_PRIMITIVE_TOPOLOGY_30_CONTROL_POINT_PATCHLIST"		Value="62" />
                <Set Name="D3D11_PRIMITIVE_TOPOLOGY_31_CONTROL_POINT_PATCHLIST"		Value="63" />
                <Set Name="D3D11_PRIMITIVE_TOPOLOGY_32_CONTROL_POINT_PATCHLIST"		Value="64" />
            </Enum>
        </Variable>
        <Variable Name="D3D11_PRIMITIVE_TOPOLOGY*" Type="Alias" Base="D3D11_PRIMITIVE_TOPOLOGY" />

        <!-- D3D11_DEVICE_CONTEXT_TYPE -->
        <Variable Name="D3D11_DEVICE_CONTEXT_TYPE" Type="Alias" Base="UINT">
            <Enum>
                <Set Name="D3D11_DEVICE_CONTEXT_IMMEDIATE"  Value="0" />
                <Set Name="D3D11_DEVICE_CONTEXT_DEFERRED"	Value="1" />
            </Enum>
        </Variable>

        <!-- D3D11_MESSAGE_ID -->
        <!-- TODO: Decode? -->
        <Variable Name="D3D11_MESSAGE_ID"   Type="Alias"    Base="UINT" />
        <Variable Name="D3D11_MESSAGE_ID*"  Type="Pointer"  Base="D3D11_MESSAGE_ID" />

        <!-- D3D11_MESSAGE -->
        <Variable Name="D3D11_MESSAGE" Type="Struct">
            <Field Type="D3D11_MESSAGE_CATEGORY" 	Name="Category" />
            <Field Type="D3D11_MESSAGE_SEVERITY" 	Name="Severity" />
            <Field Type="D3D11_MESSAGE_ID" 	        Name="ID" />
            <Field Type="const char*"	            Name="pDescription" />
            <Field Type="SIZE_T" 	                Name="DescriptionByteLength" />
        </Variable>
        <Variable Name="D3D11_MESSAGE*" Type="Pointer" Base="D3D11_MESSAGE" />

        <!-- D3D11_INFO_QUEUE_FILTER_DESC -->
        <Variable Name="D3D11_INFO_QUEUE_FILTER_DESC" Type="Struct">
            <Field Type="UINT" 	                    Name="NumCategories" />
            <Field Type="D3D11_MESSAGE_CATEGORY*" 	Name="pCategoryList" />
            <Field Type="UINT" 	                    Name="NumSeverities" />
            <Field Type="D3D11_MESSAGE_SEVERITY*" 	Name="pSeverityList" />
            <Field Type="UINT" 	                    Name="NumIDs" />
            <Field Type="D3D11_MESSAGE_ID*" 	    Name="pIDList" />
        </Variable>

        <!-- D3D11_INFO_QUEUE_FILTER -->
        <Variable Name="D3D11_INFO_QUEUE_FILTER" Type="Struct">
            <Field Type="D3D11_INFO_QUEUE_FILTER_DESC" 	Name="AllowList" />
            <Field Type="D3D11_INFO_QUEUE_FILTER_DESC" 	Name="DenyList" />
        </Variable>
        <Variable Name="D3D11_INFO_QUEUE_FILTER*" Type="Pointer" Base="D3D11_INFO_QUEUE_FILTER" />

        <!-- D3D11_BUFFER_DESC -->
        <Variable Name="D3D11_BUFFER_DESC" Type="Struct">
            <Field Type="UINT" 	                    Name="ByteWidth" />
            <Field Type="D3D11_USAGE" 	            Name="Usage" />
            <Field Type="D3D11_BIND_FLAG" 	        Name="BindFlags" />
            <Field Type="D3D11_CPU_ACCESS_FLAG"     Name="CPUAccessFlags" />
            <Field Type="D3D11_RESOURCE_MISC_FLAG" 	Name="MiscFlags" />
            <Field Type="UINT" 	                    Name="StructureByteStride" />
        </Variable>
        <Variable Name="D3D11_BUFFER_DESC*"         Type="Pointer" Base="D3D11_BUFFER_DESC" />
        <Variable Name="const D3D11_BUFFER_DESC*"   Type="Pointer" Base="D3D11_BUFFER_DESC" />

        <!-- D3D11_SUBRESOURCE_DATA -->
        <Variable Name="D3D11_SUBRESOURCE_DATA" Type="Struct">
            <Field Type="const void*"	Name="pSysMem" />
            <Field Type="UINT" 	        Name="SysMemPitch" />
            <Field Type="UINT" 	        Name="SysMemSlicePitch" />
        </Variable>
        <Variable Name="const D3D11_SUBRESOURCE_DATA*" Type="Pointer" Base="D3D11_SUBRESOURCE_DATA" />

        <!-- D3D11_TEXTURE1D_DESC -->
        <Variable Name="D3D11_TEXTURE1D_DESC" Type="Struct">
            <Field Type="UINT" 	                    Name="Width" />
            <Field Type="UINT" 	                    Name="MipLevels" />
            <Field Type="UINT"              	    Name="ArraySize" />
            <Field Type="DXGI_FORMAT" 	            Name="Format" />
            <Field Type="D3D11_USAGE" 	            Name="Usage" />
            <Field Type="D3D11_BIND_FLAG" 	        Name="BindFlags" />
            <Field Type="D3D11_CPU_ACCESS_FLAG" 	Name="CPUAccessFlags" />
            <Field Type="D3D11_RESOURCE_MISC_FLAG"  Name="MiscFlags" />
        </Variable>
        <Variable Name="D3D11_TEXTURE1D_DESC*"          Type="Pointer" Base="D3D11_TEXTURE1D_DESC" />
        <Variable Name="const D3D11_TEXTURE1D_DESC*"    Type="Pointer" Base="D3D11_TEXTURE1D_DESC" />

        <!-- D3D11_TEXTURE2D_DESC -->
        <Variable Name="D3D11_TEXTURE2D_DESC" Type="Struct">
            <Field Type="UINT" 	                    Name="Width" />
            <Field Type="UINT" 	                    Name="Height" />
            <Field Type="UINT" 	                    Name="MipLevels" />
            <Field Type="UINT" 	                    Name="ArraySize" />
            <Field Type="DXGI_FORMAT" 	            Name="Format" />
            <Field Type="DXGI_SAMPLE_DESC" 	        Name="SampleDesc" />
            <Field Type="D3D11_USAGE" 	            Name="Usage" />
            <Field Type="D3D11_BIND_FLAG" 	        Name="BindFlags" />
            <Field Type="D3D11_CPU_ACCESS_FLAG" 	Name="CPUAccessFlags" />
            <Field Type="D3D11_RESOURCE_MISC_FLAG" 	Name="MiscFlags" />
        </Variable>
        <Variable Name="D3D11_TEXTURE2D_DESC*"          Type="Pointer" Base="D3D11_TEXTURE2D_DESC" />
        <Variable Name="const D3D11_TEXTURE2D_DESC*"    Type="Pointer" Base="D3D11_TEXTURE2D_DESC" />

        <!-- D3D11_TEXTURE3D_DESC -->
        <Variable Name="D3D11_TEXTURE3D_DESC" Type="Struct">
            <Field Type="UINT"                      Name="Width" />
            <Field Type="UINT"                      Name="Height" />
            <Field Type="UINT"                      Name="Depth" />
            <Field Type="UINT"                      Name="MipLevels" />
            <Field Type="DXGI_FORMAT"               Name="Format" />
            <Field Type="D3D11_USAGE"               Name="Usage" />
            <Field Type="D3D11_BIND_FLAG"           Name="BindFlags" />
            <Field Type="D3D11_CPU_ACCESS_FLAG"     Name="CPUAccessFlags" />
            <Field Type="D3D11_RESOURCE_MISC_FLAG"  Name="MiscFlags" />
        </Variable>
        <Variable Name="D3D11_TEXTURE3D_DESC*"          Type="Pointer" Base="D3D11_TEXTURE3D_DESC" />
        <Variable Name="const D3D11_TEXTURE3D_DESC*"    Type="Pointer" Base="D3D11_TEXTURE3D_DESC" />

        <!-- D3D11_STENCIL_OP -->
        <Variable Name="D3D11_STENCIL_OP" Type="Alias" Base="UINT">
            <Enum>
                <Set Name="D3D11_STENCIL_OP_KEEP"       Value="1" />
                <Set Name="D3D11_STENCIL_OP_ZERO"       Value="2" />
                <Set Name="D3D11_STENCIL_OP_REPLACE"    Value="3" />
                <Set Name="D3D11_STENCIL_OP_INCR_SAT"   Value="4" />
                <Set Name="D3D11_STENCIL_OP_DECR_SAT"   Value="5" />
                <Set Name="D3D11_STENCIL_OP_INVERT"     Value="6" />
                <Set Name="D3D11_STENCIL_OP_INCR"       Value="7" />
                <Set Name="D3D11_STENCIL_OP_DECR"       Value="8" />
            </Enum>
        </Variable>

        <!-- D3D11_COMPARISON_FUNC -->
        <Variable Name="D3D11_COMPARISON_FUNC" Type="Alias" Base="UINT">
            <Enum>
                <Set Name="D3D11_COMPARISON_NEVER"    			Value="1" />
                <Set Name="D3D11_COMPARISON_LESS"    			Value="2" />
                <Set Name="D3D11_COMPARISON_EQUAL"    			Value="3" />
                <Set Name="D3D11_COMPARISON_LESS_EQUAL"    		Value="4" />
                <Set Name="D3D11_COMPARISON_GREATER"    		Value="5" />
                <Set Name="D3D11_COMPARISON_NOT_EQUAL"    		Value="6" />
                <Set Name="D3D11_COMPARISON_GREATER_EQUAL"    	Value="7" />
                <Set Name="D3D11_COMPARISON_ALWAYS"             Value="8" />
            </Enum>
        </Variable>

        <!-- D3D11_DEPTH_STENCILOP_DESC -->
        <Variable Name="D3D11_DEPTH_STENCILOP_DESC" Type="Struct">
            <Field Type="D3D11_STENCIL_OP" 	        Name="StencilFailOp" />
            <Field Type="D3D11_STENCIL_OP" 	        Name="StencilDepthFailOp" />
            <Field Type="D3D11_STENCIL_OP" 	        Name="StencilPassOp" />
            <Field Type="D3D11_COMPARISON_FUNC" 	Name="StencilFunc" />
        </Variable>

        <!-- D3D11_DEPTH_WRITE_MASK -->
        <Variable Name="D3D11_DEPTH_WRITE_MASK" Type="Alias" Base="UINT">
            <Enum>
                <Set Name="D3D11_DEPTH_WRITE_MASK_ZERO"     Value="0" />
                <Set Name="D3D11_DEPTH_WRITE_MASK_ALL"      Value="1" />
            </Enum>
        </Variable>

        <!-- D3D11_DEPTH_STENCIL_DESC -->
        <Variable Name="D3D11_DEPTH_STENCIL_DESC" Type="Struct">
            <Field Type="BOOL" 	                        Name="DepthEnable" />
            <Field Type="D3D11_DEPTH_WRITE_MASK" 	    Name="DepthWriteMask" />
            <Field Type="D3D11_COMPARISON_FUNC" 	    Name="DepthFunc" />
            <Field Type="BOOL" 	                        Name="StencilEnable" />
            <Field Type="UINT8" 	                    Name="StencilReadMask" />
            <Field Type="UINT8" 	                    Name="StencilWriteMask" />
            <Field Type="D3D11_DEPTH_STENCILOP_DESC" 	Name="FrontFace" />
            <Field Type="D3D11_DEPTH_STENCILOP_DESC" 	Name="BackFace" />
        </Variable>
        <Variable Name="D3D11_DEPTH_STENCIL_DESC*"          Type="Pointer" Base="D3D11_DEPTH_STENCIL_DESC" />
        <Variable Name="const D3D11_DEPTH_STENCIL_DESC*"    Type="Pointer" Base="D3D11_DEPTH_STENCIL_DESC" />

        <!-- D3D11_FILL_MODE -->
        <Variable Name="D3D11_FILL_MODE" Type="Alias" Base="UINT">
            <Enum>
                <Set Name="D3D11_FILL_WIREFRAME"    Value="2" />
                <Set Name="D3D11_FILL_SOLID"        Value="3" />
            </Enum>
        </Variable>

        <!-- D3D11_CULL_MODE -->
        <Variable Name="D3D11_CULL_MODE" Type="Alias" Base="UINT">
            <Enum>
                <Set Name="D3D11_CULL_NONE"    	Value="1" />
                <Set Name="D3D11_CULL_FRONT"    Value="2" />
                <Set Name="D3D11_CULL_BACK"     Value="3" />
            </Enum>
        </Variable>

        <!-- D3D11_RASTERIZER_DESC -->
        <Variable Name="D3D11_RASTERIZER_DESC" Type="Struct">
            <Field Type="D3D11_FILL_MODE"   Name="FillMode" />
            <Field Type="D3D11_CULL_MODE"   Name="CullMode" />
            <Field Type="BOOL"              Name="FrontCounterClockwise" />
            <Field Type="INT"               Name="DepthBias" />
            <Field Type="FLOAT"             Name="DepthBiasClamp" />
            <Field Type="FLOAT"             Name="SlopeScaledDepthBias" />
            <Field Type="BOOL"              Name="DepthClipEnable" />
            <Field Type="BOOL"              Name="ScissorEnable" />
            <Field Type="BOOL"              Name="MultisampleEnable" />
            <Field Type="BOOL"              Name="AntialiasedLineEnable" />
        </Variable>
        <Variable Name="D3D11_RASTERIZER_DESC*"         Type="Pointer" Base="D3D11_RASTERIZER_DESC" />
        <Variable Name="const D3D11_RASTERIZER_DESC*"   Type="Pointer" Base="D3D11_RASTERIZER_DESC" />

        <!-- D3D11_QUERY_MISC_FLAG -->
        <Variable Name="D3D11_QUERY_MISC_FLAG" Type="Alias" Base="UINT">
            <Display Name="UINT" />
            <Flag>
                <Set Name="D3D11_QUERY_MISC_PREDICATEHINT" Value="0x1" />
            </Flag>
        </Variable>

        <!-- D3D11_QUERY -->
        <Variable Name="D3D11_QUERY" Type="Alias" Base="UINT">
            <Enum>
                <Set Name="D3D11_QUERY_EVENT"			                Value="0" />
                <Set Name="D3D11_QUERY_OCCLUSION"			            Value="1" />
                <Set Name="D3D11_QUERY_TIMESTAMP"			            Value="2" />
                <Set Name="D3D11_QUERY_TIMESTAMP_DISJOINT"			    Value="3" />
                <Set Name="D3D11_QUERY_PIPELINE_STATISTICS"			    Value="4" />
                <Set Name="D3D11_QUERY_OCCLUSION_PREDICATE"			    Value="5" />
                <Set Name="D3D11_QUERY_SO_STATISTICS"			        Value="6" />
                <Set Name="D3D11_QUERY_SO_OVERFLOW_PREDICATE"			Value="7" />
                <Set Name="D3D11_QUERY_SO_STATISTICS_STREAM0"			Value="8" />
                <Set Name="D3D11_QUERY_SO_OVERFLOW_PREDICATE_STREAM0"	Value="9" />
                <Set Name="D3D11_QUERY_SO_STATISTICS_STREAM1"			Value="10" />
                <Set Name="D3D11_QUERY_SO_OVERFLOW_PREDICATE_STREAM1"	Value="11" />
                <Set Name="D3D11_QUERY_SO_STATISTICS_STREAM2"			Value="12" />
                <Set Name="D3D11_QUERY_SO_OVERFLOW_PREDICATE_STREAM2"	Value="13" />
                <Set Name="D3D11_QUERY_SO_STATISTICS_STREAM3"			Value="14" />
                <Set Name="D3D11_QUERY_SO_OVERFLOW_PREDICATE_STREAM3"	Value="15" />
            </Enum>
        </Variable>

        <!-- D3D11_QUERY_DESC -->
        <Variable Name="D3D11_QUERY_DESC" Type="Struct">
            <Field Type="D3D11_QUERY"               Name="Query" />
            <Field Type="D3D11_QUERY_MISC_FLAG"     Name="MiscFlags" />
        </Variable>
        <Variable Name="D3D11_QUERY_DESC*"          Type="Pointer" Base="D3D11_QUERY_DESC" />
        <Variable Name="const D3D11_QUERY_DESC*"    Type="Pointer" Base="D3D11_QUERY_DESC" />

        <!-- D3D11_COUNTER -->
        <Variable Name="D3D11_COUNTER" Type="Alias" Base="UINT">
            <Enum>
                <Set Name="D3D11_COUNTER_DEVICE_DEPENDENT_0" Value="0x40000000" />
            </Enum>
        </Variable>

        <!-- D3D11_COUNTER_DESC -->
        <Variable Name="D3D11_COUNTER_DESC" Type="Struct">
            <Field Type="D3D11_COUNTER" 	Name="Counter" />
            <Field Type="UINT" 	            Name="MiscFlags" />
        </Variable>
        <Variable Name="D3D11_COUNTER_DESC*"            Type="Pointer" Base="D3D11_COUNTER_DESC" />
        <Variable Name="const D3D11_COUNTER_DESC*"      Type="Pointer" Base="D3D11_COUNTER_DESC" />

        <!-- D3D11_COUNTER_INFO -->
        <Variable Name="D3D11_COUNTER_INFO" Type="Struct">
            <Field Type="D3D11_COUNTER" 	Name="LastDeviceDependentCounter" />
            <Field Type="UINT" 	            Name="NumSimultaneousCounters" />
            <Field Type="UINT8" 	        Name="NumDetectableParallelUnits" />
        </Variable>
        <Variable Name="D3D11_COUNTER_INFO*" Type="Pointer" Base="D3D11_COUNTER_INFO" />

        <!-- D3D11_INPUT_CLASSIFICATION -->
        <Variable Name="D3D11_INPUT_CLASSIFICATION" Type="Alias" Base="UINT">
            <Enum>
                <Set Name="D3D11_INPUT_PER_VERTEX_DATA"     Value="0" />
                <Set Name="D3D11_INPUT_PER_INSTANCE_DATA"   Value="1" />
            </Enum>
        </Variable>

        <!-- D3D11_INPUT_ELEMENT_DESC -->
        <Variable Name="D3D11_INPUT_ELEMENT_DESC" Type="Struct">
            <Field Type="LPCSTR"                        Name="SemanticName" />
            <Field Type="UINT"                          Name="SemanticIndex" />
            <Field Type="DXGI_FORMAT"                   Name="Format" />
            <Field Type="UINT"                          Name="InputSlot" />
            <Field Type="UINT"                          Name="AlignedByteOffset" />
            <Field Type="D3D11_INPUT_CLASSIFICATION"    Name="InputSlotClass" />
            <Field Type="UINT"                          Name="InstanceDataStepRate" />
        </Variable>
        <Variable Name="const D3D11_INPUT_ELEMENT_DESC*" Type="Pointer" Base="D3D11_INPUT_ELEMENT_DESC" />

        <!-- D3D11_SO_DECLARATION_ENTRY -->
        <Variable Name="D3D11_SO_DECLARATION_ENTRY" Type="Struct">
            <Field Type="UINT" 	    Name="Stream" />
            <Field Type="LPCSTR" 	Name="SemanticName" />
            <Field Type="UINT" 	    Name="SemanticIndex" />
            <Field Type="BYTE" 	    Name="StartComponent" />
            <Field Type="BYTE" 	    Name="ComponentCount" />
            <Field Type="BYTE" 	    Name="OutputSlot" />
        </Variable>
        <Variable Name="const D3D11_SO_DECLARATION_ENTRY*" Type="Pointer" Base="D3D11_SO_DECLARATION_ENTRY" />

        <!-- D3D11_VIEWPORT -->
        <Variable Name="D3D11_VIEWPORT" Type="Struct">
            <Field Type="FLOAT" 	Name="TopLeftX" />
            <Field Type="FLOAT" 	Name="TopLeftY" />
            <Field Type="FLOAT" 	Name="Width" />
            <Field Type="FLOAT" 	Name="Height" />
            <Field Type="FLOAT" 	Name="MinDepth" />
            <Field Type="FLOAT" 	Name="MaxDepth" />
        </Variable>
        <Variable Name="D3D11_VIEWPORT*"        Type="Pointer" Base="D3D11_VIEWPORT" />
        <Variable Name="const D3D11_VIEWPORT*"  Type="Pointer" Base="D3D11_VIEWPORT" />

        <!-- D3D11_CLASS_INSTANCE_DESC -->
        <Variable Name="D3D11_CLASS_INSTANCE_DESC" Type="Struct">
            <Field Type="UINT"     Name="InstanceId" />
            <Field Type="UINT"     Name="InstanceIndex" />
            <Field Type="UINT"     Name="TypeId" />
            <Field Type="UINT"     Name="ConstantBuffer" />
            <Field Type="UINT"     Name="BaseConstantBufferOffset" />
            <Field Type="UINT"     Name="BaseTexture" />
            <Field Type="UINT"     Name="BaseSampler" />
            <Field Type="BOOL"     Name="Created" />
        </Variable>
        <Variable Name="D3D11_CLASS_INSTANCE_DESC*" Type="Pointer" Base="D3D11_CLASS_INSTANCE_DESC" />

        <!-- [D3D10_SHADER] -->
        <Variable Name="[D3D10_SHADER]" Type="Alias" Base="UINT">
            <Display Name="UINT" />
            <Flag>
                <Set Name="D3D10_SHADER_DEBUG"                              Value="0x1" />
                <Set Name="D3D10_SHADER_SKIP_VALIDATION"                    Value="0x2" />
                <Set Name="D3D10_SHADER_SKIP_OPTIMIZATION"                  Value="0x4" />
                <Set Name="D3D10_SHADER_PACK_MATRIX_ROW_MAJOR"              Value="0x8" />
                <Set Name="D3D10_SHADER_PACK_MATRIX_COLUMN_MAJOR"           Value="0x10" />
                <Set Name="D3D10_SHADER_PARTIAL_PRECISION"                  Value="0x20" />
                <Set Name="D3D10_SHADER_FORCE_VS_SOFTWARE_NO_OPT"           Value="0x40" />
                <Set Name="D3D10_SHADER_FORCE_PS_SOFTWARE_NO_OPT"           Value="0x80" />
                <Set Name="D3D10_SHADER_NO_PRESHADER"                       Value="0x100" />
                <Set Name="D3D10_SHADER_AVOID_FLOW_CONTROL"                 Value="0x200" />
                <Set Name="D3D10_SHADER_PREFER_FLOW_CONTROL"                Value="0x400" />
                <Set Name="D3D10_SHADER_ENABLE_STRICTNESS"                  Value="0x800" />
                <Set Name="D3D10_SHADER_ENABLE_BACKWARDS_COMPATIBILITY"     Value="0x1000" />
                <Set Name="D3D10_SHADER_IEEE_STRICTNESS"                    Value="0x2000" />
                <Set Name="D3D10_SHADER_WARNINGS_ARE_ERRORS"                Value="0x40000" />
                <Set Name="D3D10_SHADER_OPTIMIZATION_LEVEL0"                Value="0x4000" />
                <Set Name="D3D10_SHADER_OPTIMIZATION_LEVEL1"                Value="0" />
                <Set Name="D3D10_SHADER_OPTIMIZATION_LEVEL2"                Value="0xC000" />
                <Set Name="D3D10_SHADER_OPTIMIZATION_LEVEL3"                Value="0x8000" />
            </Flag>
        </Variable>

        <!-- [D3D10_EFFECT] -->
        <Variable Name="[D3D10_EFFECT]" Type="Alias" Base="UINT">
            <Display Name="UINT" />
            <Flag>
                <Set Name="D3D10_EFFECT_COMPILE_CHILD_EFFECT"       Value="0x1" />
                <Set Name="D3D10_EFFECT_COMPILE_ALLOW_SLOW_OPS"     Value="0x2" />
                <Set Name="D3D10_EFFECT_SINGLE_THREADED"            Value="0x8" />
            </Flag>
        </Variable>

        <!-- API's -->
        <Api Name="CreateBuffer">
            <Param Type="const D3D11_BUFFER_DESC*" Name="pDesc" />
            <Param Type="const D3D11_SUBRESOURCE_DATA*" Name="pInitialData" />
            <Param Type="ID3D11Buffer**" Name="ppBuffer" />
            <Return Type="HRESULT" />
            <Success Return="Equal" Value="0" />
        </Api>
        <Api Name="CreateTexture1D">
            <Param Type="const D3D11_TEXTURE1D_DESC*" Name="pDesc" />
            <Param Type="const D3D11_SUBRESOURCE_DATA*" Name="pInitialData" />
            <Param Type="ID3D11Texture1D**" Name="ppTexture1D" />
            <Return Type="HRESULT" />
            <Success Return="Equal" Value="0" />
        </Api>
        <Api Name="CreateTexture2D">
            <Param Type="const D3D11_TEXTURE2D_DESC*" Name="pDesc" />
            <Param Type="const D3D11_SUBRESOURCE_DATA*" Name="pInitialData" />
            <Param Type="ID3D11Texture2D**" Name="ppTexture2D" />
            <Return Type="HRESULT" />
            <Success Return="Equal" Value="0" />
        </Api>
        <Api Name="CreateTexture3D">
            <Param Type="const D3D11_TEXTURE3D_DESC*" Name="pDesc" />
            <Param Type="const D3D11_SUBRESOURCE_DATA*" Name="pInitialData" />
            <Param Type="ID3D11Texture3D**" Name="ppTexture3D" />
            <Return Type="HRESULT" />
            <Success Return="Equal" Value="0" />
        </Api>
        <Api Name="CreateShaderResourceView">
            <Param Type="ID3D11Resource*" Name="pResource" />
            <Param Type="const D3D11_SHADER_RESOURCE_VIEW_DESC*" Name="pDesc" />
            <Param Type="ID3D11ShaderResourceView**" Name="ppSRView" />
            <Return Type="HRESULT" />
            <Success Return="Equal" Value="0" />
        </Api>
        <Api Name="CreateUnorderedAccessView">
            <Param Type="ID3D11Resource*" Name="pResource" />
            <Param Type="const D3D11_UNORDERED_ACCESS_VIEW_DESC*" Name="pDesc" />
            <Param Type="ID3D11UnorderedAccessView**" Name="ppUAView" />
            <Return Type="HRESULT" />
            <Success Return="Equal" Value="0" />
        </Api>
        <Api Name="CreateRenderTargetView">
            <Param Type="ID3D11Resource*" Name="pResource" />
            <Param Type="const D3D11_RENDER_TARGET_VIEW_DESC*" Name="pDesc" />
            <Param Type="ID3D11RenderTargetView**" Name="ppRTView" />
            <Return Type="HRESULT" />
            <Success Return="Equal" Value="0" />
        </Api>
        <Api Name="CreateDepthStencilView">
            <Param Type="ID3D11Resource*" Name="pResource" />
            <Param Type="const D3D11_DEPTH_STENCIL_VIEW_DESC*" Name="pDesc" />
            <Param Type="ID3D11DepthStencilView**" Name="ppDepthStencilView" />
            <Return Type="HRESULT" />
            <Success Return="Equal" Value="0" />
        </Api>
        <Api Name="CreateInputLayout">
            <Param Type="const D3D11_INPUT_ELEMENT_DESC*" Name="pInputElementDescs" />
            <Param Type="UINT" Name="NumElements" />
            <Param Type="const void*" Name="pShaderBytecodeWithInputSignature" />
            <Param Type="SIZE_T" Name="BytecodeLength" />
            <Param Type="ID3D11InputLayout**" Name="ppInputLayout" />
            <Return Type="HRESULT" />
            <Success Return="Equal" Value="0" />
        </Api>
        <Api Name="CreateVertexShader">
            <Param Type="const void*" Name="pShaderBytecode" />
            <Param Type="SIZE_T" Name="BytecodeLength" />
            <Param Type="ID3D11ClassLinkage*" Name="pClassLinkage" />
            <Param Type="ID3D11VertexShader**" Name="ppVertexShader" />
            <Return Type="HRESULT" />
            <Success Return="Equal" Value="0" />
        </Api>
        <Api Name="CreateGeometryShader">
            <Param Type="const void*" Name="pShaderBytecode" />
            <Param Type="SIZE_T" Name="BytecodeLength" />
            <Param Type="ID3D11ClassLinkage*" Name="pClassLinkage" />
            <Param Type="ID3D11GeometryShader**" Name="ppGeometryShader" />
            <Return Type="HRESULT" />
            <Success Return="Equal" Value="0" />
        </Api>
        <Api Name="CreateGeometryShaderWithStreamOutput">
            <Param Type="const void*" Name="pShaderBytecode" />
            <Param Type="SIZE_T" Name="BytecodeLength" />
            <Param Type="const D3D11_SO_DECLARATION_ENTRY*" Name="pSODeclaration" />
            <Param Type="UINT" Name="NumEntries" />
            <Param Type="const UINT*" Name="pBufferStrides" />
            <Param Type="UINT" Name="NumStrides" />
            <Param Type="UINT" Name="RasterizedStream" />
            <Param Type="ID3D11ClassLinkage*" Name="pClassLinkage" />
            <Param Type="ID3D11GeometryShader**" Name="ppGeometryShader" />
            <Return Type="HRESULT" />
            <Success Return="Equal" Value="0" />
        </Api>
        <Api Name="CreatePixelShader">
            <Param Type="const void*" Name="pShaderBytecode" />
            <Param Type="SIZE_T" Name="BytecodeLength" />
            <Param Type="ID3D11ClassLinkage*" Name="pClassLinkage" />
            <Param Type="ID3D11PixelShader**" Name="ppPixelShader" />
            <Return Type="HRESULT" />
            <Success Return="Equal" Value="0" />
        </Api>
        <Api Name="CreateHullShader">
            <Param Type="const void*" Name="pShaderBytecode" />
            <Param Type="SIZE_T" Name="BytecodeLength" />
            <Param Type="ID3D11ClassLinkage*" Name="pClassLinkage" />
            <Param Type="ID3D11HullShader**" Name="ppHullShader" />
            <Return Type="HRESULT" />
            <Success Return="Equal" Value="0" />
        </Api>
        <Api Name="CreateDomainShader">
            <Param Type="const void*" Name="pShaderBytecode" />
            <Param Type="SIZE_T" Name="BytecodeLength" />
            <Param Type="ID3D11ClassLinkage*" Name="pClassLinkage" />
            <Param Type="ID3D11DomainShader**" Name="ppDomainShader" />
            <Return Type="HRESULT" />
            <Success Return="Equal" Value="0" />
        </Api>
        <Api Name="CreateComputeShader">
            <Param Type="const void*" Name="pShaderBytecode" />
            <Param Type="SIZE_T" Name="BytecodeLength" />
            <Param Type="ID3D11ClassLinkage*" Name="pClassLinkage" />
            <Param Type="ID3D11ComputeShader**" Name="ppComputeShader" />
            <Return Type="HRESULT" />
            <Success Return="Equal" Value="0" />
        </Api>
        <Api Name="CreateClassLinkage">
            <Param Type="ID3D11ClassLinkage**" Name="ppLinkage" />
            <Return Type="HRESULT" />
            <Success Return="Equal" Value="0" />
        </Api>
        <Api Name="CreateBlendState">
            <Param Type="const D3D11_BLEND_DESC*" Name="pBlendStateDesc" />
            <Param Type="ID3D11BlendState**" Name="ppBlendState" />
            <Return Type="HRESULT" />
            <Success Return="Equal" Value="0" />
        </Api>
        <Api Name="CreateDepthStencilState">
            <Param Type="const D3D11_DEPTH_STENCIL_DESC*" Name="pDepthStencilDesc" />
            <Param Type="ID3D11DepthStencilState**" Name="ppDepthStencilState" />
            <Return Type="HRESULT" />
            <Success Return="Equal" Value="0" />
        </Api>
        <Api Name="CreateRasterizerState">
            <Param Type="const D3D11_RASTERIZER_DESC*" Name="pRasterizerDesc" />
            <Param Type="ID3D11RasterizerState**" Name="ppRasterizerState" />
            <Return Type="HRESULT" />
            <Success Return="Equal" Value="0" />
        </Api>
        <Api Name="CreateSamplerState">
            <Param Type="const D3D11_SAMPLER_DESC*" Name="pSamplerDesc" />
            <Param Type="ID3D11SamplerState**" Name="ppSamplerState" />
            <Return Type="HRESULT" />
            <Success Return="Equal" Value="0" />
        </Api>
        <Api Name="CreateQuery">
            <Param Type="const D3D11_QUERY_DESC*" Name="pQueryDesc" />
            <Param Type="ID3D11Query**" Name="ppQuery" />
            <Return Type="HRESULT" />
            <Success Return="Equal" Value="0" />
        </Api>
        <Api Name="CreatePredicate">
            <Param Type="const D3D11_QUERY_DESC*" Name="pPredicateDesc" />
            <Param Type="ID3D11Predicate**" Name="ppPredicate" />
            <Return Type="HRESULT" />
            <Success Return="Equal" Value="0" />
        </Api>
        <Api Name="CreateCounter">
            <Param Type="const D3D11_COUNTER_DESC*" Name="pCounterDesc" />
            <Param Type="ID3D11Counter**" Name="ppCounter" />
            <Return Type="HRESULT" />
            <Success Return="Equal" Value="0" />
        </Api>
        <Api Name="CreateDeferredContext">
            <Param Type="UINT" Name="ContextFlags" />
            <Param Type="ID3D11DeviceContext**" Name="ppDeferredContext" />
            <Return Type="HRESULT" />
            <Success Return="Equal" Value="0" />
        </Api>
        <Api Name="OpenSharedResource">
            <Param Type="HANDLE" Name="hResource" />
            <Param Type="REFIID" Name="ReturnedInterface" />
            <Param Type="void**" Name="ppResource" />
            <Return Type="HRESULT" />
            <Success Return="Equal" Value="0" />
        </Api>
        <Api Name="CheckFormatSupport">
            <Param Type="DXGI_FORMAT" Name="Format" />
            <Param Type="D3D11_FORMAT_SUPPORT*" Name="pFormatSupport" />
            <Return Type="HRESULT" />
            <Success Return="Equal" Value="0" />
        </Api>
        <Api Name="CheckMultisampleQualityLevels">
            <Param Type="DXGI_FORMAT" Name="Format" />
            <Param Type="UINT" Name="SampleCount" />
            <Param Type="UINT*" Name="pNumQualityLevels" />
            <Return Type="HRESULT" />
            <Success Return="Equal" Value="0" />
        </Api>
        <Api Name="CheckCounterInfo">
            <Param Type="D3D11_COUNTER_INFO*" Name="pCounterInfo" />
            <Return Type="void" />
        </Api>
        <Api Name="CheckCounter">
            <Param Type="const D3D11_COUNTER_DESC*" Name="pDesc" />
            <Param Type="D3D11_COUNTER_TYPE*" Name="pType" />
            <Param Type="UINT*" Name="pActiveCounters" />
            <Param Type="LPSTR" Name="szName" />
            <Param Type="UINT*" Name="pNameLength" />
            <Param Type="LPSTR" Name="szUnits" />
            <Param Type="UINT*" Name="pUnitsLength" />
            <Param Type="LPSTR" Name="szDescription" />
            <Param Type="UINT*" Name="pDescriptionLength" />
            <Return Type="HRESULT" />
            <Success Return="Equal" Value="0" />
        </Api>
        <Api Name="CheckFeatureSupport">
            <Param Type="D3D11_FEATURE" Name="Feature" />
            <Param Type="void*" Name="pFeatureSupportData" PostLength="FeatureSupportDataSize" />
            <Param Type="UINT" Name="FeatureSupportDataSize" />
            <Return Type="HRESULT" />
            <Success Return="Equal" Value="0" />
        </Api>
        <Api Name="GetPrivateData">
            <Param Type="REFGUID" Name="guid" />
            <Param Type="UINT*" Name="pDataSize" />
            <Param Type="void*" Name="pData" />
            <Return Type="HRESULT" />
            <Success Return="Equal" Value="0" />
        </Api>
        <Api Name="SetPrivateData">
            <Param Type="REFGUID" Name="guid" />
            <Param Type="UINT" Name="DataSize" />
            <Param Type="const void*" Name="pData" Length="DataSize" />
            <Return Type="HRESULT" />
            <Success Return="Equal" Value="0" />
        </Api>
        <Api Name="SetPrivateDataInterface">
            <Param Type="REFGUID" Name="guid" />
            <Param Type="const IUnknown*" Name="pData" />
            <Return Type="HRESULT" />
            <Success Return="Equal" Value="0" />
        </Api>
        <Api Name="GetFeatureLevel">
            <Return Type="D3D_FEATURE_LEVEL" />
            <Success Return="NotEqual" Value="0" />
        </Api>
        <Api Name="GetCreationFlags">
            <Return Type="UINT" />
            <Success Return="NotEqual" Value="0" />
        </Api>
        <Api Name="GetDeviceRemovedReason">
            <Return Type="HRESULT" />
            <Success Return="Equal" Value="0" />
        </Api>
        <Api Name="GetImmediateContext">
            <Param Type="ID3D11DeviceContext**" Name="ppImmediateContext" />
            <Return Type="void" />
        </Api>
        <Api Name="SetExceptionMode">
            <Param Type="UINT" Name="RaiseFlags" />
            <Return Type="HRESULT" />
            <Success Return="Equal" Value="0" />
        </Api>
        <Api Name="GetExceptionMode">
            <Return Type="UINT" />
            <Success Return="NotEqual" Value="0" />
        </Api>
    </Interface>
</ApiMonitor>