<!--
    API Monitor Definitions
    (c) 2010-2011, Rohitab Batra <rohitab@rohitab.com>
    http://www.rohitab.com/apimonitor/
-->
<ApiMonitor>
    <Include Filename="Interfaces\DirectX\11\D3DX\d3dX11_43.xml" />
    <Module Name="d3dcsx_43.dll" CallingConvention="STDCALL" OnlineHelp="MSDN" ErrorFunc="HRESULT" Category="Graphics and Multimedia/DirectX/Direct3D 11/D3DX">
        <Api Name="D3DX11CreateScan">
            <Param Type="ID3D11DeviceContext*" Name="pDeviceContext" />
            <Param Type="UINT" Name="MaxElementScanSize" />
            <Param Type="UINT" Name="MaxScanCount" />
            <Param Type="ID3DX11Scan**" Name="ppScan" />
            <Return Type="HRESULT" />
            <Success Return="Equal" Value="0" />
        </Api>
        <Api Name="D3DX11CreateSegmentedScan">
            <Param Type="ID3D11DeviceContext*" Name="pDeviceContext" />
            <Param Type="UINT" Name="MaxElementScanSize" />
            <Param Type="ID3DX11SegmentedScan**" Name="ppScan" />
            <Return Type="HRESULT" />
            <Success Return="Equal" Value="0" />
        </Api>
        <Api Name="D3DX11CreateFFT">
            <Param Type="ID3D11DeviceContext*" Name="pDeviceContext" />
            <Param Type="const D3DX11_FFT_DESC*" Name="pDesc" />
            <Param Type="UINT" Name="Flags" />
            <Param Type="D3DX11_FFT_BUFFER_INFO*" Name="pBufferInfo" />
            <Param Type="ID3DX11FFT**" Name="ppFFT" />
            <Return Type="HRESULT" />
            <Success Return="Equal" Value="0" />
        </Api>
        <Api Name="D3DX11CreateFFT1DComplex">
            <Param Type="ID3D11DeviceContext*" Name="pDeviceContext" />
            <Param Type="UINT" Name="X" />
            <Param Type="UINT" Name="Flags" />
            <Param Type="D3DX11_FFT_BUFFER_INFO*" Name="pBufferInfo" />
            <Param Type="ID3DX11FFT**" Name="ppFFT" />
            <Return Type="HRESULT" />
            <Success Return="Equal" Value="0" />
        </Api>
        <Api Name="D3DX11CreateFFT1DReal">
            <Param Type="ID3D11DeviceContext*" Name="pDeviceContext" />
            <Param Type="UINT" Name="X" />
            <Param Type="UINT" Name="Flags" />
            <Param Type="D3DX11_FFT_BUFFER_INFO*" Name="pBufferInfo" />
            <Param Type="ID3DX11FFT**" Name="ppFFT" />
            <Return Type="HRESULT" />
            <Success Return="Equal" Value="0" />
        </Api>
        <Api Name="D3DX11CreateFFT2DComplex">
            <Param Type="ID3D11DeviceContext*" Name="pDeviceContext" />
            <Param Type="UINT" Name="X" />
            <Param Type="UINT" Name="Y" />
            <Param Type="UINT" Name="Flags" />
            <Param Type="D3DX11_FFT_BUFFER_INFO*" Name="pBufferInfo" />
            <Param Type="ID3DX11FFT**" Name="ppFFT" />
            <Return Type="HRESULT" />
            <Success Return="Equal" Value="0" />
        </Api>
        <Api Name="D3DX11CreateFFT2DReal">
            <Param Type="ID3D11DeviceContext*" Name="pDeviceContext" />
            <Param Type="UINT" Name="X" />
            <Param Type="UINT" Name="Y" />
            <Param Type="UINT" Name="Flags" />
            <Param Type="D3DX11_FFT_BUFFER_INFO*" Name="pBufferInfo" />
            <Param Type="ID3DX11FFT**" Name="ppFFT" />
            <Return Type="HRESULT" />
            <Success Return="Equal" Value="0" />
        </Api>
        <Api Name="D3DX11CreateFFT3DComplex">
            <Param Type="ID3D11DeviceContext*" Name="pDeviceContext" />
            <Param Type="UINT" Name="X" />
            <Param Type="UINT" Name="Y" />
            <Param Type="UINT" Name="Z" />
            <Param Type="UINT" Name="Flags" />
            <Param Type="D3DX11_FFT_BUFFER_INFO*" Name="pBufferInfo" />
            <Param Type="ID3DX11FFT**" Name="ppFFT" />
            <Return Type="HRESULT" />
            <Success Return="Equal" Value="0" />
        </Api>
        <Api Name="D3DX11CreateFFT3DReal">
            <Param Type="ID3D11DeviceContext*" Name="pDeviceContext" />
            <Param Type="UINT" Name="X" />
            <Param Type="UINT" Name="Y" />
            <Param Type="UINT" Name="Z" />
            <Param Type="UINT" Name="Flags" />
            <Param Type="D3DX11_FFT_BUFFER_INFO*" Name="pBufferInfo" />
            <Param Type="ID3DX11FFT**" Name="ppFFT" />
            <Return Type="HRESULT" />
            <Success Return="Equal" Value="0" />
        </Api>
    </Module>
</ApiMonitor>