<!--
    API Monitor Definitions
    (c) 2010-2011, Rohitab Batra <rohitab@rohitab.com>
    http://www.rohitab.com/apimonitor/
-->
<ApiMonitor>
    <Module Name="d3dx11_43.dll" CallingConvention="STDCALL" OnlineHelp="MSDN" ErrorFunc="HRESULT" Category="Graphics and Multimedia/DirectX/Direct3D 11/D3DX">
        <!-- Methods -->
        <Api Name="D3DX11CompileFromFile" BothCharset="True">
            <Param Type="LPCTSTR" Name="pSrcFile" />
            <Param Type="const D3D10_SHADER_MACRO*" Name="pDefines" />
            <Param Type="LPD3D10INCLUDE" Name="pInclude" />
            <Param Type="LPCSTR" Name="pFunctionName" />
            <Param Type="LPCSTR" Name="pProfile" />
            <Param Type="[D3D10_SHADER]" Name="Flags1" />
            <Param Type="[D3D10_EFFECT]" Name="Flags2" />
            <Param Type="ID3DX11ThreadPump*" Name="pPump" />
            <Param Type="ID3D10Blob**" Name="ppShader" />
            <Param Type="ID3D10Blob**" Name="ppErrorMsgs" />
            <Param Type="HRESULT*" Name="pHResult" />
            <Return Type="HRESULT" />
            <Success Return="Equal" Value="0" />
        </Api>
        <Api Name="D3DX11CompileFromMemory">
            <Param Type="LPCSTR" Name="pSrcData" />
            <Param Type="SIZE_T" Name="SrcDataLen" />
            <Param Type="LPCSTR" Name="pFileName" />
            <Param Type="const D3D10_SHADER_MACRO*" Name="pDefines" />
            <Param Type="LPD3D10INCLUDE" Name="pInclude" />
            <Param Type="LPCSTR" Name="pFunctionName" />
            <Param Type="LPCSTR" Name="pProfile" />
            <Param Type="UINT" Name="Flags1" />
            <Param Type="UINT" Name="Flags2" />
            <Param Type="ID3DX11ThreadPump*" Name="pPump" />
            <Param Type="ID3D10Blob**" Name="ppShader" />
            <Param Type="ID3D10Blob**" Name="ppErrorMsgs" />
            <Param Type="HRESULT*" Name="pHResult" />
            <Return Type="HRESULT" />
            <Success Return="Equal" Value="0" />
        </Api>
        <Api Name="D3DX11CompileFromResource" BothCharset="True">
            <Param Type="HMODULE" Name="hSrcModule" />
            <Param Type="LPCTSTR" Name="pSrcResource" />
            <Param Type="LPCTSTR" Name="pSrcFileName" />
            <Param Type="const D3D10_SHADER_MACRO*" Name="pDefines" />
            <Param Type="LPD3D10INCLUDE" Name="pInclude" />
            <Param Type="LPCSTR" Name="pFunctionName" />
            <Param Type="LPCSTR" Name="pProfile" />
            <Param Type="UINT" Name="Flags1" />
            <Param Type="UINT" Name="Flags2" />
            <Param Type="ID3DX11ThreadPump*" Name="pPump" />
            <Param Type="ID3D10Blob**" Name="ppShader" />
            <Param Type="ID3D10Blob**" Name="ppErrorMsgs" />
            <Param Type="HRESULT*" Name="pHResult" />
            <Return Type="HRESULT" />
            <Success Return="Equal" Value="0" />
        </Api>
        <Api Name="D3DX11ComputeNormalMap">
            <Param Type="ID3D11DeviceContext*" Name="pContext" />
            <Param Type="ID3D11Texture2D*" Name="pSrcTexture" />
            <Param Type="UINT" Name="Flags" />
            <Param Type="UINT" Name="Channel" />
            <Param Type="FLOAT" Name="Amplitude" />
            <Param Type="ID3D11Texture2D*" Name="pDestTexture" />
            <Return Type="HRESULT" />
            <Success Return="Equal" Value="0" />
        </Api>
        <Api Name="D3DX11CreateAsyncCompilerProcessor">
            <Param Type="LPCSTR" Name="pFileName" />
            <Param Type="const D3D11_SHADER_MACRO*" Name="pDefines" />
            <Param Type="LPD3D10INCLUDE" Name="pInclude" />
            <Param Type="LPCSTR" Name="pFunctionName" />
            <Param Type="LPCSTR" Name="pProfile" />
            <Param Type="UINT" Name="Flags1" />
            <Param Type="UINT" Name="Flags2" />
            <Param Type="ID3D10Blob**" Name="ppCompiledShader" />
            <Param Type="ID3D10Blob**" Name="ppErrorBuffer" />
            <Param Type="ID3DX11DataProcessor**" Name="ppDataProcessor" />
            <Return Type="HRESULT" />
            <Success Return="Equal" Value="0" />
        </Api>
        <Api Name="D3DX11CreateAsyncFileLoader" BothCharset="True">
            <Param Type="LPCTSTR" Name="pFileName" />
            <Param Type="ID3DX11DataLoader**" Name="ppDataLoader" />
            <Return Type="HRESULT" />
            <Success Return="Equal" Value="0" />
        </Api>
        <Api Name="D3DX11CreateAsyncMemoryLoader">
            <Param Type="LPCVOID" Name="pData" />
            <Param Type="SIZE_T" Name="cbData" />
            <Param Type="ID3DX11DataLoader**" Name="ppDataLoader" />
            <Return Type="HRESULT" />
            <Success Return="Equal" Value="0" />
        </Api>
        <Api Name="D3DX11CreateAsyncResourceLoader" BothCharset="True">
            <Param Type="HMODULE" Name="hSrcModule" />
            <Param Type="LPCTSTR" Name="pSrcResource" />
            <Param Type="ID3DX11DataLoader**" Name="ppDataLoader" />
            <Return Type="HRESULT" />
            <Success Return="Equal" Value="0" />
        </Api>
        <Api Name="D3DX11CreateAsyncShaderPreprocessProcessor">
            <Param Type="LPCSTR" Name="pFileName" />
            <Param Type="const D3D11_SHADER_MACRO*" Name="pDefines" />
            <Param Type="LPD3D10INCLUDE" Name="pInclude" />
            <Param Type="ID3D10Blob**" Name="ppShaderText" />
            <Param Type="ID3D10Blob**" Name="ppErrorBuffer" />
            <Param Type="ID3DX11DataProcessor**" Name="ppDataProcessor" />
            <Return Type="HRESULT" />
            <Success Return="Equal" Value="0" />
        </Api>
        <Api Name="D3DX11CreateAsyncShaderResourceViewProcessor">
            <Param Type="ID3D11Device*" Name="pDevice" />
            <Param Type="D3DX11_IMAGE_LOAD_INFO*" Name="pLoadInfo" />
            <Param Type="ID3DX11DataProcessor**" Name="ppDataProcessor" />
            <Return Type="HRESULT" />
            <Success Return="Equal" Value="0" />
        </Api>
        <Api Name="D3DX11CreateAsyncTextureInfoProcessor">
            <Param Type="D3DX11_IMAGE_INFO*" Name="pImageInfo" />
            <Param Type="ID3DX11DataProcessor**" Name="ppDataProcessor" />
            <Return Type="HRESULT" />
            <Success Return="Equal" Value="0" />
        </Api>
        <Api Name="D3DX11CreateAsyncTextureProcessor">
            <Param Type="ID3D11Device*" Name="pDevice" />
            <Param Type="D3DX11_IMAGE_LOAD_INFO*" Name="pLoadInfo" />
            <Param Type="ID3DX11DataProcessor**" Name="ppDataProcessor" />
            <Return Type="HRESULT" />
            <Success Return="Equal" Value="0" />
        </Api>
        <Api Name="D3DX11CreateShaderResourceViewFromFile" BothCharset="True">
            <Param Type="ID3D11Device*" Name="pDevice" />
            <Param Type="LPCTSTR" Name="pSrcFile" />
            <Param Type="D3DX11_IMAGE_LOAD_INFO*" Name="pLoadInfo" />
            <Param Type="ID3DX11ThreadPump*" Name="pPump" />
            <Param Type="ID3D11ShaderResourceView**" Name="ppShaderResourceView" />
            <Param Type="HRESULT*" Name="pHResult" />
            <Return Type="HRESULT" />
            <Success Return="Equal" Value="0" />
        </Api>
        <Api Name="D3DX11CreateShaderResourceViewFromMemory">
            <Param Type="ID3D11Device*" Name="pDevice" />
            <Param Type="LPCVOID" Name="pSrcData" />
            <Param Type="SIZE_T" Name="SrcDataSize" />
            <Param Type="D3DX11_IMAGE_LOAD_INFO*" Name="pLoadInfo" />
            <Param Type="ID3DX11ThreadPump*" Name="pPump" />
            <Param Type="ID3D11ShaderResourceView**" Name="ppShaderResourceView" />
            <Param Type="HRESULT*" Name="pHResult" />
            <Return Type="HRESULT" />
            <Success Return="Equal" Value="0" />
        </Api>
        <Api Name="D3DX11CreateShaderResourceViewFromResource" BothCharset="True">
            <Param Type="ID3D11Device*" Name="pDevice" />
            <Param Type="HMODULE" Name="hSrcModule" />
            <Param Type="LPCTSTR" Name="pSrcResource" />
            <Param Type="D3DX11_IMAGE_LOAD_INFO*" Name="pLoadInfo" />
            <Param Type="ID3DX11ThreadPump*" Name="pPump" />
            <Param Type="ID3D11ShaderResourceView**" Name="ppShaderResourceView" />
            <Param Type="HRESULT*" Name="pHResult" />
            <Return Type="HRESULT" />
            <Success Return="Equal" Value="0" />
        </Api>
        <Api Name="D3DX11CreateTextureFromFile" BothCharset="True">
            <Param Type="ID3D11Device*" Name="pDevice" />
            <Param Type="LPCTSTR" Name="pSrcFile" />
            <Param Type="D3DX11_IMAGE_LOAD_INFO*" Name="pLoadInfo" />
            <Param Type="ID3DX11ThreadPump*" Name="pPump" />
            <Param Type="ID3D11Resource**" Name="ppTexture" />
            <Param Type="HRESULT*" Name="pHResult" />
            <Return Type="HRESULT" />
            <Success Return="Equal" Value="0" />
        </Api>
        <Api Name="D3DX11CreateTextureFromMemory">
            <Param Type="ID3D11Device*" Name="pDevice" />
            <Param Type="LPCVOID" Name="pSrcData" />
            <Param Type="SIZE_T" Name="SrcDataSize" />
            <Param Type="D3DX11_IMAGE_LOAD_INFO*" Name="pLoadInfo" />
            <Param Type="ID3DX11ThreadPump*" Name="pPump" />
            <Param Type="ID3D11Resource**" Name="ppTexture" />
            <Param Type="HRESULT*" Name="pHResult" />
            <Return Type="HRESULT" />
            <Success Return="Equal" Value="0" />
        </Api>
        <Api Name="D3DX11CreateTextureFromResource" BothCharset="True">
            <Param Type="ID3D11Device*" Name="pDevice" />
            <Param Type="HMODULE" Name="hSrcModule" />
            <Param Type="LPCTSTR" Name="pSrcResource" />
            <Param Type="D3DX11_IMAGE_LOAD_INFO*" Name="pLoadInfo" />
            <Param Type="ID3DX11ThreadPump*" Name="pPump" />
            <Param Type="ID3D11Resource**" Name="ppTexture" />
            <Param Type="HRESULT*" Name="pHResult" />
            <Return Type="HRESULT" />
            <Success Return="Equal" Value="0" />
        </Api>
        <Api Name="D3DX11CreateThreadPump">
            <Param Type="UINT" Name="cIoThreads" />
            <Param Type="UINT" Name="cProcThreads" />
            <Param Type="ID3DX11ThreadPump**" Name="ppThreadPump" />
            <Return Type="HRESULT" />
            <Success Return="Equal" Value="0" />
        </Api>
        <Api Name="D3DX11FilterTexture">
            <Param Type="ID3D11DeviceContext*" Name="pContext" />
            <Param Type="ID3D11Resource*" Name="pTexture" />
            <Param Type="UINT" Name="SrcLevel" />
            <Param Type="UINT" Name="MipFilter" />
            <Return Type="HRESULT" />
            <Success Return="Equal" Value="0" />
        </Api>
        <Api Name="D3DX11GetImageInfoFromFile" BothCharset="True">
            <Param Type="LPCTSTR" Name="pSrcFile" />
            <Param Type="ID3DX11ThreadPump*" Name="pPump" />
            <Param Type="D3DX11_IMAGE_INFO*" Name="pSrcInfo" />
            <Param Type="HRESULT*" Name="pHResult" />
            <Return Type="HRESULT" />
            <Success Return="Equal" Value="0" />
        </Api>
        <Api Name="D3DX11GetImageInfoFromMemory">
            <Param Type="LPCVOID" Name="pSrcData" />
            <Param Type="SIZE_T" Name="SrcDataSize" />
            <Param Type="ID3DX11ThreadPump*" Name="pPump" />
            <Param Type="D3DX11_IMAGE_INFO*" Name="pSrcInfo" />
            <Param Type="HRESULT*" Name="pHResult" />
            <Return Type="HRESULT" />
            <Success Return="Equal" Value="0" />
        </Api>
        <Api Name="D3DX11GetImageInfoFromResource" BothCharset="True">
            <Param Type="HMODULE" Name="hSrcModule" />
            <Param Type="LPCTSTR" Name="pSrcResource" />
            <Param Type="ID3DX11ThreadPump*" Name="pPump" />
            <Param Type="D3DX11_IMAGE_INFO*" Name="pSrcInfo" />
            <Param Type="HRESULT*" Name="pHResult" />
            <Return Type="HRESULT" />
            <Success Return="Equal" Value="0" />
        </Api>
        <Api Name="D3DX11LoadTextureFromTexture">
            <Param Type="ID3D11Resource*" Name="pSrcTexture" />
            <Param Type="D3DX11_TEXTURE_LOAD_INFO*" Name="pLoadInfo" />
            <Param Type="ID3D11Resource*" Name="pDstTexture" />
            <Return Type="HRESULT" />
            <Success Return="Equal" Value="0" />
        </Api>
        <Api Name="D3DX11PreprocessShaderFromFile" BothCharset="True">
            <Param Type="LPCTSTR" Name="pFileName" />
            <Param Type="const D3D11_SHADER_MACRO*" Name="pDefines" />
            <Param Type="LPD3D10INCLUDE" Name="pInclude" />
            <Param Type="ID3DX11ThreadPump*" Name="pPump" />
            <Param Type="ID3D10Blob**" Name="ppShaderText" />
            <Param Type="ID3D10Blob**" Name="ppErrorMsgs" />
            <Param Type="HRESULT*" Name="pHResult" />
            <Return Type="HRESULT" />
            <Success Return="Equal" Value="0" />
        </Api>
        <Api Name="D3DX11PreprocessShaderFromMemory">
            <Param Type="LPCSTR" Name="pSrcData" />
            <Param Type="SIZE_T" Name="SrcDataSize" />
            <Param Type="LPCSTR" Name="pFileName" />
            <Param Type="const D3D11_SHADER_MACRO*" Name="pDefines" />
            <Param Type="LPD3D10INCLUDE" Name="pInclude" />
            <Param Type="ID3DX11ThreadPump*" Name="pPump" />
            <Param Type="ID3D10Blob**" Name="ppShaderText" />
            <Param Type="ID3D10Blob**" Name="ppErrorMsgs" />
            <Param Type="HRESULT*" Name="pHResult" />
            <Return Type="HRESULT" />
            <Success Return="Equal" Value="0" />
        </Api>
        <Api Name="D3DX11PreprocessShaderFromResource" BothCharset="True">
            <Param Type="HMODULE" Name="hModule" />
            <Param Type="LPCTSTR" Name="pResourceName" />
            <Param Type="LPCTSTR" Name="pSrcFileName" />
            <Param Type="const D3D11_SHADER_MACRO*" Name="pDefines" />
            <Param Type="LPD3D10INCLUDE" Name="pInclude" />
            <Param Type="ID3DX11ThreadPump*" Name="pPump" />
            <Param Type="ID3D10Blob**" Name="ppShaderText" />
            <Param Type="ID3D10Blob**" Name="ppErrorMsgs" />
            <Param Type="HRESULT*" Name="pHResult" />
            <Return Type="HRESULT" />
            <Success Return="Equal" Value="0" />
        </Api>
        <Api Name="D3DX11SaveTextureToFile" BothCharset="True">
            <Param Type="ID3D11DeviceContext*" Name="pContext" />
            <Param Type="ID3D11Resource*" Name="pSrcTexture" />
            <Param Type="D3DX11_IMAGE_FILE_FORMAT" Name="DestFormat" />
            <Param Type="LPCTSTR" Name="pDestFile" />
            <Return Type="HRESULT" />
            <Success Return="Equal" Value="0" />
        </Api>
        <Api Name="D3DX11SaveTextureToMemory">
            <Param Type="ID3D11DeviceContext*" Name="pContext" />
            <Param Type="ID3D11Resource*" Name="pSrcTexture" />
            <Param Type="D3DX11_IMAGE_FILE_FORMAT" Name="DestFormat" />
            <Param Type="LPD3D10BLOB*" Name="ppDestBuf" />
            <Param Type="UINT" Name="Flags" />
            <Return Type="HRESULT" />
            <Success Return="Equal" Value="0" />
        </Api>
        <Api Name="D3DX11SHProjectCubeMap">
            <Param Type="ID3D11DeviceContext*" Name="pContext" />
            <Param Type="UINT" Name="Order" />
            <Param Type="ID3D11Texture2D*" Name="pCubeMap" />
            <Param Type="FLOAT*" Name="pROut" />
            <Param Type="FLOAT*" Name="pGOut" />
            <Param Type="FLOAT*" Name="pBOut" />
            <Return Type="HRESULT" />
            <Success Return="Equal" Value="0" />
        </Api>
        <Api Name="D3DX11UnsetAllDeviceObjects">
            <Param Type="ID3D11DeviceContext*" Name="pContext" />
            <Return Type="HRESULT" />
            <Success Return="Equal" Value="0" />
        </Api>
    </Module>
</ApiMonitor>