<!--
    API Monitor Definitions
    (c) 2010-2011, Rohitab Batra <rohitab@rohitab.com>
    http://www.rohitab.com/apimonitor/
-->
<ApiMonitor>
    <Include Filename="Interfaces\IUnknown.xml" />
    <Interface Name="ID3DX11Scan" Id="{5089b68f-e71d-4d38-be8e-f363b95a9405}" BaseInterface="IUnknown" OnlineHelp="MSDN" ErrorFunc="HRESULT" Category="Graphics and Multimedia/DirectX/Direct3D 11/D3DX">
    <!-- Variables -->
    <!-- Methods -->
        <Api Name="SetScanDirection">
            <Param Type="D3DX11_SCAN_DIRECTION" Name="Direction" />
            <Return Type="HRESULT" />
            <Success Return="Equal" Value="0" />
        </Api>
        <Api Name="Scan">
            <Param Type="D3DX11_SCAN_DATA_TYPE" Name="ElementType" />
            <Param Type="D3DX11_SCAN_OPCODE" Name="OpCode" />
            <Param Type="UINT" Name="ElementScanSize" />
            <Param Type="ID3D11UnorderedAccessView*" Name="pSrc" />
            <Param Type="ID3D11UnorderedAccessView*" Name="pDst" />
            <Return Type="HRESULT" />
            <Success Return="Equal" Value="0" />
        </Api>
        <Api Name="Multiscan">
            <Param Type="D3DX11_SCAN_DATA_TYPE" Name="ElementType" />
            <Param Type="D3DX11_SCAN_OPCODE" Name="OpCode" />
            <Param Type="UINT" Name="ElementScanSize" />
            <Param Type="UINT" Name="ElementScanPitch" />
            <Param Type="UINT" Name="ScanCount" />
            <Param Type="ID3D11UnorderedAccessView*" Name="pSrc" />
            <Param Type="ID3D11UnorderedAccessView*" Name="pDst" />
            <Return Type="HRESULT" />
            <Success Return="Equal" Value="0" />
        </Api>
    </Interface>
</ApiMonitor>
