<!--
    API Monitor Definitions
    (c) 2010-2011, Rohitab Batra <rohitab@rohitab.com>
    http://www.rohitab.com/apimonitor/
-->
<ApiMonitor>
    <Interface Name="ID3DX11DataProcessor" OnlineHelp="MSDN" ErrorFunc="HRESULT" Category="Graphics and Multimedia/DirectX/Direct3D 11/D3DX">
    <!-- Variables -->
    <!-- Methods -->
        <Api Name="Process">
            <Param Type="void*" Name="pData" />
            <Param Type="SIZE_T" Name="cBytes" />
            <Return Type="HRESULT" />
            <Success Return="Equal" Value="0" />
        </Api>
        <Api Name="CreateDeviceObject">
            <Param Type="void**" Name="ppDataObject" />
            <Return Type="HRESULT" />
            <Success Return="Equal" Value="0" />
        </Api>
        <Api Name="Destroy">
            <Return Type="HRESULT" />
            <Success Return="Equal" Value="0" />
        </Api>
    </Interface>
</ApiMonitor>
