<!--
    API Monitor Definitions
    (c) 2010-2011, Rohitab Batra <rohitab@rohitab.com>
    http://www.rohitab.com/apimonitor/
-->
<ApiMonitor>
    <Include Filename="Interfaces\IUnknown.xml" />
    <Interface Name="ID3DX11FFT" Id="{b3f7a938-4c93-4310-a675-b30d6de50553}" BaseInterface="IUnknown" OnlineHelp="MSDN" ErrorFunc="HRESULT" Category="Graphics and Multimedia/DirectX/Direct3D 11/D3DX">
    <!-- Variables -->
    <!-- Methods -->
        <Api Name="SetForwardScale">
            <Param Type="FLOAT" Name="ForwardScale" />
            <Return Type="HRESULT" />
            <Success Return="Equal" Value="0" />
        </Api>
        <Api Name="GetForwardScale">
            <Return Type="FLOAT" />
        </Api>
        <Api Name="SetInverseScale">
            <Param Type="FLOAT" Name="InverseScale" />
            <Return Type="HRESULT" />
            <Success Return="Equal" Value="0" />
        </Api>
        <Api Name="GetInverseScale">
            <Return Type="FLOAT" />
        </Api>
        <Api Name="AttachBuffersAndPrecompute">
            <Param Type="UINT" Name="NumTempBuffers" />
            <Param Type="ID3D11UnorderedAccessView*const*" Name="ppTempBuffers" />
            <Param Type="UINT" Name="NumPrecomputeBuffers" />
            <Param Type="ID3D11UnorderedAccessView*const*" Name="ppPrecomputeBufferSizes" />
            <Return Type="HRESULT" />
            <Success Return="Equal" Value="0" />
        </Api>
        <Api Name="ForwardTransform">
            <Param Type="const ID3D11UnorderedAccessView*" Name="pInputBuffer" />
            <Param Type="ID3D11UnorderedAccessView**" Name="ppOutputBuffer" />
            <Return Type="HRESULT" />
            <Success Return="Equal" Value="0" />
        </Api>
        <Api Name="InverseTransform">
            <Param Type="const ID3D11UnorderedAccessView*" Name="pInputBuffer" />
            <Param Type="ID3D11UnorderedAccessView**" Name="ppOutputBuffer" />
            <Return Type="HRESULT" />
            <Success Return="Equal" Value="0" />
        </Api>
    </Interface>
</ApiMonitor>
