<!--
    API Monitor Definitions
    (c) 2010-2011, Rohitab Batra <rohitab@rohitab.com>
    http://www.rohitab.com/apimonitor/
-->
<ApiMonitor>
    <Include Filename="Interfaces\IUnknown.xml" />
    <Interface Name="ID3DX11SegmentedScan" Id="{a915128c-d954-4c79-bfe1-64db923194d6}" BaseInterface="IUnknown" OnlineHelp="MSDN" ErrorFunc="HRESULT" Category="Graphics and Multimedia/DirectX/Direct3D 11/D3DX">
    <!-- Variables -->
    <!-- Methods -->
        <Api Name="SetScanDirection">
            <Param Type="D3DX11_SCAN_DIRECTION" Name="Direction" />
            <Return Type="HRESULT" />
            <Success Return="Equal" Value="0" />
        </Api>
        <Api Name="SegScan">
            <Param Type="D3DX11_SCAN_DATA_TYPE" Name="ElementType" />
            <Param Type="D3DX11_SCAN_OPCODE" Name="OpCode" />
            <Param Type="UINT" Name="ElementScanSize" />
            <Param Type="ID3D11UnorderedAccessView*" Name="pSrc" />
            <Param Type="ID3D11UnorderedAccessView*" Name="pSrcElementFlags" />
            <Param Type="ID3D11UnorderedAccessView*" Name="pDst" />
            <Return Type="HRESULT" />
            <Success Return="Equal" Value="0" />
        </Api>
    </Interface>
</ApiMonitor>
