<!--
    API Monitor Definitions
    (c) 2010-2011, Rohitab Batra <rohitab@rohitab.com>
    http://www.rohitab.com/apimonitor/
-->
<ApiMonitor>
    <Include Filename="Headers\multimedia.h.xml" />
    <Module Name="dsound.dll" CallingConvention="STDCALL" OnlineHelp="MSDN" ErrorFunc="HRESULT" Category="Graphics and Multimedia/DirectX/DirectX Audio/DirectSound/Functions">

        <!-- Interfaces -->
        <Variable Name="IDirectSound"                           Type="Interface" />
        <Variable Name="IDirectSound3DBuffer"                   Type="Interface" />
        <Variable Name="IDirectSound3DListener"                 Type="Interface" />
        <Variable Name="IDirectSound8"                          Type="Interface" />
        <Variable Name="IDirectSoundBuffer"                     Type="Interface" />
        <Variable Name="IDirectSoundBuffer8"                    Type="Interface" />
        <Variable Name="IDirectSoundCapture"                    Type="Interface" />
        <Variable Name="IDirectSoundCaptureBuffer"              Type="Interface" />
        <Variable Name="IDirectSoundCaptureBuffer8"             Type="Interface" />
        <Variable Name="IDirectSoundCaptureFXAec"               Type="Interface" />
        <Variable Name="IDirectSoundCaptureFXNoiseSuppress"     Type="Interface" />
        <Variable Name="IDirectSoundFullDuplex"                 Type="Interface" />
        <Variable Name="IDirectSoundFXChorus"                   Type="Interface" />
        <Variable Name="IDirectSoundFXCompressor"               Type="Interface" />
        <Variable Name="IDirectSoundFXDistortion"               Type="Interface" />
        <Variable Name="IDirectSoundFXEcho"                     Type="Interface" />
        <Variable Name="IDirectSoundFXFlanger"                  Type="Interface" />
        <Variable Name="IDirectSoundFXGargle"                   Type="Interface" />
        <Variable Name="IDirectSoundFXI3DL2Reverb"              Type="Interface" />
        <Variable Name="IDirectSoundFXParamEq"                  Type="Interface" />
        <Variable Name="IDirectSoundFXWavesReverb"              Type="Interface" />
        <Variable Name="IDirectSoundNotify"                     Type="Interface" />
        <Variable Name="IKsPropertySet"                         Type="Interface" />
        <Variable Name="IReferenceClock"                        Type="Interface" />

        <!-- Aliases for interfaces that did not change between version 7.0 and 8.0 -->
        <Variable Name="IDirectSoundCapture8*"                  Type="Alias"    Base="IDirectSoundCapture*" />
        <Variable Name="IDirectSoundCapture8**"                 Type="Alias"    Base="IDirectSoundCapture**" />

        <!-- Interface Aliases -->
        <Variable Name="LPDIRECTSOUND"                  Type="Alias"    Base="IDirectSound*" />
        <Variable Name="LPDIRECTSOUND8"                 Type="Alias"    Base="IDirectSound8*" />
        <Variable Name="LPDIRECTSOUND8*"                Type="Alias"    Base="IDirectSound8**" />
        <Variable Name="LPDIRECTSOUNDCAPTURE"           Type="Alias"    Base="IDirectSoundCapture*" />
        <Variable Name="LPDIRECTSOUNDCAPTURE*"          Type="Alias"    Base="IDirectSoundCapture**" />
        <Variable Name="LPDIRECTSOUNDCAPTURE8"          Type="Alias"    Base="IDirectSoundCapture8*" />
        <Variable Name="LPDIRECTSOUNDCAPTURE8*"         Type="Alias"    Base="IDirectSoundCapture8**" />
        <Variable Name="LPDIRECTSOUNDFULLDUPLEX"        Type="Alias"    Base="IDirectSoundFullDuplex*" />
        <Variable Name="LPDIRECTSOUNDFULLDUPLEX*"       Type="Alias"    Base="IDirectSoundFullDuplex**" />
        <Variable Name="LPDIRECTSOUNDCAPTUREBUFFER8"    Type="Alias"    Base="IDirectSoundCaptureBuffer8*" />
        <Variable Name="LPDIRECTSOUNDCAPTUREBUFFER8*"   Type="Alias"    Base="IDirectSoundCaptureBuffer8**" />
        <Variable Name="LPLPDIRECTSOUNDCAPTUREBUFFER8"  Type="Alias"    Base="IDirectSoundCaptureBuffer8**" />
        <Variable Name="LPDIRECTSOUNDBUFFER8"           Type="Alias"    Base="IDirectSoundBuffer8*" />
        <Variable Name="LPDIRECTSOUNDBUFFER8*"          Type="Alias"    Base="IDirectSoundBuffer8**" />
        <Variable Name="LPLPDIRECTSOUNDBUFFER8"         Type="Alias"    Base="IDirectSoundBuffer8**" />
        <Variable Name="LPDIRECTSOUNDBUFFER"            Type="Alias"    Base="IDirectSoundBuffer*" />
        <Variable Name="LPDIRECTSOUNDBUFFER*"           Type="Alias"    Base="IDirectSoundBuffer**" />
        <Variable Name="LPDIRECTSOUNDCAPTUREBUFFER*"    Type="Alias"    Base="IDirectSoundCaptureBuffer**" />

        <!-- Variables -->
        <Variable Name="LPDSENUMCALLBACK"               Type="Alias"    Base="LPVOID" />
        <Variable Name="D3DVALUE"                       Type="Alias"    Base="float" />
        <Variable Name="D3DVALUE*"                      Type="Pointer"  Base="D3DVALUE" />

        <!-- [DSCFX_Flags] -->
        <Variable Name="[DSCFX_Flags]" Type="Alias" Base="DWORD">
            <Display Name="DWORD" />
            <Flag>
                <Set Name="DSCFX_LOCHARDWARE"   Value="0x00000001" />
                <Set Name="DSCFX_LOCSOFTWARE"   Value="0x00000002" />
            </Flag>
        </Variable>

        <!-- DSCEFFECTDESC -->
        <Variable Name="DSCEFFECTDESC" Type="Struct">
            <Field Type="DWORD"       	Name="dwSize" />
            <Field Type="[DSCFX_Flags]" Name="dwFlags" />
            <Field Type="GUID"        	Name="guidDSCFXClass" />
            <Field Type="GUID"        	Name="guidDSCFXInstance" />
            <Field Type="DWORD"       	Name="dwReserved1" />
            <Field Type="DWORD"       	Name="dwReserved2" />
        </Variable>
        <Variable Name="LPDSCEFFECTDESC" Type="Pointer" Base="DSCEFFECTDESC" />

        <!-- [DSCBCAPS_Flags] -->
        <Variable Name="[DSCBCAPS_Flags]" Type="Alias" Base="DWORD">
            <Display Name="DWORD" />
            <Flag>
                <Set Name="DSCBCAPS_WAVEMAPPED"     Value="0x80000000" />
                <Set Name="DSCBCAPS_CTRLFX"         Value="0x00000200" />
            </Flag>
        </Variable>

        <!-- DSCBUFFERDESC -->
        <Variable Name="DSCBUFFERDESC" Type="Struct">
            <Field Type="DWORD"                 Name="dwSize" />
            <Field Type="[DSCBCAPS_Flags]"      Name="dwFlags" />
            <Field Type="DWORD"                 Name="dwBufferBytes" />
            <Field Type="DWORD"                 Name="dwReserved" />
            <Field Type="LPWAVEFORMATEX"        Name="lpwfxFormat" />
            <Field Type="DWORD"                 Name="dwFXCount" />
            <Field Type="LPDSCEFFECTDESC"       Name="lpDSCFXDesc" />
        </Variable>
        <Variable Name="LPCDSCBUFFERDESC" Type="Pointer" Base="DSCBUFFERDESC" />

        <!-- [DSBCAPS_Flags] -->
        <Variable Name="[DSBCAPS_Flags]" Type="Alias" Base="DWORD">
            <Display Name="DWORD" />
            <Flag>
                <Set Name="DSBCAPS_PRIMARYBUFFER"           Value="0x00000001" />
                <Set Name="DSBCAPS_STATIC"                  Value="0x00000002" />
                <Set Name="DSBCAPS_LOCHARDWARE"             Value="0x00000004" />
                <Set Name="DSBCAPS_LOCSOFTWARE"             Value="0x00000008" />
                <Set Name="DSBCAPS_CTRL3D"                  Value="0x00000010" />
                <Set Name="DSBCAPS_CTRLFREQUENCY"           Value="0x00000020" />
                <Set Name="DSBCAPS_CTRLPAN"                 Value="0x00000040" />
                <Set Name="DSBCAPS_CTRLVOLUME"              Value="0x00000080" />
                <Set Name="DSBCAPS_CTRLPOSITIONNOTIFY"      Value="0x00000100" />
                <Set Name="DSBCAPS_CTRLFX"                  Value="0x00000200" />
                <Set Name="DSBCAPS_STICKYFOCUS"             Value="0x00004000" />
                <Set Name="DSBCAPS_GLOBALFOCUS"             Value="0x00008000" />
                <Set Name="DSBCAPS_GETCURRENTPOSITION2"     Value="0x00010000" />
                <Set Name="DSBCAPS_MUTE3DATMAXDISTANCE"     Value="0x00020000" />
                <Set Name="DSBCAPS_LOCDEFER"                Value="0x00040000" />
                <Set Name="DSBCAPS_TRUEPLAYPOSITION"        Value="0x00080000" />
            </Flag>
        </Variable>

        <!-- DSBUFFERDESC -->
        <Variable Name="DSBUFFERDESC" Type="Struct">
            <Field Type="DWORD"           	Name="dwSize" />
            <Field Type="[DSBCAPS_Flags]"   Name="dwFlags" />
            <Field Type="DWORD"           	Name="dwBufferBytes" />
            <Field Type="DWORD"           	Name="dwReserved" />
            <Field Type="LPWAVEFORMATEX"  	Name="lpwfxFormat" />
            <Field Type="GUID"            	Name="guid3DAlgorithm" />
        </Variable>
        <Variable Name="LPCDSBUFFERDESC" Type="Pointer" Base="DSBUFFERDESC" />

        <!-- [DS3DMODE] -->
        <Variable Name="[DS3DMODE]" Type="Alias" Base="DWORD">
            <Display Name="DWORD" />
            <Flag>
                <Set Name="DS3DMODE_NORMAL"         Value="0x00000000" />
                <Set Name="DS3DMODE_HEADRELATIVE"   Value="0x00000001" />
                <Set Name="DS3DMODE_DISABLE"        Value="0x00000002" />
            </Flag>
        </Variable>

        <!-- DS3DBUFFER -->
        <Variable Name="DS3DBUFFER" Type="Struct">
            <Field Type="DWORD"           	Name="dwSize" />
            <Field Type="D3DVECTOR"       	Name="vPosition" />
            <Field Type="D3DVECTOR"       	Name="vVelocity" />
            <Field Type="DWORD"           	Name="dwInsideConeAngle" />
            <Field Type="DWORD"           	Name="dwOutsideConeAngle" />
            <Field Type="D3DVECTOR"       	Name="vConeOrientation" />
            <Field Type="LONG"            	Name="lConeOutsideVolume" />
            <Field Type="D3DVALUE"        	Name="flMinDistance" />
            <Field Type="D3DVALUE"        	Name="flMaxDistance" />
            <Field Type="[DS3DMODE]"        Name="dwMode" />
        </Variable>
        <Variable Name="LPDS3DBUFFER"  Type="Pointer" Base="DS3DBUFFER" />
        <Variable Name="LPCDS3DBUFFER" Type="Pointer" Base="DS3DBUFFER" />

        <!-- DS3DLISTENER -->
        <Variable Name="DS3DLISTENER" Type="Struct">
            <Field Type="DWORD"           	Name="dwSize" />
            <Field Type="D3DVECTOR"       	Name="vPosition" />
            <Field Type="D3DVECTOR"       	Name="vVelocity" />
            <Field Type="D3DVECTOR"       	Name="vOrientFront" />
            <Field Type="D3DVECTOR"       	Name="vOrientTop" />
            <Field Type="D3DVALUE"        	Name="flDistanceFactor" />
            <Field Type="D3DVALUE"        	Name="flRolloffFactor" />
            <Field Type="D3DVALUE"        	Name="flDopplerFactor" />
        </Variable>
        <Variable Name="LPDS3DLISTENER"  Type="Pointer" Base="DS3DLISTENER" />
        <Variable Name="LPCDS3DLISTENER" Type="Pointer" Base="DS3DLISTENER" />

        <!-- DSBCAPS -->
        <Variable Name="DSBCAPS" Type="Struct">
            <Field Type="DWORD"           	Name="dwSize" />
            <Field Type="[DSBCAPS_Flags]"   Name="dwFlags" />
            <Field Type="DWORD"           	Name="dwBufferBytes" />
            <Field Type="DWORD"           	Name="dwUnlockTransferRate" />
            <Field Type="DWORD"           	Name="dwPlayCpuOverhead" />
        </Variable>
        <Variable Name="LPDSBCAPS" Type="Pointer" Base="DSBCAPS" />

        <!-- DSCBCAPS -->
        <Variable Name="DSCBCAPS" Type="Struct">
            <Field Type="DWORD"           	Name="dwSize" />
            <Field Type="[DSCBCAPS_Flags]"  Name="dwFlags" />
            <Field Type="DWORD"           	Name="dwBufferBytes" />
            <Field Type="DWORD"           	Name="dwReserved" />
        </Variable>
        <Variable Name="LPDSCBCAPS" Type="Pointer" Base="DSCBCAPS" />

        <!-- [DSCFX_AEC_MODE] -->
        <Variable Name="[DSCFX_AEC_MODE]" Type="Alias" Base="DWORD">
            <Display Name="DWORD" />
            <Flag>
                <Set Name="DSCFX_AEC_MODE_PASS_THROUGH"     Value="0x0" />
                <Set Name="DSCFX_AEC_MODE_HALF_DUPLEX"      Value="0x1" />
                <Set Name="DSCFX_AEC_MODE_FULL_DUPLEX"      Value="0x2" />
            </Flag>
        </Variable>

        <!-- DSCFXAec -->
        <Variable Name="DSCFXAec" Type="Struct">
            <Field Type="BOOL"    	        Name="fEnable" />
            <Field Type="BOOL"    	        Name="fNoiseFill" />
            <Field Type="[DSCFX_AEC_MODE]"  Name="dwMode" />
        </Variable>
        <Variable Name="LPDSCFXAec"  Type="Pointer" Base="DSCFXAec" />
        <Variable Name="LPCDSCFXAec" Type="Pointer" Base="DSCFXAec" />

        <!-- DSCFXNoiseSuppress -->
        <Variable Name="DSCFXNoiseSuppress" Type="Struct">
            <Field Type="BOOL" Name="fEnable" />
        </Variable>
        <Variable Name="LPDSCFXNoiseSuppress"  Type="Pointer" Base="DSCFXNoiseSuppress" />
        <Variable Name="LPCDSCFXNoiseSuppress" Type="Pointer" Base="DSCFXNoiseSuppress" />

        <!-- [DSFXCHORUS_WAVE] -->
        <Variable Name="[DSFXCHORUS_WAVE]" Type="Alias" Base="ULONG">
            <Display Name="ULONG" />
            <Enum>
                <Set Name="DSFXCHORUS_WAVE_TRIANGLE"        Value="0" />
                <Set Name="DSFXCHORUS_WAVE_SIN"             Value="1" />
            </Enum>
        </Variable>

        <!-- [DSFXCHORUS_PHASE] -->
        <Variable Name="[DSFXCHORUS_PHASE]" Type="Alias" Base="LONG">
            <Display Name="LONG" />
            <Enum>
                <Set Name="DSFXCHORUS_PHASE_NEG_180"    Value="0" />
                <Set Name="DSFXCHORUS_PHASE_NEG_90"     Value="1" />
                <Set Name="DSFXCHORUS_PHASE_ZERO"       Value="2" />
                <Set Name="DSFXCHORUS_PHASE_90"         Value="3" />
                <Set Name="DSFXCHORUS_PHASE_180"        Value="4" />
            </Enum>
        </Variable>

        <!-- DSFXChorus -->
        <Variable Name="DSFXChorus" Type="Struct">
            <Field Type="FLOAT"       	        Name="fWetDryMix" />
            <Field Type="FLOAT"       	        Name="fDepth" />
            <Field Type="FLOAT"       	        Name="fFeedback" />
            <Field Type="FLOAT"       	        Name="fFrequency" />
            <Field Type="[DSFXCHORUS_WAVE]"     Name="lWaveform" />
            <Field Type="FLOAT"       	        Name="fDelay" />
            <Field Type="[DSFXCHORUS_PHASE]"    Name="lPhase" />
        </Variable>
        <Variable Name="LPDSFXChorus"  Type="Pointer" Base="DSFXChorus" />
        <Variable Name="LPCDSFXChorus" Type="Pointer" Base="DSFXChorus" />

        <!-- DSFXCompressor -->
        <Variable Name="DSFXCompressor" Type="Struct">
            <Field Type="FLOAT"     Name="fGain" />
            <Field Type="FLOAT"     Name="fAttack" />
            <Field Type="FLOAT"     Name="fRelease" />
            <Field Type="FLOAT"     Name="fThreshold" />
            <Field Type="FLOAT"     Name="fRatio" />
            <Field Type="FLOAT"     Name="fPredelay" />
        </Variable>
        <Variable Name="LPDSFXCompressor"  Type="Pointer" Base="DSFXCompressor" />
        <Variable Name="LPCDSFXCompressor" Type="Pointer" Base="DSFXCompressor" />

        <!-- DSFXDistortion -->
        <Variable Name="DSFXDistortion" Type="Struct">
            <Field Type="FLOAT"   	Name="fGain" />
            <Field Type="FLOAT"   	Name="fEdge" />
            <Field Type="FLOAT"   	Name="fPostEQCenterFrequency" />
            <Field Type="FLOAT"   	Name="fPostEQBandwidth" />
            <Field Type="FLOAT"   	Name="fPreLowpassCutoff" />
        </Variable>
        <Variable Name="LPDSFXDistortion"  Type="Pointer" Base="DSFXDistortion" />
        <Variable Name="LPCDSFXDistortion" Type="Pointer" Base="DSFXDistortion" />

        <!-- DSFXEcho -->
        <Variable Name="DSFXEcho" Type="Struct">
            <Field Type="FLOAT"   	Name="fWetDryMix" />
            <Field Type="FLOAT"   	Name="fFeedback" />
            <Field Type="FLOAT"   	Name="fLeftDelay" />
            <Field Type="FLOAT"   	Name="fRightDelay" />
            <Field Type="LONG"    	Name="lPanDelay" />
        </Variable>
        <Variable Name="LPDSFXEcho"  Type="Pointer" Base="DSFXEcho" />
        <Variable Name="LPCDSFXEcho" Type="Pointer" Base="DSFXEcho" />

        <!-- [DSFXFLANGER_WAVE] -->
        <Variable Name="[DSFXFLANGER_WAVE]" Type="Alias" Base="LONG">
            <Display Name="LONG" />
            <Enum>
                <Set Name="DSFXFLANGER_WAVE_TRIANGLE"       Value="0" />
                <Set Name="DSFXFLANGER_WAVE_SIN"            Value="1" />
            </Enum>
        </Variable>

        <!-- [DSFXFLANGER_PHASE] -->
        <Variable Name="[DSFXFLANGER_PHASE]" Type="Alias" Base="LONG">
            <Display Name="LONG" />
            <Enum>
                <Set Name="DSFXFLANGER_PHASE_NEG_180"       Value="0" />
                <Set Name="DSFXFLANGER_PHASE_NEG_90"        Value="1" />
                <Set Name="DSFXFLANGER_PHASE_ZERO"          Value="2" />
                <Set Name="DSFXFLANGER_PHASE_90"            Value="3" />
                <Set Name="DSFXFLANGER_PHASE_180"           Value="4" />
            </Enum>
        </Variable>

        <!-- DSFXFlanger -->
        <Variable Name="DSFXFlanger" Type="Struct">
            <Field Type="FLOAT"       	        Name="fWetDryMix" />
            <Field Type="FLOAT"       	        Name="fDepth" />
            <Field Type="FLOAT"       	        Name="fFeedback" />
            <Field Type="FLOAT"       	        Name="fFrequency" />
            <Field Type="[DSFXFLANGER_WAVE]"    Name="lWaveform" />
            <Field Type="FLOAT"       	        Name="fDelay" />
            <Field Type="[DSFXFLANGER_PHASE]"   Name="lPhase" />
        </Variable>
        <Variable Name="LPDSFXFlanger"  Type="Pointer" Base="DSFXFlanger" />
        <Variable Name="LPCDSFXFlanger" Type="Pointer" Base="DSFXFlanger" />

        <!-- [DSFXGARGLE_WAVE] -->
        <Variable Name="[DSFXGARGLE_WAVE]" Type="Alias" Base="DWORD">
            <Display Name="DWORD" />
            <Enum>
                <Set Name="DSFXGARGLE_WAVE_TRIANGLE"    Value="0" />
                <Set Name="DSFXGARGLE_WAVE_SQUARE"      Value="1" />
            </Enum>
        </Variable>

        <!-- DSFXGargle -->
        <Variable Name="DSFXGargle" Type="Struct">
            <Field Type="DWORD"       	        Name="dwRateHz" />
            <Field Type="[DSFXGARGLE_WAVE]"     Name="dwWaveShape" />
        </Variable>
        <Variable Name="LPDSFXGargle"  Type="Pointer" Base="DSFXGargle" />
        <Variable Name="LPCDSFXGargle" Type="Pointer" Base="DSFXGargle" />

        <!-- DSFXI3DL2Reverb -->
        <Variable Name="DSFXI3DL2Reverb" Type="Struct">
            <Field Type="LONG"    	Name="lRoom" />
            <Field Type="LONG"    	Name="lRoomHF" />
            <Field Type="FLOAT"   	Name="flRoomRolloffFactor" />
            <Field Type="FLOAT"   	Name="flDecayTime" />
            <Field Type="FLOAT"   	Name="flDecayHFRatio" />
            <Field Type="LONG"    	Name="lReflections" />
            <Field Type="FLOAT"   	Name="flReflectionsDelay" />
            <Field Type="LONG"    	Name="lReverb" />
            <Field Type="FLOAT"   	Name="flReverbDelay" />
            <Field Type="FLOAT"   	Name="flDiffusion" />
            <Field Type="FLOAT"   	Name="flDensity" />
            <Field Type="FLOAT"   	Name="flHFReference" />
        </Variable>
        <Variable Name="LPDSFXI3DL2Reverb"  Type="Pointer" Base="DSFXI3DL2Reverb" />
        <Variable Name="LPCDSFXI3DL2Reverb" Type="Pointer" Base="DSFXI3DL2Reverb" />

        <!-- DSFXParamEq -->
        <Variable Name="DSFXParamEq" Type="Struct">
            <Field Type="FLOAT"   	Name="fCenter" />
            <Field Type="FLOAT"   	Name="fBandwidth" />
            <Field Type="FLOAT"   	Name="fGain" />
        </Variable>
        <Variable Name="LPDSFXParamEq"  Type="Pointer" Base="DSFXParamEq" />
        <Variable Name="LPCDSFXParamEq" Type="Pointer" Base="DSFXParamEq" />

        <!-- DSFXWavesReverb -->
        <Variable Name="DSFXWavesReverb" Type="Struct">
            <Field Type="FLOAT"   	Name="fInGain" />
            <Field Type="FLOAT"   	Name="fReverbMix" />
            <Field Type="FLOAT"   	Name="fReverbTime" />
            <Field Type="FLOAT"   	Name="fHighFreqRTRatio" />
        </Variable>
        <Variable Name="LPDSFXWavesReverb"  Type="Pointer" Base="DSFXWavesReverb" />
        <Variable Name="LPCDSFXWavesReverb" Type="Pointer" Base="DSFXWavesReverb" />

        <!-- [DSBPN_Enum] -->
        <Variable Name="[DSBPN_Enum]" Type="Alias" Base="DWORD">
            <Display Name="DWORD" />
            <Enum>
                <Set Name="DSBPN_OFFSETSTOP" Value="0xFFFFFFFF" />
            </Enum>
        </Variable>

        <!-- DSBPOSITIONNOTIFY -->
        <Variable Name="DSBPOSITIONNOTIFY" Type="Struct">
            <Field Type="[DSBPN_Enum]"  Name="dwOffset" />
            <Field Type="HANDLE"        Name="hEventNotify" />
        </Variable>
        <Variable Name="LPCDSBPOSITIONNOTIFY" Type="Pointer" Base="DSBPOSITIONNOTIFY" />

        <!-- [DSCCAPS_Flags] -->
        <Variable Name="[DSCCAPS_Flags]" Type="Alias" Base="DWORD">
            <Display Name="DWORD" />
            <Flag>
                <Set Name="DSCCAPS_EMULDRIVER"          Value="0x00000020" />
                <Set Name="DSCCAPS_CERTIFIED"           Value="0x00000040" />
                <Set Name="DSCCAPS_MULTIPLECAPTURE"     Value="0x00000001" />
            </Flag>
        </Variable>

        <!-- DSCCAPS -->
        <Variable Name="DSCCAPS" Type="Struct">
            <Field Type="DWORD"           	Name="dwSize" />
            <Field Type="[DSCCAPS_Flags]"   Name="dwFlags" />
            <Field Type="DWORD"           	Name="dwFormats" />
            <Field Type="DWORD"           	Name="dwChannels" />
        </Variable>
        <Variable Name="LPDSCCAPS" Type="Pointer" Base="DSCCAPS" />

        <!-- [DSCAPS_Flags] -->
        <Variable Name="[DSCAPS_Flags]" Type="Alias" Base="DWORD">
            <Display Name="DWORD" />
            <Flag>
                <Set Name="DSCAPS_PRIMARYMONO"          Value="0x00000001" />
                <Set Name="DSCAPS_PRIMARYSTEREO"        Value="0x00000002" />
                <Set Name="DSCAPS_PRIMARY8BIT"          Value="0x00000004" />
                <Set Name="DSCAPS_PRIMARY16BIT"         Value="0x00000008" />
                <Set Name="DSCAPS_CONTINUOUSRATE"       Value="0x00000010" />
                <Set Name="DSCAPS_EMULDRIVER"           Value="0x00000020" />
                <Set Name="DSCAPS_CERTIFIED"            Value="0x00000040" />
                <Set Name="DSCAPS_SECONDARYMONO"        Value="0x00000100" />
                <Set Name="DSCAPS_SECONDARYSTEREO"      Value="0x00000200" />
                <Set Name="DSCAPS_SECONDARY8BIT"        Value="0x00000400" />
                <Set Name="DSCAPS_SECONDARY16BIT"       Value="0x00000800" />
            </Flag>
        </Variable>

        <!-- DSCAPS -->
        <Variable Name="DSCAPS" Type="Struct">
            <Field Type="DWORD"             Name="dwSize" />
            <Field Type="[DSCAPS_Flags]"    Name="dwFlags" />
            <Field Type="DWORD"             Name="dwMinSecondarySampleRate" />
            <Field Type="DWORD"             Name="dwMaxSecondarySampleRate" />
            <Field Type="DWORD"             Name="dwPrimaryBuffers" />
            <Field Type="DWORD"             Name="dwMaxHwMixingAllBuffers" />
            <Field Type="DWORD"             Name="dwMaxHwMixingStaticBuffers" />
            <Field Type="DWORD"             Name="dwMaxHwMixingStreamingBuffers" />
            <Field Type="DWORD"             Name="dwFreeHwMixingAllBuffers" />
            <Field Type="DWORD"             Name="dwFreeHwMixingStaticBuffers" />
            <Field Type="DWORD"             Name="dwFreeHwMixingStreamingBuffers" />
            <Field Type="DWORD"             Name="dwMaxHw3DAllBuffers" />
            <Field Type="DWORD"             Name="dwMaxHw3DStaticBuffers" />
            <Field Type="DWORD"             Name="dwMaxHw3DStreamingBuffers" />
            <Field Type="DWORD"             Name="dwFreeHw3DAllBuffers" />
            <Field Type="DWORD"             Name="dwFreeHw3DStaticBuffers" />
            <Field Type="DWORD"             Name="dwFreeHw3DStreamingBuffers" />
            <Field Type="DWORD"             Name="dwTotalHwMemBytes" />
            <Field Type="DWORD"             Name="dwFreeHwMemBytes" />
            <Field Type="DWORD"             Name="dwMaxContigFreeHwMemBytes" />
            <Field Type="DWORD"             Name="dwUnlockTransferRateHwBuffers" />
            <Field Type="DWORD"             Name="dwPlayCpuOverheadSwBuffers" />
            <Field Type="DWORD"             Name="dwReserved1" />
            <Field Type="DWORD"             Name="dwReserved2" />
        </Variable>
        <Variable Name="LPDSCAPS" Type="Pointer" Base="DSCAPS" />

        <!-- [DSSCL_Flags] -->
        <Variable Name="[DSSCL_Flags]" Type="Alias" Base="DWORD">
            <Display Name="DWORD" />
            <Flag>
                <Set Name="DSSCL_NORMAL"        Value="0x00000001" />
                <Set Name="DSSCL_PRIORITY"      Value="0x00000002" />
                <Set Name="DSSCL_EXCLUSIVE"     Value="0x00000003" />
                <Set Name="DSSCL_WRITEPRIMARY"  Value="0x00000004" />
            </Flag>
        </Variable>

        <!-- [DSSPEAKER_Flags] -->
        <Variable Name="[DSSPEAKER_Flags]" Type="Alias" Base="DWORD">
            <Display Name="DWORD" />
            <Flag>
                <Set Name="DSSPEAKER_DIRECTOUT"             Value="0x00000000" />
                <Set Name="DSSPEAKER_HEADPHONE"             Value="0x00000001" />
                <Set Name="DSSPEAKER_MONO"                  Value="0x00000002" />
                <Set Name="DSSPEAKER_QUAD"                  Value="0x00000003" />
                <Set Name="DSSPEAKER_STEREO"                Value="0x00000004" />
                <Set Name="DSSPEAKER_SURROUND"              Value="0x00000005" />
                <Set Name="DSSPEAKER_5POINT1_BACK"          Value="0x00000006" />
                <Set Name="DSSPEAKER_7POINT1_WIDE"          Value="0x00000007" />
                <Set Name="DSSPEAKER_7POINT1_SURROUND"      Value="0x00000008" />
                <Set Name="DSSPEAKER_5POINT1_SURROUND"      Value="0x00000009" />
                <Set Name="DSSPEAKER_GEOMETRY_MIN"          Value="0x00050000" />
                <Set Name="DSSPEAKER_GEOMETRY_NARROW"       Value="0x000A0000" />
                <Set Name="DSSPEAKER_GEOMETRY_WIDE"         Value="0x00140000" />
                <Set Name="DSSPEAKER_GEOMETRY_MAX"          Value="0x00B40000" />
            </Flag>
        </Variable>
        <Variable Name="[DSSPEAKER_Flags*]" Type="Pointer" Base="[DSSPEAKER_Flags]">
            <Display Name="LPDWORD" />
        </Variable>

        <!-- [DSBPLAY_Flags] -->
        <Variable Name="[DSBPLAY_Flags]" Type="Alias" Base="DWORD">
            <Display Name="DWORD" />
            <Flag>
                <Set Name="DSBPLAY_LOOPING"             	Value="0x00000001" />
                <Set Name="DSBPLAY_LOCHARDWARE"         	Value="0x00000002" />
                <Set Name="DSBPLAY_LOCSOFTWARE"         	Value="0x00000004" />
                <Set Name="DSBPLAY_TERMINATEBY_TIME"    	Value="0x00000008" />
                <Set Name="DSBPLAY_TERMINATEBY_DISTANCE"    Value="0x000000010" />
                <Set Name="DSBPLAY_TERMINATEBY_PRIORITY"    Value="0x000000020" />
            </Flag>
        </Variable>

        <!-- [DSBLOCK_Flags] -->
        <Variable Name="[DSBLOCK_Flags]" Type="Alias" Base="DWORD">
            <Display Name="DWORD" />
            <Flag>
                <Set Name="DSBLOCK_FROMWRITECURSOR"     	Value="0x00000001" />
                <Set Name="DSBLOCK_ENTIREBUFFER"            Value="0x00000002" />
            </Flag>
        </Variable>

        <!-- API -->
        <Api Name="DirectSoundCaptureCreate">
            <Param Type="LPCGUID" Name="pcGuidDevice" />
            <Param Type="LPDIRECTSOUNDCAPTURE*" Name="ppDSC" />
            <Param Type="LPUNKNOWN" Name="pUnkOuter" />
            <Return Type="HRESULT" />
            <Success Return="Equal" Value="0" />
        </Api>
        <Api Name="DirectSoundCaptureCreate8">
            <Param Type="LPCGUID" Name="lpcGUID" />
            <Param Type="LPDIRECTSOUNDCAPTURE8*" Name="lplpDSC" />
            <Param Type="LPUNKNOWN" Name="pUnkOuter" />
            <Return Type="HRESULT" />
            <Success Return="Equal" Value="0" />
        </Api>
        <Api Name="DirectSoundCaptureEnumerate" BothCharset="True">
            <Param Type="LPDSENUMCALLBACK" Name="lpDSEnumCallback" />
            <Param Type="LPVOID" Name="lpContext" />
            <Return Type="HRESULT" />
            <Success Return="Equal" Value="0" />
        </Api>
        <Api Name="DirectSoundCreate">
            <Param Type="LPCGUID" Name="pcGuidDevice" />
            <Param Type="LPDIRECTSOUND8*" Name="ppDS" />
            <Param Type="LPUNKNOWN" Name="pUnkOuter" />
            <Return Type="HRESULT" />
            <Success Return="Equal" Value="0" />
        </Api>
        <Api Name="DirectSoundCreate8">
            <Param Type="LPCGUID" Name="lpcGuidDevice" />
            <Param Type="LPDIRECTSOUND8*" Name="ppDS8" />
            <Param Type="LPUNKNOWN" Name="pUnkOuter" />
            <Return Type="HRESULT" />
            <Success Return="Equal" Value="0" />
        </Api>
        <Api Name="DirectSoundEnumerate" BothCharset="True">
            <Param Type="LPDSENUMCALLBACK" Name="lpDSEnumCallback" />
            <Param Type="LPVOID" Name="lpContext" />
            <Return Type="HRESULT" />
            <Success Return="Equal" Value="0" />
        </Api>
        <Api Name="DirectSoundFullDuplexCreate">
            <Param Type="LPCGUID" Name="pcGuidCaptureDevice" />
            <Param Type="LPCGUID" Name="pcGuidRenderDevice" />
            <Param Type="LPCDSCBUFFERDESC" Name="pcDSCBufferDesc" />
            <Param Type="LPCDSBUFFERDESC" Name="pcDSBufferDesc" />
            <Param Type="HWND" Name="hWnd" />
            <Param Type="DWORD" Name="dwLevel" />
            <Param Type="LPDIRECTSOUNDFULLDUPLEX*" Name="ppDSFD" />
            <Param Type="LPDIRECTSOUNDCAPTUREBUFFER8*" Name="ppDSCBuffer8" />
            <Param Type="LPDIRECTSOUNDBUFFER8*" Name="ppDSBuffer8" />
            <Param Type="LPUNKNOWN" Name="pUnkOuter" />
            <Return Type="HRESULT" />
            <Success Return="Equal" Value="0" />
        </Api>
        <Api Name="GetDeviceID">
            <Param Type="LPCGUID" Name="pGuidSrc" />
            <Param Type="LPGUID" Name="pGuidDest" />
            <Return Type="HRESULT" />
            <Success Return="Equal" Value="0" />
        </Api>
    </Module>
</ApiMonitor>