<!--
    API Monitor Definitions
    (c) 2010-2011, Rohitab Batra <rohitab@rohitab.com>
    http://www.rohitab.com/apimonitor/
-->
<ApiMonitor>
    <Include Filename="Interfaces\IUnknown.xml" />
    <Interface Name="IDirectSound3DListener" Id="{279afa84-4981-11ce-a521-0020af0be560}" BaseInterface="IUnknown" OnlineHelp="MSDN" ErrorFunc="HRESULT" Category="Graphics and Multimedia/DirectX/DirectX Audio/DirectSound/Interfaces">
        <Api Name="GetAllParameters">
            <Param Type="LPDS3DLISTENER" Name="pListener" />
            <Return Type="HRESULT" />
            <Success Return="Equal" Value="0" />
        </Api>
        <Api Name="GetDistanceFactor">
            <Param Type="D3DVALUE*" Name="pflDistanceFactor" />
            <Return Type="HRESULT" />
            <Success Return="Equal" Value="0" />
        </Api>
        <Api Name="GetDopplerFactor">
            <Param Type="D3DVALUE*" Name="pflDopplerFactor" />
            <Return Type="HRESULT" />
            <Success Return="Equal" Value="0" />
        </Api>
        <Api Name="GetOrientation">
            <Param Type="D3DVECTOR*" Name="pvOrientFront" />
            <Param Type="D3DVECTOR*" Name="pvOrientTop" />
            <Return Type="HRESULT" />
            <Success Return="Equal" Value="0" />
        </Api>
        <Api Name="GetPosition">
            <Param Type="D3DVECTOR*" Name="pvPosition" />
            <Return Type="HRESULT" />
            <Success Return="Equal" Value="0" />
        </Api>
        <Api Name="GetRolloffFactor">
            <Param Type="D3DVALUE*" Name="pflRolloffFactor" />
            <Return Type="HRESULT" />
            <Success Return="Equal" Value="0" />
        </Api>
        <Api Name="GetVelocity">
            <Param Type="D3DVECTOR*" Name="pvVelocity" />
            <Return Type="HRESULT" />
            <Success Return="Equal" Value="0" />
        </Api>
        <Api Name="SetAllParameters">
            <Param Type="LPCDS3DLISTENER" Name="pcListener" />
            <Param Type="DWORD" Name="dwApply" />
            <Return Type="HRESULT" />
            <Success Return="Equal" Value="0" />
        </Api>
        <Api Name="SetDistanceFactor">
            <Param Type="D3DVALUE" Name="flDistanceFactor" />
            <Param Type="DWORD" Name="dwApply" />
            <Return Type="HRESULT" />
            <Success Return="Equal" Value="0" />
        </Api>
        <Api Name="SetDopplerFactor">
            <Param Type="D3DVALUE" Name="flDopplerFactor" />
            <Param Type="DWORD" Name="dwApply" />
            <Return Type="HRESULT" />
            <Success Return="Equal" Value="0" />
        </Api>
        <Api Name="SetOrientation">
            <Param Type="D3DVALUE" Name="xFront" />
            <Param Type="D3DVALUE" Name="yFront" />
            <Param Type="D3DVALUE" Name="zFront" />
            <Param Type="D3DVALUE" Name="xTop" />
            <Param Type="D3DVALUE" Name="yTop" />
            <Param Type="D3DVALUE" Name="zTop" />
            <Param Type="DWORD" Name="dwApply" />
            <Return Type="HRESULT" />
            <Success Return="Equal" Value="0" />
        </Api>
        <Api Name="SetPosition">
            <Param Type="D3DVALUE" Name="x" />
            <Param Type="D3DVALUE" Name="y" />
            <Param Type="D3DVALUE" Name="z" />
            <Param Type="DWORD" Name="dwApply" />
            <Return Type="HRESULT" />
            <Success Return="Equal" Value="0" />
        </Api>
        <Api Name="SetRolloffFactor">
            <Param Type="D3DVALUE" Name="flRolloffFactor" />
            <Param Type="DWORD" Name="dwApply" />
            <Return Type="HRESULT" />
            <Success Return="Equal" Value="0" />
        </Api>
        <Api Name="SetVelocity">
            <Param Type="D3DVALUE" Name="x" />
            <Param Type="D3DVALUE" Name="y" />
            <Param Type="D3DVALUE" Name="z" />
            <Param Type="DWORD" Name="dwApply" />
            <Return Type="HRESULT" />
            <Success Return="Equal" Value="0" />
        </Api>
        <Api Name="CommitDeferredSettings">
            <Return Type="HRESULT" />
            <Success Return="Equal" Value="0" />
        </Api>
    </Interface>
</ApiMonitor>