<!--
    API Monitor Definitions
    (c) 2010-2011, Rohitab Batra <rohitab@rohitab.com>
    http://www.rohitab.com/apimonitor/
-->
<ApiMonitor>
    <Include Filename="Interfaces\IUnknown.xml" />
    <Interface Name="IDirectSoundFullDuplex" Id="{edcb4c7a-daab-4216-a42e-6c50596ddc1d}" BaseInterface="IUnknown" OnlineHelp="MSDN" ErrorFunc="HRESULT" Category="Graphics and Multimedia/DirectX/DirectX Audio/DirectSound/Interfaces">
        <Api Name="Initialize">
            <Param Type="LPCGUID" Name="pCaptureGuid" />
            <Param Type="LPCGUID" Name="pRenderGuid" />
            <Param Type="LPCDSCBUFFERDESC" Name="lpDscBufferDesc" />
            <Param Type="LPCDSBUFFERDESC" Name="lpDsBufferDesc" />
            <Param Type="HWND" Name="hWnd" />
            <Param Type="DWORD" Name="dwLevel" />
            <Param Type="LPLPDIRECTSOUNDCAPTUREBUFFER8" Name="lplpDirectSoundCaptureBuffer8" />
            <Param Type="LPLPDIRECTSOUNDBUFFER8" Name="lplpDirectSoundBuffer8" />
            <Return Type="HRESULT" />
            <Success Return="Equal" Value="0" />
        </Api>
    </Interface>
</ApiMonitor>