<!--
    API Monitor Definitions
    (c) 2010-2011, Rohitab Batra <rohitab@rohitab.com>
    http://www.rohitab.com/apimonitor/
-->
<ApiMonitor>
    <Include Filename="Interfaces\IUnknown.xml" />
    <Interface Name="IDirectSound3DBuffer" Id="{279afa86-4981-11ce-a521-0020af0be560}" BaseInterface="IUnknown" OnlineHelp="MSDN" ErrorFunc="HRESULT" Category="Graphics and Multimedia/DirectX/DirectX Audio/DirectSound/Interfaces">
        <Api Name="GetAllParameters">
            <Param Type="LPDS3DBUFFER" Name="pDs3dBuffer" />
            <Return Type="HRESULT" />
            <Success Return="Equal" Value="0" />
        </Api>
        <Api Name="GetConeAngles">
            <Param Type="LPDWORD" Name="pdwInsideConeAngle" />
            <Param Type="LPDWORD" Name="pdwOutsideConeAngle" />
            <Return Type="HRESULT" />
            <Success Return="Equal" Value="0" />
        </Api>
        <Api Name="GetConeOrientation">
            <Param Type="D3DVECTOR*" Name="pvOrientation" />
            <Return Type="HRESULT" />
            <Success Return="Equal" Value="0" />
        </Api>
        <Api Name="GetConeOutsideVolume">
            <Param Type="LPLONG" Name="plConeOutsideVolume" />
            <Return Type="HRESULT" />
            <Success Return="Equal" Value="0" />
        </Api>
        <Api Name="GetMaxDistance">
            <Param Type="D3DVALUE*" Name="pflMaxDistance" />
            <Return Type="HRESULT" />
            <Success Return="Equal" Value="0" />
        </Api>
        <Api Name="GetMinDistance">
            <Param Type="D3DVALUE*" Name="pflMinDistance" />
            <Return Type="HRESULT" />
            <Success Return="Equal" Value="0" />
        </Api>
        <Api Name="GetMode">
            <Param Type="LPDWORD" Name="pdwMode" />
            <Return Type="HRESULT" />
            <Success Return="Equal" Value="0" />
        </Api>
        <Api Name="GetPosition">
            <Param Type="D3DVECTOR*" Name="pvPosition" />
            <Return Type="HRESULT" />
            <Success Return="Equal" Value="0" />
        </Api>
        <Api Name="GetVelocity">
            <Param Type="D3DVECTOR*" Name="pvVelocity" />
            <Return Type="HRESULT" />
            <Success Return="Equal" Value="0" />
        </Api>
        <Api Name="SetAllParameters">
            <Param Type="LPCDS3DBUFFER" Name="pcDs3dBuffer" />
            <Param Type="DWORD" Name="dwApply" />
            <Return Type="HRESULT" />
            <Success Return="Equal" Value="0" />
        </Api>
        <Api Name="SetConeAngles">
            <Param Type="DWORD" Name="dwInsideConeAngle" />
            <Param Type="DWORD" Name="dwOutsideConeAngle" />
            <Param Type="DWORD" Name="dwApply" />
            <Return Type="HRESULT" />
            <Success Return="Equal" Value="0" />
        </Api>
        <Api Name="SetConeOrientation">
            <Param Type="D3DVALUE" Name="x" />
            <Param Type="D3DVALUE" Name="y" />
            <Param Type="D3DVALUE" Name="z" />
            <Param Type="DWORD" Name="dwApply" />
            <Return Type="HRESULT" />
            <Success Return="Equal" Value="0" />
        </Api>
        <Api Name="SetConeOutsideVolume">
            <Param Type="LONG" Name="lConeOutsideVolume" />
            <Param Type="DWORD" Name="dwApply" />
            <Return Type="HRESULT" />
            <Success Return="Equal" Value="0" />
        </Api>
        <Api Name="SetMaxDistance">
            <Param Type="D3DVALUE" Name="flMaxDistance" />
            <Param Type="DWORD" Name="dwApply" />
            <Return Type="HRESULT" />
            <Success Return="Equal" Value="0" />
        </Api>
        <Api Name="SetMinDistance">
            <Param Type="D3DVALUE" Name="flMinDistance" />
            <Param Type="DWORD" Name="dwApply" />
            <Return Type="HRESULT" />
            <Success Return="Equal" Value="0" />
        </Api>
        <Api Name="SetMode">
            <Param Type="DWORD" Name="dwMode" />
            <Param Type="DWORD" Name="dwApply" />
            <Return Type="HRESULT" />
            <Success Return="Equal" Value="0" />
        </Api>
        <Api Name="SetPosition">
            <Param Type="D3DVALUE" Name="x" />
            <Param Type="D3DVALUE" Name="y" />
            <Param Type="D3DVALUE" Name="z" />
            <Param Type="DWORD" Name="dwApply" />
            <Return Type="HRESULT" />
            <Success Return="Equal" Value="0" />
        </Api>
        <Api Name="SetVelocity">
            <Param Type="D3DVALUE" Name="x" />
            <Param Type="D3DVALUE" Name="y" />
            <Param Type="D3DVALUE" Name="z" />
            <Param Type="DWORD" Name="dwApply" />
            <Return Type="HRESULT" />
            <Success Return="Equal" Value="0" />
        </Api>
    </Interface>
</ApiMonitor>