<!--
    API Monitor Definitions
    (c) 2010-2011, Rohitab Batra <rohitab@rohitab.com>
    http://www.rohitab.com/apimonitor/
-->
<ApiMonitor>
    <Include Filename="Interfaces\IUnknown.xml" />
    <Interface Name="IDirectSoundCapture" Id="{b0210781-89cd-11d0-af08-00a0c925cd16}" BaseInterface="IUnknown" OnlineHelp="MSDN" ErrorFunc="HRESULT" Category="Graphics and Multimedia/DirectX/DirectX Audio/DirectSound/Interfaces">
        <Api Name="CreateCaptureBuffer">
            <Param Type="LPCDSCBUFFERDESC" Name="pcDSCBufferDesc" />
            <Param Type="LPDIRECTSOUNDCAPTUREBUFFER*" Name="ppDSCBuffer" />
            <Param Type="LPUNKNOWN" Name="pUnkOuter" />
            <Return Type="HRESULT" />
            <Success Return="Equal" Value="0" />
        </Api>
        <Api Name="GetCaps">
            <Param Type="LPDSCCAPS" Name="pDSCCaps" />
            <Return Type="HRESULT" />
            <Success Return="Equal" Value="0" />
        </Api>
        <Api Name="Initialize">
            <Param Type="LPCGUID" Name="pcGuidDevice" />
            <Return Type="HRESULT" />
            <Success Return="Equal" Value="0" />
        </Api>
    </Interface>
</ApiMonitor>