<!--
    API Monitor Definitions
    (c) 2010-2011, Rohitab Batra <rohitab@rohitab.com>
    http://www.rohitab.com/apimonitor/
-->
<ApiMonitor>
    <Include Filename="Interfaces\IUnknown.xml" />
    <Interface Name="IDirectSoundCaptureBuffer" Id="{b0210782-89cd-11d0-af08-00a0c925cd16}" BaseInterface="IUnknown" OnlineHelp="MSDN" ErrorFunc="HRESULT" Category="Graphics and Multimedia/DirectX/DirectX Audio/DirectSound/Interfaces">
        <Api Name="GetCaps">
            <Param Type="LPDSCBCAPS" Name="pDSCBCaps" />
            <Return Type="HRESULT" />
            <Success Return="Equal" Value="0" />
        </Api>
        <Api Name="GetCurrentPosition">
            <Param Type="LPDWORD" Name="pdwCapturePosition" />
            <Param Type="LPDWORD" Name="pdwReadPosition" />
            <Return Type="HRESULT" />
            <Success Return="Equal" Value="0" />
        </Api>
        <Api Name="GetFormat">
            <Param Type="LPWAVEFORMATEX" Name="pwfxFormat" />
            <Param Type="DWORD" Name="dwSizeAllocated" />
            <Param Type="LPDWORD" Name="pdwSizeWritten" />
            <Return Type="HRESULT" />
            <Success Return="Equal" Value="0" />
        </Api>
        <Api Name="GetStatus">
            <Param Type="LPDWORD" Name="pdwStatus" />
            <Return Type="HRESULT" />
            <Success Return="Equal" Value="0" />
        </Api>
        <Api Name="Initialize">
            <Param Type="LPDIRECTSOUNDCAPTURE" Name="pDirectSoundCapture" />
            <Param Type="LPCDSCBUFFERDESC" Name="pcDSCBufferDesc" />
            <Return Type="HRESULT" />
            <Success Return="Equal" Value="0" />
        </Api>
        <Api Name="Lock">
            <Param Type="DWORD" Name="dwOffset" />
            <Param Type="DWORD" Name="dwBytes" />
            <Param Type="LPVOID*" Name="ppvAudioPtr1" />
            <Param Type="LPDWORD" Name="pdwAudioBytes1" />
            <Param Type="LPVOID*" Name="ppvAudioPtr2" />
            <Param Type="LPDWORD" Name="pdwAudioBytes2" />
            <Param Type="DWORD" Name="dwFlags" />
            <Return Type="HRESULT" />
            <Success Return="Equal" Value="0" />
        </Api>
        <Api Name="Start">
            <Param Type="DWORD" Name="dwFlags" />
            <Return Type="HRESULT" />
            <Success Return="Equal" Value="0" />
        </Api>
        <Api Name="Stop">
            <Return Type="HRESULT" />
            <Success Return="Equal" Value="0" />
        </Api>
        <Api Name="Unlock">
            <Param Type="LPVOID" Name="pvAudioPtr1" />
            <Param Type="DWORD" Name="dwAudioBytes1" />
            <Param Type="LPVOID" Name="pvAudioPtr2" />
            <Param Type="DWORD" Name="dwAudioBytes2" />
            <Return Type="HRESULT" />
            <Success Return="Equal" Value="0" />
        </Api>
    </Interface>
</ApiMonitor>