<!--
    API Monitor Definitions
    (c) 2010-2011, Rohitab Batra <rohitab@rohitab.com>
    http://www.rohitab.com/apimonitor/
-->
<ApiMonitor>
    <Include Filename="Interfaces\IUnknown.xml" />
    <Interface Name="IDirectSound" Id="{279afa83-4981-11ce-a521-0020af0be560}" BaseInterface="IUnknown" OnlineHelp="MSDN" ErrorFunc="HRESULT" Category="Graphics and Multimedia/DirectX/DirectX Audio/DirectSound/Interfaces">
        <Api Name="CreateSoundBuffer">
            <Param Type="LPCDSBUFFERDESC" Name="pcDSBufferDesc" />
            <Param Type="LPDIRECTSOUNDBUFFER*" Name="ppDSBuffer" />
            <Param Type="LPUNKNOWN" Name="pUnkOuter" />
            <Return Type="HRESULT" />
            <Success Return="Equal" Value="0" />
        </Api>
        <Api Name="GetCaps">
            <Param Type="LPDSCAPS" Name="pDSCaps" />
            <Return Type="HRESULT" />
            <Success Return="Equal" Value="0" />
        </Api>
        <Api Name="DuplicateSoundBuffer">
            <Param Type="LPDIRECTSOUNDBUFFER" Name="pDSBufferOriginal" />
            <Param Type="LPDIRECTSOUNDBUFFER*" Name="ppDSBufferDuplicate" />
            <Return Type="HRESULT" />
            <Success Return="Equal" Value="0" />
        </Api>
        <Api Name="SetCooperativeLevel">
            <Param Type="HWND" Name="hwnd" />
            <Param Type="[DSSCL_Flags]" Name="dwLevel" />
            <Return Type="HRESULT" />
            <Success Return="Equal" Value="0" />
        </Api>
        <Api Name="Compact">
            <Return Type="HRESULT" />
            <Success Return="Equal" Value="0" />
        </Api>
        <Api Name="GetSpeakerConfig">
            <Param Type="[DSSPEAKER_Flags*]" Name="pdwSpeakerConfig" />
            <Return Type="HRESULT" />
            <Success Return="Equal" Value="0" />
        </Api>
        <Api Name="SetSpeakerConfig">
            <Param Type="[DSSPEAKER_Flags]" Name="dwSpeakerConfig" />
            <Return Type="HRESULT" />
            <Success Return="Equal" Value="0" />
        </Api>
        <Api Name="Initialize">
            <Param Type="LPCGUID" Name="pcGuidDevice" />
            <Return Type="HRESULT" />
            <Success Return="Equal" Value="0" />
        </Api>
    </Interface>
</ApiMonitor>