<!--
    API Monitor Definitions
    (c) 2010-2011, Rohitab Batra <rohitab@rohitab.com>
    http://www.rohitab.com/apimonitor/
-->
<ApiMonitor>
    <Include Filename="Interfaces\DirectSound\IDirectSoundCaptureBuffer.xml" />
    <Interface Name="IDirectSoundCaptureBuffer8" Id="{00990df4-0dbb-4872-833e-6d303e80aeb6}" BaseInterface="IDirectSoundCaptureBuffer" OnlineHelp="MSDN" ErrorFunc="HRESULT" Category="Graphics and Multimedia/DirectX/DirectX Audio/DirectSound/Interfaces">
        <Api Name="GetObjectInPath">
            <Param Type="REFGUID" Name="rguidObject" />
            <Param Type="DWORD" Name="dwIndex" />
            <Param Type="REFGUID" Name="rguidInterface" />
            <Param Type="LPVOID*" Name="ppObject" />
            <Return Type="HRESULT" />
            <Success Return="Equal" Value="0" />
        </Api>
        <Api Name="GetFXStatus">
            <Param Type="DWORD" Name="dwEffectsCount" />
            <Param Type="LPDWORD" Name="pdwFXStatus" />
            <Return Type="HRESULT" />
            <Success Return="Equal" Value="0" />
        </Api>
    </Interface>
</ApiMonitor>