<!--
    API Monitor Definitions
    (c) 2010-2011, Rohitab Batra <rohitab@rohitab.com>
    http://www.rohitab.com/apimonitor/
-->
<ApiMonitor>
    <Include Filename="Interfaces\DirectSound\IDirectSound.xml" />
    <Interface Name="IDirectSound8" Id="{c50a7e93-f395-4834-9ef6-7fa99de50966}" BaseInterface="IDirectSound" OnlineHelp="MSDN" ErrorFunc="HRESULT" Category="Graphics and Multimedia/DirectX/DirectX Audio/DirectSound/Interfaces">
        <Api Name="VerifyCertification">
            <Param Type="LPDWORD" Name="pdwCertified" />
            <Return Type="HRESULT" />
            <Success Return="Equal" Value="0" />
        </Api>
    </Interface>
</ApiMonitor>