<!--
    API Monitor Definitions
    (c) 2010-2011, Rohitab Batra <rohitab@rohitab.com>
    http://www.rohitab.com/apimonitor/
-->
<ApiMonitor>
    <Include Filename="Interfaces\IUnknown.xml" />
    <Include Filename="Headers\multimedia.h.xml" />
    <Interface Name="IDirectSoundBuffer" Id="{279afa85-4981-11ce-a521-0020af0be560}" BaseInterface="IUnknown" OnlineHelp="MSDN" ErrorFunc="HRESULT" Category="Graphics and Multimedia/DirectX/DirectX Audio/DirectSound/Interfaces">
        <Api Name="GetCaps">
            <Param Type="LPDSBCAPS" Name="pDSBufferCaps" />
            <Return Type="HRESULT" />
            <Success Return="Equal" Value="0" />
        </Api>
        <Api Name="GetCurrentPosition">
            <Param Type="LPDWORD" Name="pdwCurrentPlayCursor" />
            <Param Type="LPDWORD" Name="pdwCurrentWriteCursor" />
            <Return Type="HRESULT" />
            <Success Return="Equal" Value="0" />
        </Api>
        <Api Name="GetFormat">
            <Param Type="LPWAVEFORMATEX" Name="pwfxFormat" />
            <Param Type="DWORD" Name="dwSizeAllocated" />
            <Param Type="LPDWORD" Name="pdwSizeWritten" />
            <Return Type="HRESULT" />
            <Success Return="Equal" Value="0" />
        </Api>
        <Api Name="GetVolume">
            <Param Type="LPLONG" Name="plVolume" />
            <Return Type="HRESULT" />
            <Success Return="Equal" Value="0" />
        </Api>
        <Api Name="GetPan">
            <Param Type="LPLONG" Name="plPan" />
            <Return Type="HRESULT" />
            <Success Return="Equal" Value="0" />
        </Api>
        <Api Name="GetFrequency">
            <Param Type="LPDWORD" Name="pdwFrequency" />
            <Return Type="HRESULT" />
            <Success Return="Equal" Value="0" />
        </Api>
        <Api Name="GetStatus">
            <Param Type="LPDWORD" Name="pdwStatus" />
            <Return Type="HRESULT" />
            <Success Return="Equal" Value="0" />
        </Api>
        <Api Name="Initialize">
            <Param Type="LPDIRECTSOUND" Name="pDirectSound" />
            <Param Type="LPCDSBUFFERDESC" Name="pcDSBufferDesc" />
            <Return Type="HRESULT" />
            <Success Return="Equal" Value="0" />
        </Api>
        <Api Name="Lock">
            <Param Type="DWORD" Name="dwOffset" />
            <Param Type="DWORD" Name="dwBytes" />
            <Param Type="LPVOID*" Name="ppvAudioPtr1" />
            <Param Type="LPDWORD" Name="pdwAudioBytes1" />
            <Param Type="LPVOID*" Name="ppvAudioPtr2" />
            <Param Type="LPDWORD" Name="pdwAudioBytes2" />
            <Param Type="[DSBLOCK_Flags]" Name="dwFlags" />
            <Return Type="HRESULT" />
            <Success Return="Equal" Value="0" />
        </Api>
        <Api Name="Play">
            <Param Type="DWORD" Name="dwReserved1" />
            <Param Type="DWORD" Name="dwPriority" />
            <Param Type="[DSBPLAY_Flags]" Name="dwFlags" />
            <Return Type="HRESULT" />
            <Success Return="Equal" Value="0" />
        </Api>
        <Api Name="SetCurrentPosition">
            <Param Type="DWORD" Name="dwNewPosition" />
            <Return Type="HRESULT" />
            <Success Return="Equal" Value="0" />
        </Api>
        <Api Name="SetFormat">
            <Param Type="LPCWAVEFORMATEX" Name="pcfxFormat" />
            <Return Type="HRESULT" />
            <Success Return="Equal" Value="0" />
        </Api>
        <Api Name="SetVolume">
            <Param Type="LONG" Name="lVolume" />
            <Return Type="HRESULT" />
            <Success Return="Equal" Value="0" />
        </Api>
        <Api Name="SetPan">
            <Param Type="LONG" Name="lPan" />
            <Return Type="HRESULT" />
            <Success Return="Equal" Value="0" />
        </Api>
        <Api Name="SetFrequency">
            <Param Type="DWORD" Name="dwFrequency" />
            <Return Type="HRESULT" />
            <Success Return="Equal" Value="0" />
        </Api>
        <Api Name="Stop">
            <Return Type="HRESULT" />
            <Success Return="Equal" Value="0" />
        </Api>
        <Api Name="Unlock">
            <Param Type="LPVOID" Name="pvAudioPtr1" />
            <Param Type="DWORD" Name="dwAudioBytes1" />
            <Param Type="LPVOID" Name="pvAudioPtr2" />
            <Param Type="DWORD" Name="dwAudioBytes2" />
            <Return Type="HRESULT" />
            <Success Return="Equal" Value="0" />
        </Api>
        <Api Name="Restore">
            <Return Type="HRESULT" />
            <Success Return="Equal" Value="0" />
        </Api>
    </Interface>
</ApiMonitor>