<!--
    API Monitor Definitions
    (c) 2010-2011, Rohitab Batra <rohitab@rohitab.com>
    http://www.rohitab.com/apimonitor/
-->
<ApiMonitor>
    <Include Filename="Interfaces\COM\AsyncIAdviseSink.xml" />
    <Interface Name="AsyncIAdviseSink2" Id="{00000151-0000-0000-C000-000000000046}" BaseInterface="AsyncIAdviseSink" OnlineHelp="MSDN" ErrorFunc="HRESULT" Category="Component Development/COM/Component Object Model (COM)/OLE and Data Transfer/Interfaces">
        <!-- Variables -->
        <!-- Methods -->
        <Api Name="Begin_OnLinkSrcChange">
            <Param Type="IMoniker*" Name="pmk" />
            <Return Type="void" />
        </Api>
        <Api Name="Finish_OnLinkSrcChange">
            <Return Type="void" />
        </Api>
    </Interface>
</ApiMonitor>