<!--
    API Monitor Definitions
    (c) 2010-2011, Rohitab Batra <rohitab@rohitab.com>
    http://www.rohitab.com/apimonitor/
-->
<ApiMonitor>
    <Include Filename="Interfaces\IUnknown.xml" />
    <Interface Name="AsyncIAdviseSink" Id="{00000150-0000-0000-C000-000000000046}" BaseInterface="IUnknown" OnlineHelp="MSDN" ErrorFunc="HRESULT" Category="Component Development/COM/Component Object Model (COM)/OLE and Data Transfer/Interfaces">
        <!-- Variables -->
        <!-- Methods -->
        <Api Name="Begin_OnDataChange">
            <Param Type="FORMATETC*" Name="pFormatetc" />
            <Param Type="STGMEDIUM*" Name="pStgmed" />
            <Return Type="void" />
        </Api>
        <Api Name="Finish_OnDataChange">
            <Return Type="void" />
        </Api>
        <Api Name="Begin_OnViewChange">
            <Param Type="DWORD" Name="dwAspect" />
            <Param Type="LONG" Name="lindex" />
            <Return Type="void" />
        </Api>
        <Api Name="Finish_OnViewChange">
            <Return Type="void" />
        </Api>
        <Api Name="Begin_OnRename">
            <Param Type="IMoniker*" Name="pmk" />
            <Return Type="void" />
        </Api>
        <Api Name="Finish_OnRename">
            <Return Type="void" />
        </Api>
        <Api Name="Begin_OnSave">
            <Return Type="void" />
        </Api>
        <Api Name="Finish_OnSave">
            <Return Type="void" />
        </Api>
        <Api Name="Begin_OnClose">
            <Return Type="void" />
        </Api>
        <Api Name="Finish_OnClose">
            <Return Type="void" />
        </Api>
    </Interface>
</ApiMonitor>