<!--
    API Monitor Definitions
    (c) 2010-2011, Rohitab Batra <rohitab@rohitab.com>
    http://www.rohitab.com/apimonitor/
-->
<ApiMonitor>
    <Include Filename="Interfaces\IUnknown.xml" />
    <Interface Name="IAdviseSink" Id="{0000010f-0000-0000-C000-000000000046}" BaseInterface="IUnknown" OnlineHelp="MSDN" ErrorFunc="HRESULT" Category="Component Development/COM/Component Object Model (COM)/OLE and Data Transfer/Interfaces">
        <!-- Variables -->
        <!-- Methods -->
        <Api Name="OnDataChange">
            <Param Type="FORMATETC*" Name="pFormatetc" />
            <Param Type="STGMEDIUM*" Name="pStgmed" />
            <Return Type="void" />
        </Api>
        <Api Name="OnViewChange">
            <Param Type="DWORD" Name="dwAspect" />
            <Param Type="LONG" Name="lindex" />
            <Return Type="void" />
        </Api>
        <Api Name="OnRename">
            <Param Type="IMoniker*" Name="pmk" />
            <Return Type="void" />
        </Api>
        <Api Name="OnSave">
            <Return Type="void" />
        </Api>
        <Api Name="OnClose">
            <Return Type="void" />
        </Api>
    </Interface>
</ApiMonitor>