<!--
    API Monitor Definitions
    (c) 2010-2011, Rohitab Batra <rohitab@rohitab.com>
    http://www.rohitab.com/apimonitor/
-->
<ApiMonitor>
    <Include Filename="Interfaces\COM\IRpcChannelBuffer2.xml" />
    <Interface Name="IAsyncRpcChannelBuffer" Id="{a5029fb6-3c34-11d1-9c99-00c04fb998aa}" BaseInterface="IRpcChannelBuffer2" OnlineHelp="MSDN" ErrorFunc="HRESULT" Category="Component Development/COM/Component Object Model (COM)/OLE and Data Transfer/Interfaces">
        <!-- Variables -->
        <!-- Methods -->
        <Api Name="Send">
            <Param Type="RPCOLEMESSAGE*" Name="pMsg" />
            <Param Type="ISynchronize*" Name="pSync" />
            <Param Type="ULONG*" Name="pulStatus" />
            <Return Type="HRESULT" />
            <Success Return="Equal" Value="0" />
        </Api>
        <Api Name="Receive">
            <Param Type="RPCOLEMESSAGE*" Name="pMsg" />
            <Param Type="ULONG*" Name="pulStatus" />
            <Return Type="HRESULT" />
            <Success Return="Equal" Value="0" />
        </Api>
        <Api Name="GetDestCtxEx">
            <Param Type="RPCOLEMESSAGE*" Name="pMsg" />
            <Param Type="DWORD*" Name="pdwDestContext" />
            <Param Type="void**" Name="ppvDestContext" />
            <Return Type="HRESULT" />
            <Success Return="Equal" Value="0" />
        </Api>
    </Interface>
</ApiMonitor>