<!--
    API Monitor Definitions
    (c) 2010-2011, Rohitab Batra <rohitab@rohitab.com>
    http://www.rohitab.com/apimonitor/
-->
<ApiMonitor>
    <Include Filename="Interfaces\IUnknown.xml" />
    <Interface Name="IBindCtx" Id="{0000000e-0000-0000-C000-000000000046}" BaseInterface="IUnknown" OnlineHelp="MSDN" ErrorFunc="HRESULT" Category="Component Development/COM/Component Object Model (COM)/OLE and Data Transfer/Interfaces">
        <!-- Variables -->
        <!-- Methods -->
        <Api Name="RegisterObjectBound">
            <Param Type="IUnknown*" Name="punk" />
            <Return Type="HRESULT" />
            <Success Return="Equal" Value="0" />
        </Api>
        <Api Name="RevokeObjectBound">
            <Param Type="IUnknown*" Name="punk" />
            <Return Type="HRESULT" />
            <Success Return="Equal" Value="0" />
        </Api>
        <Api Name="ReleaseBoundObjects">
            <Return Type="HRESULT" />
            <Success Return="Equal" Value="0" />
        </Api>
        <Api Name="SetBindOptions">
            <Param Type="BIND_OPTS*" Name="pbindopts" />
            <Return Type="HRESULT" />
            <Success Return="Equal" Value="0" />
        </Api>
        <Api Name="GetBindOptions">
            <Param Type="BIND_OPTS*" Name="pbindopts" />
            <Return Type="HRESULT" />
            <Success Return="Equal" Value="0" />
        </Api>
        <Api Name="GetRunningObjectTable">
            <Param Type="IRunningObjectTable**" Name="pprot" />
            <Return Type="HRESULT" />
            <Success Return="Equal" Value="0" />
        </Api>
        <Api Name="RegisterObjectParam">
            <Param Type="LPOLESTR" Name="pszKey" />
            <Param Type="IUnknown*" Name="punk" />
            <Return Type="HRESULT" />
            <Success Return="Equal" Value="0" />
        </Api>
        <Api Name="GetObjectParam">
            <Param Type="LPOLESTR" Name="pszKey" />
            <Param Type="IUnknown**" Name="ppunk" />
            <Return Type="HRESULT" />
            <Success Return="Equal" Value="0" />
        </Api>
        <Api Name="EnumObjectParam">
            <Param Type="IEnumString**" Name="ppenum" />
            <Return Type="HRESULT" />
            <Success Return="Equal" Value="0" />
        </Api>
        <Api Name="RevokeObjectParam">
            <Param Type="LPOLESTR" Name="pszKey" />
            <Return Type="HRESULT" />
            <Success Return="Equal" Value="0" />
        </Api>
    </Interface>
</ApiMonitor>