<!--
    API Monitor Definitions
    (c) 2010-2011, Rohitab Batra <rohitab@rohitab.com>
    http://www.rohitab.com/apimonitor/
-->
<ApiMonitor>
    <Include Filename="Interfaces\IUnknown.xml" />
    <Interface Name="ICallFactory" Id="{1c733a30-2a1c-11ce-ade5-00aa0044773d}" BaseInterface="IUnknown" OnlineHelp="MSDN" ErrorFunc="HRESULT" Category="Component Development/COM/Component Object Model (COM)/OLE and Data Transfer/Interfaces">
        <!-- Variables -->
        <!-- Methods -->
        <Api Name="CreateCall">
            <Param Type="REFIID" Name="riid" />
            <Param Type="IUnknown*" Name="pCtrlUnk" />
            <Param Type="REFIID" Name="riid2" />
            <Param Type="IUnknown**" Name="ppv" InterfaceId="riid2" />
            <Return Type="HRESULT" />
            <Success Return="Equal" Value="0" />
        </Api>
    </Interface>
</ApiMonitor>