<!--
    API Monitor Definitions
    (c) 2010-2011, Rohitab Batra <rohitab@rohitab.com>
    http://www.rohitab.com/apimonitor/
-->
<ApiMonitor>
    <Include Filename="Interfaces\IUnknown.xml" />
    <Interface Name="IChannelHook" Id="{1008c4a0-7613-11cf-9af1-0020af6e72f4}" BaseInterface="IUnknown" OnlineHelp="MSDN" ErrorFunc="HRESULT" Category="Component Development/COM/Component Object Model (COM)/OLE and Data Transfer/Interfaces">
        <!-- Variables -->
        <!-- Methods -->
        <Api Name="ClientGetSize">
            <Param Type="REFGUID" Name="uExtent" />
            <Param Type="REFIID" Name="riid" />
            <Param Type="ULONG*" Name="pDataSize" />
            <Return Type="void" />
        </Api>
        <Api Name="ClientFillBuffer">
            <Param Type="REFGUID" Name="uExtent" />
            <Param Type="REFIID" Name="riid" />
            <Param Type="ULONG*" Name="pDataSize" />
            <Param Type="void*" Name="pDataBuffer" />
            <Return Type="void" />
        </Api>
        <Api Name="ClientNotify">
            <Param Type="REFGUID" Name="uExtent" />
            <Param Type="REFIID" Name="riid" />
            <Param Type="ULONG" Name="cbDataSize" />
            <Param Type="void*" Name="pDataBuffer" />
            <Param Type="DWORD" Name="lDataRep" />
            <Param Type="HRESULT" Name="hrFault" />
            <Return Type="void" />
        </Api>
        <Api Name="ServerNotify">
            <Param Type="REFGUID" Name="uExtent" />
            <Param Type="REFIID" Name="riid" />
            <Param Type="ULONG" Name="cbDataSize" />
            <Param Type="void*" Name="pDataBuffer" />
            <Param Type="DWORD" Name="lDataRep" />
            <Return Type="void" />
        </Api>
        <Api Name="ServerGetSize">
            <Param Type="REFGUID" Name="uExtent" />
            <Param Type="REFIID" Name="riid" />
            <Param Type="HRESULT" Name="hrFault" />
            <Param Type="ULONG*" Name="pDataSize" />
            <Return Type="void" />
        </Api>
        <Api Name="ServerFillBuffer">
            <Param Type="REFGUID" Name="uExtent" />
            <Param Type="REFIID" Name="riid" />
            <Param Type="ULONG*" Name="pDataSize" />
            <Param Type="void*" Name="pDataBuffer" />
            <Param Type="HRESULT" Name="hrFault" />
            <Return Type="void" />
        </Api>
    </Interface>
</ApiMonitor>