<!--
    API Monitor Definitions
    (c) 2010-2011, Rohitab Batra <rohitab@rohitab.com>
    http://www.rohitab.com/apimonitor/
-->
<ApiMonitor>
    <Include Filename="Interfaces\IUnknown.xml" />
    <Interface Name="IClientSecurity" Id="{0000013D-0000-0000-C000-000000000046}" BaseInterface="IUnknown" OnlineHelp="MSDN" ErrorFunc="HRESULT" Category="Component Development/COM/Component Object Model (COM)/OLE and Data Transfer/Interfaces">
        <!-- Variables -->
        <!-- Methods -->
        <Api Name="QueryBlanket">
            <Param Type="IUnknown*" Name="pProxy" />
            <Param Type="DWORD*" Name="pAuthnSvc" />
            <Param Type="DWORD*" Name="pAuthzSvc" />
            <Param Type="OLECHAR**" Name="pServerPrincName" />
            <Param Type="DWORD*" Name="pAuthnLevel" />
            <Param Type="DWORD*" Name="pImpLevel" />
            <Param Type="void**" Name="pAuthInfo" />
            <Param Type="DWORD*" Name="pCapabilites" />
            <Return Type="HRESULT" />
            <Success Return="Equal" Value="0" />
        </Api>
        <Api Name="SetBlanket">
            <Param Type="IUnknown*" Name="pProxy" />
            <Param Type="DWORD" Name="dwAuthnSvc" />
            <Param Type="DWORD" Name="dwAuthzSvc" />
            <Param Type="OLECHAR*" Name="pServerPrincName" />
            <Param Type="DWORD" Name="dwAuthnLevel" />
            <Param Type="DWORD" Name="dwImpLevel" />
            <Param Type="void*" Name="pAuthInfo" />
            <Param Type="DWORD" Name="dwCapabilities" />
            <Return Type="HRESULT" />
            <Success Return="Equal" Value="0" />
        </Api>
        <Api Name="CopyProxy">
            <Param Type="IUnknown*" Name="pProxy" />
            <Param Type="IUnknown**" Name="ppCopy" />
            <Return Type="HRESULT" />
            <Success Return="Equal" Value="0" />
        </Api>
    </Interface>
</ApiMonitor>