<!--
    API Monitor Definitions
    (c) 2010-2011, Rohitab Batra <rohitab@rohitab.com>
    http://www.rohitab.com/apimonitor/
-->
<ApiMonitor>
    <Include Filename="Interfaces\IUnknown.xml" />
    <Interface Name="IDataObject" Id="{0000010e-0000-0000-C000-000000000046}" BaseInterface="IUnknown" OnlineHelp="MSDN" ErrorFunc="HRESULT" Category="Component Development/COM/Component Object Model (COM)/OLE and Data Transfer/Interfaces">
        <!-- Variables -->
        
        <!-- DATADIR -->
        <Variable Name="DATADIR" Type="Alias" Base="UINT">
            <Display Name="DWORD" />
            <Enum>
                <Set Name="DATADIR_GET"     Value="1" />
                <Set Name="DATADIR_SET"		Value="2" />
            </Enum>
        </Variable>

        <!-- Methods -->
        <Api Name="GetData">
            <Param Type="FORMATETC*" Name="pformatetcIn" />
            <Param Type="STGMEDIUM*" Name="pmedium" />
            <Return Type="HRESULT" />
            <Success Return="Equal" Value="0" />
        </Api>
        <Api Name="GetDataHere">
            <Param Type="FORMATETC*" Name="pformatetc" />
            <Param Type="STGMEDIUM*" Name="pmedium" />
            <Return Type="HRESULT" />
            <Success Return="Equal" Value="0" />
        </Api>
        <Api Name="QueryGetData">
            <Param Type="FORMATETC*" Name="pformatetc" />
            <Return Type="HRESULT" />
            <Success Return="Equal" Value="0" />
        </Api>
        <Api Name="GetCanonicalFormatEtc">
            <Param Type="FORMATETC*" Name="pformatectIn" />
            <Param Type="FORMATETC*" Name="pformatetcOut" />
            <Return Type="HRESULT" />
            <Success Return="Equal" Value="0" />
        </Api>
        <Api Name="SetData">
            <Param Type="FORMATETC*" Name="pformatetc" />
            <Param Type="STGMEDIUM*" Name="pmedium" />
            <Param Type="BOOL" Name="fRelease" />
            <Return Type="HRESULT" />
            <Success Return="Equal" Value="0" />
        </Api>
        <Api Name="EnumFormatEtc">
            <Param Type="DATADIR" Name="dwDirection" />
            <Param Type="IEnumFORMATETC**" Name="ppenumFormatEtc" />
            <Return Type="HRESULT" />
            <Success Return="Equal" Value="0" />
        </Api>
        <Api Name="DAdvise">
            <Param Type="FORMATETC*" Name="pformatetc" />
            <Param Type="ADVF" Name="advf" />
            <Param Type="IAdviseSink*" Name="pAdvSink" />
            <Param Type="DWORD*" Name="pdwConnection" />
            <Return Type="HRESULT" />
            <Success Return="Equal" Value="0" />
        </Api>
        <Api Name="DUnadvise">
            <Param Type="DWORD" Name="dwConnection" />
            <Return Type="HRESULT" />
            <Success Return="Equal" Value="0" />
        </Api>
        <Api Name="EnumDAdvise">
            <Param Type="IEnumSTATDATA**" Name="ppenumAdvise" />
            <Return Type="HRESULT" />
            <Success Return="Equal" Value="0" />
        </Api>
    </Interface>
</ApiMonitor>