<!--
    API Monitor Definitions
    (c) 2010-2011, Rohitab Batra <rohitab@rohitab.com>
    http://www.rohitab.com/apimonitor/
-->
<ApiMonitor>
    <Include Filename="Interfaces\IUnknown.xml" />
    <Interface Name="IDirectWriterLock" Id="{0e6d4d92-6738-11cf-9608-00aa00680db4}" BaseInterface="IUnknown" OnlineHelp="MSDN" ErrorFunc="HRESULT" Category="Component Development/COM/Structured Storage/Interfaces">
        <!-- Variables -->
        <!-- Methods -->
        <Api Name="WaitForWriteAccess">
            <Param Type="DWORD" Name="dwTimeout" />
            <Return Type="HRESULT" />
            <Success Return="Equal" Value="0" />
        </Api>
        <Api Name="ReleaseWriteAccess">
            <Return Type="HRESULT" />
            <Success Return="Equal" Value="0" />
        </Api>
        <Api Name="HaveWriteAccess">
            <Return Type="HRESULT" />
            <Success Return="Equal" Value="0" />
        </Api>
    </Interface>
</ApiMonitor>