<!--
    API Monitor Definitions
    (c) 2010-2011, Rohitab Batra <rohitab@rohitab.com>
    http://www.rohitab.com/apimonitor/
-->
<ApiMonitor>
    <Include Filename="Interfaces\IUnknown.xml" />
    <Include Filename="Headers\gdi.h.xml" />
    <Interface Name="IDropTarget" Id="{00000122-0000-0000-C000-000000000046}" BaseInterface="IUnknown" OnlineHelp="MSDN" ErrorFunc="HRESULT" Category="Component Development/COM/Component Object Model (COM)/OLE and Data Transfer/Interfaces">
        <!-- Variables -->
        <!-- Methods -->
        <Api Name="DragEnter">
            <Param Type="IDataObject*" Name="pDataObj" />
            <Param Type="DWORD" Name="grfKeyState" />
            <Param Type="POINTL" Name="pt" />
            <Param Type="DWORD*" Name="pdwEffect" />
            <Return Type="HRESULT" />
            <Success Return="Equal" Value="0" />
        </Api>
        <Api Name="DragOver">
            <Param Type="DWORD" Name="grfKeyState" />
            <Param Type="POINTL" Name="pt" />
            <Param Type="DWORD*" Name="pdwEffect" />
            <Return Type="HRESULT" />
            <Success Return="Equal" Value="0" />
        </Api>
        <Api Name="DragLeave">
            <Return Type="HRESULT" />
            <Success Return="Equal" Value="0" />
        </Api>
        <Api Name="Drop">
            <Param Type="IDataObject*" Name="pDataObj" />
            <Param Type="DWORD" Name="grfKeyState" />
            <Param Type="POINTL" Name="pt" />
            <Param Type="DWORD*" Name="pdwEffect" />
            <Return Type="HRESULT" />
            <Success Return="Equal" Value="0" />
        </Api>
    </Interface>
</ApiMonitor>