<!--
    API Monitor Definitions
    (c) 2010-2011, Rohitab Batra <rohitab@rohitab.com>
    http://www.rohitab.com/apimonitor/
-->
<ApiMonitor>
    <Include Filename="Interfaces\IUnknown.xml" />
    <Interface Name="IFillLockBytes" Id="{99caf010-415e-11cf-8814-00aa00b569f5}" BaseInterface="IUnknown" OnlineHelp="MSDN" ErrorFunc="HRESULT" Category="Component Development/COM/Structured Storage/Interfaces">
        <!-- Variables -->
        <!-- Methods -->
        <Api Name="FillAppend">
            <Param Type="const void*" Name="pv" />
            <Param Type="ULONG" Name="cb" />
            <Param Type="ULONG*" Name="pcbWritten" />
            <Return Type="HRESULT" />
            <Success Return="Equal" Value="0" />
        </Api>
        <Api Name="FillAt">
            <Param Type="ULARGE_INTEGER" Name="ulOffset" />
            <Param Type="const void*" Name="pv" />
            <Param Type="ULONG" Name="cb" />
            <Param Type="ULONG*" Name="pcbWritten" />
            <Return Type="HRESULT" />
            <Success Return="Equal" Value="0" />
        </Api>
        <Api Name="SetFillSize">
            <Param Type="ULARGE_INTEGER" Name="ulSize" />
            <Return Type="HRESULT" />
            <Success Return="Equal" Value="0" />
        </Api>
        <Api Name="Terminate">
            <Param Type="BOOL" Name="bCanceled" />
            <Return Type="HRESULT" />
            <Success Return="Equal" Value="0" />
        </Api>
    </Interface>
</ApiMonitor>