<!--
    API Monitor Definitions
    (c) 2010-2011, Rohitab Batra <rohitab@rohitab.com>
    http://www.rohitab.com/apimonitor/
-->
<ApiMonitor>
    <Include Filename="Interfaces\IUnknown.xml" />
    <Interface Name="IInitializeSpy" Id="{00000034-0000-0000-C000-000000000046}" BaseInterface="IUnknown" OnlineHelp="MSDN" ErrorFunc="HRESULT" Category="Component Development/COM/Component Object Model (COM)/OLE and Data Transfer/Interfaces">
        <!-- Variables -->
        <!-- Methods -->
        <Api Name="PreInitialize">
            <Param Type="DWORD" Name="dwCoInit" />
            <Param Type="DWORD" Name="dwCurThreadAptRefs" />
            <Return Type="HRESULT" />
            <Success Return="Equal" Value="0" />
        </Api>
        <Api Name="PostInitialize">
            <Param Type="HRESULT" Name="hrCoInit" />
            <Param Type="DWORD" Name="dwCoInit" />
            <Param Type="DWORD" Name="dwNewThreadAptRefs" />
            <Return Type="HRESULT" />
            <Success Return="Equal" Value="0" />
        </Api>
        <Api Name="PreUninitialize">
            <Param Type="DWORD" Name="dwCurThreadAptRefs" />
            <Return Type="HRESULT" />
            <Success Return="Equal" Value="0" />
        </Api>
        <Api Name="PostUninitialize">
            <Param Type="DWORD" Name="dwNewThreadAptRefs" />
            <Return Type="HRESULT" />
            <Success Return="Equal" Value="0" />
        </Api>
    </Interface>
</ApiMonitor>