<!--
    API Monitor Definitions
    (c) 2010-2011, Rohitab Batra <rohitab@rohitab.com>
    http://www.rohitab.com/apimonitor/
-->
<ApiMonitor>
    <Include Filename="Interfaces\IUnknown.xml" />
    <Interface Name="ILayoutStorage" Id="{0e6d4d90-6738-11cf-9608-00aa00680db4}" BaseInterface="IUnknown" OnlineHelp="MSDN" ErrorFunc="HRESULT" Category="Component Development/COM/Structured Storage/Interfaces">
        <!-- Variables -->
        <!-- Methods -->
        <Api Name="LayoutScript">
            <Param Type="StorageLayout*" Name="pStorageLayout" />
            <Param Type="DWORD" Name="nEntries" />
            <Param Type="DWORD" Name="glfInterleavedFlag" />
            <Return Type="HRESULT" />
            <Success Return="Equal" Value="0" />
        </Api>
        <Api Name="BeginMonitor">
            <Return Type="HRESULT" />
            <Success Return="Equal" Value="0" />
        </Api>
        <Api Name="EndMonitor">
            <Return Type="HRESULT" />
            <Success Return="Equal" Value="0" />
        </Api>
        <Api Name="ReLayoutDocfile">
            <Param Type="OLECHAR*" Name="pwcsNewDfName" />
            <Return Type="HRESULT" />
            <Success Return="Equal" Value="0" />
        </Api>
        <Api Name="ReLayoutDocfileOnILockBytes">
            <Param Type="ILockBytes*" Name="pILockBytes" />
            <Return Type="HRESULT" />
            <Success Return="Equal" Value="0" />
        </Api>
    </Interface>
</ApiMonitor>