<!--
    API Monitor Definitions
    (c) 2010-2011, Rohitab Batra <rohitab@rohitab.com>
    http://www.rohitab.com/apimonitor/
-->
<ApiMonitor>
    <Include Filename="Interfaces\IUnknown.xml" />
    <Interface Name="ILockBytes" Id="{0000000a-0000-0000-C000-000000000046}" BaseInterface="IUnknown" OnlineHelp="MSDN" ErrorFunc="HRESULT" Category="Component Development/COM/Component Object Model (COM)/OLE and Data Transfer/Interfaces">
        <!-- Variables -->
        <!-- Methods -->
        <Api Name="ReadAt">
            <Param Type="ULARGE_INTEGER" Name="ulOffset" />
            <Param Type="void*" Name="pv" />
            <Param Type="ULONG" Name="cb" />
            <Param Type="ULONG*" Name="pcbRead" />
            <Return Type="HRESULT" />
            <Success Return="Equal" Value="0" />
        </Api>
        <Api Name="WriteAt">
            <Param Type="ULARGE_INTEGER" Name="ulOffset" />
            <Param Type="const void*" Name="pv" />
            <Param Type="ULONG" Name="cb" />
            <Param Type="ULONG*" Name="pcbWritten" />
            <Return Type="HRESULT" />
            <Success Return="Equal" Value="0" />
        </Api>
        <Api Name="Flush">
            <Return Type="HRESULT" />
            <Success Return="Equal" Value="0" />
        </Api>
        <Api Name="SetSize">
            <Param Type="ULARGE_INTEGER" Name="cb" />
            <Return Type="HRESULT" />
            <Success Return="Equal" Value="0" />
        </Api>
        <Api Name="LockRegion">
            <Param Type="ULARGE_INTEGER" Name="libOffset" />
            <Param Type="ULARGE_INTEGER" Name="cb" />
            <Param Type="LOCKTYPE" Name="dwLockType" />
            <Return Type="HRESULT" />
            <Success Return="Equal" Value="0" />
        </Api>
        <Api Name="UnlockRegion">
            <Param Type="ULARGE_INTEGER" Name="libOffset" />
            <Param Type="ULARGE_INTEGER" Name="cb" />
            <Param Type="LOCKTYPE" Name="dwLockType" />
            <Return Type="HRESULT" />
            <Success Return="Equal" Value="0" />
        </Api>
        <Api Name="Stat">
            <Param Type="STATSTG*" Name="pstatstg" />
            <Param Type="DWORD" Name="grfStatFlag" />
            <Return Type="HRESULT" />
            <Success Return="Equal" Value="0" />
        </Api>
    </Interface>
</ApiMonitor>