<!--
    API Monitor Definitions
    (c) 2010-2011, Rohitab Batra <rohitab@rohitab.com>
    http://www.rohitab.com/apimonitor/
-->
<ApiMonitor>
    <Include Filename="Interfaces\IUnknown.xml" />
    <Interface Name="IMallocSpy" Id="{0000001d-0000-0000-C000-000000000046}" BaseInterface="IUnknown" OnlineHelp="MSDN" ErrorFunc="HRESULT" Category="Component Development/COM/Component Object Model (COM)/OLE and Data Transfer/Interfaces">
        <!-- Variables -->
        <!-- Methods -->
        <Api Name="PreAlloc">
            <Param Type="SIZE_T" Name="cbRequest" />
            <Return Type="SIZE_T" />
            <Success Return="NotEqual" Value="0" />
        </Api>
        <Api Name="PostAlloc">
            <Param Type="void*" Name="pActual" />
            <Return Type="void*" />
            <Success Return="NotEqual" Value="0" />
        </Api>
        <Api Name="PreFree">
            <Param Type="void*" Name="pRequest" />
            <Param Type="BOOL" Name="fSpyed" />
            <Return Type="void*" />
            <Success Return="NotEqual" Value="0" />
        </Api>
        <Api Name="PostFree">
            <Param Type="BOOL" Name="fSpyed" />
            <Return Type="void" />
        </Api>
        <Api Name="PreRealloc">
            <Param Type="void*" Name="pRequest" />
            <Param Type="SIZE_T" Name="cbRequest" />
            <Param Type="void**" Name="ppNewRequest" />
            <Param Type="BOOL" Name="fSpyed" />
            <Return Type="SIZE_T" />
            <Success Return="NotEqual" Value="0" />
        </Api>
        <Api Name="PostRealloc">
            <Param Type="void*" Name="pActual" />
            <Param Type="BOOL" Name="fSpyed" />
            <Return Type="void*" />
            <Success Return="NotEqual" Value="0" />
        </Api>
        <Api Name="PreGetSize">
            <Param Type="void*" Name="pRequest" />
            <Param Type="BOOL" Name="fSpyed" />
            <Return Type="void*" />
            <Success Return="NotEqual" Value="0" />
        </Api>
        <Api Name="PostGetSize">
            <Param Type="SIZE_T" Name="cbActual" />
            <Param Type="BOOL" Name="fSpyed" />
            <Return Type="SIZE_T" />
            <Success Return="NotEqual" Value="0" />
        </Api>
        <Api Name="PreDidAlloc">
            <Param Type="void*" Name="pRequest" />
            <Param Type="BOOL" Name="fSpyed" />
            <Return Type="void*" />
            <Success Return="NotEqual" Value="0" />
        </Api>
        <Api Name="PostDidAlloc">
            <Param Type="void*" Name="pRequest" />
            <Param Type="BOOL" Name="fSpyed" />
            <Param Type="int" Name="fActual" />
            <Return Type="int" />
            <Success Return="NotEqual" Value="0" />
        </Api>
        <Api Name="PreHeapMinimize">
            <Return Type="void" />
        </Api>
        <Api Name="PostHeapMinimize">
            <Return Type="void" />
        </Api>
    </Interface>
</ApiMonitor>