<!--
    API Monitor Definitions
    (c) 2010-2011, Rohitab Batra <rohitab@rohitab.com>
    http://www.rohitab.com/apimonitor/
-->
<ApiMonitor>
    <Include Filename="Interfaces\IUnknown.xml" />
    <Interface Name="IMarshal" Id="{00000003-0000-0000-C000-000000000046}" BaseInterface="IUnknown" OnlineHelp="MSDN" ErrorFunc="HRESULT" Category="Component Development/COM/Component Object Model (COM)/OLE and Data Transfer/Interfaces">
        <!-- Variables -->
        <!-- Methods -->
        <Api Name="GetUnmarshalClass">
            <Param Type="REFIID" Name="riid" />
            <Param Type="void*" Name="pv" />
            <Param Type="DWORD" Name="dwDestContext" />
            <Param Type="void*" Name="pvDestContext" />
            <Param Type="DWORD" Name="mshlflags" />
            <Param Type="CLSID*" Name="pCid" />
            <Return Type="HRESULT" />
            <Success Return="Equal" Value="0" />
        </Api>
        <Api Name="GetMarshalSizeMax">
            <Param Type="REFIID" Name="riid" />
            <Param Type="void*" Name="pv" />
            <Param Type="DWORD" Name="dwDestContext" />
            <Param Type="void*" Name="pvDestContext" />
            <Param Type="DWORD" Name="mshlflags" />
            <Param Type="DWORD*" Name="pSize" />
            <Return Type="HRESULT" />
            <Success Return="Equal" Value="0" />
        </Api>
        <Api Name="MarshalInterface">
            <Param Type="IStream*" Name="pStm" />
            <Param Type="REFIID" Name="riid" />
            <Param Type="void*" Name="pv" />
            <Param Type="DWORD" Name="dwDestContext" />
            <Param Type="void*" Name="pvDestContext" />
            <Param Type="DWORD" Name="mshlflags" />
            <Return Type="HRESULT" />
            <Success Return="Equal" Value="0" />
        </Api>
        <Api Name="UnmarshalInterface">
            <Param Type="IStream*" Name="pStm" />
            <Param Type="REFIID" Name="riid" />
            <Param Type="void**" Name="ppv" InterfaceId="riid" />
            <Return Type="HRESULT" />
            <Success Return="Equal" Value="0" />
        </Api>
        <Api Name="ReleaseMarshalData">
            <Param Type="IStream*" Name="pStm" />
            <Return Type="HRESULT" />
            <Success Return="Equal" Value="0" />
        </Api>
        <Api Name="DisconnectObject">
            <Param Type="DWORD" Name="dwReserved" />
            <Return Type="HRESULT" />
            <Success Return="Equal" Value="0" />
        </Api>
    </Interface>
</ApiMonitor>