<!--
    API Monitor Definitions
    (c) 2010-2011, Rohitab Batra <rohitab@rohitab.com>
    http://www.rohitab.com/apimonitor/
-->
<ApiMonitor>
<Include Filename="Interfaces\COM\IContext.xml" />
<Interface Name="IObjContext" Id="{000001c6-0000-0000-C000-000000000046}" BaseInterface="IContext" OnlineHelp="MSDN" ErrorFunc="HRESULT" Category="Component Development/COM/Component Object Model (COM)/OLE and Data Transfer/Interfaces">
<!-- Variables -->
<!-- Methods -->
<Api Name="Reserved1">
	<Return Type="void" />
</Api>
<Api Name="Reserved2">
	<Return Type="void" />
</Api>
<Api Name="Reserved3">
	<Return Type="void" />
</Api>
<Api Name="Reserved4">
	<Return Type="void" />
</Api>
<Api Name="Reserved5">
	<Return Type="void" />
</Api>
<Api Name="Reserved6">
	<Return Type="void" />
</Api>
<Api Name="Reserved7">
	<Return Type="void" />
</Api>
</Interface>
</ApiMonitor>
