<!--
    API Monitor Definitions
    (c) 2010-2011, Rohitab Batra <rohitab@rohitab.com>
    http://www.rohitab.com/apimonitor/
-->
<ApiMonitor>
    <Include Filename="Interfaces\COM\IOleWindow.xml" />
    <Interface Name="IOleInPlaceSite" Id="{00000119-0000-0000-C000-000000000046}" BaseInterface="IOleWindow" OnlineHelp="MSDN" ErrorFunc="HRESULT" Category="Component Development/COM/Component Object Model (COM)/OLE and Data Transfer/Interfaces">
        <!-- Variables -->
        <!-- Methods -->
        <Api Name="CanInPlaceActivate">
            <Return Type="HRESULT" />
            <Success Return="Equal" Value="0" />
        </Api>
        <Api Name="OnInPlaceActivate">
            <Return Type="HRESULT" />
            <Success Return="Equal" Value="0" />
        </Api>
        <Api Name="OnUIActivate">
            <Return Type="HRESULT" />
            <Success Return="Equal" Value="0" />
        </Api>
        <Api Name="GetWindowContext">
            <Param Type="IOleInPlaceFrame**" Name="ppFrame" />
            <Param Type="IOleInPlaceUIWindow**" Name="ppDoc" />
            <Param Type="LPRECT" Name="lprcPosRect" />
            <Param Type="LPRECT" Name="lprcClipRect" />
            <Param Type="LPOLEINPLACEFRAMEINFO" Name="lpFrameInfo" />
            <Return Type="HRESULT" />
            <Success Return="Equal" Value="0" />
        </Api>
        <Api Name="Scroll">
            <Param Type="SIZE" Name="scrollExtant" />
            <Return Type="HRESULT" />
            <Success Return="Equal" Value="0" />
        </Api>
        <Api Name="OnUIDeactivate">
            <Param Type="BOOL" Name="fUndoable" />
            <Return Type="HRESULT" />
            <Success Return="Equal" Value="0" />
        </Api>
        <Api Name="OnInPlaceDeactivate">
            <Return Type="HRESULT" />
            <Success Return="Equal" Value="0" />
        </Api>
        <Api Name="DiscardUndoState">
            <Return Type="HRESULT" />
            <Success Return="Equal" Value="0" />
        </Api>
        <Api Name="DeactivateAndUndo">
            <Return Type="HRESULT" />
            <Success Return="Equal" Value="0" />
        </Api>
        <Api Name="OnPosRectChange">
            <Param Type="LPCRECT" Name="lprcPosRect" />
            <Return Type="HRESULT" />
            <Success Return="Equal" Value="0" />
        </Api>
    </Interface>
</ApiMonitor>