<!--
    API Monitor Definitions
    (c) 2010-2011, Rohitab Batra <rohitab@rohitab.com>
    http://www.rohitab.com/apimonitor/
-->
<ApiMonitor>
    <Include Filename="Interfaces\COM\IOleInPlaceUIWindow.xml" />
    <Include Filename="Headers\gdi.h.xml" />
    <Interface Name="IOleInPlaceFrame" Id="{00000116-0000-0000-C000-000000000046}" BaseInterface="IOleInPlaceUIWindow" OnlineHelp="MSDN" ErrorFunc="HRESULT" Category="Component Development/COM/Component Object Model (COM)/OLE and Data Transfer/Interfaces">
        <!-- Variables -->
        <!-- Methods -->
        <Api Name="InsertMenus">
            <Param Type="HMENU" Name="hmenuShared" />
            <Param Type="LPOLEMENUGROUPWIDTHS" Name="lpMenuWidths" />
            <Return Type="HRESULT" />
            <Success Return="Equal" Value="0" />
        </Api>
        <Api Name="SetMenu">
            <Param Type="HMENU" Name="hmenuShared" />
            <Param Type="HOLEMENU" Name="holemenu" />
            <Param Type="HWND" Name="hwndActiveObject" />
            <Return Type="HRESULT" />
            <Success Return="Equal" Value="0" />
        </Api>
        <Api Name="RemoveMenus">
            <Param Type="HMENU" Name="hmenuShared" />
            <Return Type="HRESULT" />
            <Success Return="Equal" Value="0" />
        </Api>
        <Api Name="SetStatusText">
            <Param Type="LPCOLESTR" Name="pszStatusText" />
            <Return Type="HRESULT" />
            <Success Return="Equal" Value="0" />
        </Api>
        <Api Name="EnableModeless">
            <Param Type="BOOL" Name="fEnable" />
            <Return Type="HRESULT" />
            <Success Return="Equal" Value="0" />
        </Api>
        <Api Name="TranslateAccelerator">
            <Param Type="LPMSG" Name="lpmsg" />
            <Param Type="WORD" Name="wID" />
            <Return Type="HRESULT" />
            <Success Return="Equal" Value="0" />
        </Api>
    </Interface>
</ApiMonitor>