<!--
    API Monitor Definitions
    (c) 2010-2011, Rohitab Batra <rohitab@rohitab.com>
    http://www.rohitab.com/apimonitor/
-->
<ApiMonitor>
    <Include Filename="Interfaces\COM\IOleCache.xml" />
    <Interface Name="IOleCache2" Id="{00000128-0000-0000-C000-000000000046}" BaseInterface="IOleCache" OnlineHelp="MSDN" ErrorFunc="HRESULT" Category="Component Development/COM/Component Object Model (COM)/OLE and Data Transfer/Interfaces">
        <!-- Variables -->
        <!-- Methods -->
        <Api Name="UpdateCache">
            <Param Type="LPDATAOBJECT" Name="pDataObject" />
            <Param Type="DWORD" Name="grfUpdf" />
            <Param Type="LPVOID" Name="pReserved" />
            <Return Type="HRESULT" />
            <Success Return="Equal" Value="0" />
        </Api>
        <Api Name="DiscardCache">
            <Param Type="DWORD" Name="dwDiscardOptions" />
            <Return Type="HRESULT" />
            <Success Return="Equal" Value="0" />
        </Api>
    </Interface>
</ApiMonitor>