<!--
    API Monitor Definitions
    (c) 2010-2011, Rohitab Batra <rohitab@rohitab.com>
    http://www.rohitab.com/apimonitor/
-->
<ApiMonitor>
    <Include Filename="Interfaces\IUnknown.xml" />
    <Interface Name="IOleObject" Id="{00000112-0000-0000-C000-000000000046}" BaseInterface="IUnknown" OnlineHelp="MSDN" ErrorFunc="HRESULT" Category="Component Development/COM/Component Object Model (COM)/OLE and Data Transfer/Interfaces">
        <!-- Variables -->
        <!-- Methods -->
        <Api Name="SetClientSite">
            <Param Type="IOleClientSite*" Name="pClientSite" />
            <Return Type="HRESULT" />
            <Success Return="Equal" Value="0" />
        </Api>
        <Api Name="GetClientSite">
            <Param Type="IOleClientSite**" Name="ppClientSite" />
            <Return Type="HRESULT" />
            <Success Return="Equal" Value="0" />
        </Api>
        <Api Name="SetHostNames">
            <Param Type="LPCOLESTR" Name="szContainerApp" />
            <Param Type="LPCOLESTR" Name="szContainerObj" />
            <Return Type="HRESULT" />
            <Success Return="Equal" Value="0" />
        </Api>
        <Api Name="Close">
            <Param Type="DWORD" Name="dwSaveOption" />
            <Return Type="HRESULT" />
            <Success Return="Equal" Value="0" />
        </Api>
        <Api Name="SetMoniker">
            <Param Type="DWORD" Name="dwWhichMoniker" />
            <Param Type="IMoniker*" Name="pmk" />
            <Return Type="HRESULT" />
            <Success Return="Equal" Value="0" />
        </Api>
        <Api Name="GetMoniker">
            <Param Type="DWORD" Name="dwAssign" />
            <Param Type="DWORD" Name="dwWhichMoniker" />
            <Param Type="IMoniker**" Name="ppmk" />
            <Return Type="HRESULT" />
            <Success Return="Equal" Value="0" />
        </Api>
        <Api Name="InitFromData">
            <Param Type="IDataObject*" Name="pDataObject" />
            <Param Type="BOOL" Name="fCreation" />
            <Param Type="DWORD" Name="dwReserved" />
            <Return Type="HRESULT" />
            <Success Return="Equal" Value="0" />
        </Api>
        <Api Name="GetClipboardData">
            <Param Type="DWORD" Name="dwReserved" />
            <Param Type="IDataObject**" Name="ppDataObject" />
            <Return Type="HRESULT" />
            <Success Return="Equal" Value="0" />
        </Api>
        <Api Name="DoVerb">
            <Param Type="LONG" Name="iVerb" />
            <Param Type="LPMSG" Name="lpmsg" />
            <Param Type="IOleClientSite*" Name="pActiveSite" />
            <Param Type="LONG" Name="lindex" />
            <Param Type="HWND" Name="hwndParent" />
            <Param Type="LPCRECT" Name="lprcPosRect" />
            <Return Type="HRESULT" />
            <Success Return="Equal" Value="0" />
        </Api>
        <Api Name="EnumVerbs">
            <Param Type="IEnumOLEVERB**" Name="ppEnumOleVerb" />
            <Return Type="HRESULT" />
            <Success Return="Equal" Value="0" />
        </Api>
        <Api Name="Update">
            <Return Type="HRESULT" />
            <Success Return="Equal" Value="0" />
        </Api>
        <Api Name="IsUpToDate">
            <Return Type="HRESULT" />
            <Success Return="Equal" Value="0" />
        </Api>
        <Api Name="GetUserClassID">
            <Param Type="CLSID*" Name="pClsid" />
            <Return Type="HRESULT" />
            <Success Return="Equal" Value="0" />
        </Api>
        <Api Name="GetUserType">
            <Param Type="DWORD" Name="dwFormOfType" />
            <Param Type="LPOLESTR*" Name="pszUserType" />
            <Return Type="HRESULT" />
            <Success Return="Equal" Value="0" />
        </Api>
        <Api Name="SetExtent">
            <Param Type="DWORD" Name="dwDrawAspect" />
            <Param Type="SIZEL*" Name="psizel" />
            <Return Type="HRESULT" />
            <Success Return="Equal" Value="0" />
        </Api>
        <Api Name="GetExtent">
            <Param Type="DWORD" Name="dwDrawAspect" />
            <Param Type="SIZEL*" Name="psizel" />
            <Return Type="HRESULT" />
            <Success Return="Equal" Value="0" />
        </Api>
        <Api Name="Advise">
            <Param Type="IAdviseSink*" Name="pAdvSink" />
            <Param Type="DWORD*" Name="pdwConnection" />
            <Return Type="HRESULT" />
            <Success Return="Equal" Value="0" />
        </Api>
        <Api Name="Unadvise">
            <Param Type="DWORD" Name="dwConnection" />
            <Return Type="HRESULT" />
            <Success Return="Equal" Value="0" />
        </Api>
        <Api Name="EnumAdvise">
            <Param Type="IEnumSTATDATA**" Name="ppenumAdvise" />
            <Return Type="HRESULT" />
            <Success Return="Equal" Value="0" />
        </Api>
        <Api Name="GetMiscStatus">
            <Param Type="DWORD" Name="dwAspect" />
            <Param Type="DWORD*" Name="pdwStatus" />
            <Return Type="HRESULT" />
            <Success Return="Equal" Value="0" />
        </Api>
        <Api Name="SetColorScheme">
            <Param Type="LOGPALETTE*" Name="pLogpal" />
            <Return Type="HRESULT" />
            <Success Return="Equal" Value="0" />
        </Api>
    </Interface>
</ApiMonitor>