<!--
    API Monitor Definitions
    (c) 2010-2011, Rohitab Batra <rohitab@rohitab.com>
    http://www.rohitab.com/apimonitor/
-->
<ApiMonitor>
    <Include Filename="Interfaces\IUnknown.xml" />
    <Interface Name="IOleCommandTarget" Id="{b722bccb-4e68-101b-a2bc-00aa00404770}" BaseInterface="IUnknown" OnlineHelp="MSDN" ErrorFunc="HRESULT" Category="Component Development/COM/Component Object Model (COM)/OLE and Data Transfer/Interfaces">
        <!-- Variables -->

        <!-- OLECMD -->
        <Variable Name="OLECMD" Type="Struct">
            <Field Type="ULONG"     Name="cmdID" />
            <Field Type="OLECMDF"   Name="cmdf" />
        </Variable>
        <!-- TODO: Array -->
        <Variable Name="OLECMD[]" Type="Pointer" Base="OLECMD" />

        <!-- OLECMDTEXTF -->
        <Variable Name="OLECMDTEXTF" Type="Alias" Base="DWORD">
            <Display Name="DWORD" />
            <Flag>
                <Set Name="OLECMDTEXTF_NONE"    Value="0" />
                <Set Name="OLECMDTEXTF_NAME"    Value="1" />
                <Set Name="OLECMDTEXTF_STATUS"  Value="2" />
            </Flag>
        </Variable>

        <!-- TODO: Structures -->
        <Variable Name="OLECMDTEXT*" Type="Alias" Base="LPVOID" />

        <!-- Methods -->
        <Api Name="QueryStatus">
            <Param Type="const GUID*" Name="pguidCmdGroup" />
            <Param Type="ULONG" Name="cCmds" />
            <Param Type="OLECMD[]" Name="prgCmds" />
            <Param Type="OLECMDTEXT*" Name="pCmdText" />
            <Return Type="HRESULT" />
            <Success Return="Equal" Value="0" />
        </Api>
        <Api Name="Exec">
            <Param Type="const GUID*" Name="pguidCmdGroup" />
            <Param Type="DWORD" Name="nCmdID" />
            <Param Type="DWORD" Name="nCmdexecopt" />
            <Param Type="VARIANT*" Name="pvaIn" />
            <Param Type="VARIANT*" Name="pvaOut" />
            <Return Type="HRESULT" />
            <Success Return="Equal" Value="0" />
        </Api>
    </Interface>
</ApiMonitor>