<!--
    API Monitor Definitions
    (c) 2010-2011, Rohitab Batra <rohitab@rohitab.com>
    http://www.rohitab.com/apimonitor/
-->
<ApiMonitor>
    <Include Filename="Interfaces\IUnknown.xml" />
    <Interface Name="IOleDocument" Id="{b722bcc5-4e68-101b-a2bc-00aa00404770}" BaseInterface="IUnknown" OnlineHelp="MSDN" ErrorFunc="HRESULT" Category="Component Development/COM/Component Object Model (COM)/OLE and Data Transfer/Interfaces">
        <!-- Variables -->
        <!-- Methods -->
        <Api Name="CreateView">
            <Param Type="IOleInPlaceSite*" Name="pIPSite" />
            <Param Type="IStream*" Name="pstm" />
            <Param Type="DWORD" Name="dwReserved" />
            <Param Type="IOleDocumentView**" Name="ppView" />
            <Return Type="HRESULT" />
            <Success Return="Equal" Value="0" />
        </Api>
        <Api Name="GetDocMiscStatus">
            <Param Type="DWORD*" Name="pdwStatus" />
            <Return Type="HRESULT" />
            <Success Return="Equal" Value="0" />
        </Api>
        <Api Name="EnumViews">
            <Param Type="IEnumOleDocumentViews**" Name="ppEnum" />
            <Param Type="IOleDocumentView**" Name="ppView" />
            <Return Type="HRESULT" />
            <Success Return="Equal" Value="0" />
        </Api>
    </Interface>
</ApiMonitor>