<!--
    API Monitor Definitions
    (c) 2010-2011, Rohitab Batra <rohitab@rohitab.com>
    http://www.rohitab.com/apimonitor/
-->
<ApiMonitor>
    <Include Filename="Interfaces\COM\IParseDisplayName.xml" />
    <Interface Name="IOleContainer" Id="{0000011b-0000-0000-C000-000000000046}" BaseInterface="IParseDisplayName" OnlineHelp="MSDN" ErrorFunc="HRESULT" Category="Component Development/COM/Component Object Model (COM)/OLE and Data Transfer/Interfaces">
        <!-- Variables -->
        <!-- Methods -->
        <Api Name="EnumObjects">
            <Param Type="DWORD" Name="grfFlags" />
            <Param Type="IEnumUnknown**" Name="ppenum" />
            <Return Type="HRESULT" />
            <Success Return="Equal" Value="0" />
        </Api>
        <Api Name="LockContainer">
            <Param Type="BOOL" Name="fLock" />
            <Return Type="HRESULT" />
            <Success Return="Equal" Value="0" />
        </Api>
    </Interface>
</ApiMonitor>