<!--
    API Monitor Definitions
    (c) 2010-2011, Rohitab Batra <rohitab@rohitab.com>
    http://www.rohitab.com/apimonitor/
-->
<ApiMonitor>
    <Include Filename="Interfaces\COM\IOleWindow.xml" />
    <Interface Name="IOleInPlaceUIWindow" Id="{00000115-0000-0000-C000-000000000046}" BaseInterface="IOleWindow" OnlineHelp="MSDN" ErrorFunc="HRESULT" Category="Component Development/COM/Component Object Model (COM)/OLE and Data Transfer/Interfaces">
        <!-- Variables -->
        <!-- Methods -->
        <Api Name="GetBorder">
            <Param Type="LPRECT" Name="lprectBorder" />
            <Return Type="HRESULT" />
            <Success Return="Equal" Value="0" />
        </Api>
        <Api Name="RequestBorderSpace">
            <Param Type="LPCBORDERWIDTHS" Name="pborderwidths" />
            <Return Type="HRESULT" />
            <Success Return="Equal" Value="0" />
        </Api>
        <Api Name="SetBorderSpace">
            <Param Type="LPCBORDERWIDTHS" Name="pborderwidths" />
            <Return Type="HRESULT" />
            <Success Return="Equal" Value="0" />
        </Api>
        <Api Name="SetActiveObject">
            <Param Type="IOleInPlaceActiveObject*" Name="pActiveObject" />
            <Param Type="LPCOLESTR" Name="pszObjName" />
            <Return Type="HRESULT" />
            <Success Return="Equal" Value="0" />
        </Api>
    </Interface>
</ApiMonitor>