<!--
    API Monitor Definitions
    (c) 2010-2011, Rohitab Batra <rohitab@rohitab.com>
    http://www.rohitab.com/apimonitor/
-->
<ApiMonitor>
    <Include Filename="Interfaces\IUnknown.xml" />
    <Interface Name="IOleDocumentView" Id="{b722bcc6-4e68-101b-a2bc-00aa00404770}" BaseInterface="IUnknown" OnlineHelp="MSDN" ErrorFunc="HRESULT" Category="Component Development/COM/Component Object Model (COM)/OLE and Data Transfer/Interfaces">
        <!-- Variables -->
        <!-- Methods -->
        <Api Name="SetInPlaceSite">
            <Param Type="IOleInPlaceSite*" Name="pIPSite" />
            <Return Type="HRESULT" />
            <Success Return="Equal" Value="0" />
        </Api>
        <Api Name="GetInPlaceSite">
            <Param Type="IOleInPlaceSite**" Name="ppIPSite" />
            <Return Type="HRESULT" />
            <Success Return="Equal" Value="0" />
        </Api>
        <Api Name="GetDocument">
            <Param Type="IUnknown**" Name="ppunk" />
            <Return Type="HRESULT" />
            <Success Return="Equal" Value="0" />
        </Api>
        <Api Name="SetRect">
            <Param Type="LPRECT" Name="prcView" />
            <Return Type="HRESULT" />
            <Success Return="Equal" Value="0" />
        </Api>
        <Api Name="GetRect">
            <Param Type="LPRECT" Name="prcView" />
            <Return Type="HRESULT" />
            <Success Return="Equal" Value="0" />
        </Api>
        <Api Name="SetRectComplex">
            <Param Type="LPRECT" Name="prcView" />
            <Param Type="LPRECT" Name="prcHScroll" />
            <Param Type="LPRECT" Name="prcVScroll" />
            <Param Type="LPRECT" Name="prcSizeBox" />
            <Return Type="HRESULT" />
            <Success Return="Equal" Value="0" />
        </Api>
        <Api Name="Show">
            <Param Type="BOOL" Name="fShow" />
            <Return Type="HRESULT" />
            <Success Return="Equal" Value="0" />
        </Api>
        <Api Name="UIActivate">
            <Param Type="BOOL" Name="fUIActivate" />
            <Return Type="HRESULT" />
            <Success Return="Equal" Value="0" />
        </Api>
        <Api Name="Open">
            <Return Type="HRESULT" />
            <Success Return="Equal" Value="0" />
        </Api>
        <Api Name="CloseView">
            <Param Type="DWORD" Name="dwReserved" />
            <Return Type="HRESULT" />
            <Success Return="Equal" Value="0" />
        </Api>
        <Api Name="SaveViewState">
            <Param Type="LPSTREAM" Name="pstm" />
            <Return Type="HRESULT" />
            <Success Return="Equal" Value="0" />
        </Api>
        <Api Name="ApplyViewState">
            <Param Type="LPSTREAM" Name="pstm" />
            <Return Type="HRESULT" />
            <Success Return="Equal" Value="0" />
        </Api>
        <Api Name="Clone">
            <Param Type="IOleInPlaceSite*" Name="pIPSiteNew" />
            <Param Type="IOleDocumentView**" Name="ppViewNew" />
            <Return Type="HRESULT" />
            <Success Return="Equal" Value="0" />
        </Api>
    </Interface>
</ApiMonitor>