<!--
    API Monitor Definitions
    (c) 2010-2011, Rohitab Batra <rohitab@rohitab.com>
    http://www.rohitab.com/apimonitor/
-->
<ApiMonitor>
    <Include Filename="Interfaces\COM\IOleContainer.xml" />
    <Interface Name="IOleItemContainer" Id="{0000011c-0000-0000-C000-000000000046}" BaseInterface="IOleContainer" OnlineHelp="MSDN" ErrorFunc="HRESULT" Category="Component Development/COM/Component Object Model (COM)/OLE and Data Transfer/Interfaces">
        <!-- Variables -->
        <!-- Methods -->
        <Api Name="GetObject">
            <Param Type="LPOLESTR" Name="pszItem" />
            <Param Type="DWORD" Name="dwSpeedNeeded" />
            <Param Type="IBindCtx*" Name="pbc" />
            <Param Type="REFIID" Name="riid" />
            <Param Type="void**" Name="ppvObject" InterfaceId="riid" />
            <Return Type="HRESULT" />
            <Success Return="Equal" Value="0" />
        </Api>
        <Api Name="GetObjectStorage">
            <Param Type="LPOLESTR" Name="pszItem" />
            <Param Type="IBindCtx*" Name="pbc" />
            <Param Type="REFIID" Name="riid" />
            <Param Type="void**" Name="ppvStorage" InterfaceId="riid" />
            <Return Type="HRESULT" />
            <Success Return="Equal" Value="0" />
        </Api>
        <Api Name="IsRunning">
            <Param Type="LPOLESTR" Name="pszItem" />
            <Return Type="HRESULT" />
            <Success Return="Equal" Value="0" />
        </Api>
    </Interface>
</ApiMonitor>