<!--
    API Monitor Definitions
    (c) 2010-2011, Rohitab Batra <rohitab@rohitab.com>
    http://www.rohitab.com/apimonitor/
-->
<ApiMonitor>
    <Include Filename="Interfaces\IUnknown.xml" />
    <Interface Name="IOleCache" Id="{0000011e-0000-0000-C000-000000000046}" BaseInterface="IUnknown" OnlineHelp="MSDN" ErrorFunc="HRESULT" Category="Component Development/COM/Component Object Model (COM)/OLE and Data Transfer/Interfaces">
        <!-- Variables -->
        <!-- Methods -->
        <Api Name="Cache">
            <Param Type="FORMATETC*" Name="pformatetc" />
            <Param Type="ADVF" Name="advf" />
            <Param Type="DWORD*" Name="pdwConnection" />
            <Return Type="HRESULT" />
            <Success Return="Equal" Value="0" />
        </Api>
        <Api Name="Uncache">
            <Param Type="DWORD" Name="dwConnection" />
            <Return Type="HRESULT" />
            <Success Return="Equal" Value="0" />
        </Api>
        <Api Name="EnumCache">
            <Param Type="IEnumSTATDATA**" Name="ppenumSTATDATA" />
            <Return Type="HRESULT" />
            <Success Return="Equal" Value="0" />
        </Api>
        <Api Name="InitCache">
            <Param Type="IDataObject*" Name="pDataObject" />
            <Return Type="HRESULT" />
            <Success Return="Equal" Value="0" />
        </Api>
        <Api Name="SetData">
            <Param Type="FORMATETC*" Name="pformatetc" />
            <Param Type="STGMEDIUM*" Name="pmedium" />
            <Param Type="BOOL" Name="fRelease" />
            <Return Type="HRESULT" />
            <Success Return="Equal" Value="0" />
        </Api>
    </Interface>
</ApiMonitor>