<!--
    API Monitor Definitions
    (c) 2010-2011, Rohitab Batra <rohitab@rohitab.com>
    http://www.rohitab.com/apimonitor/
-->
<ApiMonitor>
    <Include Filename="Interfaces\IUnknown.xml" />
    <Interface Name="IOplockStorage" Id="{8d19c834-8879-11d1-83e9-00c04fc2c6d4}" BaseInterface="IUnknown" OnlineHelp="MSDN" ErrorFunc="HRESULT" Category="Component Development/COM/Component Object Model (COM)/OLE and Data Transfer/Interfaces">
        <!-- Variables -->
        <!-- Methods -->
        <Api Name="CreateStorageEx">
            <Param Type="LPCWSTR" Name="pwcsName" />
            <Param Type="[StgmFlags]" Name="grfMode" />
            <Param Type="DWORD" Name="stgfmt" />
            <Param Type="DWORD" Name="grfAttrs" />
            <Param Type="REFIID" Name="riid" />
            <Param Type="void**" Name="ppstgOpen" InterfaceId="riid" />
            <Return Type="HRESULT" />
            <Success Return="Equal" Value="0" />
        </Api>
        <Api Name="OpenStorageEx">
            <Param Type="LPCWSTR" Name="pwcsName" />
            <Param Type="[StgmFlags]" Name="grfMode" />
            <Param Type="DWORD" Name="stgfmt" />
            <Param Type="DWORD" Name="grfAttrs" />
            <Param Type="REFIID" Name="riid" />
            <Param Type="void**" Name="ppstgOpen" InterfaceId="riid" />
            <Return Type="HRESULT" />
            <Success Return="Equal" Value="0" />
        </Api>
    </Interface>
</ApiMonitor>