<!--
    API Monitor Definitions
    (c) 2010-2011, Rohitab Batra <rohitab@rohitab.com>
    http://www.rohitab.com/apimonitor/
-->
<ApiMonitor>
    <Include Filename="Interfaces\IUnknown.xml" />
    <Interface Name="IPrint" Id="{b722bcc9-4e68-101b-a2bc-00aa00404770}" BaseInterface="IUnknown" OnlineHelp="MSDN" ErrorFunc="HRESULT" Category="Component Development/COM/Component Object Model (COM)/OLE and Data Transfer/Interfaces">
        <!-- Variables -->
        
        <!-- TODO: Structures -->
        <Variable Name="PAGESET*"    Type="Alias"   Base="LPVOID" />
        <Variable Name="PAGESET**"   Type="Pointer" Base="PAGESET*" />
        
        <!-- Methods -->
        <Api Name="SetInitialPageNum">
            <Param Type="LONG" Name="nFirstPage" />
            <Return Type="HRESULT" />
            <Success Return="Equal" Value="0" />
        </Api>
        <Api Name="GetPageInfo">
            <Param Type="LONG*" Name="pnFirstPage" />
            <Param Type="LONG*" Name="pcPages" />
            <Return Type="HRESULT" />
            <Success Return="Equal" Value="0" />
        </Api>
        <Api Name="Print">
            <Param Type="DWORD" Name="grfFlags" />
            <Param Type="DVTARGETDEVICE**" Name="pptd" />
            <Param Type="PAGESET**" Name="ppPageSet" />
            <Param Type="STGMEDIUM*" Name="pstgmOptions" />
            <Param Type="IContinueCallback*" Name="pcallback" />
            <Param Type="LONG" Name="nFirstPage" />
            <Param Type="LONG*" Name="pcPagesPrinted" />
            <Param Type="LONG*" Name="pnLastPage" />
            <Return Type="HRESULT" />
            <Success Return="Equal" Value="0" />
        </Api>
    </Interface>
</ApiMonitor>