<!--
    API Monitor Definitions
    (c) 2010-2011, Rohitab Batra <rohitab@rohitab.com>
    http://www.rohitab.com/apimonitor/
-->
<ApiMonitor>
    <Include Filename="Interfaces\IUnknown.xml" />
    <Interface Name="IProgressNotify" Id="{a9d758a0-4617-11cf-95fc-00aa00680db4}" BaseInterface="IUnknown" OnlineHelp="MSDN" ErrorFunc="HRESULT" Category="Component Development/COM/Component Object Model (COM)/OLE and Data Transfer/Interfaces">
        <!-- Variables -->
        <!-- Methods -->
        <Api Name="OnProgress">
            <Param Type="DWORD" Name="dwProgressCurrent" />
            <Param Type="DWORD" Name="dwProgressMaximum" />
            <Param Type="BOOL" Name="fAccurate" />
            <Param Type="BOOL" Name="fOwner" />
            <Return Type="HRESULT" />
            <Success Return="Equal" Value="0" />
        </Api>
    </Interface>
</ApiMonitor>