<!--
    API Monitor Definitions
    (c) 2010-2011, Rohitab Batra <rohitab@rohitab.com>
    http://www.rohitab.com/apimonitor/
-->
<ApiMonitor>
    <Include Filename="Interfaces\IUnknown.xml" />
    <Interface Name="IProtectFocus" Id="{d81f90a3-8156-44f7-ad28-5abb87003274}" BaseInterface="IUnknown" OnlineHelp="MSDN" ErrorFunc="HRESULT" Category="Web Development/Internet Explorer Development/Hosting and Reuse/Advanced Hosting Interfaces">
        <!-- Variables -->
        <!-- Methods -->
        <Api Name="AllowFocusChange">
            <Param Type="BOOL*" Name="pfAllow" />
            <Return Type="HRESULT" />
            <Success Return="Equal" Value="0" />
        </Api>
    </Interface>
</ApiMonitor>