<!--
    API Monitor Definitions
    (c) 2010-2011, Rohitab Batra <rohitab@rohitab.com>
    http://www.rohitab.com/apimonitor/
-->
<ApiMonitor>
    <Include Filename="Interfaces\IUnknown.xml" />
    <Interface Name="IProtectedModeMenuServices" Id="{73c105ee-9dff-4a07-b83c-7eff290c266e}" BaseInterface="IUnknown" OnlineHelp="MSDN" ErrorFunc="HRESULT" Category="Component Development/COM/Component Object Model (COM)/OLE and Data Transfer/Interfaces">
        <!-- Variables -->
        <!-- Methods -->
        <Api Name="CreateMenu">
            <Param Type="HMENU*" Name="phMenu" />
            <Return Type="HRESULT" />
            <Success Return="Equal" Value="0" />
        </Api>
        <Api Name="LoadMenu">
            <Param Type="LPCWSTR" Name="pszModuleName" />
            <Param Type="LPCWSTR" Name="pszMenuName" />
            <Param Type="HMENU*" Name="phMenu" />
            <Return Type="HRESULT" />
            <Success Return="Equal" Value="0" />
        </Api>
        <Api Name="LoadMenuID">
            <Param Type="LPCWSTR" Name="pszModuleName" />
            <Param Type="WORD" Name="wResourceID" />
            <Param Type="HMENU*" Name="phMenu" />
            <Return Type="HRESULT" />
            <Success Return="Equal" Value="0" />
        </Api>
    </Interface>
</ApiMonitor>