<!--
    API Monitor Definitions
    (c) 2010-2011, Rohitab Batra <rohitab@rohitab.com>
    http://www.rohitab.com/apimonitor/
-->
<ApiMonitor>
<Include Filename="Interfaces\IUnknown.xml" />
<Interface Name="IProcessLock" Id="{000001d5-0000-0000-C000-000000000046}" BaseInterface="IUnknown" OnlineHelp="MSDN" ErrorFunc="HRESULT" Category="Component Development/COM/Component Object Model (COM)/OLE and Data Transfer/Interfaces">
<!-- Variables -->
<!-- Methods -->
<Api Name="AddRefOnProcess">
	<Return Type="ULONG" />
	<Success Return="NotEqual" Value="0" />
</Api>
<Api Name="ReleaseRefOnProcess">
	<Return Type="ULONG" />
	<Success Return="NotEqual" Value="0" />
</Api>
</Interface>
</ApiMonitor>
