<!--
    API Monitor Definitions
    (c) 2010-2011, Rohitab Batra <rohitab@rohitab.com>
    http://www.rohitab.com/apimonitor/
-->
<ApiMonitor>
    <Include Filename="Interfaces\IUnknown.xml" />
    <Interface Name="IReleaseMarshalBuffers" Id="{eb0cb9e8-7996-11d2-872e-0000f8080859}" BaseInterface="IUnknown" OnlineHelp="MSDN" ErrorFunc="HRESULT" Category="Component Development/COM/Component Object Model (COM)/OLE and Data Transfer/Interfaces">
        <!-- Variables -->
        <!-- Methods -->
        <Api Name="ReleaseMarshalBuffer">
            <Param Type="RPCOLEMESSAGE*" Name="pMsg" />
            <Param Type="DWORD" Name="dwFlags" />
            <Param Type="IUnknown*" Name="pChnl" />
            <Return Type="HRESULT" />
            <Success Return="Equal" Value="0" />
        </Api>
    </Interface>
</ApiMonitor>