<!--
    API Monitor Definitions
    (c) 2010-2011, Rohitab Batra <rohitab@rohitab.com>
    http://www.rohitab.com/apimonitor/
-->
<ApiMonitor>
    <Include Filename="Interfaces\COM\IRpcChannelBuffer2.xml" />
    <Interface Name="IRpcChannelBuffer3" Id="{25B15600-0115-11d0-BF0D-00AA00B8DFD2}" BaseInterface="IRpcChannelBuffer2" OnlineHelp="MSDN" ErrorFunc="HRESULT" Category="Component Development/COM/Component Object Model (COM)/OLE and Data Transfer/Interfaces">
        <!-- Variables -->
        <!-- Methods -->
        <Api Name="Send">
            <Param Type="RPCOLEMESSAGE*" Name="pMsg" />
            <Param Type="ULONG*" Name="pulStatus" />
            <Return Type="HRESULT" />
            <Success Return="Equal" Value="0" />
        </Api>
        <Api Name="Receive">
            <Param Type="RPCOLEMESSAGE*" Name="pMsg" />
            <Param Type="ULONG" Name="ulSize" />
            <Param Type="ULONG*" Name="pulStatus" />
            <Return Type="HRESULT" />
            <Success Return="Equal" Value="0" />
        </Api>
        <Api Name="Cancel">
            <Param Type="RPCOLEMESSAGE*" Name="pMsg" />
            <Return Type="HRESULT" />
            <Success Return="Equal" Value="0" />
        </Api>
        <Api Name="GetCallContext">
            <Param Type="RPCOLEMESSAGE*" Name="pMsg" />
            <Param Type="REFIID" Name="riid" />
            <Param Type="void**" Name="pInterface" InterfaceId="riid" />
            <Return Type="HRESULT" />
            <Success Return="Equal" Value="0" />
        </Api>
        <Api Name="GetDestCtxEx">
            <Param Type="RPCOLEMESSAGE*" Name="pMsg" />
            <Param Type="DWORD*" Name="pdwDestContext" />
            <Param Type="void**" Name="ppvDestContext" />
            <Return Type="HRESULT" />
            <Success Return="Equal" Value="0" />
        </Api>
        <Api Name="GetState">
            <Param Type="RPCOLEMESSAGE*" Name="pMsg" />
            <Param Type="DWORD*" Name="pState" />
            <Return Type="HRESULT" />
            <Success Return="Equal" Value="0" />
        </Api>
        <Api Name="RegisterAsync">
            <Param Type="RPCOLEMESSAGE*" Name="pMsg" />
            <Param Type="IAsyncManager*" Name="pAsyncMgr" />
            <Return Type="HRESULT" />
            <Success Return="Equal" Value="0" />
        </Api>
    </Interface>
</ApiMonitor>