<!--
    API Monitor Definitions
    (c) 2010-2011, Rohitab Batra <rohitab@rohitab.com>
    http://www.rohitab.com/apimonitor/
-->
<ApiMonitor>
    <Include Filename="Interfaces\COM\IRpcChannelBuffer.xml" />
    <Interface Name="IRpcChannelBuffer2" Id="{594f31d0-7f19-11d0-b194-00a0c90dc8bf}" BaseInterface="IRpcChannelBuffer" OnlineHelp="MSDN" ErrorFunc="HRESULT" Category="Component Development/COM/Component Object Model (COM)/OLE and Data Transfer/Interfaces">
        <!-- Variables -->
        <!-- Methods -->
        <Api Name="GetProtocolVersion">
            <Param Type="DWORD*" Name="pdwVersion" />
            <Return Type="HRESULT" />
            <Success Return="Equal" Value="0" />
        </Api>
    </Interface>
</ApiMonitor>