<!--
    API Monitor Definitions
    (c) 2010-2011, Rohitab Batra <rohitab@rohitab.com>
    http://www.rohitab.com/apimonitor/
-->
<ApiMonitor>
    <Include Filename="Interfaces\IUnknown.xml" />
    <Interface Name="IRpcChannelBuffer" Id="{D5F56B60-593B-101A-B569-08002B2DBF7A}" BaseInterface="IUnknown" OnlineHelp="MSDN" ErrorFunc="HRESULT" Category="Component Development/COM/Component Object Model (COM)/OLE and Data Transfer/Interfaces">
        <!-- Variables -->
        <!-- Methods -->
        <Api Name="GetBuffer">
            <Param Type="RPCOLEMESSAGE*" Name="pMessage" />
            <Param Type="REFIID" Name="riid" />
            <Return Type="HRESULT" />
            <Success Return="Equal" Value="0" />
        </Api>
        <Api Name="SendReceive">
            <Param Type="RPCOLEMESSAGE*" Name="pMessage" />
            <Param Type="ULONG*" Name="pStatus" />
            <Return Type="HRESULT" />
            <Success Return="Equal" Value="0" />
        </Api>
        <Api Name="FreeBuffer">
            <Param Type="RPCOLEMESSAGE*" Name="pMessage" />
            <Return Type="HRESULT" />
            <Success Return="Equal" Value="0" />
        </Api>
        <Api Name="GetDestCtx">
            <Param Type="DWORD*" Name="pdwDestContext" />
            <Param Type="void**" Name="ppvDestContext" />
            <Return Type="HRESULT" />
            <Success Return="Equal" Value="0" />
        </Api>
        <Api Name="IsConnected">
            <Return Type="HRESULT" />
            <Success Return="Equal" Value="0" />
        </Api>
    </Interface>
</ApiMonitor>