<!--
    API Monitor Definitions
    (c) 2010-2011, Rohitab Batra <rohitab@rohitab.com>
    http://www.rohitab.com/apimonitor/
-->
<ApiMonitor>
    <Include Filename="Interfaces\IUnknown.xml" />
    <Interface Name="IRunningObjectTable" Id="{00000010-0000-0000-C000-000000000046}" BaseInterface="IUnknown" OnlineHelp="MSDN" ErrorFunc="HRESULT" Category="Component Development/COM/Component Object Model (COM)/OLE and Data Transfer/Interfaces">
        <!-- Variables -->
        <!-- Methods -->
        <Api Name="Register">
            <Param Type="DWORD" Name="grfFlags" />
            <Param Type="IUnknown*" Name="punkObject" />
            <Param Type="IMoniker*" Name="pmkObjectName" />
            <Param Type="DWORD*" Name="pdwRegister" />
            <Return Type="HRESULT" />
            <Success Return="Equal" Value="0" />
        </Api>
        <Api Name="Revoke">
            <Param Type="DWORD" Name="dwRegister" />
            <Return Type="HRESULT" />
            <Success Return="Equal" Value="0" />
        </Api>
        <Api Name="IsRunning">
            <Param Type="IMoniker*" Name="pmkObjectName" />
            <Return Type="HRESULT" />
            <Success Return="Equal" Value="0" />
        </Api>
        <Api Name="GetObject">
            <Param Type="IMoniker*" Name="pmkObjectName" />
            <Param Type="IUnknown**" Name="ppunkObject" />
            <Return Type="HRESULT" />
            <Success Return="Equal" Value="0" />
        </Api>
        <Api Name="NoteChangeTime">
            <Param Type="DWORD" Name="dwRegister" />
            <Param Type="FILETIME*" Name="pfiletime" />
            <Return Type="HRESULT" />
            <Success Return="Equal" Value="0" />
        </Api>
        <Api Name="GetTimeOfLastChange">
            <Param Type="IMoniker*" Name="pmkObjectName" />
            <Param Type="FILETIME*" Name="pfiletime" />
            <Return Type="HRESULT" />
            <Success Return="Equal" Value="0" />
        </Api>
        <Api Name="EnumRunning">
            <Param Type="IEnumMoniker**" Name="ppenumMoniker" />
            <Return Type="HRESULT" />
            <Success Return="Equal" Value="0" />
        </Api>
    </Interface>
</ApiMonitor>