<!--
    API Monitor Definitions
    (c) 2010-2011, Rohitab Batra <rohitab@rohitab.com>
    http://www.rohitab.com/apimonitor/
-->
<ApiMonitor>
    <Include Filename="Interfaces\IUnknown.xml" />
    <Interface Name="ISequentialStream" Id="{0c733a30-2a1c-11ce-ade5-00aa0044773d}" BaseInterface="IUnknown" OnlineHelp="MSDN" ErrorFunc="HRESULT" Category="Component Development/COM/Structured Storage/Interfaces">
        <!-- Variables -->
        <!-- Methods -->
        <Api Name="Read">
            <Param Type="void*" Name="pv" />
            <Param Type="ULONG" Name="cb" />
            <Param Type="ULONG*" Name="pcbRead" />
            <Return Type="HRESULT" />
            <Success Return="Equal" Value="0" />
        </Api>
        <Api Name="Write">
            <Param Type="const void*" Name="pv" />
            <Param Type="ULONG" Name="cb" />
            <Param Type="ULONG*" Name="pcbWritten" />
            <Return Type="HRESULT" />
            <Success Return="Equal" Value="0" />
        </Api>
    </Interface>
</ApiMonitor>