<!--
    API Monitor Definitions
    (c) 2010-2011, Rohitab Batra <rohitab@rohitab.com>
    http://www.rohitab.com/apimonitor/
-->
<ApiMonitor>
    <Include Filename="Interfaces\IUnknown.xml" />
    <Interface Name="IServerSecurity" Id="{0000013E-0000-0000-C000-000000000046}" BaseInterface="IUnknown" OnlineHelp="MSDN" ErrorFunc="HRESULT" Category="Component Development/COM/Component Object Model (COM)/OLE and Data Transfer/Interfaces">
        <!-- Variables -->
        <!-- Methods -->
        <Api Name="QueryBlanket">
            <Param Type="DWORD*" Name="pAuthnSvc" />
            <Param Type="DWORD*" Name="pAuthzSvc" />
            <Param Type="OLECHAR**" Name="pServerPrincName" />
            <Param Type="DWORD*" Name="pAuthnLevel" />
            <Param Type="DWORD*" Name="pImpLevel" />
            <Param Type="void**" Name="pPrivs" />
            <Param Type="DWORD*" Name="pCapabilities" />
            <Return Type="HRESULT" />
            <Success Return="Equal" Value="0" />
        </Api>
        <Api Name="ImpersonateClient">
            <Return Type="HRESULT" />
            <Success Return="Equal" Value="0" />
        </Api>
        <Api Name="RevertToSelf">
            <Return Type="HRESULT" />
            <Success Return="Equal" Value="0" />
        </Api>
        <Api Name="IsImpersonating">
            <Return Type="BOOL" />
            <Success Return="NotEqual" Value="0" />
        </Api>
    </Interface>
</ApiMonitor>