<!--
    API Monitor Definitions
    (c) 2010-2011, Rohitab Batra <rohitab@rohitab.com>
    http://www.rohitab.com/apimonitor/
-->
<ApiMonitor>
    <Include Filename="Interfaces\IUnknown.xml" />
    <Interface Name="IStorage" Id="{0000000b-0000-0000-C000-000000000046}" BaseInterface="IUnknown" OnlineHelp="MSDN" ErrorFunc="HRESULT" Category="Component Development/COM/Structured Storage/Interfaces">
        <!-- Variables -->
        <!-- Methods -->
        <Api Name="CreateStream">
            <Param Type="const OLECHAR*" Name="pwcsName" />
            <Param Type="[StgmFlags]" Name="grfMode" />
            <Param Type="DWORD" Name="reserved1" />
            <Param Type="DWORD" Name="reserved2" />
            <Param Type="IStream**" Name="ppstm" />
            <Return Type="HRESULT" />
            <Success Return="Equal" Value="0" />
        </Api>
        <Api Name="OpenStream">
            <Param Type="const OLECHAR*" Name="pwcsName" />
            <Param Type="void*" Name="reserved1" />
            <Param Type="[StgmFlags]" Name="grfMode" />
            <Param Type="DWORD" Name="reserved2" />
            <Param Type="IStream**" Name="ppstm" />
            <Return Type="HRESULT" />
            <Success Return="Equal" Value="0" />
        </Api>
        <Api Name="CreateStorage">
            <Param Type="const OLECHAR*" Name="pwcsName" />
            <Param Type="[StgmFlags]" Name="grfMode" />
            <Param Type="DWORD" Name="reserved1" />
            <Param Type="DWORD" Name="reserved2" />
            <Param Type="IStorage**" Name="ppstg" />
            <Return Type="HRESULT" />
            <Success Return="Equal" Value="0" />
        </Api>
        <Api Name="OpenStorage">
            <Param Type="const OLECHAR*" Name="pwcsName" />
            <Param Type="IStorage*" Name="pstgPriority" />
            <Param Type="[StgmFlags]" Name="grfMode" />
            <Param Type="SNB" Name="snbExclude" />
            <Param Type="DWORD" Name="reserved" />
            <Param Type="IStorage**" Name="ppstg" />
            <Return Type="HRESULT" />
            <Success Return="Equal" Value="0" />
        </Api>
        <Api Name="CopyTo">
            <Param Type="DWORD" Name="ciidExclude" />
            <Param Type="const IID*" Name="rgiidExclude" />
            <Param Type="SNB" Name="snbExclude" />
            <Param Type="IStorage*" Name="pstgDest" />
            <Return Type="HRESULT" />
            <Success Return="Equal" Value="0" />
        </Api>
        <Api Name="MoveElementTo">
            <Param Type="const OLECHAR*" Name="pwcsName" />
            <Param Type="IStorage*" Name="pstgDest" />
            <Param Type="const OLECHAR*" Name="pwcsNewName" />
            <Param Type="DWORD" Name="grfFlags" />
            <Return Type="HRESULT" />
            <Success Return="Equal" Value="0" />
        </Api>
        <Api Name="Commit">
            <Param Type="DWORD" Name="grfCommitFlags" />
            <Return Type="HRESULT" />
            <Success Return="Equal" Value="0" />
        </Api>
        <Api Name="Revert">
            <Return Type="HRESULT" />
            <Success Return="Equal" Value="0" />
        </Api>
        <Api Name="EnumElements">
            <Param Type="DWORD" Name="reserved1" />
            <Param Type="void*" Name="reserved2" />
            <Param Type="DWORD" Name="reserved3" />
            <Param Type="IEnumSTATSTG**" Name="ppenum" />
            <Return Type="HRESULT" />
            <Success Return="Equal" Value="0" />
        </Api>
        <Api Name="DestroyElement">
            <Param Type="const OLECHAR*" Name="pwcsName" />
            <Return Type="HRESULT" />
            <Success Return="Equal" Value="0" />
        </Api>
        <Api Name="RenameElement">
            <Param Type="const OLECHAR*" Name="pwcsOldName" />
            <Param Type="const OLECHAR*" Name="pwcsNewName" />
            <Return Type="HRESULT" />
            <Success Return="Equal" Value="0" />
        </Api>
        <Api Name="SetElementTimes">
            <Param Type="const OLECHAR*" Name="pwcsName" />
            <Param Type="const FILETIME*" Name="pctime" />
            <Param Type="const FILETIME*" Name="patime" />
            <Param Type="const FILETIME*" Name="pmtime" />
            <Return Type="HRESULT" />
            <Success Return="Equal" Value="0" />
        </Api>
        <Api Name="SetClass">
            <Param Type="REFCLSID" Name="clsid" />
            <Return Type="HRESULT" />
            <Success Return="Equal" Value="0" />
        </Api>
        <Api Name="SetStateBits">
            <Param Type="DWORD" Name="grfStateBits" />
            <Param Type="DWORD" Name="grfMask" />
            <Return Type="HRESULT" />
            <Success Return="Equal" Value="0" />
        </Api>
        <Api Name="Stat">
            <Param Type="STATSTG*" Name="pstatstg" />
            <Param Type="DWORD" Name="grfStatFlag" />
            <Return Type="HRESULT" />
            <Success Return="Equal" Value="0" />
        </Api>
    </Interface>
</ApiMonitor>