<!--
    API Monitor Definitions
    (c) 2010-2011, Rohitab Batra <rohitab@rohitab.com>
    http://www.rohitab.com/apimonitor/
-->
<ApiMonitor>
    <Include Filename="Interfaces\IUnknown.xml" />
    <Interface Name="ISurrogateService" Id="{000001d4-0000-0000-C000-000000000046}" BaseInterface="IUnknown" OnlineHelp="MSDN" ErrorFunc="HRESULT" Category="Component Development/COM/Component Object Model (COM)/OLE and Data Transfer/Interfaces">
        <!-- Variables -->
        <!-- Methods -->
        <Api Name="Init">
            <Param Type="REFGUID" Name="rguidProcessID" />
            <Param Type="IProcessLock*" Name="pProcessLock" />
            <Param Type="BOOL*" Name="pfApplicationAware" />
            <Return Type="HRESULT" />
            <Success Return="Equal" Value="0" />
        </Api>
        <Api Name="ApplicationLaunch">
            <Param Type="REFGUID" Name="rguidApplID" />
            <Param Type="ApplicationType" Name="appType" />
            <Return Type="HRESULT" />
            <Success Return="Equal" Value="0" />
        </Api>
        <Api Name="ApplicationFree">
            <Param Type="REFGUID" Name="rguidApplID" />
            <Return Type="HRESULT" />
            <Success Return="Equal" Value="0" />
        </Api>
        <Api Name="CatalogRefresh">
            <Param Type="ULONG" Name="ulReserved" />
            <Return Type="HRESULT" />
            <Success Return="Equal" Value="0" />
        </Api>
        <Api Name="ProcessShutdown">
            <Param Type="ShutdownType" Name="shutdownType" />
            <Return Type="HRESULT" />
            <Success Return="Equal" Value="0" />
        </Api>
    </Interface>
</ApiMonitor>