<!--
    API Monitor Definitions
    (c) 2010-2011, Rohitab Batra <rohitab@rohitab.com>
    http://www.rohitab.com/apimonitor/
-->
<ApiMonitor>
    <Include Filename="Interfaces\IUnknown.xml" />
    <Interface Name="IThumbnailExtractor" Id="{969dc708-5c76-11d1-8d86-0000f804b057}" BaseInterface="IUnknown" OnlineHelp="MSDN" ErrorFunc="HRESULT" Category="Component Development/COM/Component Object Model (COM)/OLE and Data Transfer/Interfaces">
        <!-- Variables -->
        <!-- Methods -->
        <Api Name="ExtractThumbnail">
            <Param Type="IStorage*" Name="pStg" />
            <Param Type="ULONG" Name="ulLength" />
            <Param Type="ULONG" Name="ulHeight" />
            <Param Type="ULONG*" Name="pulOutputLength" />
            <Param Type="ULONG*" Name="pulOutputHeight" />
            <Param Type="HBITMAP*" Name="phOutputBitmap" />
            <Return Type="HRESULT" />
            <Success Return="Equal" Value="0" />
        </Api>
        <Api Name="OnFileUpdated">
            <Param Type="IStorage*" Name="pStg" />
            <Return Type="HRESULT" />
            <Success Return="Equal" Value="0" />
        </Api>
    </Interface>
</ApiMonitor>