<!--
    API Monitor Definitions
    (c) 2010-2011, Rohitab Batra <rohitab@rohitab.com>
    http://www.rohitab.com/apimonitor/
-->
<ApiMonitor>
    <Include Filename="Interfaces\IUnknown.xml" />
    <Interface Name="IUrlMon" Id="{00000026-0000-0000-C000-000000000046}" BaseInterface="IUnknown" OnlineHelp="MSDN" ErrorFunc="HRESULT" Category="Component Development/COM/Component Object Model (COM)/OLE and Data Transfer/Interfaces">
        <!-- Variables -->
        <!-- Methods -->
        <Api Name="AsyncGetClassBits">
            <Param Type="REFCLSID" Name="rclsid" />
            <Param Type="LPCWSTR" Name="pszTYPE" />
            <Param Type="LPCWSTR" Name="pszExt" />
            <Param Type="DWORD" Name="dwFileVersionMS" />
            <Param Type="DWORD" Name="dwFileVersionLS" />
            <Param Type="LPCWSTR" Name="pszCodeBase" />
            <Param Type="IBindCtx*" Name="pbc" />
            <Param Type="DWORD" Name="dwClassContext" />
            <Param Type="REFIID" Name="riid" />
            <Param Type="DWORD" Name="flags" />
            <Return Type="HRESULT" />
            <Success Return="Equal" Value="0" />
        </Api>
    </Interface>
</ApiMonitor>