<!--
    API Monitor Definitions
    (c) 2010-2011, Rohitab Batra <rohitab@rohitab.com>
    http://www.rohitab.com/apimonitor/
-->
<ApiMonitor>
    <Include Filename="Interfaces\IUnknown.xml" />
    <Interface Name="IViewObject" Id="{0000010d-0000-0000-C000-000000000046}" BaseInterface="IUnknown" OnlineHelp="MSDN" ErrorFunc="HRESULT" Category="Component Development/COM/Component Object Model (COM)/OLE and Data Transfer/Interfaces">
        <!-- Variables -->
        <!-- Methods -->
        <Api Name="Draw">
            <Param Type="DWORD" Name="dwDrawAspect" />
            <Param Type="LONG" Name="lindex" />
            <Param Type="void*" Name="pvAspect" />
            <Param Type="DVTARGETDEVICE*" Name="ptd" />
            <Param Type="HDC" Name="hdcTargetDev" />
            <Param Type="HDC" Name="hdcDraw" />
            <Param Type="LPCRECTL" Name="lprcBounds" />
            <Param Type="LPCRECTL" Name="lprcWBounds" />
            <Param Type="ULONG_PTR" Name="dwContinue" />
            <Param Type="ULONG_PTR" Name="dwContinue" />
            <Return Type="HRESULT" />
            <Success Return="Equal" Value="0" />
        </Api>
        <Api Name="GetColorSet">
            <Param Type="DWORD" Name="dwDrawAspect" />
            <Param Type="LONG" Name="lindex" />
            <Param Type="void*" Name="pvAspect" />
            <Param Type="DVTARGETDEVICE*" Name="ptd" />
            <Param Type="HDC" Name="hicTargetDev" />
            <Param Type="LOGPALETTE**" Name="ppColorSet" />
            <Return Type="HRESULT" />
            <Success Return="Equal" Value="0" />
        </Api>
        <Api Name="Freeze">
            <Param Type="DWORD" Name="dwDrawAspect" />
            <Param Type="LONG" Name="lindex" />
            <Param Type="void*" Name="pvAspect" />
            <Param Type="DWORD*" Name="pdwFreeze" />
            <Return Type="HRESULT" />
            <Success Return="Equal" Value="0" />
        </Api>
        <Api Name="Unfreeze">
            <Param Type="DWORD" Name="dwFreeze" />
            <Return Type="HRESULT" />
            <Success Return="Equal" Value="0" />
        </Api>
        <Api Name="SetAdvise">
            <Param Type="DWORD" Name="aspects" />
            <Param Type="ADVF" Name="advf" />
            <Param Type="IAdviseSink*" Name="pAdvSink" />
            <Return Type="HRESULT" />
            <Success Return="Equal" Value="0" />
        </Api>
        <Api Name="GetAdvise">
            <Param Type="DWORD*" Name="pAspects" />
            <Param Type="ADVF*" Name="pAdvf" />
            <Param Type="IAdviseSink**" Name="ppAdvSink" />
            <Return Type="HRESULT" />
            <Success Return="Equal" Value="0" />
        </Api>
    </Interface>
</ApiMonitor>