<!--
    API Monitor Definitions
    (c) 2010-2011, Rohitab Batra <rohitab@rohitab.com>
    http://www.rohitab.com/apimonitor/
-->
<ApiMonitor>
    <Include Filename="Interfaces\COM\IViewObject.xml" />
    <Interface Name="IViewObject2" Id="{00000127-0000-0000-C000-000000000046}" BaseInterface="IViewObject" OnlineHelp="MSDN" ErrorFunc="HRESULT" Category="Component Development/COM/Component Object Model (COM)/OLE and Data Transfer/Interfaces">
        <!-- Variables -->
        <!-- Methods -->
        <Api Name="GetExtent">
            <Param Type="DWORD" Name="dwDrawAspect" />
            <Param Type="LONG" Name="lindex" />
            <Param Type="DVTARGETDEVICE*" Name="ptd" />
            <Param Type="LPSIZEL" Name="lpsizel" />
            <Return Type="HRESULT" />
            <Success Return="Equal" Value="0" />
        </Api>
    </Interface>
</ApiMonitor>