<!--
    API Monitor Definitions
    (c) 2010-2011, Rohitab Batra <rohitab@rohitab.com>
    http://www.rohitab.com/apimonitor/
-->
<ApiMonitor>
    <Include Filename="Interfaces\IUnknown.xml" />
    <Interface Name="IZoomEvents" Id="{41B68150-904C-4e17-A0BA-A438182E359D}" BaseInterface="IUnknown" OnlineHelp="MSDN" ErrorFunc="HRESULT" Category="Web Development/Internet Explorer Development/Hosting and Reuse/Advanced Hosting Interfaces">
        <!-- Variables -->
        <!-- Methods -->
        <Api Name="OnZoomPercentChanged">
            <Param Type="ULONG" Name="ulZoomPercent" />
            <Return Type="HRESULT" />
            <Success Return="Equal" Value="0" />
        </Api>
    </Interface>
</ApiMonitor>