<!--
    API Monitor Definitions
    (c) 2010-2011, Rohitab Batra <rohitab@rohitab.com>
    http://www.rohitab.com/apimonitor/
-->
<ApiMonitor>
    <Include Filename="Headers\windows.h.xml" />
    <Include Filename="Headers\multimedia.h.xml" />
    
    <Module Name="avifil32.dll" CallingConvention="STDCALL" ErrorFunc="GetLastError" OnlineHelp="MSDN">

        <!-- Variables -->
        <Variable Name="STDAPI_(LONG)"              Type="Alias"    Base="LONG" />
        <Variable Name="STDAPI_(ULONG)"             Type="Alias"    Base="ULONG" />
        <Variable Name="STDAPI_(LPVOID)"            Type="Alias"    Base="LPVOID" />
        <Variable Name="AVISAVECALLBACK"            Type="Alias"    Base="LPVOID" />

        <!-- Interfaces (TODO: Define Interfaces) -->
        <Variable Name="IAVIFile"                   Type="Interface" />
        <Variable Name="IAVIStream"                 Type="Interface" />
        <Variable Name="IGetFrame"                  Type="Interface" />

        <!-- Interface Aliases -->
        <Variable Name="PAVIFILE"                   Type="Alias"    Base="IAVIFile*" />
        <Variable Name="PAVIFILE*"                  Type="Pointer"  Base="PAVIFILE" />
        <Variable Name="PAVISTREAM"                 Type="Alias"    Base="IAVIStream*" />
        <Variable Name="PAVISTREAM*"                Type="Pointer"  Base="PAVISTREAM" />
        <Variable Name="PGETFRAME"                  Type="Alias"    Base="IGetFrame*" />
        <Variable Name="STDAPI_(PGETFRAME)"         Type="Alias"    Base="PGETFRAME" />

        <!-- [AVISTREAMINFO_FLAGS] -->
        <Variable Name="[AVISTREAMINFO_FLAGS]" Type="Alias" Base="DWORD">
            <Display Name="DWORD" />
            <Flag>
                <Set Name="AVISTREAMINFO_DISABLED"      Value="0x00000001" />
                <Set Name="AVISTREAMINFO_FORMATCHANGES" Value="0x00010000" />
            </Flag>
        </Variable>

        <!-- AVISTREAMINFO -->
        <Variable Name="AVISTREAMINFO" Type="Struct">
            <Field Type="FOURCC"                    Name="fccType" Display="DWORD" />
            <Field Type="DWORD"                     Name="fccHandler" />
            <Field Type="[AVISTREAMINFO_FLAGS]"     Name="dwFlags" />
            <Field Type="DWORD"                     Name="dwCaps" />
            <Field Type="WORD"                      Name="wPriority" />
            <Field Type="WORD"                      Name="wLanguage" />
            <Field Type="DWORD"                     Name="dwScale" />
            <Field Type="DWORD"                     Name="dwRate" />
            <Field Type="DWORD"                     Name="dwStart" />
            <Field Type="DWORD"                     Name="dwLength" />
            <Field Type="DWORD"                     Name="dwInitialFrames" />
            <Field Type="DWORD"                     Name="dwSuggestedBufferSize" />
            <Field Type="DWORD"                     Name="dwQuality" />
            <Field Type="DWORD"                     Name="dwSampleSize" />
            <Field Type="RECT"                      Name="rcFrame" />
            <Field Type="DWORD"                     Name="dwEditCount" />
            <Field Type="DWORD"                     Name="dwFormatChangeCount" />
            <Field Type="TCHAR [64]"                Name="szName" />
        </Variable>
        <Variable Name="AVISTREAMINFO*" Type="Pointer" Base="AVISTREAMINFO" />

        <!-- [AVIFILEINFO_FLAGS] -->
        <Variable Name="[AVIFILEINFO_FLAGS]" Type="Alias" Base="DWORD">
            <Display Name="DWORD" />
            <Flag>
                <Set Name="AVIFILEINFO_HASINDEX"        Value="0x00000010" />
                <Set Name="AVIFILEINFO_MUSTUSEINDEX"    Value="0x00000020" />
                <Set Name="AVIFILEINFO_ISINTERLEAVED"   Value="0x00000100" />
                <Set Name="AVIFILEINFO_WASCAPTUREFILE"  Value="0x00010000" />
                <Set Name="AVIFILEINFO_COPYRIGHTED"     Value="0x00020000" />
            </Flag>
        </Variable>

        <!-- [AVIFILECAPS] -->
        <Variable Name="[AVIFILECAPS]" Type="Alias" Base="DWORD">
            <Display Name="DWORD" />
            <Flag>
                <Set Name="AVIFILECAPS_CANREAD"         Value="0x00000001" />
                <Set Name="AVIFILECAPS_CANWRITE"        Value="0x00000002" />
                <Set Name="AVIFILECAPS_ALLKEYFRAMES"    Value="0x00000010" />
                <Set Name="AVIFILECAPS_NOCOMPRESSION"   Value="0x00000020" />
            </Flag>
        </Variable>

        <!-- AVIFILEINFO -->
        <Variable Name="AVIFILEINFO" Type="Struct">
            <Field Type="DWORD"                 Name="dwMaxBytesPerSec" />
            <Field Type="[AVIFILEINFO_FLAGS]"   Name="dwFlags" />
            <Field Type="[AVIFILECAPS]"         Name="dwCaps" />
            <Field Type="DWORD"                 Name="dwStreams" />
            <Field Type="DWORD"                 Name="dwSuggestedBufferSize" />
            <Field Type="DWORD"                 Name="dwWidth" />
            <Field Type="DWORD"                 Name="dwHeight" />
            <Field Type="DWORD"                 Name="dwScale" />
            <Field Type="DWORD"                 Name="dwRate" />
            <Field Type="DWORD"                 Name="dwLength" />
            <Field Type="DWORD"                 Name="dwEditCount" />
            <Field Type="TCHAR [64]"            Name="szFileType" />
        </Variable>
        <Variable Name="AVIFILEINFO*" Type="Pointer" Base="AVIFILEINFO" />

        <!-- AVICOMPRESSOPTIONS -->
        <Variable Name="AVICOMPRESSOPTIONS" Type="Struct">
            <Field Type="DWORD"     Name="fccType" />
            <Field Type="DWORD"     Name="fccHandler" />
            <Field Type="DWORD"     Name="dwKeyFrameEvery" />
            <Field Type="DWORD"     Name="dwQuality" />
            <Field Type="DWORD"     Name="dwBytesPerSecond" />
            <Field Type="DWORD"     Name="dwFlags" />
            <Field Type="LPVOID"    Name="lpFormat" />
            <Field Type="DWORD"     Name="cbFormat" />
            <Field Type="LPVOID"    Name="lpParms" />
            <Field Type="DWORD"     Name="cbParms" />
            <Field Type="DWORD"     Name="dwInterleaveEvery" />
        </Variable>
        <Variable Name="AVICOMPRESSOPTIONS*"    Type="Pointer"  Base="AVICOMPRESSOPTIONS" />
        <Variable Name="LPAVICOMPRESSOPTIONS"   Type="Pointer"  Base="AVICOMPRESSOPTIONS" />
        <Variable Name="LPAVICOMPRESSOPTIONS*"  Type="Pointer"  Base="LPAVICOMPRESSOPTIONS" />

        <!-- AVIFile -->
        <Category Name="Audio and Video/Legacy Audio and Video/Windows Multimedia/Video for Windows/AVIFile" />
        <Api Name="AVIBuildFilter" BothCharset="True">
            <Param Type="LPTSTR" Name="lpszFilter" />
            <Param Type="LONG" Name="cbFilter" />
            <Param Type="BOOL" Name="fSaving" />
            <Return Type="STDAPI" />
        </Api>
        <Api Name="AVIClearClipboard">
            <Return Type="STDAPI" />
        </Api>
        <Api Name="AVIFileAddRef">
            <Param Type="PAVIFILE" Name="pfile" />
            <Return Type="STDAPI_(ULONG)" />
            <Success Return="NotEqual" Value="0" />
        </Api>
        <Api Name="AVIFileCreateStream" BothCharset="True">
            <Param Type="PAVIFILE" Name="pfile" />
            <Param Type="PAVISTREAM*" Name="ppavi" />
            <Param Type="AVISTREAMINFO*" Name="psi" />
            <Return Type="STDAPI" />
        </Api>
        <Api Name="AVIFileEndRecord">
            <Param Type="PAVIFILE" Name="pfile" />
            <Return Type="STDAPI" />
        </Api>
        <Api Name="AVIFileExit">
            <Return Type="STDAPI_(VOID)" />
        </Api>
        <Api Name="AVIFileGetStream">
            <Param Type="PAVIFILE" Name="pfile" />
            <Param Type="PAVISTREAM*" Name="ppavi" />
            <Param Type="DWORD" Name="fccType" />
            <Param Type="LONG" Name="lParam" />
            <Return Type="STDAPI" />
        </Api>
        <Api Name="AVIFileInfo" BothCharset="True">
            <Param Type="PAVIFILE" Name="pfile" />
            <Param Type="AVIFILEINFO*" Name="pfi" />
            <Param Type="LONG" Name="lSize" />
            <Return Type="STDAPI" />
        </Api>
        <Api Name="AVIFileInit">
            <Return Type="STDAPI_(VOID)" />
        </Api>
        <Api Name="AVIFileOpen" BothCharset="True">
            <Param Type="PAVIFILE*" Name="ppfile" />
            <Param Type="LPCTSTR" Name="szFile" />
            <Param Type="UINT" Name="mode" />
            <Param Type="CLSID" Name="pclsidHandler" />
            <Return Type="STDAPI" />
        </Api>
        <Api Name="AVIFileReadData">
            <Param Type="PAVIFILE" Name="pfile" />
            <Param Type="DWORD" Name="ckid" />
            <Param Type="LPVOID" Name="lpData" />
            <Param Type="LONG*" Name="lpcbData" />
            <Return Type="STDAPI" />
        </Api>
        <Api Name="AVIFileRelease">
            <Param Type="PAVIFILE" Name="pfile" />
            <Return Type="STDAPI_(ULONG)" />
            <Success Return="NotEqual" Value="0" />
        </Api>
        <Api Name="AVIFileWriteData">
            <Param Type="PAVIFILE" Name="pfile" />
            <Param Type="DWORD" Name="ckid" />
            <Param Type="LPVOID" Name="lpData" />
            <Param Type="LONG" Name="cbData" />
            <Return Type="STDAPI" />
        </Api>
        <Api Name="AVIGetFromClipboard">
            <Param Type="PAVIFILE*" Name="lppf" />
            <Return Type="STDAPI" />
        </Api>
        <Api Name="AVIMakeCompressedStream">
            <Param Type="PAVISTREAM*" Name="ppsCompressed" />
            <Param Type="PAVISTREAM" Name="psSource" />
            <Param Type="AVICOMPRESSOPTIONS*" Name="lpOptions" />
            <Param Type="CLSID*" Name="pclsidHandler" />
            <Return Type="STDAPI" />
        </Api>
        <Api Name="AVIMakeFileFromStreams">
            <Param Type="PAVIFILE*" Name="ppfile" />
            <Param Type="int" Name="nStreams" />
            <Param Type="PAVISTREAM*" Name="papStreams" />
            <Return Type="STDAPI" />
        </Api>
        <Api Name="AVIMakeStreamFromClipboard">
            <Param Type="UINT" Name="cfFormat" />
            <Param Type="HANDLE" Name="hGlobal" />
            <Param Type="PAVISTREAM*" Name="ppstream" />
            <Return Type="STDAPI" />
        </Api>
        <Api Name="AVIPutFileOnClipboard">
            <Param Type="PAVIFILE" Name="pf" />
            <Return Type="STDAPI" />
        </Api>
        <Api Name="AVISave" BothCharset="True" VarArgs="True">
            <Param Type="LPCTSTR" Name="szFile" />
            <Param Type="CLSID*" Name="pclsidHandler" />
            <Param Type="AVISAVECALLBACK" Name="lpfnCallback" />
            <Param Type="int" Name="nStreams" />
            <Param Type="PAVISTREAM" Name="pavi" />
            <Param Type="LPAVICOMPRESSOPTIONS" Name="lpOptions" />
            <Return Type="HRESULT" />
        </Api>
        <Api Name="AVISaveOptions">
            <Param Type="HWND" Name="hwnd" />
            <Param Type="UINT" Name="uiFlags" />
            <Param Type="int" Name="nStreams" />
            <Param Type="PAVISTREAM*" Name="ppavi" />
            <Param Type="LPAVICOMPRESSOPTIONS*" Name="plpOptions" />
            <Return Type="BOOL" />
        </Api>
        <Api Name="AVISaveOptionsFree">
            <Param Type="int" Name="nStreams" />
            <Param Type="LPAVICOMPRESSOPTIONS*" Name="plpOptions" />
            <Return Type="LONG" />
            <Success Return="NotEqual" Value="0" />
        </Api>
        <Api Name="AVISaveV" BothCharset="True">
            <Param Type="LPCTSTR" Name="szFile" />
            <Param Type="CLSID*" Name="pclsidHandler" />
            <Param Type="AVISAVECALLBACK" Name="lpfnCallback" />
            <Param Type="int" Name="nStreams" />
            <Param Type="PAVISTREAM*" Name="ppavi" />
            <Param Type="LPAVICOMPRESSOPTIONS*" Name="plpOptions" />
            <Return Type="STDAPI" />
        </Api>
        <Api Name="AVIStreamAddRef">
            <Param Type="PAVISTREAM" Name="pavi" />
            <Return Type="STDAPI_(LONG)" />
            <Success Return="NotEqual" Value="0" />
        </Api>
        <Api Name="AVIStreamBeginStreaming">
            <Param Type="PAVISTREAM" Name="pavi" />
            <Param Type="LONG" Name="lStart" />
            <Param Type="LONG" Name="lEnd" />
            <Param Type="LONG" Name="lRate" />
            <Return Type="STDAPI" />
        </Api>
        <Api Name="AVIStreamCreate">
            <Param Type="PAVISTREAM*" Name="ppavi" />
            <Param Type="LONG" Name="lParam1" />
            <Param Type="LONG" Name="lParam2" />
            <Param Type="CLSID*" Name="pclsidHandler" />
            <Return Type="STDAPI" />
        </Api>
        <Api Name="AVIStreamEndStreaming">
            <Param Type="PAVISTREAM" Name="pavi" />
            <Return Type="STDAPI" />
        </Api>
        <Api Name="AVIStreamFindSample">
            <Param Type="PAVISTREAM" Name="pavi" />
            <Param Type="LONG" Name="lPos" />
            <Param Type="LONG" Name="lFlags" />
            <Return Type="STDAPI_(LONG)" />
            <Success Return="NotEqual" Value="0" />
        </Api>
        <Api Name="AVIStreamGetFrame">
            <Param Type="PGETFRAME" Name="pgf" />
            <Param Type="LONG" Name="lPos" />
            <Return Type="STDAPI_(LPVOID)" />
            <Success Return="NotEqual" Value="0" />
        </Api>
        <Api Name="AVIStreamGetFrameClose">
            <Param Type="PGETFRAME" Name="pget" />
            <Return Type="STDAPI" />
        </Api>
        <Api Name="AVIStreamGetFrameOpen">
            <Param Type="PAVISTREAM" Name="pavi" />
            <Param Type="LPBITMAPINFOHEADER" Name="lpbiWanted" />
            <Return Type="STDAPI_(PGETFRAME)" />
            <Success Return="NotEqual" Value="0" />
        </Api>
        <Api Name="AVIStreamInfo" BothCharset="True">
            <Param Type="PAVISTREAM" Name="pavi" />
            <Param Type="AVISTREAMINFO*" Name="psi" />
            <Param Type="LONG" Name="lSize" />
            <Return Type="STDAPI" />
        </Api>
        <Api Name="AVIStreamLength">
            <Param Type="PAVISTREAM" Name="pavi" />
            <Return Type="STDAPI_(LONG)" />
            <Success Return="NotEqual" Value="0" />
        </Api>
        <Api Name="AVIStreamOpenFromFile" BothCharset="True">
            <Param Type="PAVISTREAM*" Name="ppavi" />
            <Param Type="LPCTSTR" Name="szFile" />
            <Param Type="DWORD" Name="fccType" />
            <Param Type="LONG" Name="lParam" />
            <Param Type="UINT" Name="mode" />
            <Param Type="CLSID*" Name="pclsidHandler" />
            <Return Type="STDAPI" />
        </Api>
        <Api Name="AVIStreamRead">
            <Param Type="PAVISTREAM" Name="pavi" />
            <Param Type="LONG" Name="lStart" />
            <Param Type="LONG" Name="lSamples" />
            <Param Type="LPVOID" Name="lpBuffer" />
            <Param Type="LONG" Name="cbBuffer" />
            <Param Type="LONG*" Name="plBytes" />
            <Param Type="LONG*" Name="plSamples" />
            <Return Type="STDAPI" />
        </Api>
        <Api Name="AVIStreamReadData">
            <Param Type="PAVISTREAM" Name="pavi" />
            <Param Type="DWORD" Name="ckid" />
            <Param Type="LPVOID" Name="lpData" />
            <Param Type="LONG*" Name="lpcbData" />
            <Return Type="STDAPI" />
        </Api>
        <Api Name="AVIStreamReadFormat">
            <Param Type="PAVISTREAM" Name="pavi" />
            <Param Type="LONG" Name="lPos" />
            <Param Type="LPVOID" Name="lpFormat" />
            <Param Type="LONG*" Name="lpcbFormat" />
            <Return Type="STDAPI" />
        </Api>
        <Api Name="AVIStreamRelease">
            <Param Type="PAVISTREAM" Name="pavi" />
            <Return Type="STDAPI_(LONG)" />
            <Success Return="NotEqual" Value="0" />
        </Api>
        <Api Name="AVIStreamSampleToTime">
            <Param Type="PAVISTREAM" Name="pavi" />
            <Param Type="LONG" Name="lSample" />
            <Return Type="STDAPI_(LONG)" />
            <Success Return="NotEqual" Value="0" />
        </Api>
        <Api Name="AVIStreamSetFormat">
            <Param Type="PAVISTREAM" Name="pavi" />
            <Param Type="LONG" Name="lPos" />
            <Param Type="LPVOID" Name="lpFormat" />
            <Param Type="LONG" Name="cbFormat" />
            <Return Type="STDAPI" />
        </Api>
        <Api Name="AVIStreamStart">
            <Param Type="PAVISTREAM" Name="pavi" />
            <Return Type="STDAPI_(LONG)" />
            <Success Return="NotEqual" Value="0" />
        </Api>
        <Api Name="AVIStreamTimeToSample">
            <Param Type="PAVISTREAM" Name="pavi" />
            <Param Type="LONG" Name="lTime" />
            <Return Type="STDAPI_(LONG)" />
            <Success Return="NotEqual" Value="0" />
        </Api>
        <Api Name="AVIStreamWrite">
            <Param Type="PAVISTREAM" Name="pavi" />
            <Param Type="LONG" Name="lStart" />
            <Param Type="LONG" Name="lSamples" />
            <Param Type="LPVOID" Name="lpBuffer" />
            <Param Type="LONG" Name="cbBuffer" />
            <Param Type="DWORD" Name="dwFlags" />
            <Param Type="LONG*" Name="plSampWritten" />
            <Param Type="LONG*" Name="plBytesWritten" />
            <Return Type="STDAPI" />
        </Api>
        <Api Name="AVIStreamWriteData">
            <Param Type="PAVISTREAM" Name="pavi" />
            <Param Type="DWORD" Name="ckid" />
            <Param Type="LPVOID" Name="lpData" />
            <Param Type="LONG" Name="cbData" />
            <Return Type="STDAPI" />
        </Api>
        <Api Name="CreateEditableStream">
            <Param Type="PAVISTREAM*" Name="ppsEditable" />
            <Param Type="PAVISTREAM" Name="psSource" />
            <Return Type="STDAPI" />
        </Api>
        <Api Name="EditStreamClone">
            <Param Type="PAVISTREAM" Name="pavi" />
            <Param Type="PAVISTREAM*" Name="ppResult" />
            <Return Type="STDAPI" />
        </Api>
        <Api Name="EditStreamCopy">
            <Param Type="PAVISTREAM" Name="pavi" />
            <Param Type="LONG*" Name="plStart" />
            <Param Type="LONG*" Name="plLength" />
            <Param Type="PAVISTREAM*" Name="ppResult" />
            <Return Type="STDAPI" />
        </Api>
        <Api Name="EditStreamCut">
            <Param Type="PAVISTREAM" Name="pavi" />
            <Param Type="LONG*" Name="plStart" />
            <Param Type="LONG*" Name="plLength" />
            <Param Type="PAVISTREAM*" Name="ppResult" />
            <Return Type="STDAPI" />
        </Api>
        <Api Name="EditStreamPaste">
            <Param Type="PAVISTREAM" Name="pavi" />
            <Param Type="LONG*" Name="plPos" />
            <Param Type="LONG*" Name="plLength" />
            <Param Type="PAVISTREAM" Name="pstream" />
            <Param Type="LONG" Name="lStart" />
            <Param Type="LONG" Name="lLength" />
            <Return Type="STDAPI" />
        </Api>
        <Api Name="EditStreamSetInfo" BothCharset="True">
            <Param Type="PAVISTREAM" Name="pavi" />
            <Param Type="AVISTREAMINFO*" Name="lpInfo" />
            <Param Type="LONG" Name="cbInfo" />
            <Return Type="STDAPI" />
        </Api>
        <Api Name="EditStreamSetName" BothCharset="True">
            <Param Type="PAVISTREAM" Name="pavi" />
            <Param Type="LPCTSTR" Name="lpszName" />
            <Return Type="STDAPI" />
        </Api>
    </Module>
</ApiMonitor>