<!--
    API Monitor Definitions
    (c) 2010-2012, Rohitab Batra <rohitab@rohitab.com>
    http://www.rohitab.com/apimonitor/
-->
<ApiMonitor>
    <Include Filename="Headers\windows.h.xml" />
    <Module Name="Avrt.dll" CallingConvention="STDCALL" ErrorFunc="GetLastError" OnlineHelp="MSDN">
        
        <!-- AVRT_PRIORITY -->
        <Variable Name="AVRT_PRIORITY" Type="Alias" Base="UINT">
            <Enum>
                <Set Name="AVRT_PRIORITY_LOW"       Value="-1" />
                <Set Name="AVRT_PRIORITY_NORMAL"    Value="0" />
                <Set Name="AVRT_PRIORITY_HIGH"      Value="1" />
                <Set Name="AVRT_PRIORITY_CRITICAL"  Value="2" />
            </Enum>
        </Variable>

        <!-- Processes and Threads -->
        <!-- Thread Ordering Service -->
        <Category Name="System Services/Processes and Threads/Thread Ordering Service" />
        <Api Name="AvQuerySystemResponsiveness">
            <Param Type="HANDLE" Name="AvrtHandle" />
            <Param Type="PULONG" Name="SystemResponsivenessValue" />
            <Return Type="BOOL" />
        </Api>
        <Api Name="AvRtCreateThreadOrderingGroup">
            <Param Type="PHANDLE" Name="Context" />
            <Param Type="PLARGE_INTEGER" Name="Period" />
            <Param Type="GUID*" Name="ThreadOrderingGuid" />
            <Param Type="PLARGE_INTEGER" Name="Timeout" />
            <Return Type="BOOL" />
        </Api>
        <Api Name="AvRtCreateThreadOrderingGroupEx" BothCharset="True">
            <Param Type="PHANDLE" Name="Context" />
            <Param Type="PLARGE_INTEGER" Name="Period" />
            <Param Type="GUID*" Name="ThreadOrderingGuid" />
            <Param Type="PLARGE_INTEGER" Name="Timeout" />
            <Param Type="LPCTSTR" Name="TaskName" />
            <Return Type="BOOL" />
        </Api>
        <Api Name="AvRtDeleteThreadOrderingGroup">
            <Param Type="HANDLE" Name="Context" />
            <Return Type="BOOL" />
        </Api>
        <Api Name="AvRtJoinThreadOrderingGroup">
            <Param Type="PHANDLE" Name="Context" />
            <Param Type="GUID*" Name="ThreadOrderingGuid" />
            <Param Type="BOOL" Name="Before" />
            <Return Type="BOOL" />
        </Api>
        <Api Name="AvRtLeaveThreadOrderingGroup">
            <Param Type="HANDLE" Name="Context" />
            <Return Type="BOOL" />
        </Api>
        <Api Name="AvRtWaitOnThreadOrderingGroup">
            <Param Type="HANDLE" Name="Context" />
            <Return Type="BOOL" />
        </Api>

        <!-- Multimedia Class Scheduler Service -->
        <Category Name="System Services/Processes and Threads/Multimedia Class Scheduler Service" />
        <Api Name="AvRevertMmThreadCharacteristics">
            <Param Type="HANDLE" Name="AvrtHandle" />
            <Return Type="BOOL" />
        </Api>
        <Api Name="AvSetMmMaxThreadCharacteristics" BothCharset="True">
            <Param Type="LPCTSTR" Name="FirstTask" />
            <Param Type="LPCTSTR" Name="SecondTask" />
            <Param Type="LPDWORD" Name="TaskIndex" />
            <Return Type="HANDLE" />
            <Success Return="NotEqual" Value="0" />
        </Api>
        <Api Name="AvSetMmThreadCharacteristics" BothCharset="True">
            <Param Type="LPCTSTR" Name="TaskName" />
            <Param Type="LPDWORD" Name="TaskIndex" />
            <Return Type="HANDLE" />
            <Success Return="NotEqual" Value="0" />
        </Api>
        <Api Name="AvSetMmThreadPriority">
            <Param Type="HANDLE" Name="AvrtHandle" />
            <Param Type="AVRT_PRIORITY" Name="Priority" />
            <Return Type="BOOL" />
        </Api>
    </Module>
</ApiMonitor>