<!--
    API Monitor Definitions
    (c) 2010-2012, Rohitab Batra <rohitab@rohitab.com>
    http://www.rohitab.com/apimonitor/
-->
<ApiMonitor>
    <Include Filename="Headers\windows.h.xml" />
    <Include Filename="Headers\cryptography.h.xml" />
    <Module Name="Bcrypt.dll" CallingConvention="STDCALL" ErrorFunc="HRESULT" OnlineHelp="MSDN">
        
        <!-- Variables -->
        <Variable Name="BCRYPT_HANDLE"                          Type="Alias"    Base="LPVOID" />
        <Variable Name="BCRYPT_ALG_HANDLE"                      Type="Alias"    Base="LPVOID" />
        <Variable Name="BCRYPT_ALG_HANDLE*"                     Type="Pointer"  Base="BCRYPT_ALG_HANDLE" />
        <Variable Name="BCRYPT_HASH_HANDLE"                     Type="Alias"    Base="LPVOID" />
        <Variable Name="BCRYPT_HASH_HANDLE*"                    Type="Pointer"  Base="BCRYPT_HASH_HANDLE" />
        <Variable Name="BCRYPT_SECRET_HANDLE"                   Type="Alias"    Base="LPVOID" />
        <Variable Name="BCRYPT_SECRET_HANDLE*"                  Type="Pointer"  Base="BCRYPT_SECRET_HANDLE" />

        <!-- CRYPT_CONTEXT_CONFIG -->
        <Variable Name="CRYPT_CONTEXT_CONFIG" Type="Struct">
            <Field Type="ULONG" 	Name="dwFlags" />
            <Field Type="ULONG"     Name="dwReserved" />
        </Variable>
        <Variable Name="PCRYPT_CONTEXT_CONFIG"              Type="Pointer"  Base="CRYPT_CONTEXT_CONFIG" />
        <Variable Name="PCRYPT_CONTEXT_CONFIG*"             Type="Pointer"  Base="PCRYPT_CONTEXT_CONFIG" />
        <Variable Name="PCRYPT_CONTEXT_FUNCTION_CONFIG"     Type="Pointer"  Base="CRYPT_CONTEXT_CONFIG" />
        <Variable Name="PCRYPT_CONTEXT_FUNCTION_CONFIG*"    Type="Pointer"  Base="PCRYPT_CONTEXT_FUNCTION_CONFIG" />

        <!-- BCRYPT_ALGORITHM_IDENTIFIER -->
        <Variable Name="BCRYPT_ALGORITHM_IDENTIFIER" Type="Struct">
            <Field Type="LPWSTR"  	Name="pszName" />
            <Field Type="ULONG"   	Name="dwClass" />
            <Field Type="ULONG"   	Name="dwFlags" />
        </Variable>
        <Variable Name="BCRYPT_ALGORITHM_IDENTIFIER*"   Type="Pointer" Base="BCRYPT_ALGORITHM_IDENTIFIER" />
        <Variable Name="BCRYPT_ALGORITHM_IDENTIFIER**"  Type="Pointer" Base="BCRYPT_ALGORITHM_IDENTIFIER*" />

        <!-- CRYPT_CONTEXT_FUNCTION_PROVIDERS -->
        <Variable Name="CRYPT_CONTEXT_FUNCTION_PROVIDERS" Type="Struct">
            <Field Type="ULONG"	    Name="cProviders" />
            <Field Type="PWSTR*"    Name="rgpszProviders" Count="cProviders" />
        </Variable>
        <Variable Name="PCRYPT_CONTEXT_FUNCTION_PROVIDERS"  Type="Pointer" Base="CRYPT_CONTEXT_FUNCTION_PROVIDERS" />
        <Variable Name="PCRYPT_CONTEXT_FUNCTION_PROVIDERS*" Type="Pointer" Base="PCRYPT_CONTEXT_FUNCTION_PROVIDERS" />

        <!-- CRYPT_CONTEXT_FUNCTIONS -->
        <Variable Name="CRYPT_CONTEXT_FUNCTIONS" Type="Struct">
            <Field Type="ULONG"	    Name="cFunctions" />
            <Field Type="PWSTR*"    Name="rgpszFunctions" Count="cFunctions" />
        </Variable>
        <Variable Name="PCRYPT_CONTEXT_FUNCTIONS"   Type="Pointer"  Base="CRYPT_CONTEXT_FUNCTIONS" />
        <Variable Name="PCRYPT_CONTEXT_FUNCTIONS*"  Type="Pointer"  Base="PCRYPT_CONTEXT_FUNCTIONS" />

        <!-- CRYPT_CONTEXTS -->
        <Variable Name="CRYPT_CONTEXTS" Type="Struct">
            <Field Type="ULONG"     Name="cContexts" />
            <Field Type="PWSTR*"    Name="rgpszContexts" Count="cContexts" />
        </Variable>
        <Variable Name="PCRYPT_CONTEXTS"    Type="Pointer" Base="CRYPT_CONTEXTS" />
        <Variable Name="PCRYPT_CONTEXTS*"   Type="Pointer" Base="PCRYPT_CONTEXTS" />

        <!-- BCRYPT_PROVIDER_NAME -->
        <Variable Name="BCRYPT_PROVIDER_NAME" Type="Struct">
            <Field Type="LPWSTR" Name="pszProviderName" />
        </Variable>
        <Variable Name="BCRYPT_PROVIDER_NAME*"      Type="Pointer" Base="BCRYPT_PROVIDER_NAME" />
        <Variable Name="BCRYPT_PROVIDER_NAME**"     Type="Pointer" Base="BCRYPT_PROVIDER_NAME*" />

        <!-- CRYPT_PROVIDERS -->
        <Variable Name="CRYPT_PROVIDERS"    Type="Alias"    Base="CRYPT_CONTEXT_FUNCTION_PROVIDERS" />
        <Variable Name="PCRYPT_PROVIDERS"   Type="Pointer"  Base="CRYPT_PROVIDERS" />
        <Variable Name="PCRYPT_PROVIDERS*"  Type="Pointer"  Base="PCRYPT_PROVIDERS" />

        <!-- CRYPT_INTERFACE_REG -->
        <Variable Name="CRYPT_INTERFACE_REG" Type="Struct">
            <Field Type="ULONG" 	Name="dwInterface" />
            <Field Type="ULONG" 	Name="dwFlags" />
            <Field Type="ULONG" 	Name="cFunctions" />
            <Field Type="PWSTR*"	Name="rgpszFunctions" Count="cFunctions" />
        </Variable>
        <Variable Name="PCRYPT_INTERFACE_REG"   Type="Pointer"  Base="CRYPT_INTERFACE_REG" />
        <Variable Name="PCRYPT_INTERFACE_REG*"  Type="Pointer"  Base="PCRYPT_INTERFACE_REG" />
        
        <!-- CRYPT_IMAGE_REG -->
        <Variable Name="CRYPT_IMAGE_REG" Type="Struct">
            <Field Type="PWSTR" 	                Name="pszImage" />
            <Field Type="ULONG"                     Name="cInterfaces" />
            <Field Type="PCRYPT_INTERFACE_REG*" 	Name="rgpInterfaces" Count="cInterfaces" />
        </Variable>
        <Variable Name="PCRYPT_IMAGE_REG" Type="Pointer" Base="CRYPT_IMAGE_REG" />

        <!-- CRYPT_PROVIDER_REG -->
        <Variable Name="CRYPT_PROVIDER_REG" Type="Struct">
            <Field Type="ULONG" 	        Name="cAliases" />
            <Field Type="PWSTR*"	        Name="rgpszAliases" Count="cAliases" />
            <Field Type="PCRYPT_IMAGE_REG" 	Name="pUM" />
            <Field Type="PCRYPT_IMAGE_REG" 	Name="pKM" />
        </Variable>
        <Variable Name="PCRYPT_PROVIDER_REG"    Type="Pointer" Base="CRYPT_PROVIDER_REG" />
        <Variable Name="PCRYPT_PROVIDER_REG*"   Type="Pointer" Base="PCRYPT_PROVIDER_REG" />

        <!-- CRYPT_PROPERTY_REF -->
        <Variable Name="CRYPT_PROPERTY_REF" Type="Struct">
            <Field Type="PWSTR" 	Name="pszProperty" />
            <Field Type="ULONG" 	Name="cbValue" />
            <Field Type="PUCHAR" 	Name="pbValue" />
        </Variable>
        <Variable Name="PCRYPT_PROPERTY_REF"    Type="Pointer" Base="CRYPT_PROPERTY_REF" />
        <Variable Name="PCRYPT_PROPERTY_REF*"   Type="Pointer" Base="PCRYPT_PROPERTY_REF" />

        <!-- CRYPT_IMAGE_REF -->
        <Variable Name="CRYPT_IMAGE_REF" Type="Struct">
            <Field Type="PWSTR"     Name="pszImage" />
            <Field Type="ULONG"     Name="dwFlags" />
        </Variable>
        <Variable Name="PCRYPT_IMAGE_REF" Type="Pointer" Base="CRYPT_IMAGE_REF" />

        <!-- CRYPT_PROVIDER_REF -->
        <Variable Name="CRYPT_PROVIDER_REF" Type="Struct">
            <Field Type="ULONG" 	            Name="dwInterface" />
            <Field Type="PWSTR" 	            Name="pszFunction" />
            <Field Type="PWSTR" 	            Name="pszProvider" />
            <Field Type="ULONG" 	            Name="cProperties" />
            <Field Type="PCRYPT_PROPERTY_REF*"	Name="rgpProperties" Count="cProperties" />
            <Field Type="PCRYPT_IMAGE_REF" 	    Name="pUM" />
            <Field Type="PCRYPT_IMAGE_REF" 	    Name="pKM" />
        </Variable>
        <Variable Name="PCRYPT_PROVIDER_REF"    Type="Pointer" Base="CRYPT_PROVIDER_REF" />
        <Variable Name="PCRYPT_PROVIDER_REF*"   Type="Pointer" Base="PCRYPT_PROVIDER_REF" />

        <!-- CRYPT_PROVIDER_REFS -->
        <Variable Name="CRYPT_PROVIDER_REFS" Type="Struct">
            <Field Type="ULONG"                 Name="cProviders" />
            <Field Type="PCRYPT_PROVIDER_REF*"	Name="rgpProviders" Count="cProviders" />
        </Variable>
        <Variable Name="PCRYPT_PROVIDER_REFS"   Type="Pointer" Base="CRYPT_PROVIDER_REFS" />
        <Variable Name="PCRYPT_PROVIDER_REFS*"  Type="Pointer" Base="PCRYPT_PROVIDER_REFS" />

        <Variable Name="[CryptConfigTable]" Type="Alias" Base="ULONG">
            <Display Name="ULONG" />
            <Enum>
                <Set Name="CRYPT_LOCAL"     Value="0x00000001" />
                <Set Name="CRYPT_DOMAIN"    Value="0x00000002" />
            </Enum>
        </Variable>

        <Variable Name="[CryptInterface]" Type="Alias" Base="ULONG">
            <Display Name="ULONG" />
            <Enum>
                <Set Name="BCRYPT_CIPHER_INTERFACE"                 	Value="0x00000001" />
                <Set Name="BCRYPT_HASH_INTERFACE"                   	Value="0x00000002" />
                <Set Name="BCRYPT_ASYMMETRIC_ENCRYPTION_INTERFACE"  	Value="0x00000003" />
                <Set Name="BCRYPT_SECRET_AGREEMENT_INTERFACE"       	Value="0x00000004" />
                <Set Name="BCRYPT_SIGNATURE_INTERFACE"              	Value="0x00000005" />
                <Set Name="BCRYPT_RNG_INTERFACE"                    	Value="0x00000006" />
                <Set Name="NCRYPT_KEY_STORAGE_INTERFACE"            	Value="0x00010001" />
                <Set Name="NCRYPT_SCHANNEL_INTERFACE"               	Value="0x00010002" />
                <Set Name="NCRYPT_SCHANNEL_SIGNATURE_INTERFACE"         Value="0x00010003" />
            </Enum>
        </Variable>

        <Variable Name="[CryptPriority]" Type="Alias" Base="ULONG">
            <Display Name="ULONG" />
            <Enum>
                <Set Name="CRYPT_PRIORITY_TOP"          Value="0x00000000" />
                <Set Name="CRYPT_PRIORITY_BOTTOM"       Value="0xFFFFFFFF" />
            </Enum>
        </Variable>

        <Variable Name="[CryptOperation]" Type="Alias" Base="ULONG">
            <Display Name="ULONG" />
            <Flag>
                <Set Name="BCRYPT_CIPHER_OPERATION"                 	Value="0x00000001" />
                <Set Name="BCRYPT_HASH_OPERATION"                   	Value="0x00000002" />
                <Set Name="BCRYPT_ASYMMETRIC_ENCRYPTION_OPERATION"      Value="0x00000004" />
                <Set Name="BCRYPT_SECRET_AGREEMENT_OPERATION"       	Value="0x00000008" />
                <Set Name="BCRYPT_SIGNATURE_OPERATION"              	Value="0x00000010" />
                <Set Name="BCRYPT_RNG_OPERATION"                    	Value="0x00000020" />
            </Flag>
        </Variable>

        <Variable Name="[CryptMode]" Type="Alias" Base="ULONG">
            <Display Name="ULONG" />
            <Enum>
                <Set Name="CRYPT_UM"		Value="0x00000001" />
                <Set Name="CRYPT_KM"		Value="0x00000002" />
                <Set Name="CRYPT_MM"		Value="0x00000003" />
                <Set Name="CRYPT_ANY"       Value="0x00000004" />
            </Enum>
        </Variable>

        <Variable Name="[CryptEnumFlags]" Type="Alias" Base="ULONG">
            <Display Name="ULONG" />
            <Flag>
                <Set Name="CRYPT_ALL_FUNCTIONS"     Value="0x00000001" />
                <Set Name="CRYPT_ALL_PROVIDERS"	    Value="0x00000002" />
            </Flag>
        </Variable>

        <Variable Name="[CryptDeriveKeyFlags]" Type="Alias" Base="ULONG">
            <Display Name="ULONG" />
            <Flag>
                <Set Name="KDF_USE_SECRET_AS_HMAC_KEY_FLAG" Value="0x1" />
            </Flag>
        </Variable>

        <Variable Name="[BCryptOpenAlgorithmProviderFlags]" Type="Alias" Base="ULONG">
            <Display Name="DWORD" />
            <Flag>
                <Set Name="BCRYPT_PROV_DISPATCH"            Value="0x00000001" />
                <Set Name="BCRYPT_ALG_HANDLE_HMAC_FLAG"		Value="0x00000008" />
            </Flag>
        </Variable>

        <!-- Cryptographic Configuration -->
        <Category Name="Security and Identity/Cryptography API: Next Generation (CNG)/Cryptographic Configuration" />
        <Api Name="BCryptAddContextFunction">
            <Param Type="[CryptConfigTable]" Name="dwTable" />
            <Param Type="LPCWSTR" Name="pszContext" />
            <Param Type="[CryptInterface]" Name="dwInterface" />
            <Param Type="LPCWSTR" Name="pszFunction" />
            <Param Type="[CryptPriority]" Name="dwPosition" />
            <Return Type="NTSTATUS" />
        </Api>
        <Api Name="BCryptConfigureContext">
            <Param Type="[CryptConfigTable]" Name="dwTable" />
            <Param Type="LPCWSTR" Name="pszContext" />
            <Param Type="PCRYPT_CONTEXT_CONFIG" Name="pConfig" />
            <Return Type="NTSTATUS" />
        </Api>
        <Api Name="BCryptConfigureContextFunction">
            <Param Type="[CryptConfigTable]" Name="dwTable" />
            <Param Type="LPCWSTR" Name="pszContext" />
            <Param Type="[CryptInterface]" Name="dwInterface" />
            <Param Type="LPCWSTR" Name="pszFunction" />
            <Param Type="PCRYPT_CONTEXT_FUNCTION_CONFIG" Name="pConfig" />
            <Return Type="NTSTATUS" />
        </Api>
        <Api Name="BCryptCreateContext">
            <Param Type="[CryptConfigTable]" Name="dwTable" />
            <Param Type="LPCWSTR" Name="pszContext" />
            <Param Type="PCRYPT_CONTEXT_CONFIG" Name="pConfig" />
            <Return Type="NTSTATUS" />
        </Api>
        <Api Name="BCryptDeleteContext">
            <Param Type="[CryptConfigTable]" Name="dwTable" />
            <Param Type="LPCWSTR" Name="pszContext" />
            <Return Type="NTSTATUS" />
        </Api>
        <Api Name="BCryptEnumAlgorithms">
            <Param Type="[CryptOperation]" Name="dwAlgOperations" />
            <Param Type="ULONG*" Name="pAlgCount" />
            <Param Type="BCRYPT_ALGORITHM_IDENTIFIER**" Name="ppAlgList" />
            <Param Type="ULONG" Name="dwFlags" />
            <Return Type="NTSTATUS" />
        </Api>
        <Api Name="BCryptEnumContextFunctionProviders">
            <Param Type="[CryptConfigTable]" Name="dwTable" />
            <Param Type="LPCWSTR" Name="pszContext" />
            <Param Type="[CryptInterface]" Name="dwInterface" />
            <Param Type="LPCWSTR" Name="pszFunction" />
            <Param Type="ULONG*" Name="pcbBuffer" />
            <Param Type="PCRYPT_CONTEXT_FUNCTION_PROVIDERS*" Name="ppBuffer" />
            <Return Type="NTSTATUS" />
        </Api>
        <Api Name="BCryptEnumContextFunctions">
            <Param Type="[CryptConfigTable]" Name="dwTable" />
            <Param Type="LPCWSTR" Name="pszContext" />
            <Param Type="[CryptInterface]" Name="dwInterface" />
            <Param Type="ULONG*" Name="pcbBuffer" />
            <Param Type="PCRYPT_CONTEXT_FUNCTIONS*" Name="ppBuffer" />
            <Return Type="NTSTATUS" />
        </Api>
        <Api Name="BCryptEnumContexts">
            <Param Type="[CryptConfigTable]" Name="dwTable" />
            <Param Type="ULONG*" Name="pcbBuffer" />
            <Param Type="PCRYPT_CONTEXTS*" Name="ppBuffer" />
            <Return Type="NTSTATUS" />
        </Api>
        <Api Name="BCryptEnumProviders">
            <Param Type="LPCWSTR" Name="pszAlgId" />
            <Param Type="ULONG*" Name="pImplCount" />
            <Param Type="BCRYPT_PROVIDER_NAME**" Name="ppImplList" />
            <Param Type="ULONG" Name="dwFlags" />
            <Return Type="NTSTATUS" />
        </Api>
        <Api Name="BCryptEnumRegisteredProviders">
            <Param Type="ULONG*" Name="pcbBuffer" />
            <Param Type="PCRYPT_PROVIDERS*" Name="ppBuffer" />
            <Return Type="NTSTATUS" />
        </Api>
        <Api Name="BCryptGetFipsAlgorithmMode">
            <Param Type="BOOLEAN*" Name="pfEnabled" />
            <Return Type="NTSTATUS" />
        </Api>
        <Api Name="BCryptQueryContextConfiguration">
            <Param Type="[CryptConfigTable]" Name="dwTable" />
            <Param Type="LPCWSTR" Name="pszContext" />
            <Param Type="ULONG*" Name="pcbBuffer" />
            <Param Type="PCRYPT_CONTEXT_CONFIG*" Name="ppBuffer" />
            <Return Type="NTSTATUS" />
        </Api>
        <Api Name="BCryptQueryContextFunctionConfiguration">
            <Param Type="[CryptConfigTable]" Name="dwTable" />
            <Param Type="LPCWSTR" Name="pszContext" />
            <Param Type="[CryptInterface]" Name="dwInterface" />
            <Param Type="LPCWSTR" Name="pszFunction" />
            <Param Type="ULONG*" Name="pcbBuffer" />
            <Param Type="PCRYPT_CONTEXT_FUNCTION_CONFIG*" Name="ppBuffer" />
            <Return Type="NTSTATUS" />
        </Api>
        <Api Name="BCryptQueryContextFunctionProperty">
            <Param Type="[CryptConfigTable]" Name="dwTable" />
            <Param Type="LPCWSTR" Name="pszContext" />
            <Param Type="[CryptInterface]" Name="dwInterface" />
            <Param Type="LPCWSTR" Name="pszFunction" />
            <Param Type="LPCWSTR" Name="pszProperty" />
            <Param Type="ULONG*" Name="pcbValue" />
            <Param Type="PUCHAR*" Name="ppbValue" />
            <Return Type="NTSTATUS" />
        </Api>
        <Api Name="BCryptQueryProviderRegistration">
            <Param Type="LPCWSTR" Name="pszProvider" />
            <Param Type="[CryptMode]" Name="dwMode" />
            <Param Type="[CryptInterface]" Name="dwInterface" />
            <Param Type="ULONG*" Name="pcbBuffer" />
            <Param Type="PCRYPT_PROVIDER_REG*" Name="ppBuffer" />
            <Return Type="NTSTATUS" />
        </Api>
        <Api Name="BCryptRegisterConfigChangeNotify">
            <Param Type="HANDLE*" Name="phEvent" />
            <Return Type="NTSTATUS" />
        </Api>
        <Api Name="BCryptRemoveContextFunction">
            <Param Type="[CryptConfigTable]" Name="dwTable" />
            <Param Type="LPCWSTR" Name="pszContext" />
            <Param Type="[CryptInterface]" Name="dwInterface" />
            <Param Type="LPCWSTR" Name="pszFunction" />
            <Return Type="NTSTATUS" />
        </Api>
        <Api Name="BCryptResolveProviders">
            <Param Type="LPCWSTR" Name="pszContext" />
            <Param Type="[CryptInterface]" Name="dwInterface" />
            <Param Type="LPCWSTR" Name="pszFunction" />
            <Param Type="LPCWSTR" Name="pszProvider" />
            <Param Type="[CryptMode]" Name="dwMode" />
            <Param Type="[CryptEnumFlags]" Name="dwFlags" />
            <Param Type="ULONG*" Name="pcbBuffer" />
            <Param Type="PCRYPT_PROVIDER_REFS*" Name="ppBuffer" />
            <Return Type="NTSTATUS" />
        </Api>
        <Api Name="BCryptSetContextFunctionProperty">
            <Param Type="[CryptConfigTable]" Name="dwTable" />
            <Param Type="LPCWSTR" Name="pszContext" />
            <Param Type="[CryptInterface]" Name="dwInterface" />
            <Param Type="LPCWSTR" Name="pszFunction" />
            <Param Type="LPCWSTR" Name="pszProperty" />
            <Param Type="ULONG" Name="cbValue" />
            <Param Type="PUCHAR" Name="pbValue" Length="cbValue" />
            <Return Type="NTSTATUS" />
        </Api>
        <Api Name="BCryptUnregisterConfigChangeNotify">
            <Param Type="HANDLE" Name="hEvent" />
            <Return Type="NTSTATUS" />
        </Api>

        <!-- Cryptographic Primitive -->
        <Category Name="Security and Identity/Cryptography API: Next Generation (CNG)/Cryptographic Primitive" />
        <Api Name="BCryptCloseAlgorithmProvider">
            <Param Type="BCRYPT_ALG_HANDLE" Name="hAlgorithm" />
            <Param Type="ULONG" Name="dwFlags" />
            <Return Type="NTSTATUS" />
        </Api>
        <Api Name="BCryptCreateHash">
            <Param Type="BCRYPT_ALG_HANDLE" Name="hAlgorithm" />
            <Param Type="BCRYPT_HASH_HANDLE*" Name="phHash" />
            <Param Type="PUCHAR" Name="pbHashObject" Length="cbHashObject" />
            <Param Type="ULONG" Name="cbHashObject" />
            <Param Type="PUCHAR" Name="pbSecret" Length="cbSecret" />
            <Param Type="ULONG" Name="cbSecret" />
            <Param Type="ULONG" Name="dwFlags" />
            <Return Type="NTSTATUS" />
        </Api>
        <Api Name="BCryptDecrypt">
            <Param Type="BCRYPT_KEY_HANDLE" Name="hKey" />
            <Param Type="PUCHAR" Name="pbInput" Length="cbInput" />
            <Param Type="ULONG" Name="cbInput" />
            <Param Type="VOID*" Name="pPaddingInfo" />
            <Param Type="PUCHAR" Name="pbIV" Length="cbIV" />
            <Param Type="ULONG" Name="cbIV" />
            <Param Type="PUCHAR" Name="pbOutput" PostLength="pcbResult" />
            <Param Type="ULONG" Name="cbOutput" />
            <Param Type="ULONG*" Name="pcbResult" />
            <Param Type="ULONG" Name="dwFlags" />
            <Return Type="NTSTATUS" />
        </Api>
        <Api Name="BCryptDeriveKey">
            <Param Type="BCRYPT_SECRET_HANDLE" Name="hSharedSecret" />
            <Param Type="LPCWSTR" Name="pwszKDF" />
            <Param Type="BCryptBufferDesc*" Name="pParameterList" />
            <Param Type="PUCHAR" Name="pbDerivedKey" PostLength="pcbResult" />
            <Param Type="ULONG" Name="cbDerivedKey" />
            <Param Type="ULONG*" Name="pcbResult" />
            <Param Type="[CryptDeriveKeyFlags]" Name="dwFlags" />
            <Return Type="NTSTATUS" />
        </Api>
        <Api Name="BCryptDestroyHash">
            <Param Type="BCRYPT_HASH_HANDLE" Name="hHash" />
            <Return Type="NTSTATUS" />
        </Api>
        <Api Name="BCryptDestroyKey">
            <Param Type="BCRYPT_KEY_HANDLE" Name="hKey" />
            <Return Type="NTSTATUS" />
        </Api>
        <Api Name="BCryptDestroySecret">
            <Param Type="BCRYPT_SECRET_HANDLE" Name="hSecret" />
            <Return Type="NTSTATUS" />
        </Api>
        <Api Name="BCryptDuplicateHash">
            <Param Type="BCRYPT_HASH_HANDLE" Name="hHash" />
            <Param Type="BCRYPT_HASH_HANDLE*" Name="phNewHash" />
            <Param Type="PUCHAR" Name="pbHashObject" Length="cbHashObject" />
            <Param Type="ULONG" Name="cbHashObject" />
            <Param Type="ULONG" Name="dwFlags" />
            <Return Type="NTSTATUS" />
        </Api>
        <Api Name="BCryptDuplicateKey">
            <Param Type="BCRYPT_KEY_HANDLE" Name="hKey" />
            <Param Type="BCRYPT_KEY_HANDLE*" Name="phNewKey" />
            <Param Type="PUCHAR" Name="pbKeyObject" Length="cbKeyObject" />
            <Param Type="ULONG" Name="cbKeyObject" />
            <Param Type="ULONG" Name="dwFlags" />
            <Return Type="NTSTATUS" />
        </Api>
        <Api Name="BCryptEncrypt">
            <Param Type="BCRYPT_KEY_HANDLE" Name="hKey" />
            <Param Type="PUCHAR" Name="pbInput" Length="cbInput" />
            <Param Type="ULONG" Name="cbInput" />
            <Param Type="VOID*" Name="pPaddingInfo" />
            <Param Type="PUCHAR" Name="pbIV" Length="cbIV" />
            <Param Type="ULONG" Name="cbIV" />
            <Param Type="PUCHAR" Name="pbOutput" PostLength="pcbResult" />
            <Param Type="ULONG" Name="cbOutput" />
            <Param Type="ULONG*" Name="pcbResult" />
            <Param Type="ULONG" Name="dwFlags" />
            <Return Type="NTSTATUS" />
        </Api>
        <Api Name="BCryptExportKey">
            <Param Type="BCRYPT_KEY_HANDLE" Name="hKey" />
            <Param Type="BCRYPT_KEY_HANDLE" Name="hExportKey" />
            <Param Type="LPCWSTR" Name="pszBlobType" />
            <Param Type="PUCHAR" Name="pbOutput" PostLength="pcbResult" />
            <Param Type="ULONG" Name="cbOutput" />
            <Param Type="ULONG*" Name="pcbResult" />
            <Param Type="ULONG" Name="dwFlags" />
            <Return Type="NTSTATUS" />
        </Api>
        <Api Name="BCryptFinalizeKeyPair">
            <Param Type="BCRYPT_KEY_HANDLE" Name="hKey" />
            <Param Type="ULONG" Name="dwFlags" />
            <Return Type="NTSTATUS" />
        </Api>
        <Api Name="BCryptFinishHash">
            <Param Type="BCRYPT_HASH_HANDLE" Name="hHash" />
            <Param Type="PUCHAR" Name="pbOutput" Length="cbOutput" />
            <Param Type="ULONG" Name="cbOutput" />
            <Param Type="ULONG" Name="dwFlags" />
            <Return Type="NTSTATUS" />
        </Api>
        <Api Name="BCryptFreeBuffer">
            <Param Type="PVOID" Name="pvBuffer" />
            <Return Type="VOID" />
        </Api>
        <Api Name="BCryptGenerateKeyPair">
            <Param Type="BCRYPT_ALG_HANDLE" Name="hAlgorithm" />
            <Param Type="BCRYPT_KEY_HANDLE*" Name="phKey" />
            <Param Type="ULONG" Name="dwLength" />
            <Param Type="ULONG" Name="dwFlags" />
            <Return Type="NTSTATUS" />
        </Api>
        <Api Name="BCryptGenerateSymmetricKey">
            <Param Type="BCRYPT_ALG_HANDLE" Name="hAlgorithm" />
            <Param Type="BCRYPT_KEY_HANDLE*" Name="phKey" />
            <Param Type="PUCHAR" Name="pbKeyObject" Length="cbKeyObject" />
            <Param Type="ULONG" Name="cbKeyObject" />
            <Param Type="PUCHAR" Name="pbSecret" Length="cbSecret" />
            <Param Type="ULONG" Name="cbSecret" />
            <Param Type="ULONG" Name="dwFlags" />
            <Return Type="NTSTATUS" />
        </Api>
        <Api Name="BCryptGenRandom">
            <Param Type="BCRYPT_ALG_HANDLE" Name="hAlgorithm" />
            <Param Type="PUCHAR" Name="pbBuffer" Length="cbBuffer" />
            <Param Type="ULONG" Name="cbBuffer" />
            <Param Type="ULONG" Name="dwFlags" />
            <Return Type="NTSTATUS" />
        </Api>
        <Api Name="BCryptGetProperty">
            <Param Type="BCRYPT_HANDLE" Name="hObject" />
            <Param Type="LPCWSTR" Name="pszProperty" />
            <Param Type="PUCHAR" Name="pbOutput" PostLength="pcbResult" />
            <Param Type="ULONG" Name="cbOutput" />
            <Param Type="ULONG*" Name="pcbResult" />
            <Param Type="ULONG" Name="dwFlags" />
            <Return Type="NTSTATUS" />
        </Api>
        <Api Name="BCryptHashData">
            <Param Type="BCRYPT_HASH_HANDLE" Name="hHash" />
            <Param Type="PUCHAR" Name="pbInput" Length="cbInput" />
            <Param Type="ULONG" Name="cbInput" />
            <Param Type="ULONG" Name="dwFlags" />
            <Return Type="NTSTATUS" />
        </Api>
        <Api Name="BCryptImportKey">
            <Param Type="BCRYPT_ALG_HANDLE" Name="hAlgorithm" />
            <Param Type="BCRYPT_KEY_HANDLE" Name="hImportKey" />
            <Param Type="LPCWSTR" Name="pszBlobType" />
            <Param Type="BCRYPT_KEY_HANDLE*" Name="phKey" />
            <Param Type="PUCHAR" Name="pbKeyObject" Length="cbKeyObject" />
            <Param Type="ULONG" Name="cbKeyObject" />
            <Param Type="PUCHAR" Name="pbInput" Length="cbInput" />
            <Param Type="ULONG" Name="cbInput" />
            <Param Type="ULONG" Name="dwFlags" />
            <Return Type="NTSTATUS" />
        </Api>
        <Api Name="BCryptImportKeyPair">
            <Param Type="BCRYPT_ALG_HANDLE" Name="hAlgorithm" />
            <Param Type="BCRYPT_KEY_HANDLE" Name="hImportKey" />
            <Param Type="LPCWSTR" Name="pszBlobType" />
            <Param Type="BCRYPT_KEY_HANDLE*" Name="phKey" />
            <Param Type="PUCHAR" Name="pbInput" Length="cbInput" />
            <Param Type="ULONG" Name="cbInput" />
            <Param Type="ULONG" Name="dwFlags" />
            <Return Type="NTSTATUS" />
        </Api>
        <Api Name="BCryptKeyDerivation">
            <Param Type="BCRYPT_KEY_HANDLE" Name="hKey" />
            <Param Type="BCryptBufferDesc*" Name="pParameterList" />
            <Param Type="PUCHAR" Name="pbDerivedKey" />
            <Param Type="ULONG" Name="cbDerivedKey" />
            <Param Type="ULONG*" Name="pcbResult" />
            <Param Type="ULONG" Name="dwFlags" />
            <Return Type="NTSTATUS" />
        </Api>
        <Api Name="BCryptOpenAlgorithmProvider">
            <Param Type="BCRYPT_ALG_HANDLE*" Name="phAlgorithm" />
            <Param Type="LPCWSTR" Name="pszAlgId" />
            <Param Type="LPCWSTR" Name="pszImplementation" />
            <Param Type="[BCryptOpenAlgorithmProviderFlags]" Name="dwFlags" />
            <Return Type="NTSTATUS" />
        </Api>
        <Api Name="BCryptSecretAgreement">
            <Param Type="BCRYPT_KEY_HANDLE" Name="hPrivKey" />
            <Param Type="BCRYPT_KEY_HANDLE" Name="hPubKey" />
            <Param Type="BCRYPT_SECRET_HANDLE*" Name="phSecret" />
            <Param Type="ULONG" Name="dwFlags" />
            <Return Type="NTSTATUS" />
        </Api>
        <Api Name="BCryptSetProperty">
            <Param Type="BCRYPT_HANDLE" Name="hObject" />
            <Param Type="LPCWSTR" Name="pszProperty" />
            <Param Type="PUCHAR" Name="pbInput" Length="cbInput" />
            <Param Type="ULONG" Name="cbInput" />
            <Param Type="ULONG" Name="dwFlags" />
            <Return Type="NTSTATUS" />
        </Api>
        <Api Name="BCryptSignHash">
            <Param Type="BCRYPT_KEY_HANDLE" Name="hKey" />
            <Param Type="VOID*" Name="pPaddingInfo" />
            <Param Type="PBYTE" Name="pbInput" Length="cbInput" />
            <Param Type="DWORD" Name="cbInput" />
            <Param Type="PBYTE" Name="pbOutput" PostLength="pcbResult" />
            <Param Type="DWORD" Name="cbOutput" />
            <Param Type="DWORD*" Name="pcbResult" />
            <Param Type="ULONG" Name="dwFlags" />
            <Return Type="NTSTATUS" />
        </Api>
        <Api Name="BCryptVerifySignature">
            <Param Type="BCRYPT_KEY_HANDLE" Name="hKey" />
            <Param Type="VOID*" Name="pPaddingInfo" />
            <Param Type="PUCHAR" Name="pbHash" Length="cbHash" />
            <Param Type="ULONG" Name="cbHash" />
            <Param Type="PUCHAR" Name="pbSignature" Length="cbSignature" />
            <Param Type="ULONG" Name="cbSignature" />
            <Param Type="ULONG" Name="dwFlags" />
            <Return Type="NTSTATUS" />
        </Api>

        <!-- Helper -->
        <Category Name="Security and Identity/Cryptography API: Next Generation (CNG)/Helper" />
        <Api Name="BCryptDeriveKeyCapi">
            <Param Type="BCRYPT_HASH_HANDLE" Name="hHash" />
            <Param Type="BCRYPT_ALG_HANDLE" Name="hTargetAlg" />
            <Param Type="PUCHAR" Name="pbDerivedKey" Length="cbDerivedKey" />
            <Param Type="ULONG" Name="cbDerivedKey" />
            <Param Type="ULONG" Name="dwFlags" />
            <Return Type="NTSTATUS" />
        </Api>
        <Api Name="BCryptDeriveKeyPBKDF2">
            <Param Type="BCRYPT_ALG_HANDLE" Name="hPrf" />
            <Param Type="PUCHAR" Name="pbPassword" Length="cbPassword" />
            <Param Type="ULONG" Name="cbPassword" />
            <Param Type="PUCHAR" Name="pbSalt" Length="cbSalt" />
            <Param Type="ULONG" Name="cbSalt" />
            <Param Type="ULONGLONG" Name="cIterations" />
            <Param Type="PUCHAR" Name="pbDerivedKey" Length="cbDerivedKey" />
            <Param Type="ULONG" Name="cbDerivedKey" />
            <Param Type="ULONG" Name="dwFlags" />
            <Return Type="NTSTATUS" />
        </Api>

    </Module>
</ApiMonitor>