<!--
    API Monitor Definitions
    (c) 2010-2011, Rohitab Batra <rohitab@rohitab.com>
    http://www.rohitab.com/apimonitor/
-->
<ApiMonitor>
    <Include Filename="Headers\windows.h.xml" />
    <Module Name="Certadm.dll" CallingConvention="STDCALL" ErrorFunc="HRESULT" OnlineHelp="MSDN">
        
        <!-- Variables -->
        <Variable Name="HCSBC"          Type="Alias"    Base="LPVOID" />
        <Variable Name="HCSBC*"         Type="Pointer"  Base="HCSBC" />

        <!-- CSEDB_RSTMAP -->
        <Variable Name="CSEDB_RSTMAP" Type="Struct">
            <Field Type="WCHAR*"    Name="pwszDatabaseName" />
            <Field Type="WCHAR*"    Name="pwszNewDatabaseName" />
        </Variable>
        <Variable Name="CSEDB_RSTMAP []" Type="Pointer" Base="CSEDB_RSTMAP" />

        <!-- Cryptography -->
        <Category Name="Security and Identity/Cryptography/Certificate Services Backup and Restore" />
        <Api Name="CertSrvBackupClose" Ordinal="5">
            <Param Type="HCSBC" Name="hbc" />
            <Return Type="HRESULT" />
        </Api>
        <Api Name="CertSrvBackupEnd" Ordinal="6">
            <Param Type="HCSBC" Name="hbc" />
            <Return Type="HRESULT" />
        </Api>
        <Api Name="CertSrvBackupFree" Ordinal="15">
            <Param Type="VOID*" Name="pv" />
            <Return Type="void" />
        </Api>
        <Api Name="CertSrvBackupGetBackupLogsW" Ordinal="7">
            <Param Type="HCSBC" Name="hbc" />
            <Param Type="WCHAR**" Name="ppwszzBackupLogFiles" />
            <Param Type="DWORD*" Name="pcbSize" />
            <Return Type="HRESULT" />
        </Api>
        <Api Name="CertSrvBackupGetDatabaseNamesW" Ordinal="8">
            <Param Type="HCSBC" Name="hbc" />
            <Param Type="WCHAR**" Name="ppwszzAttachmentInformation" />
            <Param Type="DWORD*" Name="pcbSize" />
            <Return Type="HRESULT" />
        </Api>
        <Api Name="CertSrvBackupGetDynamicFileListW" Ordinal="14">
            <Param Type="HCSBC" Name="hbc" />
            <Param Type="WCHAR**" Name="ppwszzFileList" />
            <Param Type="DWORD*" Name="pcbSize" />
            <Return Type="HRESULT" />
        </Api>
        <Api Name="CertSrvBackupOpenFileW" Ordinal="9">
            <Param Type="HCSBC" Name="hbc" />
            <Param Type="const WCHAR*" Name="pwszAttachmentName" />
            <Param Type="DWORD" Name="cbReadHintSize" />
            <Param Type="LARGE_INTEGER*" Name="pliFileSize" />
            <Return Type="HRESULT" />
        </Api>
        <Api Name="CertSrvBackupPrepareW" Ordinal="10">
            <Param Type="const WCHAR*" Name="pwszServerName" />
            <Param Type="ULONG" Name="grbitJet" />
            <Param Type="ULONG" Name="dwBackupFlags" />
            <Param Type="HCSBC*" Name="phbc" />
            <Return Type="HRESULT" />
        </Api>
        <Api Name="CertSrvBackupRead" Ordinal="11">
            <Param Type="HCSBC" Name="hbc" />
            <Param Type="VOID*" Name="pvBuffer" />
            <Param Type="DWORD" Name="cbBuffer" />
            <Param Type="DWORD*" Name="pcbRead" />
            <Return Type="HRESULT" />
        </Api>
        <Api Name="CertSrvBackupTruncateLogs" Ordinal="12">
            <Param Type="HCSBC" Name="hbc" />
            <Return Type="HRESULT" />
        </Api>
        <Api Name="CertSrvIsServerOnlineW" Ordinal="13">
            <Param Type="const WCHAR*" Name="pwszServerName" />
            <Param Type="BOOL*" Name="pfServerOnline" />
            <Return Type="HRESULT" />
        </Api>
        <Api Name="CertSrvRestoreEnd" Ordinal="21">
            <Param Type="HCSBC" Name="hbc" />
            <Return Type="HRESULT" />
        </Api>
        <Api Name="CertSrvRestoreGetDatabaseLocationsW" Ordinal="17">
            <Param Type="HCSBC" Name="hbc" />
            <Param Type="WCHAR**" Name="ppwszzDatabaseLocationList" />
            <Param Type="DWORD*" Name="pcbSize" />
            <Return Type="HRESULT" />
        </Api>
        <Api Name="CertSrvRestorePrepareW" Ordinal="18">
            <Param Type="const WCHAR*" Name="pwszServerName" />
            <Param Type="ULONG" Name="dwRestoreFlags" />
            <Param Type="HCSBC*" Name="phbc" />
            <Return Type="HRESULT" />
        </Api>
        <Api Name="CertSrvRestoreRegisterW" Ordinal="19">
            <Param Type="HCSBC" Name="hbc" />
            <Param Type="const WCHAR*" Name="pwszCheckPointFilePath" />
            <Param Type="const WCHAR*" Name="pwszLogPath" />
            <Param Type="CSEDB_RSTMAP []" Name="rgrstmap" Count="crstmap" />
            <Param Type="LONG" Name="crstmap" />
            <Param Type="const WCHAR*" Name="pwszBackupLogPath" />
            <Param Type="ULONG" Name="genLow" />
            <Param Type="ULONG" Name="genHigh" />
            <Return Type="HRESULT" />
        </Api>
        <Api Name="CertSrvRestoreRegisterComplete" Ordinal="20">
            <Param Type="HCSBC" Name="hbc" />
            <Param Type="HRESULT" Name="hrRestoreState" />
            <Return Type="HRESULT" />
        </Api>
        <Api Name="CertSrvRestoreRegisterThroughFile" Ordinal="22">
            <Param Type="HCSBC" Name="hbc" />
            <Param Type="const WCHAR*" Name="pwszCheckPointFilePath" />
            <Param Type="const WCHAR*" Name="pwszLogPath" />
            <Param Type="CSEDB_RSTMAP []" Name="rgrstmap" Count="crstmap" />
            <Param Type="LONG" Name="crstmap" />
            <Param Type="const WCHAR*" Name="pwszBackupLogPath" />
            <Param Type="ULONG" Name="genLow" />
            <Param Type="ULONG" Name="genHigh" />
            <Return Type="HRESULT" />
        </Api>
        <Api Name="CertSrvServerControlW" Ordinal="16">
            <Param Type="const WCHAR*" Name="pwszServerName" />
            <Param Type="DWORD" Name="dwControlFlags" />
            <Param Type="DWORD*" Name="pcbOut" />
            <Param Type="BYTE**" Name="ppbOut" />
            <Return Type="HRESULT" />
        </Api>
    </Module>
</ApiMonitor>