<!--
    API Monitor Definitions
    (c) 2010-2012, Rohitab Batra <rohitab@rohitab.com>
    http://www.rohitab.com/apimonitor/
-->
<ApiMonitor>
    <Include Filename="Headers\windows.h.xml" />
    <Module Name="Clfsw32.dll" CallingConvention="STDCALL" ErrorFunc="GetLastError" OnlineHelp="MSDN">

        <!-- TODO: Structures (Field Alignment) -->
        <Variable Name="PCLFS_SCAN_CONTEXT" Type="Alias" Base="LPVOID" />
        
        <!-- Variables -->
        <Variable Name="PFILE"                              Type="Alias"    Base="LPVOID" />
        <Variable Name="CLFS_PRINT_RECORD_ROUTINE"          Type="Alias"    Base="LPVOID" />
        <Variable Name="CLFS_BLOCK_ALLOCATION"              Type="Alias"    Base="LPVOID" />
        <Variable Name="CLFS_BLOCK_DEALLOCATION"            Type="Alias"    Base="LPVOID" />
        <Variable Name="CLFS_CONTAINER_ID"                  Type="Alias"    Base="ULONG" />
        <Variable Name="CLFS_LOG_ARCHIVE_CONTEXT"           Type="Alias"    Base="LPVOID" />
        <Variable Name="PCLFS_LOG_ARCHIVE_CONTEXT"          Type="Pointer"  Base="CLFS_LOG_ARCHIVE_CONTEXT" />
        <Variable Name="LONGLONG []"                        Type="Pointer"  Base="LONGLONG" />
        <Variable Name="PLOG_TAIL_ADVANCE_CALLBACK"         Type="Alias"    Base="LPVOID" />
        <Variable Name="PLOG_FULL_HANDLER_CALLBACK"         Type="Alias"    Base="LPVOID" />
        <Variable Name="PLOG_UNPINNED_CALLBACK"             Type="Alias"    Base="LPVOID" />

        <!-- Arrays -->
        <Variable Name="WCHAR [CLFS_MAX_CONTAINER_INFO]"    Type="Array"    Base="WCHAR" Count="256" />

        <!-- CLFS_CONTAINER_STATE -->
        <Variable Name="CLFS_CONTAINER_STATE" Type="Alias" Base="UINT32">
            <Flag>
                <Set Name="ClfsContainerInitializing"               Value="0x01" />
                <Set Name="ClfsContainerInactive"                   Value="0x02" />
                <Set Name="ClfsContainerActive"                     Value="0x04" />
                <Set Name="ClfsContainerActivePendingDelete"        Value="0x08" />
                <Set Name="ClfsContainerPendingArchive"             Value="0x10" />
                <Set Name="ClfsContainerPendingArchiveAndDelete"    Value="0x20" />
            </Flag>
        </Variable>

        <!-- CLS_CONTAINER_INFORMATION -->
        <Variable Name="CLS_CONTAINER_INFORMATION" Type="Struct">
            <Field Type="ULONG"                             Name="FileAttributes" />
            <Field Type="ULONGLONG"                         Name="CreationTime" />
            <Field Type="ULONGLONG"                         Name="LastAccessTime" />
            <Field Type="ULONGLONG"                         Name="LastWriteTime" />
            <Field Type="LONGLONG"                          Name="ContainerSize" />
            <Field Type="ULONG"                             Name="FileNameActualLength" />
            <Field Type="ULONG"                             Name="FileNameLength" />
            <Field Type="WCHAR [CLFS_MAX_CONTAINER_INFO]"   Name="FileName" />
            <Field Type="CLFS_CONTAINER_STATE"              Name="State" />
            <Field Type="CLFS_CONTAINER_ID"                 Name="PhysicalContainerId" />
            <Field Type="CLFS_CONTAINER_ID"                 Name="LogicalContainerId" />
        </Variable>

        <!-- CLFS_ARCHIVE_DESCRIPTOR -->
        <Variable Name="CLFS_ARCHIVE_DESCRIPTOR" Type="Struct">
            <Field Type="ULONGLONG"                     Name="coffLow" />
            <Field Type="ULONGLONG"                     Name="coffHigh" />
            <Field Type="CLS_CONTAINER_INFORMATION"     Name="infoContainer" />
        </Variable>
        <Variable Name="CLFS_ARCHIVE_DESCRIPTOR []" Type="Pointer" Base="CLFS_ARCHIVE_DESCRIPTOR" />

        <!-- CLFS_RECORD_TYPE -->
        <Variable Name="CLFS_RECORD_TYPE" Type="Alias" Base="UINT8">
            <Enum>
                <Set Name="ClfsNullRecord"      Value="0x00" />
                <Set Name="ClfsDataRecord"      Value="0x01" />
                <Set Name="ClfsRestartRecord"   Value="0x02" />
            </Enum>
        </Variable>
        <Variable Name="PCLFS_RECORD_TYPE" Type="Pointer" Base="CLFS_RECORD_TYPE" />

        <!-- CLFS_IOSTATS_CLASS -->
        <Variable Name="CLFS_IOSTATS_CLASS" Type="Alias" Base="UINT">
            <Enum>
                <Set Name="ClfsIoStatsDefault"  Value="0x0000" />
            </Enum>
        </Variable>

        <!-- CLFS_CONTEXT_MODE -->
        <Variable Name="CLFS_CONTEXT_MODE" Type="Alias" Base="UINT">
            <Enum>
                <Set Name="ClfsContextNone"         Value="0x00" />
                <Set Name="ClfsContextUndoNext"     Value="0x01" />
                <Set Name="ClfsContextPrevious"     Value="0x02" />
                <Set Name="ClfsContextForward"      Value="0x03" />
            </Enum>
        </Variable>

        <!-- CLFS_SCAN_MODE -->
        <Variable Name="CLFS_SCAN_MODE" Type="Alias" Base="UINT8">
            <Flag>
                <Set Name="CLFS_SCAN_INIT"          Value="0x01" />
                <Set Name="CLFS_SCAN_FORWARD"       Value="0x02" />
                <Set Name="CLFS_SCAN_BACKWARD"      Value="0x04" />
                <Set Name="CLFS_SCAN_CLOSE"         Value="0x08" />
                <Set Name="CLFS_SCAN_INITIALIZED"   Value="0x10" />
                <Set Name="CLFS_SCAN_BUFFERED"      Value="0x20" />
            </Flag>
        </Variable>

        <!-- CLFS_LOG_ARCHIVE_MODE -->
        <Variable Name="CLFS_LOG_ARCHIVE_MODE" Type="Alias" Base="UINT">
            <Enum>
                <Set Name="ClfsLogArchiveEnabled"   Value="0x01" />
                <Set Name="ClfsLogArchiveDisabled"  Value="0x02" />
            </Enum>
        </Variable>

        <!-- CLS_LSN -->
        <Variable Name="CLS_LSN" Type="Struct">
            <Field Type="ULONGLONG" Name="Internal" />
        </Variable>
        <Variable Name="CLFS_LSN"           Type="Alias"    Base="CLS_LSN" />
        <Variable Name="PCLFS_LSN"          Type="Pointer"  Base="CLFS_LSN" />
        <Variable Name="const PCLFS_LSN"    Type="Alias"    Base="PCLFS_LSN" />
        <Variable Name="const CLFS_LSN*"    Type="Alias"    Base="PCLFS_LSN" />

        <!-- CLFS_WRITE_ENTRY -->
        <Variable Name="CLFS_WRITE_ENTRY" Type="Struct">
            <Field Type="PVOID"     Name="Buffer" />
            <Field Type="ULONG"     Name="ByteLength" />
        </Variable>
        <Variable Name="PCLFS_WRITE_ENTRY" Type="Pointer" Base="CLFS_WRITE_ENTRY" />

        <!-- CLFS_INFORMATION -->
        <Variable Name="CLFS_INFORMATION" Type="Struct">
            <Field Type="LONGLONG" 	Name="TotalAvailable" />
            <Field Type="LONGLONG" 	Name="CurrentAvailable" />
            <Field Type="LONGLONG" 	Name="TotalReservation" />
            <Field Type="ULONGLONG" Name="BaseFileSize" />
            <Field Type="ULONGLONG" Name="ContainerSize" />
            <Field Type="ULONG" 	Name="TotalContainers" />
            <Field Type="ULONG" 	Name="FreeContainers" />
            <Field Type="ULONG" 	Name="TotalClients" />
            <Field Type="ULONG" 	Name="Attributes" />
            <Field Type="ULONG" 	Name="FlushThreshold" />
            <Field Type="ULONG" 	Name="SectorSize" />
            <Field Type="CLS_LSN" 	Name="MinArchiveTailLsn" />
            <Field Type="CLS_LSN" 	Name="BaseLsn" />
            <Field Type="CLS_LSN" 	Name="LastFlushedLsn" />
            <Field Type="CLS_LSN" 	Name="LastLsn" />
            <Field Type="CLS_LSN" 	Name="RestartLsn" />
            <Field Type="GUID"      Name="Identity" />
        </Variable>
        <Variable Name="PCLFS_INFORMATION" Type="Pointer" Base="CLFS_INFORMATION" />

        <!-- CLFS_MGMT_POLICY_TYPE -->
        <Variable Name="CLFS_MGMT_POLICY_TYPE" Type="Alias" Base="UINT">
            <Enum>
                <Set Name="ClfsMgmtPolicyMaximumSize"               Value="0" />
                <Set Name="ClfsMgmtPolicyMinimumSize"               Value="1" />
                <Set Name="ClfsMgmtPolicyNewContainerSize"          Value="2" />
                <Set Name="ClfsMgmtPolicyGrowthRate"                Value="3" />
                <Set Name="ClfsMgmtPolicyLogTail"                   Value="4" />
                <Set Name="ClfsMgmtPolicyAutoShrink"                Value="5" />
                <Set Name="ClfsMgmtPolicyAutoGrow"                  Value="6" />
                <Set Name="ClfsMgmtPolicyNewContainerPrefix"        Value="7" />
                <Set Name="ClfsMgmtPolicyNewContainerSuffix"        Value="8" />
                <Set Name="ClfsMgmtPolicyNewContainerExtension"     Value="9" />
            </Enum>
        </Variable>

        <!-- [CLFS_MGMT_POLICY_u_s1] -->
        <Variable Name="[CLFS_MGMT_POLICY_u_s1]" Type="Struct">
            <Display Name="struct" />
            <Field Type="ULONG"     Name="Containers" />
        </Variable>

        <!-- [CLFS_MGMT_POLICY_u_s2] -->
        <Variable Name="[CLFS_MGMT_POLICY_u_s2]" Type="Struct">
            <Display Name="struct" />
            <Field Type="ULONG"     Name="Containers" />
        </Variable>

        <!-- [CLFS_MGMT_POLICY_u_s3] -->
        <Variable Name="[CLFS_MGMT_POLICY_u_s3]" Type="Struct">
            <Display Name="struct" />
            <Field Type="ULONG"     Name="SizeInBytes" />
        </Variable>

        <!-- [CLFS_MGMT_POLICY_u_s4] -->
        <Variable Name="[CLFS_MGMT_POLICY_u_s4]" Type="Struct">
            <Display Name="struct" />
            <Field Type="ULONG"     Name="AbsoluteGrowthInContainers" />
            <Field Type="ULONG"     Name="RelativeGrowthPercentage" />
        </Variable>

        <!-- [CLFS_MGMT_POLICY_u_s5] -->
        <Variable Name="[CLFS_MGMT_POLICY_u_s5]" Type="Struct">
            <Display Name="struct" />
            <Field Type="ULONG"     Name="MinimumAvailablePercentage" />
            <Field Type="ULONG"     Name="MinimumAvailableContainers" />
        </Variable>

        <!-- [CLFS_MGMT_POLICY_u_s6] -->
        <Variable Name="[CLFS_MGMT_POLICY_u_s6]" Type="Struct">
            <Display Name="struct" />
            <Field Type="ULONG"     Name="Percentage" />
        </Variable>

        <!-- [CLFS_MGMT_POLICY_u_s7] -->
        <Variable Name="[CLFS_MGMT_POLICY_u_s7]" Type="Struct">
            <Display Name="struct" />
            <Field Type="ULONG"     Name="Enabled" />
        </Variable>

        <!-- [CLFS_MGMT_POLICY_u_s8] -->
        <Variable Name="[CLFS_MGMT_POLICY_u_s8]" Type="Struct">
            <Display Name="struct" />
            <Field Type="USHORT"    Name="PrefixLengthInBytes" />
            <Field Type="WCHAR [1]" Name="PrefixString" />
        </Variable>

        <!-- [CLFS_MGMT_POLICY_u_s9] -->
        <Variable Name="[CLFS_MGMT_POLICY_u_s9]" Type="Struct">
            <Display Name="struct" />
            <Field Type="ULONGLONG" Name="NextContainerSuffix" />
        </Variable>

        <!-- [CLFS_MGMT_POLICY_u_s10] -->
        <Variable Name="[CLFS_MGMT_POLICY_u_s10]" Type="Struct">
            <Display Name="struct" />
            <Field Type="USHORT"    Name="ExtensionLengthInBytes" />
            <Field Type="WCHAR [1]" Name="ExtensionString" />
        </Variable>

        <!-- [CLFS_MGMT_POLICY_u] -->
        <Variable Name="[CLFS_MGMT_POLICY_u]" Type="Union">
            <Display Name="union" />
            <Field Type="[CLFS_MGMT_POLICY_u_s1]"       Name="MaximumSize" />
            <Field Type="[CLFS_MGMT_POLICY_u_s2]"       Name="MinimumSize" />
            <Field Type="[CLFS_MGMT_POLICY_u_s3]"       Name="NewContainerSize" />
            <Field Type="[CLFS_MGMT_POLICY_u_s4]"       Name="GrowthRate" />
            <Field Type="[CLFS_MGMT_POLICY_u_s5]"       Name="LogTail" />
            <Field Type="[CLFS_MGMT_POLICY_u_s6]"       Name="AutoShrink" />
            <Field Type="[CLFS_MGMT_POLICY_u_s7]"       Name="AutoGrow" />
            <Field Type="[CLFS_MGMT_POLICY_u_s8]"       Name="NewContainerPrefix" />
            <Field Type="[CLFS_MGMT_POLICY_u_s9]"       Name="NewContainerSuffix" />
            <Field Type="[CLFS_MGMT_POLICY_u_s10]"      Name="NewContainerExtension" />
        </Variable>

        <!-- CLFS_MGMT_POLICY -->
        <Variable Name="CLFS_MGMT_POLICY" Type="Struct">
            <Field Type="ULONG"                     Name="Version" />
            <Field Type="ULONG"                     Name="LengthInBytes" />
            <Field Type="ULONG"                     Name="PolicyFlags" />
            <Field Type="CLFS_MGMT_POLICY_TYPE"     Name="PolicyType" />
            <Field Type="[CLFS_MGMT_POLICY_u]"      Name="PolicyParameters" />
        </Variable>
        <Variable Name="PCLFS_MGMT_POLICY" Type="Pointer" Base="CLFS_MGMT_POLICY" />

        <!-- CLFS_MGMT_NOTIFICATION_TYPE -->
        <Variable Name="CLFS_MGMT_NOTIFICATION_TYPE" Type="Alias" Base="UINT">
            <Enum>
                <Set Name="ClfsMgmtAdvanceTailNotification"     Value="0" />
                <Set Name="ClfsMgmtLogFullHandlerNotification"  Value="1" />
                <Set Name="ClfsMgmtLogUnpinnedNotification"     Value="2" />
                <Set Name="ClfsMgmtLogWriteNotification"        Value="3" />
            </Enum>
        </Variable>

        <!-- CLFS_MGMT_NOTIFICATION -->
        <Variable Name="CLFS_MGMT_NOTIFICATION" Type="Struct">
            <Field Type="CLFS_MGMT_NOTIFICATION_TYPE"   Name="Notification" />
            <Field Type="CLFS_LSN"                      Name="Lsn" />
            <Field Type="USHORT"                        Name="LogIsPinned" />
        </Variable>
        <Variable Name="PCLFS_MGMT_NOTIFICATION" Type="Pointer" Base="CLFS_MGMT_NOTIFICATION" />

        <!-- LOG_MANAGEMENT_CALLBACKS -->
        <Variable Name="LOG_MANAGEMENT_CALLBACKS" Type="Struct">
            <Field Type="PVOID"                         Name="CallbackContext" />
            <Field Type="PLOG_TAIL_ADVANCE_CALLBACK"    Name="AdvanceTailCallback" />
            <Field Type="PLOG_FULL_HANDLER_CALLBACK"    Name="LogFullHandlerCallback" />
            <Field Type="PLOG_UNPINNED_CALLBACK"        Name="LogUnpinnedCallback" />
        </Variable>
        <Variable Name="PLOG_MANAGEMENT_CALLBACKS" Type="Pointer" Base="LOG_MANAGEMENT_CALLBACKS" />

        <!-- [CREATE_LOG_DISPOSITION] -->
        <Variable Name="[CREATE_LOG_DISPOSITION]" Type="Alias" Base="ULONG">
            <Display Name="ULONG" />
            <Enum>
                <Set Name="CREATE_NEW"          Value="1" />
                <Set Name="OPEN_EXISTING"       Value="3" />
                <Set Name="OPEN_ALWAYS"         Value="4" />
            </Enum>
        </Variable>

        <!-- [CREATE_LOG_FLAGS_ATTRIBUTES] -->
        <Variable Name="[CREATE_LOG_FLAGS_ATTRIBUTES]" Type="Alias" Base="ULONG">
            <Display Name="ULONG" />
            <Enum>
                <Set Name="FILE_ATTRIBUTE_ARCHIVE"  Value="0x00000020" />
                <Set Name="FILE_FLAG_OVERLAPPED"    Value="0x40000000" />
            </Enum>
        </Variable>

        <!-- Logs -->
        <Category Name="Data Access and Storage/Common Log File System (CLFS)/Logs" />
        <Api Name="AlignReservedLog">
            <Param Type="PVOID" Name="pvMarshal" />
            <Param Type="ULONG" Name="cReservedRecords" />
            <Param Type="LONGLONG []" Name="rgcbReservation" Count="cReservedRecords" />
            <Param Type="PLONGLONG" Name="pcbAlignReservation" />
            <Return Type="BOOL" />
        </Api>
        <Api Name="AllocReservedLog">
            <Param Type="PVOID" Name="pvMarshal" />
            <Param Type="ULONG" Name="cReservedRecords" />
            <Param Type="PLONGLONG" Name="pcbAdjustment" />
            <Return Type="BOOL" />
        </Api>
        <Api Name="CloseAndResetLogFile">
            <Param Type="HANDLE" Name="hLog" />
            <Return Type="BOOL" />
        </Api>
        <Api Name="CreateLogFile">
            <Param Type="LPCWSTR" Name="pszLogFileName" />
            <Param Type="ACCESS_MASK" Name="fDesiredAccess" />
            <Param Type="[FILE_SHARE_MODE]" Name="dwShareMode" />
            <Param Type="LPSECURITY_ATTRIBUTES" Name="psaLogFile" />
            <Param Type="[CREATE_LOG_DISPOSITION]" Name="fCreateDisposition" />
            <Param Type="[CREATE_LOG_FLAGS_ATTRIBUTES]" Name="fFlagsAndAttributes" />
            <Return Type="HANDLE" />
            <Success Return="NotEqual" Value="0" />
        </Api>
        <Api Name="DeleteLogByHandle">
            <Param Type="HANDLE" Name="hLog" />
            <Return Type="BOOL" />
        </Api>
        <Api Name="DeleteLogFile">
            <Param Type="LPCWSTR" Name="pszLogFileName" />
            <Param Type="PVOID" Name="pvReserved" />
            <Return Type="BOOL" />
        </Api>
        <Api Name="DumpLogRecords">
            <Param Type="PWSTR" Name="pwszLogFileName" />
            <Param Type="CLFS_RECORD_TYPE" Name="fRecordType" />
            <Param Type="PCLFS_LSN" Name="plsnStart" />
            <Param Type="PCLFS_LSN" Name="plsnEnd" />
            <Param Type="PFILE" Name="pstrmOut" />
            <Param Type="CLFS_PRINT_RECORD_ROUTINE" Name="pfnPrintRecord" />
            <Param Type="CLFS_BLOCK_ALLOCATION" Name="pfnAllocBlock" />
            <Param Type="CLFS_BLOCK_DEALLOCATION" Name="pfnFreeBlock" />
            <Param Type="PVOID" Name="pvBlockAllocContext" />
            <Param Type="ULONG" Name="cbBlock" />
            <Param Type="ULONG" Name="cMaxBlocks" />
            <Return Type="BOOL" />
        </Api>
        <Api Name="FlushLogBuffers">
            <Param Type="PVOID" Name="pvMarshal" />
            <Param Type="LPOVERLAPPED" Name="pOverlapped" />
            <Return Type="BOOL" />
        </Api>
        <Api Name="FlushLogToLsn">
            <Param Type="PVOID" Name="pvMarshalContext" />
            <Param Type="PCLFS_LSN" Name="plsnFlush" />
            <Param Type="PCLFS_LSN" Name="plsnLastFlushed" />
            <Param Type="LPOVERLAPPED" Name="pOverlapped" />
            <Return Type="BOOL" />
        </Api>
        <Api Name="FreeReservedLog">
            <Param Type="PVOID" Name="pvMarshal" />
            <Param Type="ULONG" Name="cReservedRecords" />
            <Param Type="PLONGLONG" Name="pcbAdjustment" />
            <Return Type="BOOL" />
        </Api>
        <Api Name="ReserveAndAppendLog">
            <Param Type="PVOID" Name="pvMarshal" />
            <Param Type="PCLFS_WRITE_ENTRY" Name="rgWriteEntries" Count="cWriteEntries" />
            <Param Type="ULONG" Name="cWriteEntries" />
            <Param Type="PCLFS_LSN" Name="plsnUndoNext" />
            <Param Type="PCLFS_LSN" Name="plsnPrevious" />
            <Param Type="ULONG" Name="cReserveRecords" />
            <Param Type="LONGLONG []" Name="rgcbReservation" Count="cReserveRecords" />
            <Param Type="ULONG" Name="fFlags" />
            <Param Type="PCLFS_LSN" Name="plsn" />
            <Param Type="LPOVERLAPPED" Name="pOverlapped" />
            <Return Type="BOOL" />
        </Api>
        <Api Name="ReserveAndAppendLogAligned">
            <Param Type="PVOID" Name="pvMarshal" />
            <Param Type="PCLFS_WRITE_ENTRY" Name="rgWriteEntries" Count="cWriteEntries" />
            <Param Type="ULONG" Name="cWriteEntries" />
            <Param Type="ULONG" Name="cbEntryAlignment" />
            <Param Type="PCLFS_LSN" Name="plsnUndoNext" />
            <Param Type="PCLFS_LSN" Name="plsnPrevious" />
            <Param Type="ULONG" Name="cReserveRecords" />
            <Param Type="LONGLONG []" Name="rgcbReservation" Count="cReserveRecords" />
            <Param Type="ULONG" Name="fFlags" />
            <Param Type="PCLFS_LSN" Name="plsn" />
            <Param Type="LPOVERLAPPED" Name="overlapped" />
            <Return Type="BOOL" />
        </Api>
        <Api Name="GetLogFileInformation">
            <Param Type="HANDLE" Name="hLog" />
            <Param Type="PCLFS_INFORMATION" Name="pinfoBuffer" />
            <Param Type="PULONG" Name="cbBuffer" />
            <Return Type="BOOL" />
        </Api>
        <Api Name="GetLogIoStatistics">
            <Param Type="HANDLE" Name="hLog" />
            <Param Type="PVOID" Name="pvStatsBuffer" />
            <Param Type="ULONG" Name="cbStatsBuffer" />
            <Param Type="CLFS_IOSTATS_CLASS" Name="eStatsClass" />
            <Param Type="PULONG" Name="pcbStatsWritten" />
            <Return Type="BOOL" />
        </Api>
        <Api Name="ReadLogRecord">
            <Param Type="PVOID" Name="pvMarshal" />
            <Param Type="PCLFS_LSN" Name="plsnFirst" />
            <Param Type="CLFS_CONTEXT_MODE" Name="eContextMode" />
            <Param Type="PVOID*" Name="ppvReadBuffer" />
            <Param Type="PULONG" Name="pcbReadBuffer" />
            <Param Type="PCLFS_RECORD_TYPE" Name="peRecordType" />
            <Param Type="PCLFS_LSN" Name="plsnUndoNext" />
            <Param Type="PCLFS_LSN" Name="plsnPrevious" />
            <Param Type="PVOID*" Name="ppvReadContext" />
            <Param Type="LPOVERLAPPED" Name="pOverlapped" />
            <Return Type="BOOL" />
        </Api>
        <Api Name="ReadNextLogRecord">
            <Param Type="PVOID" Name="pvReadContext" />
            <Param Type="PVOID*" Name="ppvBuffer" />
            <Param Type="PULONG" Name="pcbBuffer" />
            <Param Type="PCLFS_RECORD_TYPE" Name="peRecordType" />
            <Param Type="PCLFS_LSN" Name="plsnUser" />
            <Param Type="PCLFS_LSN" Name="plsnUndoNext" />
            <Param Type="PCLFS_LSN" Name="plsnPrevious" />
            <Param Type="PCLFS_LSN" Name="plsnRecord" />
            <Param Type="LPOVERLAPPED" Name="pOverlapped" />
            <Return Type="BOOL" />
        </Api>
        <Api Name="SetEndOfLog">
            <Param Type="HANDLE" Name="hLog" />
            <Param Type="PCLFS_LSN" Name="plsnEnd" />
            <Param Type="LPOVERLAPPED" Name="lpOverlapped" />
            <Return Type="BOOL" />
        </Api>
        <Api Name="TruncateLog">
            <Param Type="PVOID" Name="pvMarshal" />
            <Param Type="PCLFS_LSN" Name="plsnEnd" />
            <Param Type="LPOVERLAPPED" Name="lpOverlapped" />
            <Return Type="BOOL" />
        </Api>
        <Api Name="TerminateReadLog">
            <Param Type="PVOID" Name="pvCursorContext" />
            <Return Type="BOOL" />
        </Api>
        <Api Name="GetLogReservationInfo">
            <Param Type="PVOID" Name="pvMarshal" />
            <Param Type="PULONG" Name="pcbRecordNumber" />
            <Param Type="PLONGLONG" Name="pcbUserReservation" />
            <Param Type="PLONGLONG" Name="pcbCommitReservation" />
            <Return Type="BOOL" />
        </Api>

        <!-- Containers -->
        <Category Name="Data Access and Storage/Common Log File System (CLFS)/Containers" />
        <Api Name="AddLogContainer">
            <Param Type="HANDLE" Name="hLog" />
            <Param Type="PULONGLONG" Name="pcbContainer" />
            <Param Type="LPWSTR" Name="pwszContainerPath" />
            <Param Type="LPVOID" Name="pReserved" />
            <Return Type="BOOL" />
        </Api>
        <Api Name="AddLogContainerSet">
            <Param Type="HANDLE" Name="hLog" />
            <Param Type="USHORT" Name="cContainers" />
            <Param Type="PULONGLONG" Name="pcbContainer" />
            <Param Type="LPWSTR*" Name="rgwszContainerPath" Count="cContainers" />
            <Param Type="PVOID" Name="Reserved" />
            <Return Type="BOOL" />
        </Api>
        <Api Name="CreateLogContainerScanContext">
            <Param Type="HANDLE" Name="hLog" />
            <Param Type="ULONG" Name="cFromContainer" />
            <Param Type="ULONG" Name="cContainers" />
            <Param Type="CLFS_SCAN_MODE" Name="eScanMode" />
            <Param Type="PCLFS_SCAN_CONTEXT" Name="pcxScan" />
            <Param Type="LPOVERLAPPED" Name="pOverlapped" />
            <Return Type="BOOL" />
        </Api>
        <Api Name="ScanLogContainers">
            <Param Type="PCLFS_SCAN_CONTEXT" Name="pcxScan" />
            <Param Type="CLFS_SCAN_MODE" Name="eScanMode" />
            <Param Type="LPVOID" Name="pReserved" />
            <Return Type="BOOL" />
        </Api>
        <Api Name="GetLogContainerName">
            <Param Type="HANDLE" Name="hLog" />
            <Param Type="CLFS_CONTAINER_ID" Name="cidLogicalContainer" />
            <Param Type="LPCWSTR" Name="pwstrContainerName" />
            <Param Type="ULONG" Name="cLenContainerName" />
            <Param Type="PULONG" Name="pcActualLenContainerName" />
            <Return Type="BOOL" />
        </Api>
        <Api Name="RemoveLogContainer">
            <Param Type="HANDLE" Name="hLog" />
            <Param Type="LPWSTR" Name="pwszContainerPath" />
            <Param Type="BOOL" Name="fForce" />
            <Param Type="LPVOID" Name="pReserved" />
            <Return Type="BOOL" />
        </Api>
        <Api Name="RemoveLogContainerSet">
            <Param Type="HANDLE" Name="hLog" />
            <Param Type="USHORT" Name="cContainers" />
            <Param Type="LPWSTR*" Name="rgwszContainerPath" Count="cContainers" />
            <Param Type="BOOL" Name="fForce" />
            <Param Type="LPVOID" Name="pReserved" />
            <Return Type="BOOL" />
        </Api>

        <!-- Crash Restart -->
        <Category Name="Data Access and Storage/Common Log File System (CLFS)/Crash Restart" />
        <Api Name="AdvanceLogBase">
            <Param Type="PVOID" Name="pvMarshal" />
            <Param Type="PCLFS_LSN" Name="plsnBase" />
            <Param Type="ULONG" Name="fFlags" />
            <Param Type="LPOVERLAPPED" Name="pOverlapped" />
            <Return Type="BOOL" />
        </Api>
        <Api Name="ReadLogRestartArea">
            <Param Type="PVOID" Name="pvMarshal" />
            <Param Type="PVOID*" Name="ppvRestartBuffer" />
            <Param Type="PULONG" Name="pcbRestartBuffer" />
            <Param Type="PCLFS_LSN" Name="plsn" />
            <Param Type="PVOID*" Name="ppvContext" />
            <Param Type="LPOVERLAPPED" Name="pOverlapped" />
            <Return Type="BOOL" />
        </Api>
        <Api Name="ReadPreviousLogRestartArea">
            <Param Type="PVOID" Name="pvReadContext" />
            <Param Type="PVOID*" Name="ppvRestartBuffer" />
            <Param Type="PULONG" Name="pcbRestartBuffer" />
            <Param Type="PCLFS_LSN" Name="plsnRestart" />
            <Param Type="LPOVERLAPPED" Name="pOverlapped" />
            <Return Type="BOOL" />
        </Api>
        <Api Name="WriteLogRestartArea">
            <Param Type="PVOID" Name="pvMarshal" />
            <Param Type="PVOID" Name="pvRestartBuffer" />
            <Param Type="ULONG" Name="cbRestartBuffer" />
            <Param Type="PCLFS_LSN" Name="plsnBase" />
            <Param Type="ULONG" Name="fFlags" />
            <Param Type="PULONG" Name="pcbWritten" />
            <Param Type="PCLFS_LSN" Name="plsnNext" />
            <Param Type="LPOVERLAPPED" Name="pOverlapped" />
            <Return Type="BOOL" />
        </Api>

        <!-- Archiving -->
        <Category Name="Data Access and Storage/Common Log File System (CLFS)/Archiving" />
        <Api Name="GetNextLogArchiveExtent">
            <Param Type="CLFS_LOG_ARCHIVE_CONTEXT" Name="pvArchiveContext" />
            <Param Type="CLFS_ARCHIVE_DESCRIPTOR []" Name="rgadExtent" Count="cDescriptors" />
            <Param Type="ULONG" Name="cDescriptors" />
            <Param Type="PULONG" Name="pcDescriptorsReturned" />
            <Return Type="BOOL" />
        </Api>
        <Api Name="PrepareLogArchive">
            <Param Type="HANDLE" Name="hLog" />
            <Param Type="PWSTR" Name="pszBaseLogFileName" />
            <Param Type="ULONG" Name="cLen" />
            <Param Type="const PCLFS_LSN" Name="plsnLow" />
            <Param Type="const PCLFS_LSN" Name="plsnHigh" />
            <Param Type="PULONG" Name="pcActualLength" />
            <Param Type="PULONGLONG" Name="poffBaseLogFileData" />
            <Param Type="PULONGLONG" Name="pcbBaseLogFileLength" />
            <Param Type="PCLFS_LSN" Name="plsnBase" />
            <Param Type="PCLFS_LSN" Name="plsnLast" />
            <Param Type="PCLFS_LSN" Name="plsnCurrentArchiveTail" />
            <Param Type="PCLFS_LOG_ARCHIVE_CONTEXT" Name="ppvArchiveContext" />
            <Return Type="BOOL" />
        </Api>
        <Api Name="ReadLogArchiveMetadata">
            <Param Type="CLFS_LOG_ARCHIVE_CONTEXT" Name="pvArchiveContext" />
            <Param Type="ULONG" Name="cbOffset" />
            <Param Type="ULONG" Name="cbBytesToRead" />
            <Param Type="PBYTE" Name="pbReadBuffer" />
            <Param Type="PULONG" Name="pcbBytesRead" />
            <Return Type="BOOL" />
        </Api>
        <Api Name="SetLogArchiveMode">
            <Param Type="HANDLE" Name="hLog" />
            <Param Type="CLFS_LOG_ARCHIVE_MODE" Name="eMode" />
            <Return Type="BOOL" />
        </Api>
        <Api Name="SetLogArchiveTail">
            <Param Type="HANDLE" Name="hLog" />
            <Param Type="PCLFS_LSN" Name="plsnArchiveTail" />
            <Param Type="LPVOID" Name="pReserved" />
            <Return Type="BOOL" />
        </Api>
        <Api Name="TerminateLogArchive">
            <Param Type="CLFS_LOG_ARCHIVE_CONTEXT" Name="pvArchiveContext" />
            <Return Type="BOOL" />
        </Api>
        <Api Name="ValidateLog">
            <Param Type="LPCWSTR" Name="pszLogFileName" />
            <Param Type="LPSECURITY_ATTRIBUTES" Name="psaLogFile" />
            <Param Type="PCLFS_INFORMATION" Name="pinfoBuffer" />
            <Param Type="PULONG" Name="pcbBuffer" />
            <Return Type="BOOL" />
        </Api>

        <!-- Marshaling -->
        <Category Name="Data Access and Storage/Common Log File System (CLFS)/Marshaling" />
        <Api Name="CreateLogMarshallingArea">
            <Param Type="HANDLE" Name="hLog" />
            <Param Type="CLFS_BLOCK_ALLOCATION" Name="pfnAllocBuffer" />
            <Param Type="CLFS_BLOCK_DEALLOCATION" Name="pfnFreeBuffer" />
            <Param Type="PVOID" Name="pvBlockAllocContext" />
            <Param Type="ULONG" Name="cbMarshallingBuffer" />
            <Param Type="ULONG" Name="cMaxWriteBuffers" />
            <Param Type="ULONG" Name="cMaxReadBuffers" />
            <Param Type="PVOID*" Name="ppvMarshal" />
            <Return Type="BOOL" />
        </Api>
        <Api Name="DeleteLogMarshallingArea">
            <Param Type="PVOID" Name="pvMarshal" />
            <Return Type="BOOL" />
        </Api>

        <!-- Log Sequence Numbers (LSN) -->
        <Category Name="Data Access and Storage/Common Log File System (CLFS)/Log Sequence Numbers (LSN)" />
        <Api Name="LsnBlockOffset">
            <Param Type="const CLFS_LSN*" Name="plsn" />
            <Return Type="ULONG" />
        </Api>
        <Api Name="LsnContainer">
            <Param Type="const CLFS_LSN*" Name="plsn" />
            <Return Type="CLFS_CONTAINER_ID" />
        </Api>
        <Api Name="LsnCreate">
            <Param Type="CLFS_CONTAINER_ID" Name="cidContainer" />
            <Param Type="ULONG" Name="offBlock" />
            <Param Type="ULONG" Name="cRecord" />
            <Return Type="CLFS_LSN" />
        </Api>
        <Api Name="LsnEqual">
            <Param Type="const CLFS_LSN*" Name="plsn1" />
            <Param Type="const CLFS_LSN*" Name="plsn2" />
            <Return Type="BOOL" />
        </Api>
        <Api Name="LsnGreater">
            <Param Type="const CLFS_LSN*" Name="plsn1" />
            <Param Type="const CLFS_LSN*" Name="plsn2" />
            <Return Type="BOOL" />
        </Api>
        <Api Name="LsnLess">
            <Param Type="const CLFS_LSN*" Name="plsn1" />
            <Param Type="const CLFS_LSN*" Name="plsn2" />
            <Return Type="BOOL" />
        </Api>
        <Api Name="LsnNull">
            <Param Type="const CLFS_LSN*" Name="plsn" />
            <Return Type="BOOL" />
        </Api>
        <Api Name="LsnRecordSequence">
            <Param Type="const CLFS_LSN*" Name="plsn" />
            <Return Type="ULONG" />
        </Api>
        <Api Name="LsnDecrement">
            <Param Type="PCLFS_LSN" Name="plsn" />
            <Return Type="CLFS_LSN" />
        </Api>
        <Api Name="LsnIncrement">
            <Param Type="PCLFS_LSN" Name="plsn" />
            <Return Type="CLFS_LSN" />
        </Api>
        <Api Name="LsnInvalid">
            <Param Type="const CLFS_LSN*" Name="plsn" />
            <Return Type="BOOL" />
        </Api>

        <!-- Management -->
        <Category Name="Data Access and Storage/Common Log File System (CLFS)/Management" />
        <Api Name="DeregisterManageableLogClient">
            <Param Type="HANDLE" Name="hLog" />
            <Return Type="BOOL" />
        </Api>
        <Api Name="HandleLogFull">
            <Param Type="HANDLE" Name="hLog" />
            <Return Type="BOOL" />
        </Api>
        <Api Name="InstallLogPolicy">
            <Param Type="HANDLE" Name="hLog" />
            <Param Type="PCLFS_MGMT_POLICY" Name="pPolicy" />
            <Return Type="BOOL" />
        </Api>
        <Api Name="LogTailAdvanceFailure">
            <Param Type="HANDLE" Name="hLog" />
            <Param Type="[ERROR_CODE]" Name="dwReason" />
            <Return Type="BOOL" />
        </Api>
        <Api Name="QueryLogPolicy">
            <Param Type="HANDLE" Name="hLog" />
            <Param Type="CLFS_MGMT_POLICY_TYPE" Name="ePolicyType" />
            <Param Type="PCLFS_MGMT_POLICY" Name="pPolicyBuffer" />
            <Param Type="PULONG" Name="pcbPolicyBuffer" />
            <Return Type="BOOL" />
        </Api>
        <Api Name="ReadLogNotification">
            <Param Type="HANDLE" Name="hLog" />
            <Param Type="PCLFS_MGMT_NOTIFICATION" Name="pNotification" />
            <Param Type="LPOVERLAPPED" Name="lpOverlapped" />
            <Return Type="BOOL" />
        </Api>
        <Api Name="RegisterForLogWriteNotification">
            <Param Type="HANDLE" Name="hLog" />
            <Param Type="ULONG" Name="cbThreshold" />
            <Param Type="BOOL" Name="fEnable" />
            <Return Type="BOOL" />
        </Api>
        <Api Name="RemoveLogPolicy">
            <Param Type="HANDLE" Name="hLog" />
            <Param Type="CLFS_MGMT_POLICY_TYPE" Name="ePolicyType" />
            <Return Type="BOOL" />
        </Api>
        <Api Name="RegisterManageableLogClient">
            <Param Type="HANDLE" Name="hLog" />
            <Param Type="PLOG_MANAGEMENT_CALLBACKS" Name="pCallbacks" />
            <Return Type="BOOL" />
        </Api>
        <Api Name="SetLogFileSizeWithPolicy">
            <Param Type="HANDLE" Name="hLog" />
            <Param Type="PULONGLONG" Name="pDesiredSize" />
            <Param Type="PULONGLONG" Name="pResultingSize" />
            <Return Type="BOOL" />
        </Api>

    </Module>
</ApiMonitor>