<!--
    API Monitor Definitions
    (c) 2010-2011, Rohitab Batra <rohitab@rohitab.com>
    http://www.rohitab.com/apimonitor/
-->
<ApiMonitor>
    <Include Filename="Headers\windows.h.xml" />
    <Module Name="CmUtil.dll" CallingConvention="STDCALL" ErrorFunc="GetLastError" OnlineHelp="MSDN">
        <!-- Remote Access Service -->
        <Category Name="Networking/Routing and Remote Access Service/Remote Access/Remote Access Service" />
        <Api Name="CmFree">
            <Param Type="void*" Name="pvPtr" />
            <Return Type="void*" />
            <Success Return="NotEqual" Value="0" />
        </Api>
        <Api Name="CmMalloc">
            <Param Type="size_t" Name="nBytes" />
            <Return Type="void*" />
            <Success Return="NotEqual" Value="0" />
        </Api>
    </Module>
</ApiMonitor>