<!--
    API Monitor Definitions
    (c) 2010-2012, Rohitab Batra <rohitab@rohitab.com>
    http://www.rohitab.com/apimonitor/
-->
<ApiMonitor>
    <Include Filename="Headers\windows.h.xml" />
    <Include Filename="Headers\gdi.h.xml" />
    <Include Filename="Headers\registry.h.xml" />
    <Module Name="comctl32.dll" CallingConvention="STDCALL" ErrorFunc="GetLastError" OnlineHelp="MSDN">

        <!-- Variables -->
        <Variable Name="HDPA"                           Type="Alias"    Base="LPVOID" />
        <Variable Name="HDPA*"                          Type="Pointer"  Base="HDPA" />
        <Variable Name="const HDPA"                     Type="Alias"    Base="HDPA" />
        <Variable Name="SUBCLASSPROC"                   Type="Alias"    Base="LPVOID" />
        <Variable Name="PFNDPAENUMCALLBACK"             Type="Alias"    Base="LPVOID" />
        <Variable Name="PFNDPASTREAM"                   Type="Alias"    Base="LPVOID" />
        <Variable Name="PFNDPACOMPARE"                  Type="Alias"    Base="LPVOID" />
        <Variable Name="PFNDPAMERGE"                    Type="Alias"    Base="LPVOID" />
        <Variable Name="HDSA"                           Type="Alias"    Base="LPVOID" />
        <Variable Name="PFNDSAENUMCALLBACK"             Type="Alias"    Base="LPVOID" />
        <Variable Name="PFNDAENUMCALLBACK"              Type="Alias"    Base="LPVOID" />
        <Variable Name="PFNDAENUMCALLBACK*"             Type="Pointer"  Base="PFNDAENUMCALLBACK" />
        <Variable Name="PFNDACOMPARE"                   Type="Alias"    Base="LPVOID" />
        <Variable Name="PFTASKDIALOGCALLBACK"           Type="Alias"    Base="LPVOID" />
        <Variable Name="PFNREADERSCROLL"                Type="Alias"    Base="LPVOID" />
        <Variable Name="PFNREADERTRANSLATEDISPATCH"     Type="Alias"    Base="LPVOID" />

        <!-- TBBUTTON (32-bit) -->
        <!-- TODO: fsState and fsStyle are enumerated types -->
        <Condition Architecture="32">
            <Variable Name="TBBUTTON" Type="Struct">
                <Field Type="int"           Name="iBitmap" />
                <Field Type="int"           Name="idCommand" />
                <Field Type="BYTE"          Name="fsState" />
                <Field Type="BYTE"          Name="fsStyle" />
                <Field Type="BYTE [2]"      Name="bReserved" />
                <Field Type="DWORD_PTR"     Name="dwData" />
                <Field Type="INT_PTR"       Name="iString" />
            </Variable>
        </Condition>

        <!-- TBBUTTON (64-bit) -->
        <Condition Architecture="64">
            <Variable Name="TBBUTTON" Type="Struct">
                <Field Type="int"           Name="iBitmap" />
                <Field Type="int"           Name="idCommand" />
                <Field Type="BYTE"          Name="fsState" />
                <Field Type="BYTE"          Name="fsStyle" />
                <Field Type="BYTE [6]"      Name="bReserved" />
                <Field Type="DWORD_PTR"     Name="dwData" />
                <Field Type="INT_PTR"       Name="iString" />
            </Variable>
        </Condition>
        <Variable Name="LPCTBBUTTON" Type="Pointer" Base="TBBUTTON" />

        <!-- [ReaderModeFlag] -->
        <Variable Name="[ReaderModeFlag]" Type="Alias" Base="DWORD">
            <Display Name="DWORD" />
            <Flag>
                <Set Name="RMF_ZEROCURSOR"          Value="0x01" />
                <Set Name="RMF_VERTICALONLY"        Value="0x02" />
                <Set Name="RMF_HORIZONTALONLY"      Value="0x04" />
            </Flag>
        </Variable>

        <!-- READERMODEINFO -->
        <Variable Name="READERMODEINFO" Type="Struct">
            <Field Type="UINT"                          Name="cbSize" />
            <Field Type="HWND"                          Name="hwnd" />
            <Field Type="[ReaderModeFlag]"              Name="fFlags" />
            <Field Type="LPRECT"                        Name="prc" />
            <Field Type="PFNREADERSCROLL"               Name="pfnScroll" />
            <Field Type="PFNREADERTRANSLATEDISPATCH"    Name="pfnTranslatedDispatch" />
            <Field Type="LPARAM"                        Name="lParam" />
        </Variable>
        <Variable Name="PREADERMODEINFO" Type="Pointer" Base="READERMODEINFO" />

        <!-- TASKDIALOG_COMMON_BUTTON_FLAGS -->
        <Variable Name="TASKDIALOG_COMMON_BUTTON_FLAGS" Type="Alias" Base="UINT">
            <Flag>
                <Set Name="TDCBF_OK_BUTTON"         Value="0x0001" />
                <Set Name="TDCBF_YES_BUTTON"        Value="0x0002" />
                <Set Name="TDCBF_NO_BUTTON"         Value="0x0004" />
                <Set Name="TDCBF_CANCEL_BUTTON"     Value="0x0008" />
                <Set Name="TDCBF_RETRY_BUTTON"      Value="0x0010" />
                <Set Name="TDCBF_CLOSE_BUTTON"      Value="0x0020" />
            </Flag>
        </Variable>

        <!-- [ILD_Flags] -->
        <Variable Name="[ILD_Flags]" Type="Alias" Base="UINT">
            <Display Name="UINT" />
            <Flag>
                <Set Name="ILD_NORMAL"          Value="0x00000000" />
                <Set Name="ILD_TRANSPARENT"     Value="0x00000001" />
                <Set Name="ILD_FOCUS"           Value="0x00000002" />
                <Set Name="ILD_SELECTED"        Value="0x00000004" />
                <Set Name="ILD_MASK"            Value="0x00000010" />
                <Set Name="ILD_IMAGE"           Value="0x00000020" />
                <Set Name="ILD_ROP"             Value="0x00000040" />
                <Set Name="ILD_OVERLAYMASK"     Value="0x00000F00" />
                <Set Name="ILD_PRESERVEALPHA"   Value="0x00001000" />
                <Set Name="ILD_SCALE"           Value="0x00002000" />
                <Set Name="ILD_DPISCALE"        Value="0x00004000" />
                <Set Name="ILD_ASYNC"           Value="0x00008000" />
            </Flag>
        </Variable>

        <!-- [ILC_Flags] -->
        <Variable Name="[ILC_Flags]" Type="Alias" Base="UINT">
            <Display Name="UINT" />
            <Flag>
                <Set Name="ILC_MASK"                Value="0x00000001" />
                <Set Name="ILC_COLOR"               Value="0x00000000" />
                <Set Name="ILC_COLORDDB"            Value="0x000000FE" />
                <Set Name="ILC_COLOR4"              Value="0x00000004" />
                <Set Name="ILC_COLOR8"              Value="0x00000008" />
                <Set Name="ILC_COLOR16"             Value="0x00000010" />
                <Set Name="ILC_COLOR24"             Value="0x00000018" />
                <Set Name="ILC_COLOR32"             Value="0x00000020" />
                <Set Name="ILC_PALETTE"             Value="0x00000800" />
                <Set Name="ILC_MIRROR"              Value="0x00002000" />
                <Set Name="ILC_PERITEMMIRROR"       Value="0x00008000" />
                <Set Name="ILC_ORIGINALSIZE"        Value="0x00010000" />
                <Set Name="ILC_HIGHQUALITYSCALE"    Value="0x00020000" />
            </Flag>
        </Variable>

        <!-- [WSB_Prop] -->
        <Variable Name="[WSB_Prop]" Type="Alias" Base="UINT">
            <Display Name="UINT" />
            <Enum>
                <Set Name="WSB_PROP_CYVSCROLL"      Value="0x00000001" />
                <Set Name="WSB_PROP_CXHSCROLL"      Value="0x00000002" />
                <Set Name="WSB_PROP_CYHSCROLL"      Value="0x00000004" />
                <Set Name="WSB_PROP_CXVSCROLL"      Value="0x00000008" />
                <Set Name="WSB_PROP_CXHTHUMB"       Value="0x00000010" />
                <Set Name="WSB_PROP_CYVTHUMB"       Value="0x00000020" />
                <Set Name="WSB_PROP_VBKGCOLOR"      Value="0x00000040" />
                <Set Name="WSB_PROP_HBKGCOLOR"      Value="0x00000080" />
                <Set Name="WSB_PROP_VSTYLE"         Value="0x00000100" />
                <Set Name="WSB_PROP_HSTYLE"         Value="0x00000200" />
                <Set Name="WSB_PROP_WINSTYLE"       Value="0x00000400" />
                <Set Name="WSB_PROP_PALETTE"        Value="0x00000800" />
                <Set Name="WSB_PROP_MASK"           Value="0x00000FFF" />
            </Enum>
        </Variable>

        <!-- [ILP_Flags] -->
        <Variable Name="[ILP_Flags]" Type="Alias" Base="DWORD">
            <Display Name="DWORD" />
            <Enum>
                <Set Name="ILP_NORMAL"      Value="0" />
                <Set Name="ILP_DOWNLEVEL"   Value="1" />
            </Enum>
        </Variable>

        <!-- [TBStyle] -->
        <Variable Name="[TBStyle]" Type="Alias" Base="DWORD">
            <Display Name="DWORD" />
            <Flag>
                <Set Name="WS_BORDER"               Value="0x00800000" />
                <Set Name="WS_CAPTION"              Value="0x00C00000" />
                <Set Name="WS_CHILD"                Value="0x40000000" />
                <Set Name="WS_CLIPCHILDREN"         Value="0x02000000" />
                <Set Name="WS_CLIPSIBLINGS"         Value="0x04000000" />
                <Set Name="WS_DISABLED"             Value="0x08000000" />
                <Set Name="WS_DLGFRAME"             Value="0x00400000" />
                <Set Name="WS_GROUP"                Value="0x00020000" />
                <Set Name="WS_HSCROLL"              Value="0x00100000" />
                <Set Name="WS_MAXIMIZE"             Value="0x01000000" />
                <Set Name="WS_MAXIMIZEBOX"          Value="0x00010000" />
                <Set Name="WS_MINIMIZE"             Value="0x20000000" />
                <Set Name="WS_MINIMIZEBOX"          Value="0x00020000" />
                <Set Name="WS_OVERLAPPED"           Value="0x00000000" />
                <Set Name="WS_OVERLAPPEDWINDOW"     Value="0x00cf0000" />
                <Set Name="WS_POPUP"                Value="0x80000000" />
                <Set Name="WS_POPUPWINDOW"          Value="0x80880000" />
                <Set Name="WS_SYSMENU"              Value="0x00080000" />
                <Set Name="WS_TABSTOP"              Value="0x00010000" />
                <Set Name="WS_THICKFRAME"           Value="0x00040000" />
                <Set Name="WS_VISIBLE"              Value="0x10000000" />
                <Set Name="WS_VSCROLL"              Value="0x00200000" />
                <Set Name="BTNS_BUTTON"             Value="0x0000" />
                <Set Name="BTNS_SEP"                Value="0x0001" />
                <Set Name="BTNS_CHECK"              Value="0x0002" />
                <Set Name="BTNS_GROUP"              Value="0x0004" />
                <Set Name="BTNS_CHECKGROUP"         Value="0x0006" />
                <Set Name="BTNS_DROPDOWN"           Value="0x0008" />
                <Set Name="BTNS_AUTOSIZE"           Value="0x0010" />
                <Set Name="BTNS_NOPREFIX"           Value="0x0020" />
                <Set Name="TBSTYLE_TOOLTIPS"        Value="0x0100" />
                <Set Name="TBSTYLE_WRAPABLE"        Value="0x0200" />
                <Set Name="TBSTYLE_ALTDRAG"         Value="0x0400" />
                <Set Name="TBSTYLE_FLAT"            Value="0x0800" />
                <Set Name="TBSTYLE_LIST"            Value="0x1000" />
                <Set Name="TBSTYLE_CUSTOMERASE"     Value="0x2000" />
                <Set Name="TBSTYLE_REGISTERDROP"    Value="0x4000" />
                <Set Name="TBSTYLE_TRANSPARENT"     Value="0x8000" />
                <Set Name="BTNS_SHOWTEXT"           Value="0x0040" />
                <Set Name="BTNS_WHOLEDROPDOWN"      Value="0x0080" />
            </Flag>
        </Variable>

        <!-- [UDStyle] -->
        <Variable Name="[UDStyle]" Type="Alias" Base="DWORD">
            <Display Name="DWORD" />
            <Flag>
                <Set Name="WS_BORDER"               Value="0x00800000" />
                <Set Name="WS_CAPTION"              Value="0x00C00000" />
                <Set Name="WS_CHILD"                Value="0x40000000" />
                <Set Name="WS_CLIPCHILDREN"         Value="0x02000000" />
                <Set Name="WS_CLIPSIBLINGS"         Value="0x04000000" />
                <Set Name="WS_DISABLED"             Value="0x08000000" />
                <Set Name="WS_DLGFRAME"             Value="0x00400000" />
                <Set Name="WS_GROUP"                Value="0x00020000" />
                <Set Name="WS_HSCROLL"              Value="0x00100000" />
                <Set Name="WS_MAXIMIZE"             Value="0x01000000" />
                <Set Name="WS_MAXIMIZEBOX"          Value="0x00010000" />
                <Set Name="WS_MINIMIZE"             Value="0x20000000" />
                <Set Name="WS_MINIMIZEBOX"          Value="0x00020000" />
                <Set Name="WS_OVERLAPPED"           Value="0x00000000" />
                <Set Name="WS_OVERLAPPEDWINDOW"     Value="0x00cf0000" />
                <Set Name="WS_POPUP"                Value="0x80000000" />
                <Set Name="WS_POPUPWINDOW"          Value="0x80880000" />
                <Set Name="WS_SYSMENU"              Value="0x00080000" />
                <Set Name="WS_TABSTOP"              Value="0x00010000" />
                <Set Name="WS_THICKFRAME"           Value="0x00040000" />
                <Set Name="WS_VISIBLE"              Value="0x10000000" />
                <Set Name="WS_VSCROLL"              Value="0x00200000" />
                <Set Name="UDS_WRAP"                Value="0x0001" />
                <Set Name="UDS_SETBUDDYINT"         Value="0x0002" />
                <Set Name="UDS_ALIGNRIGHT"          Value="0x0004" />
                <Set Name="UDS_ALIGNLEFT"           Value="0x0008" />
                <Set Name="UDS_AUTOBUDDY"           Value="0x0010" />
                <Set Name="UDS_ARROWKEYS"           Value="0x0020" />
                <Set Name="UDS_HORZ"                Value="0x0040" />
                <Set Name="UDS_NOTHOUSANDS"         Value="0x0080" />
                <Set Name="UDS_HOTTRACK"            Value="0x0100" />
            </Flag>
        </Variable>

        <!-- [MruFlags] -->
        <Variable Name="[MruFlags]" Type="Alias" Base="UINT">
            <Display Name="UINT" />
            <Flag>
                <Set Name="MRU_BINARY"      Value="0x0001" />
                <Set Name="MRU_CACHEWRITE"  Value="0x0002" />
            </Flag>
        </Variable>

        <!-- MRUINFO -->
        <Variable Name="MRUCMPPROC" Type="Alias" Base="LPVOID" />
        <Variable Name="MRUINFO" Type="Struct">
            <Field Type="DWORD"      	Name="cbSize" />
            <Field Type="UINT"       	Name="uMax" />
            <Field Type="[MruFlags]"    Name="fFlags" />
            <Field Type="HKEY"       	Name="hKey" />
            <Field Type="LPCWSTR"    	Name="lpszSubKey" />
            <Field Type="MRUCMPPROC" 	Name="lpfnCompare" />
        </Variable>
        <Variable Name="LPMRUINFO" Type="Pointer" Base="MRUINFO" />

        <!-- COLORMAP -->
        <Variable Name="COLORMAP" Type="Struct">
            <Field Type="COLORREF" 	Name="from" />
            <Field Type="COLORREF"	Name="to" />
        </Variable>
        <Variable Name="LPCOLORMAP" Type="Pointer" Base="COLORMAP" />

        <!-- [IccFlags] -->
        <Variable Name="[IccFlags]" Type="Alias" Base="DWORD">
            <Display Name="DWORD" />
            <Flag>
                <Set Name="ICC_LISTVIEW_CLASSES"   		Value="0x00000001" />
                <Set Name="ICC_TREEVIEW_CLASSES"   		Value="0x00000002" />
                <Set Name="ICC_BAR_CLASSES"        		Value="0x00000004" />
                <Set Name="ICC_TAB_CLASSES"        		Value="0x00000008" />
                <Set Name="ICC_UPDOWN_CLASS"       		Value="0x00000010" />
                <Set Name="ICC_PROGRESS_CLASS"     		Value="0x00000020" />
                <Set Name="ICC_HOTKEY_CLASS"       		Value="0x00000040" />
                <Set Name="ICC_ANIMATE_CLASS"      		Value="0x00000080" />
                <Set Name="ICC_WIN95_CLASSES"      		Value="0x000000FF" />
                <Set Name="ICC_DATE_CLASSES"       		Value="0x00000100" />
                <Set Name="ICC_USEREX_CLASSES"     		Value="0x00000200" />
                <Set Name="ICC_COOL_CLASSES"       		Value="0x00000400" />
                <Set Name="ICC_INTERNET_CLASSES"   		Value="0x00000800" />
                <Set Name="ICC_PAGESCROLLER_CLASS" 		Value="0x00001000" />
                <Set Name="ICC_NATIVEFNTCTL_CLASS" 		Value="0x00002000" />
                <Set Name="ICC_STANDARD_CLASSES"        Value="0x00004000" />
                <Set Name="ICC_LINK_CLASS"         		Value="0x00008000" />
            </Flag>
        </Variable>

        <!-- INITCOMMONCONTROLSEX -->
        <Variable Name="INITCOMMONCONTROLSEX" Type="Struct">
            <Field Type="DWORD" 	    Name="dwSize" />
            <Field Type="[IccFlags]"    Name="dwICC" />
        </Variable>
        <Variable Name="const LPINITCOMMONCONTROLSEX" Type="Pointer" Base="INITCOMMONCONTROLSEX" />

        <!-- IMAGELISTDRAWPARAMS -->
        <Variable Name="IMAGELISTDRAWPARAMS" Type="Struct">
            <Field Type="DWORD"       	Name="cbSize" />
            <Field Type="HIMAGELIST"  	Name="himl" />
            <Field Type="int"         	Name="i" />
            <Field Type="HDC"         	Name="hdcDst" />
            <Field Type="int"         	Name="x" />
            <Field Type="int"         	Name="y" />
            <Field Type="int"         	Name="cx" />
            <Field Type="int"         	Name="cy" />
            <Field Type="int"         	Name="xBitmap" />
            <Field Type="int"         	Name="yBitmap" />
            <Field Type="COLORREF"    	Name="rgbBk" />
            <Field Type="COLORREF"    	Name="rgbFg" />
            <Field Type="UINT"        	Name="fStyle" />
            <Field Type="DWORD"       	Name="dwRop" />
            <Field Type="DWORD"       	Name="fState" />
            <Field Type="DWORD"       	Name="Frame" />
            <Field Type="COLORREF"    	Name="crEffect" />
        </Variable>
        <Variable Name="IMAGELISTDRAWPARAMS*" Type="Pointer" Base="IMAGELISTDRAWPARAMS" />

        <!-- IMAGEINFO -->
        <Variable Name="IMAGEINFO" Type="Struct">
            <Field Type="HBITMAP" 	Name="hbmImage" />
            <Field Type="HBITMAP" 	Name="hbmMask" />
            <Field Type="int"     	Name="Unused1" />
            <Field Type="int"     	Name="Unused2" />
            <Field Type="RECT"    	Name="rcImage" />
        </Variable>
        <Variable Name="IMAGEINFO*" Type="Pointer" Base="IMAGEINFO" />

        <!-- TASKDIALOG_FLAGS -->
        <Variable Name="TASKDIALOG_FLAGS" Type="Alias" Base="UINT">
            <Flag>
                <Set Name="TDF_ENABLE_HYPERLINKS"               Value="0x0001" />
                <Set Name="TDF_USE_HICON_MAIN"                  Value="0x0002" />
                <Set Name="TDF_USE_HICON_FOOTER"                Value="0x0004" />
                <Set Name="TDF_ALLOW_DIALOG_CANCELLATION"       Value="0x0008" />
                <Set Name="TDF_USE_COMMAND_LINKS"               Value="0x0010" />
                <Set Name="TDF_USE_COMMAND_LINKS_NO_ICON"       Value="0x0020" />
                <Set Name="TDF_EXPAND_FOOTER_AREA"              Value="0x0040" />
                <Set Name="TDF_EXPANDED_BY_DEFAULT"             Value="0x0080" />
                <Set Name="TDF_VERIFICATION_FLAG_CHECKED"       Value="0x0100" />
                <Set Name="TDF_SHOW_PROGRESS_BAR"               Value="0x0200" />
                <Set Name="TDF_SHOW_MARQUEE_PROGRESS_BAR"       Value="0x0400" />
                <Set Name="TDF_CALLBACK_TIMER"                  Value="0x0800" />
                <Set Name="TDF_POSITION_RELATIVE_TO_WINDOW"     Value="0x1000" />
                <Set Name="TDF_RTL_LAYOUT"                      Value="0x2000" />
                <Set Name="TDF_NO_DEFAULT_RADIO_BUTTON"         Value="0x4000" />
                <Set Name="TDF_CAN_BE_MINIMIZED"                Value="0x8000" />
            </Flag>
        </Variable>

        <!-- TASKDIALOG_BUTTON -->
        <Variable Name="TASKDIALOG_BUTTON" Type="Struct" Pack="1">
            <Field Type="int"       Name="nButtonID" />
            <Field Type="PCWSTR"    Name="pszButtonText" />
        </Variable>
        <Variable Name="const TASKDIALOG_BUTTON*" Type="Pointer" Base="TASKDIALOG_BUTTON" />

        <!-- [TASKDIALOGCONFIG_u1] -->
        <Variable Name="[TASKDIALOGCONFIG_u1]" Type="Union">
            <Display Name="union" />
            <Field Type="HICON"     Name="hMainIcon" />
            <Field Type="PCWSTR"    Name="pszMainIcon" />
        </Variable>

        <!-- [TASKDIALOGCONFIG_u2] -->
        <Variable Name="[TASKDIALOGCONFIG_u2]" Type="Union">
            <Display Name="union" />
            <Field Type="HICON"     Name="hFooterIcon" />
            <Field Type="PCWSTR"    Name="pszFooterIcon" />
        </Variable>

        <!-- TASKDIALOGCONFIG -->
        <Variable Name="TASKDIALOGCONFIG" Type="Struct" Pack="1">
            <Field Type="UINT"                              Name="cbSize" />
            <Field Type="HWND"                              Name="hwndParent" />
            <Field Type="HINSTANCE"                         Name="hInstance" />
            <Field Type="TASKDIALOG_FLAGS"                  Name="dwFlags" />
            <Field Type="TASKDIALOG_COMMON_BUTTON_FLAGS"    Name="dwCommonButtons" />
            <Field Type="PCWSTR"                            Name="pszWindowTitle" />
            <Field Type="[TASKDIALOGCONFIG_u1]"             Name="" />
            <Field Type="PCWSTR"                            Name="pszMainInstruction" />
            <Field Type="PCWSTR"                            Name="pszContent" />
            <Field Type="UINT"                              Name="cButtons" />
            <Field Type="const TASKDIALOG_BUTTON*"          Name="pButtons" Count="cButtons" />
            <Field Type="int"                               Name="nDefaultButton" />
            <Field Type="UINT"                              Name="cRadioButtons" />
            <Field Type="const TASKDIALOG_BUTTON*"          Name="pRadioButtons" Count="cRadioButtons" />
            <Field Type="int"                               Name="nDefaultRadioButton" />
            <Field Type="PCWSTR"                            Name="pszVerificationText" />
            <Field Type="PCWSTR"                            Name="pszExpandedInformation" />
            <Field Type="PCWSTR"                            Name="pszExpandedControlText" />
            <Field Type="PCWSTR"                            Name="pszCollapsedControlText" />
            <Field Type="[TASKDIALOGCONFIG_u2]"             Name="" />
            <Field Type="PCWSTR"                            Name="pszFooter" />
            <Field Type="PFTASKDIALOGCALLBACK"              Name="pfCallback" />
            <Field Type="LONG_PTR"                          Name="lpCallbackData" />
            <Field Type="UINT"                              Name="cxWidth" />
        </Variable>
        <Variable Name="const TASKDIALOGCONFIG*" Type="Pointer" Base="TASKDIALOGCONFIG" />

        <!-- Mouse Input -->
        <Category Name="Windows Application UI Development/User Interaction/Keyboard and Mouse Input/Mouse Input" />
        <Api Name="_TrackMouseEvent">
            <Param Type="LPTRACKMOUSEEVENT" Name="lpEventTrack" />
            <Return Type="BOOL" />
        </Api>
        <!-- Shell -->
        <Category Name="Windows Environment Development/Windows Shell" />
        <Api Name="AddMRUStringW" Ordinal="401">
            <Param Type="HANDLE" Name="hMRU" />
            <Param Type="LPCTSTR" Name="szString" />
            <Return Type="int" />
            <Success Return="NotEqual" Value="0" />
        </Api>
        <Api Name="CreateMRUListW" Ordinal="400">
            <Param Type="LPMRUINFO" Name="lpmi" />
            <Return Type="int" />
            <Success Return="NotEqual" Value="0" />
        </Api>
        <Api Name="DefSubclassProc" Ordinal="413">
            <Param Type="HWND" Name="hWnd" />
            <Param Type="[WinMsg]" Name="uMsg" />
            <Param Type="WPARAM" Name="WPARAM" />
            <Param Type="LPARAM" Name="LPARAM" />
            <Return Type="LRESULT" />
        </Api>
        <Api Name="EnumMRUListW" Ordinal="403">
            <Param Type="HANDLE" Name="hMRU" />
            <Param Type="int" Name="nItem" />
            <Param Type="void*" Name="lpData" />
            <Param Type="UINT" Name="uLen" />
            <Return Type="int" />
            <Success Return="NotEqual" Value="0" />
        </Api>
        <Api Name="FreeMRUList" Ordinal="152">
            <Param Type="HANDLE" Name="hMRU" />
            <Return Type="int" />
            <Success Return="NotEqual" Value="0" />
        </Api>
        <Api Name="GetWindowSubclass" Ordinal="411">
            <Param Type="HWND" Name="hWnd" />
            <Param Type="SUBCLASSPROC" Name="pfnSubclass" />
            <Param Type="UINT_PTR" Name="uIdSubclass" />
            <Param Type="DWORD_PTR*" Name="pdwRefData" />
            <Return Type="BOOL" />
        </Api>
        <Api Name="RemoveWindowSubclass" Ordinal="412">
            <Param Type="HWND" Name="hWnd" />
            <Param Type="SUBCLASSPROC" Name="pfnSubclass" />
            <Param Type="UINT_PTR" Name="uIdSubclass" />
            <Return Type="BOOL" />
        </Api>
        <Api Name="SetWindowSubclass" Ordinal="410">
            <Param Type="HWND" Name="hWnd" />
            <Param Type="SUBCLASSPROC" Name="pfnSubclass" />
            <Param Type="UINT_PTR" Name="uIdSubclass" />
            <Param Type="DWORD_PTR" Name="dwRefData" />
            <Return Type="BOOL" />
        </Api>
        <!-- Toolbar -->
        <Category Name="Windows Application UI Development/Windows Controls/Control Library/Toolbar" />
        <Api Name="CreateMappedBitmap" Ordinal="8">
            <Param Type="HINSTANCE" Name="hInstance" />
            <Param Type="INT_PTR" Name="idBitmap" />
            <Param Type="UINT" Name="wFlags" />
            <Param Type="LPCOLORMAP" Name="lpColorMap" />
            <Param Type="int" Name="iNumMaps" />
            <Return Type="HBITMAP" />
            <Success Return="NotEqual" Value="0" />
        </Api>
        <Api Name="CreateToolbarEx">
            <Param Type="HWND" Name="hwnd" />
            <Param Type="[TBStyle]" Name="ws" />
            <Param Type="UINT" Name="wID" />
            <Param Type="int" Name="nBitmaps" />
            <Param Type="HINSTANCE" Name="hBMInst" />
            <Param Type="UINT_PTR" Name="wBMID" />
            <Param Type="LPCTBBUTTON" Name="lpButtons" />
            <Param Type="int" Name="iNumButtons" />
            <Param Type="int" Name="dxButton" />
            <Param Type="int" Name="dyButton" />
            <Param Type="int" Name="dxBitmap" />
            <Param Type="int" Name="dyBitmap" />
            <Param Type="UINT" Name="uStructSize" />
            <Return Type="HWND" />
            <Success Return="NotEqual" Value="0" />
        </Api>
        <!-- Property Sheet -->
        <Category Name="Windows Application UI Development/Windows Controls/Control Library/Property Sheet" />
        <Api Name="CreatePropertySheetPage" BothCharset="True">
            <Param Type="LPCPROPSHEETPAGE" Name="lppsp" />
            <Return Type="HPROPSHEETPAGE" />
            <Success Return="NotEqual" Value="0" />
        </Api>
        <Api Name="DestroyPropertySheetPage">
            <Param Type="HPROPSHEETPAGE" Name="hPSPage" />
            <Return Type="BOOL" />
        </Api>
        <Api Name="PropertySheet" BothCharset="True">
            <Param Type="LPCPROPSHEETHEADER" Name="lppsph" />
            <Return Type="INT_PTR" />
            <Success Return="NotEqual" Value="0" />
        </Api>
        <!-- Status Bar -->
        <Category Name="Windows Application UI Development/Windows Controls/Control Library/Status Bar" />
        <Api Name="CreateStatusWindow" BothCharset="True" OrdinalA="6">
            <Param Type="LONG" Name="style" />
            <Param Type="LPCTSTR" Name="lpszText" />
            <Param Type="HWND" Name="hwndParent" />
            <Param Type="UINT" Name="wID" />
            <Return Type="HWND" />
            <Success Return="NotEqual" Value="0" />
        </Api>
        <Api Name="DrawStatusText" BothCharset="True" OrdinalA="5">
            <Param Type="HDC" Name="hdc" />
            <Param Type="LPCRECT" Name="lprc" />
            <Param Type="LPCTSTR" Name="pszText" />
            <Param Type="UINT" Name="uFlags" />
            <Return Type="void" />
        </Api>
        <Api Name="MenuHelp" Ordinal="2">
            <Param Type="[WinMsg]" Name="uMsg" />
            <Param Type="WPARAM" Name="wParam" />
            <Param Type="LPARAM" Name="lParam" />
            <Param Type="HMENU" Name="hMainMenu" />
            <Param Type="HINSTANCE" Name="hInst" />
            <Param Type="HWND" Name="hwndStatus" />
            <Param Type="LPUINT" Name="lpwIDs" />
            <Return Type="void" />
        </Api>
        <!-- Up-Down Control -->
        <Category Name="Windows Application UI Development/Windows Controls/Control Library/Up-Down Control" />
        <Api Name="CreateUpDownControl" Ordinal="16">
            <Param Type="[UDStyle]" Name="dwStyle" />
            <Param Type="int" Name="x" />
            <Param Type="int" Name="y" />
            <Param Type="int" Name="cx" />
            <Param Type="int" Name="cy" />
            <Param Type="HWND" Name="hParent" />
            <Param Type="int" Name="nID" />
            <Param Type="HINSTANCE" Name="hInst" />
            <Param Type="HWND" Name="hBuddy" />
            <Param Type="int" Name="nUpper" />
            <Param Type="int" Name="nLower" />
            <Param Type="int" Name="nPos" />
            <Return Type="HWND" />
            <Success Return="NotEqual" Value="0" />
        </Api>
        <!-- Windows Controls -->
        <Category Name="Windows Application UI Development/Windows Controls" />
        <Api Name="DoReaderMode" Ordinal="383">
            <Param Type="PREADERMODEINFO" Name="prmi" />
            <Return Type="void" />
        </Api>
        <Api Name="DPA_Clone" Ordinal="331">
            <Param Type="const HDPA" Name="hdpaSource" />
            <Param Type="HDPA" Name="hdpaNew" />
            <Return Type="HDPA" />
            <Success Return="NotEqual" Value="0" />
        </Api>
        <Api Name="DPA_Create" Ordinal="328">
            <Param Type="int" Name="cpGrow" />
            <Return Type="HDPA" />
            <Success Return="NotEqual" Value="0" />
        </Api>
        <Api Name="DPA_CreateEx" Ordinal="340">
            <Param Type="int" Name="cpGrow" />
            <Param Type="HANDLE" Name="hheap" />
            <Return Type="HDPA" />
            <Success Return="NotEqual" Value="0" />
        </Api>
        <Api Name="DPA_DeleteAllPtrs" Ordinal="337">
            <Param Type="HDPA" Name="pdpa" />
            <Return Type="BOOL" />
        </Api>
        <Api Name="DPA_DeletePtr" Ordinal="336">
            <Param Type="HDPA" Name="pdpa" />
            <Param Type="int" Name="index" />
            <Return Type="void*" />
            <Success Return="NotEqual" Value="0" />
        </Api>
        <Api Name="DPA_Destroy" Ordinal="329">
            <Param Type="HDPA" Name="pdpa" />
            <Return Type="BOOL" />
        </Api>
        <Api Name="DPA_DestroyCallback" Ordinal="386">
            <Param Type="HDPA" Name="pdpa" />
            <Param Type="PFNDPAENUMCALLBACK" Name="pfnCB" />
            <Param Type="void*" Name="pData" />
            <Return Type="void" />
        </Api>
        <Api Name="DPA_EnumCallback" Ordinal="385">
            <Param Type="HDPA" Name="pdpa" />
            <Param Type="PFNDPAENUMCALLBACK" Name="pfnCB" />
            <Param Type="void*" Name="pData" />
            <Return Type="void" />
        </Api>
        <Api Name="DPA_GetPtr" Ordinal="332">
            <Param Type="HDPA" Name="pdpa" />
            <Param Type="int" Name="index" />
            <Return Type="void*" />
            <Success Return="NotEqual" Value="0" />
        </Api>
        <Api Name="DPA_GetPtrIndex" Ordinal="333">
            <Param Type="HDPA" Name="hdpa" />
            <Param Type="const void*" Name="pvoid" />
            <Return Type="int" />
            <Success Return="NotEqual" Value="0" />
        </Api>
        <Api Name="DPA_GetSize" Ordinal="347">
            <Param Type="HDPA" Name="pdpa" />
            <Return Type="ULONGLONG" />
            <Success Return="NotEqual" Value="0" />
        </Api>
        <Api Name="DPA_Grow" Ordinal="330">
            <Param Type="HDPA" Name="hdpa" />
            <Param Type="int" Name="cp" />
            <Return Type="BOOL" />
        </Api>
        <Api Name="DPA_InsertPtr" Ordinal="334">
            <Param Type="HDPA" Name="pdpa" />
            <Param Type="int" Name="index" />
            <Param Type="void*" Name="p" />
            <Return Type="int" />
            <Success Return="NotEqual" Value="-1" />
        </Api>
        <Api Name="DPA_LoadStream" Ordinal="9">
            <Param Type="HDPA*" Name="ppdpa" />
            <Param Type="PFNDPASTREAM" Name="pfn" />
            <Param Type="IStream*" Name="pstm" />
            <Param Type="void*" Name="pvInstData" />
            <Return Type="HRESULT" />
        </Api>
        <Api Name="DPA_Merge" Ordinal="11">
            <Param Type="HDPA" Name="hdpaDest" />
            <Param Type="HDPA" Name="hdpaSrc" />
            <Param Type="DWORD" Name="dwFlags" />
            <Param Type="PFNDPACOMPARE" Name="pfnCompare" />
            <Param Type="PFNDPAMERGE" Name="pfnMerge" />
            <Param Type="LPARAM" Name="lParam" />
            <Return Type="BOOL" />
        </Api>
        <Api Name="DPA_SaveStream" Ordinal="10">
            <Param Type="HDPA" Name="pdpa" />
            <Param Type="PFNDPASTREAM" Name="pfn" />
            <Param Type="IStream*" Name="pstm" />
            <Param Type="void*" Name="pvInstData" />
            <Return Type="HRESULT" />
        </Api>
        <Api Name="DPA_Search" Ordinal="339">
            <Param Type="HDPA" Name="pdpa" />
            <Param Type="void*" Name="pFind" />
            <Param Type="int" Name="iStart" />
            <Param Type="PFNDPACOMPARE" Name="pfnCmp" />
            <Param Type="LPARAM" Name="lParam" />
            <Param Type="UINT" Name="options" />
            <Return Type="int" />
            <Success Return="NotEqual" Value="0" />
        </Api>
        <Api Name="DPA_SetPtr" Ordinal="335">
            <Param Type="HDPA" Name="pdpa" />
            <Param Type="int" Name="index" />
            <Param Type="void*" Name="p" />
            <Return Type="BOOL" />
        </Api>
        <Api Name="DPA_Sort" Ordinal="338">
            <Param Type="HDPA" Name="pdpa" />
            <Param Type="PFNDPACOMPARE" Name="pfnCmp" />
            <Param Type="LPARAM" Name="lParam" />
            <Return Type="BOOL" />
        </Api>
        <Api Name="DrawShadowText">
            <Param Type="HDC" Name="hdc" />
            <Param Type="LPCWSTR" Name="pszText" />
            <Param Type="UINT" Name="cch" />
            <Param Type="const RECT*" Name="pRect" />
            <Param Type="DWORD" Name="dwFlags" />
            <Param Type="COLORREF" Name="crText" />
            <Param Type="COLORREF" Name="crShadow" />
            <Param Type="int" Name="ixOffset" />
            <Param Type="int" Name="iyOffset" />
            <Return Type="int" />
            <Success Return="NotEqual" Value="0" />
        </Api>
        <Api Name="DrawTextExPrivWrap" Ordinal="416">
            <Param Type="HDC" Name="hdc" />
            <Param Type="LPTSTR" Name="lpchText" />
            <Param Type="int" Name="cchText" />
            <Param Type="LPRECT" Name="lprc" />
            <Param Type="UINT" Name="dwDTFormat" />
            <Param Type="LPDRAWTEXTPARAMS" Name="lpDTParams" />
            <Return Type="int" />
            <Success Return="NotEqual" Value="0" />
        </Api>
        <Api Name="DrawTextWrap" Ordinal="415">
            <Param Type="HDC" Name="hdc" />
            <Param Type="LPCTSTR" Name="lpString" />
            <Param Type="int" Name="nCount" />
            <Param Type="LPRECT" Name="lpRect" />
            <Param Type="UINT" Name="uFormat" />
            <Param Type="LPDRAWTEXTPARAMS" Name="lpDTParams" />
            <Return Type="int" />
            <Success Return="NotEqual" Value="0" />
        </Api>
        <Api Name="DSA_Clone" Ordinal="343">
            <Param Type="HDSA" Name="hdsa" />
            <Return Type="HDSA" />
            <Success Return="NotEqual" Value="0" />
        </Api>
        <Api Name="DSA_Create" Ordinal="320">
            <Param Type="int" Name="cbItem" />
            <Param Type="int" Name="cbItemGrow" />
            <Return Type="HDSA" />
            <Success Return="NotEqual" Value="0" />
        </Api>
        <Api Name="DSA_DeleteAllItems" Ordinal="327">
            <Param Type="HDSA" Name="hdsa" />
            <Return Type="BOOL" />
        </Api>
        <Api Name="DSA_DeleteItem" Ordinal="326">
            <Param Type="HDSA" Name="hdsa" />
            <Param Type="int" Name="nPosition" />
            <Return Type="BOOL" />
        </Api>
        <Api Name="DSA_Destroy" Ordinal="321">
            <Param Type="HDSA" Name="pdsa" />
            <Return Type="BOOL" />
        </Api>
        <Api Name="DSA_DestroyCallback" Ordinal="388">
            <Param Type="HDSA" Name="pdsa" />
            <Param Type="PFNDSAENUMCALLBACK" Name="pfnCB" />
            <Param Type="void*" Name="pData" />
            <Return Type="void" />
        </Api>
        <Api Name="DSA_EnumCallback" Ordinal="387">
            <Param Type="HDSA" Name="hdsa" />
            <Param Type="PFNDAENUMCALLBACK*" Name="pfnCB" />
            <Param Type="void*" Name="pData" />
            <Return Type="void" />
        </Api>
        <Api Name="DSA_GetItem" Ordinal="322">
            <Param Type="HDSA" Name="pdsa" />
            <Param Type="int" Name="index" />
            <Param Type="void*" Name="pitem" />
            <Return Type="BOOL" />
        </Api>
        <Api Name="DSA_GetItemPtr" Ordinal="323">
            <Param Type="HDSA" Name="pdsa" />
            <Param Type="int" Name="index" />
            <Return Type="void*" />
            <Success Return="NotEqual" Value="0" />
        </Api>
        <Api Name="DSA_GetSize" Ordinal="348">
            <Param Type="HDSA" Name="hdsa" />
            <Return Type="ULONGLONG" />
            <Success Return="NotEqual" Value="0" />
        </Api>
        <Api Name="DSA_InsertItem" Ordinal="324">
            <Param Type="HDSA" Name="pdsa" />
            <Param Type="int" Name="index" />
            <Param Type="void*" Name="pItem" />
            <Return Type="int" />
            <Success Return="NotEqual" Value="-1" />
        </Api>
        <Api Name="DSA_SetItem" Ordinal="325">
            <Param Type="HDSA" Name="hdsa" />
            <Param Type="int" Name="index" />
            <Param Type="void*" Name="pItem" />
            <Return Type="BOOL" />
        </Api>
        <Api Name="DSA_Sort" Ordinal="346">
            <Param Type="HDSA" Name="pdsa" />
            <Param Type="PFNDACOMPARE" Name="pfnCompare" />
            <Param Type="LPARAM" Name="lParam" />
            <Return Type="BOOL" />
        </Api>
        <Api Name="ExtTextOutWrap" Ordinal="417">
            <Param Type="HDC" Name="hdc" />
            <Param Type="int" Name="X" />
            <Param Type="int" Name="Y" />
            <Param Type="UINT" Name="uOptions" />
            <Param Type="const RECT*" Name="lprc" />
            <Param Type="LPCTSTR" Name="lpString" />
            <Param Type="UINT" Name="cbCount" />
            <Param Type="const INT*" Name="lpDx" />
            <Return Type="BOOL" />
        </Api>
        <Api Name="GetEffectiveClientRect" Ordinal="4">
            <Param Type="HWND" Name="hWnd" />
            <Param Type="LPRECT" Name="lprc" />
            <Param Type="const INT*" Name="lpInfo" />
            <Return Type="void" />
        </Api>
        <Api Name="GetMUILanguage">
            <Return Type="LANGID" />
            <Success Return="NotEqual" Value="0" />
        </Api>
        <Api Name="GetTextExtentPoint32Wrap" Ordinal="420">
            <Param Type="HDC" Name="hdc" />
            <Param Type="LPCTSTR" Name="lpString" />
            <Param Type="UINT" Name="cbCount" />
            <Param Type="LPSIZE" Name="lpSize" />
            <Return Type="BOOL" />
        </Api>
        <Api Name="InitCommonControls" Ordinal="17">
            <Return Type="void" />
        </Api>
        <Api Name="InitCommonControlsEx" ErrorFunc="">
            <Param Type="const LPINITCOMMONCONTROLSEX" Name="lpInitCtrls" />
            <Return Type="BOOL" />
        </Api>
        <Api Name="InitMUILanguage">
            <Param Type="LANGID" Name="uiLang" />
            <Return Type="VOID" />
        </Api>
        <Api Name="LoadIconMetric" Ordinal="380">
            <Param Type="HINSTANCE" Name="hinst" />
            <Param Type="PCWSTR" Name="pszName" />
            <Param Type="int" Name="lims" />
            <Param Type="HICON*" Name="phico" />
            <Return Type="HRESULT" />
        </Api>
        <Api Name="LoadIconWithScaleDown" Ordinal="381">
            <Param Type="HINSTANCE" Name="hinst" />
            <Param Type="PCWSTR" Name="pszName" />
            <Param Type="int" Name="cx" />
            <Param Type="int" Name="cy" />
            <Param Type="HICON*" Name="phico" />
            <Return Type="HRESULT" />
        </Api>
        <Api Name="MirrorIcon" Ordinal="414">
            <Param Type="HICON*" Name="phIconSmall" />
            <Param Type="HICON*" Name="phIconLarge" />
            <Return Type="BOOL" />
        </Api>
        <Api Name="ShowHideMenuCtl" Ordinal="3">
            <Param Type="HWND" Name="hWnd" />
            <Param Type="UINT_PTR" Name="uFlags" />
            <Param Type="LPINT" Name="lpInfo" />
            <Return Type="BOOL" />
        </Api>
        <Api Name="Str_GetPtr" BothCharset="True" OrdinalA="233" OrdinalW="235">
            <Param Type="LPCTSTR" Name="pszSource" />
            <Param Type="LPCSTR" Name="pszDest" />
            <Param Type="int" Name="cchDest" />
            <Return Type="int" />
            <Success Return="NotEqual" Value="0" />
        </Api>
        <Api Name="Str_SetPtr" OrdinalA="234" BothCharset="True">
            <Param Type="LPTSTR*" Name="ppszCurrent" />
            <Param Type="LPCTSTR" Name="pszNew" />
            <Return Type="BOOL" />
        </Api>
        <!-- Drag List Box -->
        <Category Name="Windows Application UI Development/Windows Controls/Control Library/Drag List Box" />
        <Api Name="DrawInsert" Ordinal="15">
            <Param Type="HWND" Name="handParent" />
            <Param Type="HWND" Name="hLB" />
            <Param Type="int" Name="nItem" />
            <Return Type="void" />
        </Api>
        <Api Name="LBItemFromPt" Ordinal="14">
            <Param Type="HWND" Name="hLB" />
            <Param Type="POINT" Name="pt" />
            <Param Type="BOOL" Name="bAutoScroll" />
            <Return Type="int" />
            <Success Return="NotEqual" Value="0" />
        </Api>
        <Api Name="MakeDragList" Ordinal="13">
            <Param Type="HWND" Name="hLB" />
            <Return Type="BOOL" />
        </Api>
        <!-- Flat Scroll Bar -->
        <Category Name="Windows Application UI Development/Windows Controls/Control Library/Flat Scroll Bar" />
        <Api Name="FlatSB_EnableScrollBar">
            <Param Type="HWND" Name="hwnd" />
            <Param Type="int" Name="wSBflags" />
            <Param Type="UINT" Name="wArrows" />
            <Return Type="BOOL" />
        </Api>
        <Api Name="FlatSB_GetScrollInfo">
            <Param Type="HWND" Name="hwnd" />
            <Param Type="[SBType]" Name="fnBar" />
            <Param Type="LPSCROLLINFO" Name="lpsi" />
            <Return Type="BOOL" />
        </Api>
        <Api Name="FlatSB_GetScrollPos">
            <Param Type="HWND" Name="hwnd" />
            <Param Type="[SBType]" Name="code" />
            <Return Type="int" />
        </Api>
        <Api Name="FlatSB_GetScrollProp">
            <Param Type="HWND" Name="hwnd" />
            <Param Type="[WSB_Prop]" Name="index" />
            <Param Type="LPINT" Name="pValue" />
            <Return Type="BOOL" />
        </Api>
        <Api Name="FlatSB_GetScrollPropPtr">
            <Param Type="HWND" Name="hwnd" />
            <Param Type="[WSB_Prop]" Name="index" />
            <Param Type="LPINT" Name="pValue" />
            <Return Type="BOOL" />
        </Api>
        <Api Name="FlatSB_GetScrollRange">
            <Param Type="HWND" Name="hwnd" />
            <Param Type="int" Name="code" />
            <Param Type="LPINT" Name="lpMinPos" />
            <Param Type="LPINT" Name="lpMaxPos" />
            <Return Type="BOOL" />
        </Api>
        <Api Name="FlatSB_SetScrollInfo" ErrorFunc="">
            <Param Type="HWND" Name="hwnd" />
            <Param Type="[SBType]" Name="fnBar" />
            <Param Type="LPSCROLLINFO" Name="lpsi" />
            <Param Type="BOOL" Name="fRedraw" />
            <Return Type="int" />
            <Success Return="NotEqual" Value="0" />
        </Api>
        <Api Name="FlatSB_SetScrollPos">
            <Param Type="HWND" Name="hwnd" />
            <Param Type="int" Name="code" />
            <Param Type="int" Name="nPos" />
            <Param Type="BOOL" Name="fRedraw" />
            <Return Type="int" />
            <Success Return="NotEqual" Value="0" />
        </Api>
        <Api Name="FlatSB_SetScrollProp" ErrorFunc="">
            <Param Type="HWND" Name="hwnd" />
            <Param Type="[WSB_Prop]" Name="index" />
            <Param Type="INT_PTR" Name="newValue" />
            <Param Type="BOOL" Name="fRedraw" />
            <Return Type="BOOL" />
        </Api>
        <Api Name="FlatSB_SetScrollRange">
            <Param Type="HWND" Name="hwnd" />
            <Param Type="int" Name="code" />
            <Param Type="int" Name="nMinPos" />
            <Param Type="int" Name="nMaxPos" />
            <Param Type="BOOL" Name="fRedraw" />
            <Return Type="int" />
            <Success Return="NotEqual" Value="0" />
        </Api>
        <Api Name="FlatSB_ShowScrollBar">
            <Param Type="HWND" Name="hwnd" />
            <Param Type="int" Name="code" />
            <Param Type="BOOL" Name="fShow" />
            <Return Type="BOOL" />
        </Api>
        <Api Name="InitializeFlatSB">
            <Param Type="HWND" Name="hwnd" />
            <Return Type="BOOL" />
        </Api>
        <Api Name="UninitializeFlatSB">
            <Param Type="HWND" Name="hwnd" />
            <Return Type="HRESULT" />
        </Api>
        <!-- Image Lists -->
        <Category Name="Windows Application UI Development/Windows Controls/Control Library/Image Lists" />
        <Api Name="HIMAGELIST_QueryInterface">
            <Param Type="HIMAGELIST" Name="himl" />
            <Param Type="REFIID" Name="riid" />
            <Param Type="void**" Name="ppv" InterfaceId="riid" />
            <Return Type="HRESULT" />
        </Api>
        <Api Name="ImageList_Add">
            <Param Type="HIMAGELIST" Name="himl" />
            <Param Type="HBITMAP" Name="hbmImage" />
            <Param Type="HBITMAP" Name="hbmMask" />
            <Return Type="int" />
            <Success Return="NotEqual" Value="0" />
        </Api>
        <Api Name="ImageList_AddMasked">
            <Param Type="HIMAGELIST" Name="himl" />
            <Param Type="HBITMAP" Name="hbmImage" />
            <Param Type="COLORREF" Name="crMask" />
            <Return Type="int" />
            <Success Return="NotEqual" Value="0" />
        </Api>
        <Api Name="ImageList_BeginDrag">
            <Param Type="HIMAGELIST" Name="himlTrack" />
            <Param Type="int" Name="iTrack" />
            <Param Type="int" Name="dxHotspot" />
            <Param Type="int" Name="dyHotspot" />
            <Return Type="BOOL" />
        </Api>
        <Api Name="ImageList_CoCreateInstance">
            <Param Type="REFCLSID" Name="rclsid" />
            <Param Type="const IUnknown*" Name="punkOuter" />
            <Param Type="REFIID" Name="riid" />
            <Param Type="void**" Name="ppv" InterfaceId="riid" />
            <Return Type="HRESULT" />
        </Api>
        <Api Name="ImageList_Copy">
            <Param Type="HIMAGELIST" Name="himlDst" />
            <Param Type="int" Name="iDst" />
            <Param Type="HIMAGELIST" Name="himlSrc" />
            <Param Type="int" Name="iSrc" />
            <Param Type="UINT" Name="uFlags" />
            <Return Type="BOOL" />
        </Api>
        <Api Name="ImageList_Create">
            <Param Type="int" Name="cx" />
            <Param Type="int" Name="cy" />
            <Param Type="[ILC_Flags]" Name="flags" />
            <Param Type="int" Name="cInitial" />
            <Param Type="int" Name="cGrow" />
            <Return Type="HIMAGELIST" />
            <Success Return="NotEqual" Value="0" />
        </Api>
        <Api Name="ImageList_Destroy">
            <Param Type="HIMAGELIST" Name="himl" />
            <Return Type="BOOL" />
        </Api>
        <Api Name="ImageList_DragEnter">
            <Param Type="HWND" Name="hwndLock" />
            <Param Type="int" Name="x" />
            <Param Type="int" Name="y" />
            <Return Type="BOOL" />
        </Api>
        <Api Name="ImageList_DragLeave">
            <Param Type="HWND" Name="hwndLock" />
            <Return Type="BOOL" />
        </Api>
        <Api Name="ImageList_DragMove">
            <Param Type="int" Name="x" />
            <Param Type="int" Name="y" />
            <Return Type="BOOL" />
        </Api>
        <Api Name="ImageList_DragShowNolock">
            <Param Type="BOOL" Name="fShow" />
            <Return Type="BOOL" />
        </Api>
        <Api Name="ImageList_Draw">
            <Param Type="HIMAGELIST" Name="himl" />
            <Param Type="int" Name="i" />
            <Param Type="HDC" Name="hdcDst" />
            <Param Type="int" Name="x" />
            <Param Type="int" Name="y" />
            <Param Type="[ILD_Flags]" Name="fStyle" />
            <Return Type="BOOL" />
        </Api>
        <Api Name="ImageList_DrawEx">
            <Param Type="HIMAGELIST" Name="himl" />
            <Param Type="int" Name="i" />
            <Param Type="HDC" Name="hdcDst" />
            <Param Type="int" Name="x" />
            <Param Type="int" Name="y" />
            <Param Type="int" Name="dx" />
            <Param Type="int" Name="dy" />
            <Param Type="COLORREF" Name="rgbBk" />
            <Param Type="COLORREF" Name="rgbFg" />
            <Param Type="[ILD_Flags]" Name="fStyle" />
            <Return Type="BOOL" />
        </Api>
        <Api Name="ImageList_DrawIndirect">
            <Param Type="IMAGELISTDRAWPARAMS*" Name="pimldp" />
            <Return Type="BOOL" />
        </Api>
        <Api Name="ImageList_Duplicate">
            <Param Type="HIMAGELIST" Name="himl" />
            <Return Type="HIMAGELIST" />
            <Success Return="NotEqual" Value="0" />
        </Api>
        <Api Name="ImageList_EndDrag">
            <Return Type="VOID" />
        </Api>
        <Api Name="ImageList_GetBkColor">
            <Param Type="HIMAGELIST" Name="himl" />
            <Return Type="COLORREF" />
            <Success Return="NotEqual" Value="0" />
        </Api>
        <Api Name="ImageList_GetDragImage">
            <Param Type="POINT*" Name="ppt" />
            <Param Type="POINT*" Name="pptHotspot" />
            <Return Type="HIMAGELIST" />
            <Success Return="NotEqual" Value="0" />
        </Api>
        <Api Name="ImageList_GetIcon">
            <Param Type="HIMAGELIST" Name="himl" />
            <Param Type="int" Name="i" />
            <Param Type="[ILD_Flags]" Name="flags" />
            <Return Type="HICON" />
            <Success Return="NotEqual" Value="0" />
        </Api>
        <Api Name="ImageList_GetIconSize">
            <Param Type="HIMAGELIST" Name="himl" />
            <Param Type="int*" Name="cx" />
            <Param Type="int*" Name="cy" />
            <Return Type="BOOL" />
        </Api>
        <Api Name="ImageList_GetImageCount">
            <Param Type="HIMAGELIST" Name="himl" />
            <Return Type="int" />
        </Api>
        <Api Name="ImageList_GetImageInfo">
            <Param Type="HIMAGELIST" Name="himl" />
            <Param Type="int" Name="i" />
            <Param Type="IMAGEINFO*" Name="pImageInfo" />
            <Return Type="BOOL" />
        </Api>
        <Api Name="ImageList_LoadImage" BothCharset="True">
            <Param Type="HINSTANCE" Name="hi" />
            <Param Type="LPCTSTR" Name="lpbmp" />
            <Param Type="int" Name="cx" />
            <Param Type="int" Name="cGrow" />
            <Param Type="COLORREF" Name="crMask" />
            <Param Type="[ImageType]" Name="uType" />
            <Param Type="[LRFlags]" Name="uFlags" />
            <Return Type="HIMAGELIST" />
            <Success Return="NotEqual" Value="0" />
        </Api>
        <Api Name="ImageList_Merge">
            <Param Type="HIMAGELIST" Name="himl1" />
            <Param Type="int" Name="i1" />
            <Param Type="HIMAGELIST" Name="himl2" />
            <Param Type="int" Name="i2" />
            <Param Type="int" Name="dx" />
            <Param Type="int" Name="dy" />
            <Return Type="HIMAGELIST" />
            <Success Return="NotEqual" Value="0" />
        </Api>
        <Api Name="ImageList_Read">
            <Param Type="LPSTREAM" Name="pstm" />
            <Return Type="HIMAGELIST" />
            <Success Return="NotEqual" Value="0" />
        </Api>
        <Api Name="ImageList_ReadEx">
            <Param Type="[ILP_Flags]" Name="dwFlags" />
            <Param Type="LPSTREAM" Name="pstm" />
            <Param Type="REFIID" Name="riid" />
            <Param Type="void**" Name="ppv" InterfaceId="riid" />
            <Return Type="HRESULT" />
        </Api>
        <Api Name="ImageList_Remove">
            <Param Type="HIMAGELIST" Name="himl" />
            <Param Type="int" Name="i" />
            <Return Type="BOOL" />
        </Api>
        <Api Name="ImageList_Replace">
            <Param Type="HIMAGELIST" Name="himl" />
            <Param Type="int" Name="i" />
            <Param Type="HBITMAP" Name="hbmImage" />
            <Param Type="HBITMAP" Name="hbmMask" />
            <Return Type="BOOL" />
        </Api>
        <Api Name="ImageList_ReplaceIcon">
            <Param Type="HIMAGELIST" Name="himl" />
            <Param Type="int" Name="i" />
            <Param Type="HICON" Name="hicon" />
            <Return Type="int" />
        </Api>
        <Api Name="ImageList_SetBkColor">
            <Param Type="HIMAGELIST" Name="himl" />
            <Param Type="COLORREF" Name="clrBk" />
            <Return Type="COLORREF" />
            <Success Return="NotEqual" Value="0" />
        </Api>
        <Api Name="ImageList_SetColorTable">
            <Param Type="HIMAGELIST" Name="himl" />
            <Param Type="int" Name="start" />
            <Param Type="int" Name="len" />
            <Param Type="RGBQUAD*" Name="prgb" />
            <Return Type="int" />
            <Success Return="NotEqual" Value="0" />
        </Api>
        <Api Name="ImageList_SetDragCursorImage">
            <Param Type="HIMAGELIST" Name="himlDrag" />
            <Param Type="int" Name="iDrag" />
            <Param Type="int" Name="dxHotspot" />
            <Param Type="int" Name="dyHotspot" />
            <Return Type="BOOL" />
        </Api>
        <Api Name="ImageList_SetIconSize">
            <Param Type="HIMAGELIST" Name="himl" />
            <Param Type="int" Name="cx" />
            <Param Type="int" Name="cy" />
            <Return Type="BOOL" />
        </Api>
        <Api Name="ImageList_SetImageCount">
            <Param Type="HIMAGELIST" Name="himl" />
            <Param Type="UINT" Name="uNewCount" />
            <Return Type="BOOL" />
        </Api>
        <Api Name="ImageList_SetOverlayImage">
            <Param Type="HIMAGELIST" Name="himl" />
            <Param Type="int" Name="iImage" />
            <Param Type="int" Name="iOverlay" />
            <Return Type="BOOL" />
        </Api>
        <Api Name="ImageList_Write">
            <Param Type="HIMAGELIST" Name="himl" />
            <Param Type="LPSTREAM" Name="pstm" />
            <Return Type="BOOL" />
        </Api>
        <Api Name="ImageList_WriteEx">
            <Param Type="HIMAGELIST" Name="himl" />
            <Param Type="[ILP_Flags]" Name="dwFlags" />
            <Param Type="LPSTREAM" Name="pstm" />
            <Return Type="HRESULT" />
        </Api>
        <!-- Task Dialog -->
        <Category Name="Windows Application UI Development/Windows Controls/Control Library/Task Dialog" />
        <ErrorDecode ErrorFunc="HRESULT" />
        <Api Name="TaskDialog" Ordinal="344">
            <Param Type="HWND" Name="hWndParent" />
            <Param Type="HINSTANCE" Name="hInstance" />
            <Param Type="PCWSTR" Name="pszWindowTitle" />
            <Param Type="PCWSTR" Name="pszMainInstruction" />
            <Param Type="PCWSTR" Name="pszContent" />
            <Param Type="TASKDIALOG_COMMON_BUTTON_FLAGS" Name="dwCommonButtons" />
            <Param Type="PCWSTR" Name="pszIcon" />
            <Param Type="int*" Name="pnButton" />
            <Return Type="HRESULT" />
        </Api>
        <Api Name="TaskDialogIndirect" Ordinal="345">
            <Param Type="const TASKDIALOGCONFIG*" Name="pTaskConfig" />
            <Param Type="int*" Name="pnButton" />
            <Param Type="int*" Name="pnRadioButton" />
            <Param Type="BOOL*" Name="pfVerificationFlagChecked" />
            <Return Type="HRESULT" />
        </Api>
    </Module>
</ApiMonitor>