<!--
    API Monitor Definitions
    (c) 2010-2011, Rohitab Batra <rohitab@rohitab.com>
    http://www.rohitab.com/apimonitor/
-->
<ApiMonitor>
    <Include Filename="Headers\windows.h.xml" />
    <Include Filename="Headers\gdi.h.xml" />
    <Module Name="comdlg32.dll" CallingConvention="STDCALL" ErrorFunc="CommDlgExtendedError" OnlineHelp="MSDN">

        <!--Common Dialog Box -->
        <Category Name="Windows Application UI Development/Dialog Boxes/Common Dialog Box" />
        <Api Name="ChooseColor" BothCharset="True">
            <Param Type="LPCHOOSECOLOR" Name="lpcc" />
            <Return Type="BOOL" />
        </Api>
        <Api Name="ChooseFont" BothCharset="True">
            <Param Type="LPCHOOSEFONT" Name="lpcf" />
            <Return Type="BOOL" />
        </Api>
        <Api Name="CommDlgExtendedError">
            <Return Type="DWORD" />
        </Api>
        <Api Name="FindText" BothCharset="True">
            <Param Type="LPFINDREPLACE" Name="lpfr" />
            <Return Type="HWND" />
            <Success Return="NotEqual" Value="0" />
        </Api>
        <Api Name="GetFileTitle" BothCharset="True">
            <Param Type="LPCTSTR" Name="lpszFile" />
            <Param Type="LPTSTR" Name="lpszTitle" OutputOnly="True" />
            <Param Type="WORD" Name="cbBuf" />
            <Return Type="short" />
            <Success Return="Equal" Value="0" />
        </Api>
        <Api Name="GetOpenFileName" BothCharset="True">
            <Param Type="LPOPENFILENAME" Name="lpofn" />
            <Return Type="BOOL" />
        </Api>
        <Api Name="GetSaveFileName" BothCharset="True">
            <Param Type="LPOPENFILENAME" Name="lpofn" />
            <Return Type="BOOL" />
        </Api>
        <Api Name="PageSetupDlg" BothCharset="True">
            <Param Type="LPPAGESETUPDLG" Name="lppsd" />
            <Return Type="BOOL" />
        </Api>
        <Api Name="PrintDlg" BothCharset="True">
            <Param Type="LPPRINTDLG" Name="lppd" />
            <Return Type="BOOL" />
        </Api>
        <Api Name="PrintDlgEx" BothCharset="True">
            <Param Type="LPPRINTDLGEX" Name="lppd" />
            <Return Type="HRESULT" />
        </Api>
        <Api Name="ReplaceText" BothCharset="True">
            <Param Type="LPFINDREPLACE" Name="lpfr" />
            <Return Type="HWND" />
            <Success Return="NotEqual" Value="0" />
        </Api>
    </Module>
</ApiMonitor>