<!--
    API Monitor Definitions
    (c) 2012, Rohitab Batra <rohitab@rohitab.com>
    http://www.rohitab.com/apimonitor/
-->
<ApiMonitor>
    <Include Filename="Headers\windows.h.xml" />
    <Module Name="Connect.dll" CallingConvention="STDCALL" ErrorFunc="HRESULT" OnlineHelp="MSDN">
        
        <!-- Get Connected Wizard -->
        <Category Name="Networking/Get Connected Wizard" />
        <Api Name="CreateVPNConnection">
            <Param Type="HWND" Name="hwndParent" />
            <Param Type="DWORD" Name="dwWizardType" />
            <Param Type="DWORD" Name="dwContextFlags" />
            <Param Type="DWORD" Name="dwUserFlags" />
            <Param Type="HANDLE" Name="hUserContext" />
            <Param Type="LPWSTR" Name="pszCommandLine" />
            <Return Type="HRESULT" />
        </Api>
        <Api Name="GetInternetConnected">
            <Param Type="HWND" Name="hwndParent" />
            <Param Type="DWORD" Name="dwWizardType" />
            <Param Type="DWORD" Name="dwContextFlags" />
            <Param Type="DWORD" Name="dwUserFlags" />
            <Param Type="HANDLE" Name="hUserContext" />
            <Param Type="LPWSTR" Name="pszCommandLine" />
            <Return Type="HRESULT" />
        </Api>
        <Api Name="GetNetworkConnected">
            <Param Type="HWND" Name="hwndParent" />
            <Param Type="DWORD" Name="dwWizardType" />
            <Param Type="DWORD" Name="dwContextFlags" />
            <Param Type="DWORD" Name="dwUserFlags" />
            <Param Type="HANDLE" Name="hUserContext" />
            <Param Type="LPWSTR" Name="pszCommandLine" />
            <Return Type="HRESULT" />
        </Api>
        <Api Name="GetVPNConnected">
            <Param Type="HWND" Name="hwndParent" />
            <Param Type="DWORD" Name="dwWizardType" />
            <Param Type="DWORD" Name="dwContextFlags" />
            <Param Type="DWORD" Name="dwUserFlags" />
            <Param Type="HANDLE" Name="hUserContext" />
            <Param Type="LPWSTR" Name="pszCommandLine" />
            <Return Type="HRESULT" />
        </Api>
        <Api Name="IsInternetConnected">
            <Return Type="HRESULT" />
        </Api>
        <Api Name="RegisterPageWithPage">
            <Param Type="GUID*" Name="pguidParentPage" />
            <Param Type="GUID*" Name="pguidChildPage" />
            <Param Type="LPWSTR" Name="pszChildModuleFileName" />
            <Param Type="LPWSTR" Name="pszFriendlyName" />
            <Param Type="DWORD" Name="dwBehaviorFlags" />
            <Param Type="DWORD" Name="dwUserFlags" />
            <Param Type="LPWSTR" Name="pszCommandLine" />
            <Return Type="HRESULT" />
        </Api>
        <Api Name="UnregisterPage">
            <Param Type="GUID*" Name="pguidPage" />
            <Param Type="BOOL" Name="fUnregisterFromCOM" />
            <Return Type="HRESULT" />
        </Api>
        <Api Name="UnregisterPagesLink">
            <Param Type="GUID*" Name="pguidParentPage" />
            <Param Type="GUID*" Name="pguidChildPage" />
            <Return Type="HRESULT" />
        </Api>

    </Module>
</ApiMonitor>