<!--
    API Monitor Definitions
    (c) 2012, Rohitab Batra <rohitab@rohitab.com>
    http://www.rohitab.com/apimonitor/
-->
<ApiMonitor>
    <Include Filename="Headers\windows.h.xml" />

    <Module Name="CryptSp.dll" CallingConvention="STDCALL" ErrorFunc="GetLastError" OnlineHelp="MSDN">

        <!-- Cryptography API's from Advapi32.dll -->
        <SourceModule Name="Advapi32.dll" Include="Windows\Advapi32.xml">
            <!-- <Api Name="CheckSignatureInFile" /> -->
            <Api Name="CryptAcquireContextA" />
            <Api Name="CryptAcquireContextW" />
            <Api Name="CryptContextAddRef" />
            <Api Name="CryptCreateHash" />
            <Api Name="CryptDecrypt" />
            <Api Name="CryptDeriveKey" />
            <Api Name="CryptDestroyHash" />
            <Api Name="CryptDestroyKey" />
            <Api Name="CryptDuplicateHash" />
            <Api Name="CryptDuplicateKey" />
            <Api Name="CryptEncrypt" />
            <Api Name="CryptEnumProvidersA" />
            <Api Name="CryptEnumProvidersW" />
            <Api Name="CryptEnumProviderTypesA" />
            <Api Name="CryptEnumProviderTypesW" />
            <Api Name="CryptExportKey" />
            <Api Name="CryptGenKey" />
            <Api Name="CryptGenRandom" />
            <Api Name="CryptGetDefaultProviderA" />
            <Api Name="CryptGetDefaultProviderW" />
            <Api Name="CryptGetHashParam" />
            <Api Name="CryptGetKeyParam" />
            <Api Name="CryptGetProvParam" />
            <Api Name="CryptGetUserKey" />
            <Api Name="CryptHashData" />
            <Api Name="CryptHashSessionKey" />
            <Api Name="CryptImportKey" />
            <Api Name="CryptReleaseContext" />
            <Api Name="CryptSetHashParam" />
            <Api Name="CryptSetKeyParam" />
            <Api Name="CryptSetProviderA" />
            <Api Name="CryptSetProviderExA" />
            <Api Name="CryptSetProviderExW" />
            <Api Name="CryptSetProviderW" />
            <Api Name="CryptSetProvParam" />
            <Api Name="CryptSignHashA" />
            <Api Name="CryptSignHashW" />
            <Api Name="CryptVerifySignatureA" />
            <Api Name="CryptVerifySignatureW" />
            <!-- <Api Name="SystemFunction035" /> -->

        </SourceModule>
    </Module>
</ApiMonitor>