<!--
    API Monitor Definitions
    (c) 2010-2011, Rohitab Batra <rohitab@rohitab.com>
    http://www.rohitab.com/apimonitor/
-->
<ApiMonitor>
    <Include Filename="Headers\windows.h.xml" />
    <Module Name="Cryptnet.dll" CallingConvention="STDCALL" ErrorFunc="GetLastError" OnlineHelp="MSDN">
        <!-- Variables -->
        <Variable Name="HCRYPTASYNC"                 Type="Alias" Base="HANDLE" />

        <!-- CRYPT_URL_ARRAY -->
        <Variable Name="CRYPT_URL_ARRAY" Type="Struct">
            <Field Type="DWORD"     Name="cUrl" />
            <Field Type="LPWSTR*"	Name="rgwszUrl" Count="cUrl" />
        </Variable>
        <Variable Name="PCRYPT_URL_ARRAY" Type="Pointer" Base="CRYPT_URL_ARRAY" />

        <!-- CRYPT_URL_INFO -->
        <Variable Name="CRYPT_URL_INFO" Type="Struct">
            <Field Type="DWORD"   	Name="cbSize" />
            <Field Type="DWORD"   	Name="dwSyncDeltaTime" />
            <Field Type="DWORD"   	Name="cGroup" />
            <Field Type="DWORD*"   	Name="rgcGroupEntry" Count="cGroup" />
        </Variable>
        <Variable Name="PCRYPT_URL_INFO" Type="Pointer" Base="CRYPT_URL_INFO" />

        <!-- CRYPT_CREDENTIALS -->
        <Variable Name="CRYPT_CREDENTIALS" Type="Struct">
            <Field Type="DWORD"  	Name="cbSize" />
            <Field Type="LPCSTR" 	Name="pszCredentialsOid" />
            <Field Type="LPVOID" 	Name="pvCredentials" />
        </Variable>
        <Variable Name="PCRYPT_CREDENTIALS" Type="Pointer" Base="CRYPT_CREDENTIALS" />

        <!-- CRYPTNET_URL_CACHE_PRE_FETCH_INFO -->
        <Variable Name="CRYPTNET_URL_CACHE_PRE_FETCH_INFO" Type="Struct">
            <Field Type="DWORD"     Name="cbSize" />
            <Field Type="DWORD"	    Name="dwObjectType" />
            <Field Type="DWORD"	    Name="dwError" />
            <Field Type="DWORD"	    Name="dwReserved" />
            <Field Type="FILETIME"	Name="ThisUpdateTime" />
            <Field Type="FILETIME"	Name="NextUpdateTime" />
            <Field Type="FILETIME"	Name="PublishTime" />
        </Variable>
        <Variable Name="PCRYPTNET_URL_CACHE_PRE_FETCH_INFO" Type="Pointer" Base="CRYPTNET_URL_CACHE_PRE_FETCH_INFO" />

        <!-- CRYPTNET_URL_CACHE_FLUSH_INFO -->
        <Variable Name="CRYPTNET_URL_CACHE_FLUSH_INFO" Type="Struct">
            <Field Type="DWORD"     Name="cbSize" />
            <Field Type="DWORD"     Name="dwExemptSeconds" />
            <Field Type="FILETIME"  Name="ExpireTime" />
        </Variable>
        <Variable Name="PCRYPTNET_URL_CACHE_FLUSH_INFO" Type="Pointer" Base="CRYPTNET_URL_CACHE_FLUSH_INFO" />

        <!-- CRYPTNET_URL_CACHE_RESPONSE_INFO -->
        <Variable Name="CRYPTNET_URL_CACHE_RESPONSE_INFO" Type="Struct">
            <Field Type="DWORD"         Name="cbSize" />
            <Field Type="WORD"          Name="wResponseType" />
            <Field Type="WORD"          Name="wResponseFlags" />
            <Field Type="FILETIME"      Name="LastModifiedTime" />
            <Field Type="DWORD"         Name="dwMaxAge" />
            <Field Type="LPCWSTR"       Name="pwszETag" />
            <Field Type="DWORD"         Name="dwProxyId" />
        </Variable>
        <Variable Name="PCRYPTNET_URL_CACHE_RESPONSE_INFO"  Type="Pointer" Base="CRYPTNET_URL_CACHE_RESPONSE_INFO" />
        <Variable Name="PCRYPTNET_URL_CACHE_RESPONSE_INFO*" Type="Pointer" Base="PCRYPTNET_URL_CACHE_RESPONSE_INFO" />

        <!-- CRYPT_RETRIEVE_AUX_INFO -->
        <Variable Name="CRYPT_RETRIEVE_AUX_INFO" Type="Struct">
            <Field Type="DWORD"                               	Name="cbSize" />
            <Field Type="FILETIME*"                            	Name="pLastSyncTime" />
            <Field Type="DWORD"                               	Name="dwMaxUrlRetrievalByteCount" />
            <Field Type="PCRYPTNET_URL_CACHE_PRE_FETCH_INFO"  	Name="pPreFetchInfo" />
            <Field Type="PCRYPTNET_URL_CACHE_FLUSH_INFO"      	Name="pFlushInfo" />
            <Field Type="PCRYPTNET_URL_CACHE_RESPONSE_INFO*"   	Name="ppResponseInfo" />
            <Field Type="LPWSTR"                              	Name="pwszCacheFileNamePrefix" />
            <Field Type="LPFILETIME"                          	Name="pftCacheResync" />
            <Field Type="BOOL"                                	Name="fProxyCacheRetrieval" />
            <Field Type="DWORD"                               	Name="dwHttpStatusCode" />
        </Variable>
        <Variable Name="PCRYPT_RETRIEVE_AUX_INFO" Type="Pointer" Base="CRYPT_RETRIEVE_AUX_INFO" />

        <Variable Name="[CryptRetrievalFlags]" Type="Alias" Base="DWORD">
            <Display Name="DWORD" />
            <Flag>
                <Set Name="CRYPT_RETRIEVE_MULTIPLE_OBJECTS"         Value="0x00000001" />
                <Set Name="CRYPT_CACHE_ONLY_RETRIEVAL"              Value="0x00000002" />
                <Set Name="CRYPT_WIRE_ONLY_RETRIEVAL"               Value="0x00000004" />
                <Set Name="CRYPT_DONT_CACHE_RESULT"                 Value="0x00000008" />
                <Set Name="CRYPT_ASYNC_RETRIEVAL"                   Value="0x00000010" />
                <Set Name="CRYPT_STICKY_CACHE_RETRIEVAL"            Value="0x00001000" />
                <Set Name="CRYPT_LDAP_SCOPE_BASE_ONLY_RETRIEVAL"    Value="0x00002000" />
                <Set Name="CRYPT_OFFLINE_CHECK_RETRIEVAL"           Value="0x00004000" />
                <Set Name="CRYPT_LDAP_INSERT_ENTRY_ATTRIBUTE"       Value="0x00008000" />
                <Set Name="CRYPT_LDAP_SIGN_RETRIEVAL"               Value="0x00010000" />
                <Set Name="CRYPT_NO_AUTH_RETRIEVAL"                 Value="0x00020000" />
                <Set Name="CRYPT_LDAP_AREC_EXCLUSIVE_RETRIEVAL"     Value="0x00040000" />
                <Set Name="CRYPT_AIA_RETRIEVAL"                     Value="0x00080000" />
                <Set Name="CRYPT_HTTP_POST_RETRIEVAL"               Value="0x00100000" />
                <Set Name="CRYPT_PROXY_CACHE_RETRIEVAL"             Value="0x00200000" />
                <Set Name="CRYPT_NOT_MODIFIED_RETRIEVAL"            Value="0x00400000" />
                <Set Name="CRYPT_VERIFY_CONTEXT_SIGNATURE"          Value="0x00000020" />
                <Set Name="CRYPT_VERIFY_DATA_HASH"                  Value="0x00000040" />
            </Flag>
        </Variable>
        
        <Variable Name="[CryptGetObjectUrlFlags]" Type="Alias" Base="DWORD">
            <Display Name="DWORD" />
            <Flag>
                <Set Name="CRYPT_GET_URL_FROM_PROPERTY"             Value="0x00000001" />
                <Set Name="CRYPT_GET_URL_FROM_EXTENSION"            Value="0x00000002" />
                <Set Name="CRYPT_GET_URL_FROM_UNAUTH_ATTRIBUTE"     Value="0x00000004" />
                <Set Name="CRYPT_GET_URL_FROM_AUTH_ATTRIBUTE"       Value="0x00000008" />
            </Flag>
        </Variable>
        
        <!-- Cryptography -->
        <Category Name="Security and Identity/Cryptography/Remote Object Retrieval" />
        <Api Name="CryptGetObjectUrl">
            <Param Type="LPCSTR" Name="pszUrlOid" />
            <Param Type="LPVOID" Name="pvPara" />
            <Param Type="[CryptGetObjectUrlFlags]" Name="dwFlags" />
            <!-- TODO: pUrlArray PostLength="pcbUrlArray" -->
            <Param Type="PCRYPT_URL_ARRAY" Name="pUrlArray" />
            <Param Type="DWORD*" Name="pcbUrlArray" />
            <!-- TODO: pUrlInfo PostLength="pcbUrlInfo" -->
            <Param Type="PCRYPT_URL_INFO" Name="pUrlInfo" />
            <Param Type="DWORD*" Name="pcbUrlInfo" />
            <Param Type="LPVOID" Name="pvReserved" />
            <Return Type="BOOL" />
        </Api>
        <Api Name="CryptRetrieveObjectByUrl" BothCharset="True">
            <Param Type="LPCTSTR" Name="pszUrl" />
            <Param Type="LPCSTR" Name="pszObjectOid" />
            <Param Type="[CryptRetrievalFlags]" Name="dwRetrievalFlags" />
            <Param Type="DWORD" Name="dwTimeout" />
            <Param Type="LPVOID*" Name="ppvObject" />
            <Param Type="HCRYPTASYNC" Name="hAsyncRetrieve" />
            <Param Type="PCRYPT_CREDENTIALS" Name="pCredentials" />
            <Param Type="LPVOID" Name="pvVerify" />
            <Param Type="PCRYPT_RETRIEVE_AUX_INFO" Name="pAuxInfo" />
            <Return Type="BOOL" />
        </Api>
    </Module>
</ApiMonitor>