<!--
    API Monitor Definitions
    (c) 2010-2012, Rohitab Batra <rohitab@rohitab.com>
    http://www.rohitab.com/apimonitor/
    
TODO: Additional functions available at http://msdn.microsoft.com/en-us/library/dd408159(VS.85).aspx    
-->
<ApiMonitor>
    <Include Filename="Headers\windows.h.xml" />
    <Module Name="Davclnt.dll" CallingConvention="STDCALL" ErrorFunc="HRESULT" OnlineHelp="MSDN">
        <!-- Variables -->
        <Variable Name="PFNDAVAUTHCALLBACK"  Type="Alias" Base="LPVOID" />
        <Variable Name="OPAQUE_HANDLE"       Type="Alias" Base="DWORD" />

        <!-- WebDAV -->
        <Category Name="Internet/WebDAV" />
        <Api Name="DavCancelConnectionsToServer">
            <Param Type="LPWSTR" Name="lpName" />
            <Param Type="BOOL" Name="fForce" />
            <Return Type="[ERROR_CODE]" />
        </Api>
        <Api Name="DavGetTheLockOwnerOfTheFile">
            <Param Type="LPCWSTR" Name="FileName" />
            <Param Type="PWSTR" Name="LockOwnerName" />
            <Param Type="PULONG" Name="LockOwnerNameLengthInBytes" />
            <Return Type="[ERROR_CODE]" />
        </Api>
        <Api Name="DavInvalidateCache">
            <Param Type="LPWSTR" Name="URLName" />
            <Return Type="[ERROR_CODE]" />
        </Api>
        <Api Name="DavRegisterAuthCallback">
            <Param Type="PFNDAVAUTHCALLBACK" Name="CallBack" />
            <Param Type="ULONG" Name="Version" />
            <Return Type="OPAQUE_HANDLE" />
            <Success Return="NotEqual" Value="0" />
        </Api>
        <Api Name="DavUnregisterAuthCallback">
            <Param Type="OPAQUE_HANDLE" Name="hCallback" />
            <Return Type="VOID" />
        </Api>
    </Module>
</ApiMonitor>