<!--
    API Monitor Definitions
    (c) 2010-2012, Rohitab Batra <rohitab@rohitab.com>
    http://www.rohitab.com/apimonitor/
    
TODO: DnsWriteQuestionToBuffer_UTF8?
TODO: DnsReplaceRecordSetUTF8? - UTF8 for all versions?
-->
<ApiMonitor>
    <Include Filename="Headers\sockets.h.xml" />
    <Module Name="Dnsapi.dll" CallingConvention="STDCALL" ErrorFunc="HRESULT" OnlineHelp="MSDN">
        
        <!-- TODO: Structures (Bitfields) -->
        <Variable Name="PDNS_MESSAGE_BUFFER"    Type="Alias"    Base="LPVOID" />
        
        <!-- TODO: Structures (Very Complex) -->
        <Variable Name="PDNS_RECORD"            Type="Alias"    Base="PVOID" />
        <Variable Name="PDNS_RECORD*"           Type="Pointer"  Base="PDNS_RECORD" />
        
        <!-- Variables -->
        <Variable Name="DNS_STATUS"                     Type="Alias"    Base="[ERROR_CODE]" />
        <Variable Name="DNS_PROXY_COMPLETION_ROUTINE"   Type="Alias"    Base="LPVOID" />
        <Variable Name="PDNS_QUERY_COMPLETION_ROUTINE"  Type="Alias"    Base="LPVOID" />
        
        <!-- Arrays -->
        <Variable Name="DWORD [8]"                              Type="Array"    Base="DWORD"    Count="8" />
        <Variable Name="CHAR [DNS_ADDR_MAX_SOCKADDR_LENGTH]"    Type="Array"    Base="CHAR"     Count="32" />

        <!-- [ADDRESS_FAMILY_WORD] -->
        <Variable Name="[ADDRESS_FAMILY_WORD]" Type="Alias" Base="ADDRESS_FAMILY">
            <Display Name="WORD" />
        </Variable>

        <!-- DNS_PROXY_INFORMATION_TYPE -->
        <Variable Name="DNS_PROXY_INFORMATION_TYPE" Type="Alias" Base="UINT">
            <Enum>
                <Set Name="DNS_PROXY_INFORMATION_DIRECT"            Value="0" />
                <Set Name="DNS_PROXY_INFORMATION_DEFAULT_SETTINGS"  Value="1" />
                <Set Name="DNS_PROXY_INFORMATION_PROXY_NAME"        Value="2" />
                <Set Name="DNS_PROXY_INFORMATION_DOES_NOT_EXIST"    Value="3" />
            </Enum>
        </Variable>

        <!-- DNS_PROXY_INFORMATION -->
        <Variable Name="DNS_PROXY_INFORMATION" Type="Struct">
            <Field Type="ULONG" 	                    Name="version" />
            <Field Type="DNS_PROXY_INFORMATION_TYPE" 	Name="proxyInformationType" />
            <Field Type="PWSTR" 	                    Name="proxyName" />
        </Variable>
        <Variable Name="DNS_PROXY_INFORMATION*" Type="Pointer" Base="DNS_PROXY_INFORMATION" />

        <!-- DNS_FREE_TYPE -->
        <Variable Name="DNS_FREE_TYPE" Type="Alias" Base="UINT">
            <Enum>
                <Set Name="DnsFreeFlat"                 Value="0" />
                <Set Name="DnsFreeRecordList"           Value="1" />
                <Set Name="DnsFreeParsedMessageFields"  Value="2" />
            </Enum>
        </Variable>

        <!-- [DnsRecordType] -->
        <Variable Name="[DnsRecordType]" Type="Alias" Base="WORD">
            <Display Name="WORD" />
            <Enum>
                <Set Name="DNS_TYPE_A"          Value="0x0001" />
                <Set Name="DNS_TYPE_NS"         Value="0x0002" />
                <Set Name="DNS_TYPE_MD"         Value="0x0003" />
                <Set Name="DNS_TYPE_MF"         Value="0x0004" />
                <Set Name="DNS_TYPE_CNAME"      Value="0x0005" />
                <Set Name="DNS_TYPE_SOA"        Value="0x0006" />
                <Set Name="DNS_TYPE_MB"         Value="0x0007" />
                <Set Name="DNS_TYPE_MG"         Value="0x0008" />
                <Set Name="DNS_TYPE_MR"         Value="0x0009" />
                <Set Name="DNS_TYPE_NULL"       Value="0x000a" />
                <Set Name="DNS_TYPE_WKS"        Value="0x000b" />
                <Set Name="DNS_TYPE_PTR"        Value="0x000c" />
                <Set Name="DNS_TYPE_HINFO"      Value="0x000d" />
                <Set Name="DNS_TYPE_MINFO"      Value="0x000e" />
                <Set Name="DNS_TYPE_MX"         Value="0x000f" />
                <Set Name="DNS_TYPE_TEXT"       Value="0x0010" />
                <Set Name="DNS_TYPE_RP"         Value="0x0011" />
                <Set Name="DNS_TYPE_AFSDB"      Value="0x0012" />
                <Set Name="DNS_TYPE_X25"        Value="0x0013" />
                <Set Name="DNS_TYPE_ISDN"       Value="0x0014" />
                <Set Name="DNS_TYPE_RT"         Value="0x0015" />
                <Set Name="DNS_TYPE_NSAP"       Value="0x0016" />
                <Set Name="DNS_TYPE_NSAPPTR"    Value="0x0017" />
                <Set Name="DNS_TYPE_SIG"        Value="0x0018" />
                <Set Name="DNS_TYPE_KEY"        Value="0x0019" />
                <Set Name="DNS_TYPE_PX"         Value="0x001a" />
                <Set Name="DNS_TYPE_GPOS"       Value="0x001b" />
                <Set Name="DNS_TYPE_AAAA"       Value="0x001c" />
                <Set Name="DNS_TYPE_LOC"        Value="0x001d" />
                <Set Name="DNS_TYPE_NXT"        Value="0x001e" />
                <Set Name="DNS_TYPE_EID"        Value="0x001f" />
                <Set Name="DNS_TYPE_NIMLOC"     Value="0x0020" />
                <Set Name="DNS_TYPE_SRV"        Value="0x0021" />
                <Set Name="DNS_TYPE_ATMA"       Value="0x0022" />
                <Set Name="DNS_TYPE_NAPTR"      Value="0x0023" />
                <Set Name="DNS_TYPE_KX"         Value="0x0024" />
                <Set Name="DNS_TYPE_CERT"       Value="0x0025" />
                <Set Name="DNS_TYPE_A6"         Value="0x0026" />
                <Set Name="DNS_TYPE_DNAME"      Value="0x0027" />
                <Set Name="DNS_TYPE_SINK"       Value="0x0028" />
                <Set Name="DNS_TYPE_OPT"        Value="0x0029" />
                <Set Name="DNS_TYPE_UINFO"      Value="0x0064" />
                <Set Name="DNS_TYPE_UID"        Value="0x0065" />
                <Set Name="DNS_TYPE_GID"        Value="0x0066" />
                <Set Name="DNS_TYPE_UNSPEC"     Value="0x0067" />
                <Set Name="DNS_TYPE_ADDRS"      Value="0x00f8" />
                <Set Name="DNS_TYPE_TKEY"       Value="0x00f9" />
                <Set Name="DNS_TYPE_TSIG"       Value="0x00fa" />
                <Set Name="DNS_TYPE_IXFR"       Value="0x00fb" />
                <Set Name="DNS_TYPE_AXFR"       Value="0x00fc" />
                <Set Name="DNS_TYPE_MAILB"      Value="0x00fd" />
                <Set Name="DNS_TYPE_MAILA"      Value="0x00fe" />
                <Set Name="DNS_TYPE_ALL"        Value="0x00ff" />
                <Set Name="DNS_TYPE_ANY"        Value="0x00ff" />
                <Set Name="DNS_TYPE_WINS"       Value="0xff01" />
                <Set Name="DNS_TYPE_WINSR"      Value="0xff02" />
                <Set Name="DNS_TYPE_NBSTAT"     Value="0xff02" />
            </Enum>
        </Variable>

        <!-- [DnsQueryOptions] -->
        <Variable Name="[DnsQueryOptions]" Type="Alias" Base="DWORD">
            <Display Name="DWORD" />
            <Flag>
                <Set Name="DNS_QUERY_STANDARD"                      Value="0x00000000" />
                <Set Name="DNS_QUERY_ACCEPT_TRUNCATED_RESPONSE"     Value="0x00000001" />
                <Set Name="DNS_QUERY_USE_TCP_ONLY"                  Value="0x00000002" />
                <Set Name="DNS_QUERY_NO_RECURSION"                  Value="0x00000004" />
                <Set Name="DNS_QUERY_BYPASS_CACHE"                  Value="0x00000008" />
                <Set Name="DNS_QUERY_NO_WIRE_QUERY"                 Value="0x00000010" />
                <Set Name="DNS_QUERY_NO_LOCAL_NAME"                 Value="0x00000020" />
                <Set Name="DNS_QUERY_NO_HOSTS_FILE"                 Value="0x00000040" />
                <Set Name="DNS_QUERY_NO_NETBT"                      Value="0x00000080" />
                <Set Name="DNS_QUERY_WIRE_ONLY"                     Value="0x00000100" />
                <Set Name="DNS_QUERY_RETURN_MESSAGE"                Value="0x00000200" />
                <Set Name="DNS_QUERY_MULTICAST_ONLY"                Value="0x00000400" />
                <Set Name="DNS_QUERY_NO_MULTICAST"                  Value="0x00000800" />
                <Set Name="DNS_QUERY_TREAT_AS_FQDN"                 Value="0x00001000" />
                <Set Name="DNS_QUERY_ADDRCONFIG"                    Value="0x00002000" />
                <Set Name="DNS_QUERY_DUAL_ADDR"                     Value="0x00004000" />
                <Set Name="DNS_QUERY_DONT_RESET_TTL_VALUES"         Value="0x00100000" />
                <Set Name="DNS_QUERY_DISABLE_IDN_ENCODING"          Value="0x00200000" />
                <Set Name="DNS_QUERY_APPEND_MULTILABEL"             Value="0x00800000" />
                <Set Name="DNS_QUERY_DNSSEC_OK"                     Value="0x01000000" />
                <Set Name="DNS_QUERY_DNSSEC_CHECKING_DISABLED"      Value="0x02000000" />
                <Set Name="DNS_QUERY_RESERVED"                      Value="0xf0000000" />
            </Flag>
        </Variable>

        <!-- [DNS_QUERY_OPTIONS_64] -->
        <Variable Name="[DNS_QUERY_OPTIONS_64]" Type="Alias" Base="ULONG64">
            <Display Name="ULONG64" />
            <Flag>
                <Set Name="DNS_QUERY_STANDARD"                      Value="0x00000000" />
                <Set Name="DNS_QUERY_ACCEPT_TRUNCATED_RESPONSE"     Value="0x00000001" />
                <Set Name="DNS_QUERY_USE_TCP_ONLY"                  Value="0x00000002" />
                <Set Name="DNS_QUERY_NO_RECURSION"                  Value="0x00000004" />
                <Set Name="DNS_QUERY_BYPASS_CACHE"                  Value="0x00000008" />
                <Set Name="DNS_QUERY_NO_WIRE_QUERY"                 Value="0x00000010" />
                <Set Name="DNS_QUERY_NO_LOCAL_NAME"                 Value="0x00000020" />
                <Set Name="DNS_QUERY_NO_HOSTS_FILE"                 Value="0x00000040" />
                <Set Name="DNS_QUERY_NO_NETBT"                      Value="0x00000080" />
                <Set Name="DNS_QUERY_WIRE_ONLY"                     Value="0x00000100" />
                <Set Name="DNS_QUERY_RETURN_MESSAGE"                Value="0x00000200" />
                <Set Name="DNS_QUERY_MULTICAST_ONLY"                Value="0x00000400" />
                <Set Name="DNS_QUERY_NO_MULTICAST"                  Value="0x00000800" />
                <Set Name="DNS_QUERY_TREAT_AS_FQDN"                 Value="0x00001000" />
                <Set Name="DNS_QUERY_ADDRCONFIG"                    Value="0x00002000" />
                <Set Name="DNS_QUERY_DUAL_ADDR"                     Value="0x00004000" />
                <Set Name="DNS_QUERY_DONT_RESET_TTL_VALUES"         Value="0x00100000" />
                <Set Name="DNS_QUERY_DISABLE_IDN_ENCODING"          Value="0x00200000" />
                <Set Name="DNS_QUERY_APPEND_MULTILABEL"             Value="0x00800000" />
                <Set Name="DNS_QUERY_DNSSEC_OK"                     Value="0x01000000" />
                <Set Name="DNS_QUERY_DNSSEC_CHECKING_DISABLED"      Value="0x02000000" />
                <Set Name="DNS_QUERY_RESERVED"                      Value="0xf0000000" />
            </Flag>
        </Variable>
        
        <!-- DNS_NAME_FORMAT -->
        <Variable Name="DNS_NAME_FORMAT" Type="Alias" Base="UINT">
            <Enum>
                <Set Name="DnsNameDomain"           Value="0" />
                <Set Name="DnsNameDomainLabel"      Value="1" />
                <Set Name="DnsNameHostnameFull"     Value="2" />
                <Set Name="DnsNameHostnameLabel"    Value="3" />
                <Set Name="DnsNameWildcard"         Value="4" />
                <Set Name="DnsNameSrvRecord"        Value="5" />
                <Set Name="DnsNameValidateTld"      Value="6" />
            </Enum>
        </Variable>

        <!-- DNS_CONFIG_TYPE -->
        <Variable Name="DNS_CONFIG_TYPE" Type="Alias" Base="UINT">
            <Enum>
                <Set Name="DnsConfigPrimaryDomainName_W"                    Value="0" />
                <Set Name="DnsConfigPrimaryDomainName_A"                    Value="1" />
                <Set Name="DnsConfigPrimaryDomainName_UTF8"                 Value="2" />
                <Set Name="DnsConfigAdapterDomainName_W"                    Value="3" />
                <Set Name="DnsConfigAdapterDomainName_A"                    Value="4" />
                <Set Name="DnsConfigAdapterDomainName_UTF8"                 Value="5" />
                <Set Name="DnsConfigDnsServerList"                          Value="6" />
                <Set Name="DnsConfigSearchList"                             Value="7" />
                <Set Name="DnsConfigAdapterInfo"                            Value="8" />
                <Set Name="DnsConfigPrimaryHostNameRegistrationEnabled"     Value="9" />
                <Set Name="DnsConfigAdapterHostNameRegistrationEnabled"     Value="10" />
                <Set Name="DnsConfigAddressRegistrationMaxCount"            Value="11" />
                <Set Name="DnsConfigHostName_W"                             Value="12" />
                <Set Name="DnsConfigHostName_A"                             Value="13" />
                <Set Name="DnsConfigHostName_UTF8"                          Value="14" />
                <Set Name="DnsConfigFullHostName_W"                         Value="15" />
                <Set Name="DnsConfigFullHostName_A"                         Value="16" />
                <Set Name="DnsConfigFullHostName_UTF8"                      Value="17" />
            </Enum>
        </Variable>

        <!-- [DnsConfigFlags] -->
        <Variable Name="[DnsConfigFlags]" Type="Alias" Base="DWORD">
            <Display Name="DWORD" />
            <Flag>
                <Set Name="DNS_CONFIG_FLAG_ALLOC"   Value="0x00000001" />
            </Flag>
        </Variable>

        <!-- [DnsUpdateFlags] -->
        <Variable Name="[DnsUpdateFlags]" Type="Alias" Base="DWORD">
            <Display Name="DWORD" />
            <Flag>
                <Set Name="DNS_UPDATE_SECURITY_USE_DEFAULT"         Value="0x00000000" />
                <Set Name="DNS_UPDATE_SECURITY_OFF"                 Value="0x00000010" />
                <Set Name="DNS_UPDATE_SECURITY_ON"                  Value="0x00000020" />
                <Set Name="DNS_UPDATE_SECURITY_ONLY"                Value="0x00000100" />
                <Set Name="DNS_UPDATE_CACHE_SECURITY_CONTEXT"       Value="0x00000200" />
                <Set Name="DNS_UPDATE_TEST_USE_LOCAL_SYS_ACCT"      Value="0x00000400" />
                <Set Name="DNS_UPDATE_FORCE_SECURITY_NEGO"          Value="0x00000800" />
                <Set Name="DNS_UPDATE_TRY_ALL_MASTER_SERVERS"       Value="0x00001000" />
                <Set Name="DNS_UPDATE_SKIP_NO_UPDATE_ADAPTERS"      Value="0x00002000" />
                <Set Name="DNS_UPDATE_REMOTE_SERVER"                Value="0x00004000" />
                <Set Name="DNS_UPDATE_RESERVED"                     Value="0xffff0000" />
            </Flag>
        </Variable>

        <!-- DNS_CHARSET -->
        <Variable Name="DNS_CHARSET" Type="Alias" Base="UINT">
            <Enum>
                <Set Name="DnsCharSetUnknown"   Value="0" />
                <Set Name="DnsCharSetUnicode"   Value="1" />
                <Set Name="DnsCharSetUtf8"      Value="2" />
                <Set Name="DnsCharSetAnsi"      Value="3" />
            </Enum>
        </Variable>

        <!-- DNS_ADDR -->
        <Variable Name="DNS_ADDR" Type="Struct" Pack="1">
            <Field Type="CHAR [DNS_ADDR_MAX_SOCKADDR_LENGTH]"   Name="MaxSa" />
            <Field Type="DWORD [8]"                             Name="DnsAddrUserDword" />
        </Variable>
        <Variable Name="DNS_ADDR []" Type="Array" Base="DNS_ADDR" Count="1" />

        <!-- DNS_ADDR_ARRAY -->
        <Variable Name="DNS_ADDR_ARRAY" Type="Struct" Pack="1">
            <Field Type="DWORD"                     Name="MaxCount" />
            <Field Type="DWORD"                     Name="AddrCount" />
            <Field Type="DWORD"                     Name="Tag" />
            <Field Type="[ADDRESS_FAMILY_WORD]"     Name="Family" />
            <Field Type="WORD"                      Name="WordReserved" />
            <Field Type="DWORD"                     Name="Flags" />
            <Field Type="DWORD"                     Name="MatchFlag" />
            <Field Type="DWORD"                     Name="Reserved1" />
            <Field Type="DWORD"                     Name="Reserved2" />
            <Field Type="DNS_ADDR []"               Name="AddrArray" Count="AddrCount" />
        </Variable>
        <Variable Name="PDNS_ADDR_ARRAY" Type="Pointer" Base="DNS_ADDR_ARRAY" />

        <!-- DNS_QUERY_REQUEST -->
        <Variable Name="DNS_QUERY_REQUEST" Type="Struct">
            <Field Type="ULONG"                             Name="Version" />
            <Field Type="PCWSTR"                            Name="QueryName" />
            <Field Type="[DnsRecordType]"                   Name="QueryType" />
            <Field Type="[DNS_QUERY_OPTIONS_64]"            Name="QueryOptions" />
            <Field Type="PDNS_ADDR_ARRAY"                   Name="pDnsServerList" />
            <Field Type="ULONG"                             Name="InterfaceIndex" />
            <Field Type="PDNS_QUERY_COMPLETION_ROUTINE"     Name="pQueryCompletionCallback" />
            <Field Type="PVOID"                             Name="pQueryContext" />
        </Variable>
        <Variable Name="PDNS_QUERY_REQUEST" Type="Pointer" Base="DNS_QUERY_REQUEST" />

        <!-- DNS_QUERY_RESULT -->
        <Variable Name="DNS_QUERY_RESULT" Type="Struct">
            <Field Type="ULONG"                     Name="Version" />
            <Field Type="DNS_STATUS"                Name="QueryStatus" />
            <Field Type="[DNS_QUERY_OPTIONS_64]"    Name="QueryOptions" />
            <Field Type="PDNS_RECORD"               Name="pQueryRecords" />
            <Field Type="PVOID"                     Name="Reserved" />
        </Variable>
        <Variable Name="PDNS_QUERY_RESULT" Type="Pointer" Base="DNS_QUERY_RESULT" />

        <!-- DNS_QUERY_CANCEL -->
        <Variable Name="DNS_QUERY_CANCEL" Type="Struct">
            <Field Type="CHAR [32]" Name="Reserved" />
        </Variable>
        <Variable Name="PDNS_QUERY_CANCEL" Type="Pointer" Base="DNS_QUERY_CANCEL" />

        <!-- Domain Name System (DNS) -->
        <Category Name="Networking/Domain Name System (DNS)" />
        <Api Name="DnsAcquireContextHandle_" BothCharset="True">
            <Param Type="BOOL" Display="DWORD" Name="CredentialFlags" />
            <Param Type="PVOID" Name="Credentials" />
            <Param Type="PHANDLE" Name="pContext" />
            <Return Type="DNS_STATUS" />
        </Api>
        <Api Name="DnsExtractRecordsFromMessage_W">
            <Param Type="PDNS_MESSAGE_BUFFER" Name="pDnsBuffer" Length="wMessageLength" />
            <Param Type="WORD" Name="wMessageLength" />
            <Param Type="PDNS_RECORD*" Name="ppRecord" />
            <Return Type="DNS_STATUS" />
        </Api>
        <Api Name="DnsFree">
            <Param Type="PVOID" Name="pData" />
            <Param Type="DNS_FREE_TYPE" Name="FreeType" />
            <Return Type="void" />
        </Api>
        <Api Name="DnsFreeProxyName">
            <Param Type="PWSTR" Name="proxyName" />
            <Return Type="void" />
        </Api>
        <Api Name="DnsGetProxyInformation">
            <Param Type="PCWSTR" Name="hostName" />
            <Param Type="DNS_PROXY_INFORMATION*" Name="proxyInformation" />
            <Param Type="DNS_PROXY_INFORMATION*" Name="defaultProxyInformation" />
            <Param Type="DNS_PROXY_COMPLETION_ROUTINE" Name="completionRoutine" />
            <Param Type="void*" Name="completionContext" />
            <Return Type="DNS_STATUS" />
        </Api>
        <Api Name="DnsModifyRecordsInSet_" BothCharset="True">
            <Param Type="PDNS_RECORD" Name="pAddRecords" />
            <Param Type="PDNS_RECORD" Name="pDeleteRecords" />
            <Param Type="DWORD" Name="Options" />
            <Param Type="HANDLE" Name="hContext" />
            <Param Type="PVOID" Name="pExtraList" />
            <Param Type="PVOID" Name="pReserved" />
            <Return Type="DNS_STATUS" />
        </Api>
        <Api Name="DnsNameCompare_" BothCharset="True">
            <Param Type="PCTSTR" Name="pName1" />
            <Param Type="PCTSTR" Name="pName2" />
            <Return Type="BOOL" />
            <Success />
        </Api>
        <Api Name="DnsQuery_" BothCharset="True">
            <Param Type="PCTSTR" Name="lpstrName" />
            <Param Type="[DnsRecordType]" Name="wType" />
            <Param Type="[DnsQueryOptions]" Name="Options" />
            <Param Type="PVOID" Name="pExtra" />
            <Param Type="PDNS_RECORD*" Name="ppQueryResultsSet" />
            <Param Type="PVOID*" Name="pReserved" />
            <Return Type="DNS_STATUS" />
        </Api>
        <Api Name="DnsQueryConfig">
            <Param Type="DNS_CONFIG_TYPE" Name="Config" />
            <Param Type="[DnsConfigFlags]" Name="Flag" />
            <Param Type="PCWSTR" Name="pwsAdapterName" />
            <Param Type="PVOID" Name="pReserved" />
            <Param Type="PVOID" Name="pBuffer" PostLength="pBufferLength" />
            <Param Type="PDWORD" Name="pBufferLength" />
            <Return Type="DNS_STATUS" />
        </Api>
        <Api Name="DnsRecordCompare">
            <Param Type="PDNS_RECORD" Name="pRecord1" />
            <Param Type="PDNS_RECORD" Name="pRecord2" />
            <Return Type="BOOL" />
        </Api>
        <Api Name="DnsRecordCopyEx">
            <Param Type="PDNS_RECORD" Name="pRecord" />
            <Param Type="DNS_CHARSET" Name="CharSetIn" />
            <Param Type="DNS_CHARSET" Name="CharSetOut" />
            <Return Type="PDNS_RECORD" />
            <Success Return="NotEqual" Value="0" />
        </Api>
        <Api Name="DnsRecordListFree">
            <Param Type="PDNS_RECORD" Name="pRecordList" />
            <Param Type="DNS_FREE_TYPE" Name="FreeType" />
            <Return Type="void" />
        </Api>
        <Api Name="DnsRecordSetCompare">
            <Param Type="PDNS_RECORD" Name="pRR1" />
            <Param Type="PDNS_RECORD" Name="pRR2" />
            <Param Type="PDNS_RECORD*" Name="ppDiff1" />
            <Param Type="PDNS_RECORD*" Name="ppDiff2" />
            <Return Type="BOOL" />
        </Api>
        <Api Name="DnsRecordSetCopyEx">
            <Param Type="PDNS_RECORD" Name="pRecordSet" />
            <Param Type="DNS_CHARSET" Name="CharSetIn" />
            <Param Type="DNS_CHARSET" Name="CharSetOut" />
            <Return Type="PDNS_RECORD" />
            <Success Return="NotEqual" Value="0" />
        </Api>
        <Api Name="DnsRecordSetDetach">
            <Param Type="PDNS_RECORD" Name="pRR" />
            <Return Type="PDNS_RECORD" />
            <Success Return="NotEqual" Value="0" />
        </Api>
        <Api Name="DnsReleaseContextHandle">
            <Param Type="HANDLE" Name="ContextHandle" />
            <Return Type="void" />
        </Api>
        <Api Name="DnsReplaceRecordSet" BothCharset="True">
            <Param Type="PDNS_RECORD" Name="pNewSet" />
            <Param Type="[DnsUpdateFlags]" Name="Options" />
            <Param Type="HANDLE" Name="hContext" />
            <Param Type="PVOID" Name="pExtraInfo" />
            <Param Type="PVOID" Name="pReserved" />
            <Return Type="DNS_STATUS" />
        </Api>
        <Api Name="DnsValidateName_" BothCharset="True">
            <Param Type="PCTSTR" Name="pszName" />
            <Param Type="DNS_NAME_FORMAT" Name="Format" />
            <Return Type="DNS_STATUS" />
        </Api>
        <Api Name="DnsWriteQuestionToBuffer_W">
            <Param Type="PDNS_MESSAGE_BUFFER" Name="pDnsBuffer" PostLength="pdwBufferSize" />
            <Param Type="PDWORD" Name="pdwBufferSize" />
            <Param Type="PCWSTR" Name="pszName" />
            <Param Type="[DnsRecordType]" Name="wType" />
            <Param Type="WORD" Name="Xid" />
            <Param Type="BOOL" Name="fRecursionDesired" />
            <Return Type="BOOL" />
        </Api>
        <Api Name="DnsCancelQuery">
            <Param Type="PDNS_QUERY_CANCEL" Name="pCancelHandle" />
            <Return Type="DNS_STATUS" />
        </Api>
        <Api Name="DnsQueryEx">
            <Param Type="PDNS_QUERY_REQUEST" Name="pQueryRequest" />
            <Param Type="PDNS_QUERY_RESULT" Name="pQueryResults" />
            <Param Type="PDNS_QUERY_CANCEL" Name="pCancelHandle" />
            <Return Type="DNS_STATUS" />
        </Api>

    </Module>
</ApiMonitor>