<!--
    API Monitor Definitions
    (c) 2010-2011, Rohitab Batra <rohitab@rohitab.com>
    http://www.rohitab.com/apimonitor/
-->
<ApiMonitor>
    <Include Filename="Headers\windows.h.xml" />
    <Include Filename="Headers\gdi.h.xml" />
    <Include Filename="Headers\shell.h.xml" />
    
    <Module Name="Dsuiext.dll" CallingConvention="STDCALL" ErrorFunc="GetLastError" OnlineHelp="MSDN">

        <!-- DSBROWSEINFO -->
        <Variable Name="DSBROWSEINFO" Type="Struct">
            <Field Type="DWORD"           	Name="cbStruct" />
            <Field Type="HWND"            	Name="hwndOwner" />
            <Field Type="LPCTSTR"          	Name="pszCaption" />
            <Field Type="LPCTSTR"          	Name="pszTitle" />
            <Field Type="LPCWSTR"         	Name="pszRoot" />
            <Field Type="LPWSTR"          	Name="pszPath" />
            <Field Type="ULONG"           	Name="cchPath" />
            <Field Type="DWORD"           	Name="dwFlags" />
            <Field Type="BFFCALLBACK"     	Name="pfnCallback" />
            <Field Type="LPARAM"          	Name="lParam" />
            <Field Type="DWORD"           	Name="dwReturnFormat" />
            <Field Type="LPCWSTR"         	Name="pUserName" />
            <Field Type="LPCWSTR"         	Name="pPassword" />
            <Field Type="LPWSTR"          	Name="pszObjectClass" />
            <Field Type="ULONG"           	Name="cchObjectClass" />
        </Variable>
        <Variable Name="PDSBROWSEINFO" Type="Pointer" Base="DSBROWSEINFO" />

        <Category Name="Security and Identity/Directory, Identity, and Access Services/Directory Services/Directories/Active Directory Domain Services/Display" />
        <Api Name="DsBrowseForContainer" BothCharset="True" OrdinalA="9" OrdinalW="10">
            <Param Type="PDSBROWSEINFO" Name="pInfo" />
            <Return Type="int" />
            <Success Return="NotEqual" Value="0" />
        </Api>
        <Api Name="DsGetFriendlyClassName" Ordinal="259">
            <Param Type="LPWSTR" Name="pszObjectClass" />
            <Param Type="LPWSTR" Name="pszBuffer" />
            <Param Type="INT" Name="cchBuffer" />
            <Return Type="HRESULT" />
        </Api>
        <Api Name="DsGetIcon" Ordinal="257">
            <Param Type="DWORD" Name="dwFlags" />
            <Param Type="LPWSTR" Name="pszObjectClass" />
            <Param Type="INT" Name="cxImage" />
            <Param Type="INT" Name="cyImage" />
            <Return Type="HICON" />
            <Success Return="NotEqual" Value="0" />
        </Api>
    </Module>
</ApiMonitor>