<!--
    API Monitor Definitions
    (c) 2013, Rohitab Batra <rohitab@rohitab.com>
    http://www.rohitab.com/apimonitor/
-->
<ApiMonitor>
    <Module Name="FirewallAPI.dll">

        <!-- api-ms-win-net-isolation-l1.dll -->
        <SourceModule Name="api-ms-win-net-isolation-l1.dll" Include="Windows\api-ms-win-net-isolation-l1.xml">
            <Api Name="NetworkIsolationDiagnoseConnectFailureAndGetInfo" />
            <Api Name="NetworkIsolationEnumAppContainers" />
            <Api Name="NetworkIsolationEnumerateAppContainerRules" />
            <Api Name="NetworkIsolationFreeAppContainers" />
            <Api Name="NetworkIsolationGetAppContainerConfig" />
            <Api Name="NetworkIsolationRegisterForAppContainerChanges" />
            <Api Name="NetworkIsolationSetAppContainerConfig" />
            <Api Name="NetworkIsolationSetupAppContainerBinaries" />
            <Api Name="NetworkIsolationUnregisterForAppContainerChanges" />
        </SourceModule>

    </Module>
</ApiMonitor>