<!--
    API Monitor Definitions
    (c) 2010-2011, Rohitab Batra <rohitab@rohitab.com>
    http://www.rohitab.com/apimonitor/
-->
<ApiMonitor>
    <Include Filename="Headers\windows.h.xml" />
    <Include Filename="Headers\sockets.h.xml" />
    <Module Name="Fwpuclnt.dll" CallingConvention="STDCALL" ErrorFunc="GetLastError" OnlineHelp="MSDN">
        <!-- Windows Sockets 2 -->
        <Category Name="Networking/Windows Sockets 2" />
        <Api Name="WSADeleteSocketPeerTargetName">
            <Param Type="SOCKET" Name="Socket" />
            <Param Type="const struct sockaddr*" Name="PeerAddr" />
            <Param Type="ULONG" Name="PeerAddrLen" />
            <Param Type="LPWSAOVERLAPPED" Name="Overlapped" />
            <Param Type="LPWSAOVERLAPPED_COMPLETION_ROUTINE" Name="CompletionRoutine" />
            <Return Type="[SocketCode-int]" />
            <Success Return="Equal" Value="0" />
        </Api>
        <Api Name="WSAImpersonateSocketPeer">
            <Param Type="SOCKET" Name="Socket" />
            <Param Type="const sockaddr*" Name="PeerAddress" />
            <Param Type="ULONG" Name="peerAddressLen" />
            <Return Type="[SocketCode-int]" />
            <Success Return="Equal" Value="0" />
        </Api>
        <Api Name="WSAQuerySocketSecurity">
            <Param Type="SOCKET" Name="Socket" />
            <Param Type="const SOCKET_SECURITY_QUERY_TEMPLATE*" Name="SecurityQueryTemplate" />
            <Param Type="ULONG" Name="SecurityQueryTemplateLen" />
            <Param Type="SOCKET_SECURITY_QUERY_INFO*" Name="SecurityQueryInfo" />
            <Param Type="ULONG*" Name="SecurityQueryInfoLen" />
            <Param Type="LPWSAOVERLAPPED" Name="Overlapped" />
            <Param Type="LPWSAOVERLAPPED_COMPLETION_ROUTINE" Name="CompletionRoutine" />
            <Return Type="[SocketCode-int]" />
            <Success Return="Equal" Value="0" />
        </Api>
        <Api Name="WSARevertImpersonation">
            <Return Type="[SocketCode-int]" />
            <Success Return="Equal" Value="0" />
        </Api>
        <Api Name="WSASetSocketPeerTargetName">
            <Param Type="SOCKET" Name="Socket" />
            <Param Type="const SOCKET_PEER_TARGET_NAME*" Name="PeerTargetName" />
            <Param Type="ULONG" Name="PeerTargetNameLen" />
            <Param Type="LPWSAOVERLAPPED" Name="Overlapped" />
            <Param Type="LPWSAOVERLAPPED_COMPLETION_ROUTINE" Name="CompletionRoutine" />
            <Return Type="[SocketCode-int]" />
            <Success Return="Equal" Value="0" />
        </Api>
        <Api Name="WSASetSocketSecurity">
            <Param Type="SOCKET" Name="Socket" />
            <Param Type="const SOCKET_SECURITY_SETTINGS*" Name="SecuritySettings" />
            <Param Type="ULONG" Name="SecuritySettingsLen" />
            <Param Type="LPWSAOVERLAPPED" Name="Overlapped" />
            <Param Type="LPWSAOVERLAPPED_COMPLETION_ROUTINE" Name="CompletionRoutine" />
            <Return Type="[SocketCode-int]" />
            <Success Return="Equal" Value="-1" />
        </Api>
    </Module>
</ApiMonitor>