<!--
    API Monitor Definitions
    (c) 2010-2011, Rohitab Batra <rohitab@rohitab.com>
    http://www.rohitab.com/apimonitor/
-->
<ApiMonitor>
    <Include Filename="Headers\windows.h.xml" />
    <Module Name="FxsUtility.dll" CallingConvention="STDCALL" ErrorFunc="GetLastError" OnlineHelp="MSDN">

        <!-- SendToMode -->
        <Variable Name="SendToMode" Type="Alias" Base="UINT">
            <Enum>
                <Set Name="SEND_TO_FAX_RECIPIENT_ATTACHMENT" Value="0" />
            </Enum>
        </Variable>

        <!-- Fax Service -->
        <Category Name="Networking/Fax Service/Fax Service Client" />
        <Api Name="CanSendToFaxRecipient">
            <Return Type="BOOL" />
            <Success />
        </Api>
        <Api Name="SendToFaxRecipient">
            <Param Type="SendToMode" Name="sndMode" />
            <Param Type="LPCWSTR" Name="lpFileName" />
            <Return Type="DWORD" />
            <Success Return="Equal" Value="0" />
        </Api>
    </Module>
</ApiMonitor>