<!--
    API Monitor Definitions
    (c) 2010-2011, Rohitab Batra <rohitab@rohitab.com>
    http://www.rohitab.com/apimonitor/
-->
<ApiMonitor>
    <Include Filename="Headers\windows.h.xml" />
    <Include Filename="Headers\ole.h.xml" />
    
    <Module Name="Gpedit.dll" CallingConvention="STDCALL" ErrorFunc="HRESULT" OnlineHelp="MSDN">
        <!-- Variables -->

        <!-- GROUP_POLICY_OBJECT_TYPE -->
        <Variable Name="GROUP_POLICY_OBJECT_TYPE" Type="Alias" Base="UINT">
            <Enum>
                <Set Name="GPOTypeLocal"		Value="0" />
                <Set Name="GPOTypeRemote"		Value="1" />
                <Set Name="GPOTypeDS"			Value="2" />
                <Set Name="GPOTypeLocalUser"	Value="3" />
                <Set Name="GPOTypeLocalGroup"   Value="4" />
            </Enum>
        </Variable>

        <!-- GROUP_POLICY_HINT_TYPE -->
        <Variable Name="GROUP_POLICY_HINT_TYPE" Type="Alias" Base="UINT">
            <Enum>
                <Set Name="GPHintUnknown"			    Value="0" />
                <Set Name="GPHintMachine"			    Value="1" />
                <Set Name="GPHintSite"			        Value="2" />
                <Set Name="GPHintDomain"			    Value="3" />
                <Set Name="GPHintOrganizationalUnit"	Value="4" />
            </Enum>
        </Variable>

        <!-- GPOBROWSEINFO -->
        <Variable Name="GPOBROWSEINFO" Type="Struct">
            <Field Type="DWORD"       	            Name="dwSize" />
            <Field Type="DWORD"       	            Name="dwFlags" />
            <Field Type="HWND"        	            Name="hwndOwner" />
            <Field Type="LPOLESTR"    	            Name="lpTitle" />
            <Field Type="LPOLESTR"    	            Name="lpInitialOU" />
            <Field Type="LPOLESTR"    	            Name="lpDSPath" />
            <Field Type="DWORD"       	            Name="dwDSPathSize" />
            <Field Type="LPOLESTR"    	            Name="lpName" />
            <Field Type="DWORD"       	            Name="dwNameSize" />
            <Field Type="GROUP_POLICY_OBJECT_TYPE"  Name="gpoType" />
            <Field Type="GROUP_POLICY_HINT_TYPE"    Name="gpoHint" />
        </Variable>
        <Variable Name="LPGPOBROWSEINFO" Type="Pointer" Base="GPOBROWSEINFO" />

        <!-- Group Policy -->
        <Category Name="System Administration/Group Policy" />
        <Api Name="BrowseForGPO">
            <Param Type="LPGPOBROWSEINFO" Name="lpBrowseInfo" />
            <Return Type="HRESULT" />
        </Api>
        <Api Name="CreateGPOLink">
            <Param Type="LPOLESTR" Name="lpGPO" />
            <Param Type="LPOLESTR" Name="lpContainer" />
            <Param Type="BOOL" Name="fHighPriority" />
            <Return Type="HRESULT" />
        </Api>
        <Api Name="DeleteAllGPOLinks">
            <Param Type="LPOLESTR" Name="lpContainer" />
            <Return Type="HRESULT" />
        </Api>
        <Api Name="DeleteGPOLink">
            <Param Type="LPOLESTR" Name="lpGPO" />
            <Param Type="LPOLESTR" Name="lpContainer" />
            <Return Type="HRESULT" />
        </Api>
        <Api Name="ExportRSoPData">
            <Param Type="LPOLESTR" Name="lpNameSpace" />
            <Param Type="LPOLESTR" Name="lpFileName" />
            <Return Type="HRESULT" />
        </Api>
        <Api Name="ImportRSoPData">
            <Param Type="LPOLESTR" Name="lpNameSpace" />
            <Param Type="LPOLESTR" Name="lpFileName" />
            <Return Type="HRESULT" />
        </Api>
    </Module>
</ApiMonitor>