<!--
    API Monitor Definitions
    (c) 2010-2012, Rohitab Batra <rohitab@rohitab.com>
    http://www.rohitab.com/apimonitor/
-->
<ApiMonitor>
    <Include Filename="Headers\windows.h.xml" />
    <Include Filename="Headers\sockets.h.xml" />
    <Include Filename="Headers\cryptography.h.xml" />
    
    <Module Name="Httpapi.dll" CallingConvention="STDCALL" ErrorFunc="HRESULT" OnlineHelp="MSDN">
        <!-- Variables -->
        <Variable Name="HTTPAPI_VERSION"                 Type="Alias"   Base="UINT" />
        <Variable Name="HTTP_OPAQUE_ID"                  Type="Alias"   Base="ULONGLONG" />
        <Variable Name="HTTP_REQUEST_ID"                 Type="Alias"   Base="HTTP_OPAQUE_ID" />
        <Variable Name="HTTP_CONNECTION_ID"              Type="Alias"   Base="HTTP_OPAQUE_ID" />
        <Variable Name="HTTP_RAW_CONNECTION_ID"          Type="Alias"   Base="HTTP_OPAQUE_ID" />
        <Variable Name="HTTP_SERVER_SESSION_ID"          Type="Alias"   Base="HTTP_OPAQUE_ID" />
        <Variable Name="PHTTP_SERVER_SESSION_ID"         Type="Pointer" Base="HTTP_SERVER_SESSION_ID" />
        <Variable Name="HTTP_URL_GROUP_ID"               Type="Alias"   Base="HTTP_OPAQUE_ID" />
        <Variable Name="PHTTP_URL_GROUP_ID"              Type="Pointer" Base="HTTP_URL_GROUP_ID" />
        <Variable Name="HTTP_URL_CONTEXT"                Type="Alias"   Base="ULONGLONG" />

        <!-- HTTP_BYTE_RANGE -->
        <Variable Name="HTTP_BYTE_RANGE" Type="Struct">
            <Field Type="ULARGE_INTEGER" 	Name="StartingOffset" />
            <Field Type="ULARGE_INTEGER" 	Name="Length" />
        </Variable>
        <Variable Name="PHTTP_BYTE_RANGE" Type="Pointer" Base="HTTP_BYTE_RANGE" />

        <!-- HTTP_DATA_CHUNK_TYPE -->
        <Variable Name="HTTP_DATA_CHUNK_TYPE" Type="Alias" Base="UINT">
            <Enum>
                <Set Name="HttpDataChunkFromMemory"             Value="0" />
                <Set Name="HttpDataChunkFromFileHandle"         Value="1" />
                <Set Name="HttpDataChunkFromFragmentCache"      Value="2" />
                <Set Name="HttpDataChunkFromFragmentCacheEx"    Value="3" />
            </Enum>
        </Variable>

        <!-- [HTTP_DATA_CHUNK_u_s1] -->
        <Variable Name="[HTTP_DATA_CHUNK_u_s1]" Type="Struct">
            <Display Name="struct" />
            <Field Type="PVOID"     Name="pBuffer" Length="BufferLength" />
            <Field Type="ULONG"     Name="BufferLength" />
        </Variable>

        <!-- [HTTP_DATA_CHUNK_u_s2] -->
        <Variable Name="[HTTP_DATA_CHUNK_u_s2]" Type="Struct">
            <Display Name="struct" />
            <Field Type="HTTP_BYTE_RANGE"   Name="ByteRange" />
            <Field Type="HANDLE"            Name="FileHandle" />
        </Variable>

        <!-- [HTTP_DATA_CHUNK_u_s3] -->
        <Variable Name="[HTTP_DATA_CHUNK_u_s3]" Type="Struct">
            <Display Name="struct" />
            <Field Type="USHORT"    Name="FragmentNameLength" />
            <Field Type="PCWSTR"    Name="pFragmentName" />
        </Variable>

        <!-- [HTTP_DATA_CHUNK_u_s4] -->
        <Variable Name="[HTTP_DATA_CHUNK_u_s4]" Type="Struct">
            <Display Name="struct" />
            <Field Type="HTTP_BYTE_RANGE"   Name="ByteRange" />
            <Field Type="PCWSTR"            Name="pFragmentName" />
        </Variable>

        <!-- [HTTP_DATA_CHUNK_u] -->
        <Variable Name="[HTTP_DATA_CHUNK_u]" Type="Union">
            <Display Name="union" />
            <Field Type="[HTTP_DATA_CHUNK_u_s1]"    Name="FromMemory" />
            <Field Type="[HTTP_DATA_CHUNK_u_s2]"    Name="FromFileHandle" />
            <Field Type="[HTTP_DATA_CHUNK_u_s3]"    Name="FromFragmentCache" />
            <Field Type="[HTTP_DATA_CHUNK_u_s4]"    Name="FromFragmentCacheEx" />
        </Variable>

        <!-- HTTP_DATA_CHUNK -->
        <Variable Name="HTTP_DATA_CHUNK" Type="Struct">
            <Field Type="HTTP_DATA_CHUNK_TYPE"  Name="DataChunkType" />
            <Field Type="[HTTP_DATA_CHUNK_u]"   Name="" />
        </Variable>
        <Variable Name="PHTTP_DATA_CHUNK" Type="Pointer" Base="HTTP_DATA_CHUNK" />

        <!-- HTTP_CACHE_POLICY_TYPE -->
        <Variable Name="HTTP_CACHE_POLICY_TYPE" Type="Alias" Base="UINT">
            <Enum>
                <Set Name="HttpCachePolicyNocache"          Value="0" />
                <Set Name="HttpCachePolicyUserInvalidates"  Value="1" />
                <Set Name="HttpCachePolicyTimeToLive"       Value="2" />
            </Enum>
        </Variable>

        <!-- HTTP_CACHE_POLICY -->
        <Variable Name="HTTP_CACHE_POLICY" Type="Struct">
            <Field Type="HTTP_CACHE_POLICY_TYPE"  	Name="Policy" />
            <Field Type="ULONG"                   	Name="SecondsToLive" />
        </Variable>
        <Variable Name="PHTTP_CACHE_POLICY" Type="Pointer" Base="HTTP_CACHE_POLICY" />

        <!-- HTTP_LOG_DATA_TYPE -->
        <Variable Name="HTTP_LOG_DATA_TYPE" Type="Alias" Base="UINT">
            <Enum>
                <Set Name="HttpLogDataTypeFields" Value="0" />
            </Enum>
        </Variable>

        <!-- HTTP_LOG_DATA -->
        <Variable Name="HTTP_LOG_DATA" Type="Struct">
            <Field Type="HTTP_LOG_DATA_TYPE" Name="Type" />
        </Variable>
        <Variable Name="PHTTP_LOG_DATA" Type="Pointer" Base="HTTP_LOG_DATA" />
        
        <!-- HTTP_SERVICE_CONFIG_ID -->
        <Variable Name="HTTP_SERVICE_CONFIG_ID" Type="Alias" Base="UINT">
            <Enum>
                <Set Name="HttpServiceConfigIPListenList"   Value="0" />
                <Set Name="HttpServiceConfigSSLCertInfo"    Value="1" />
                <Set Name="HttpServiceConfigUrlAclInfo"     Value="2" />
                <Set Name="HttpServiceConfigTimeout"        Value="3" />
                <Set Name="HttpServiceConfigMax"            Value="4" />
            </Enum>
        </Variable>
        
        <!-- HTTP_SERVER_PROPERTY -->
        <Variable Name="HTTP_SERVER_PROPERTY" Type="Alias" Base="UINT">
            <Enum>
                <Set Name="HttpServerAuthenticationProperty"            Value="0" />
                <Set Name="HttpServerLoggingProperty"                   Value="1" />
                <Set Name="HttpServerQosProperty"                       Value="2" />
                <Set Name="HttpServerTimeoutsProperty"                  Value="3" />
                <Set Name="HttpServerQueueLengthProperty"               Value="4" />
                <Set Name="HttpServerStateProperty"                     Value="5" />
                <Set Name="HttpServer503VerbosityProperty"              Value="6" />
                <Set Name="HttpServerBindingProperty"                   Value="7" />
                <Set Name="HttpServerExtendedAuthenticationProperty"    Value="8" />
                <Set Name="HttpServerListenEndpointProperty"            Value="9" />
            </Enum>
        </Variable>
        
        <!-- [HttpInitializeFlags] -->
        <Variable Name="[HttpInitializeFlags]" Type="Alias" Base="ULONG">
            <Display Name="ULONG" />
            <Flag>
                <Set Name="HTTP_INITIALIZE_SERVER"  Value="0x00000001" />
                <Set Name="HTTP_INITIALIZE_CONFIG"  Value="0x00000002" />
            </Flag>
        </Variable>

        <!-- [HTTP_REQUEST_FLAG] -->
        <Variable Name="[HTTP_REQUEST_FLAG]" Type="Alias" Base="ULONG">
            <Display Name="ULONG" />
            <Flag>
                <Set Name="HTTP_REQUEST_FLAG_MORE_ENTITY_BODY_EXISTS"   Value="0x00000001" />
                <Set Name="HTTP_REQUEST_FLAG_IP_ROUTED"                 Value="0x00000002" />
            </Flag>
        </Variable>

        <!-- HTTP_VERSION -->
        <Variable Name="HTTP_VERSION" Type="Struct">
            <Field Type="USHORT"    Name="MajorVersion" />
            <Field Type="USHORT"    Name="MinorVersion" />
        </Variable>

        <!-- HTTP_VERB -->
        <Variable Name="HTTP_VERB" Type="Alias" Base="UINT">
            <Enum>
                <Set Name="HttpVerbUnparsed"        Value="0" />
                <Set Name="HttpVerbUnknown"         Value="1" />
                <Set Name="HttpVerbInvalid"         Value="2" />
                <Set Name="HttpVerbOPTIONS"         Value="3" />
                <Set Name="HttpVerbGET"             Value="4" />
                <Set Name="HttpVerbHEAD"            Value="5" />
                <Set Name="HttpVerbPOST"            Value="6" />
                <Set Name="HttpVerbPUT"             Value="7" />
                <Set Name="HttpVerbDELETE"          Value="8" />
                <Set Name="HttpVerbTRACE"           Value="9" />
                <Set Name="HttpVerbCONNECT"         Value="10" />
                <Set Name="HttpVerbTRACK"           Value="11" />
                <Set Name="HttpVerbMOVE"            Value="12" />
                <Set Name="HttpVerbCOPY"            Value="13" />
                <Set Name="HttpVerbPROPFIND"        Value="14" />
                <Set Name="HttpVerbPROPPATCH"       Value="15" />
                <Set Name="HttpVerbMKCOL"           Value="16" />
                <Set Name="HttpVerbLOCK"            Value="17" />
                <Set Name="HttpVerbUNLOCK"          Value="18" />
                <Set Name="HttpVerbSEARCH"          Value="19" />
            </Enum>
        </Variable>

        <!-- HTTP_COOKED_URL -->
        <Variable Name="HTTP_COOKED_URL" Type="Struct">
            <Field Type="USHORT"    Name="FullUrlLength" />
            <Field Type="USHORT"    Name="HostLength" />
            <Field Type="USHORT"    Name="AbsPathLength" />
            <Field Type="USHORT"    Name="QueryStringLength" />
            <Field Type="PCWSTR"    Name="pFullUrl" />
            <Field Type="PCWSTR"    Name="pHost" />
            <Field Type="PCWSTR"    Name="pAbsPath" />
            <Field Type="PCWSTR"    Name="pQueryString" />
        </Variable>

        <!-- HTTP_TRANSPORT_ADDRESS -->
        <Variable Name="HTTP_TRANSPORT_ADDRESS" Type="Struct">
            <Field Type="PSOCKADDR"     Name="pRemoteAddress" />
            <Field Type="PSOCKADDR"     Name="pLocalAddress" />
        </Variable>

        <!-- HTTP_UNKNOWN_HEADER -->
        <Variable Name="HTTP_UNKNOWN_HEADER" Type="Struct">
            <Field Type="USHORT"    Name="NameLength" />
            <Field Type="USHORT"    Name="RawValueLength" />
            <Field Type="PCSTR"     Name="pName" />
            <Field Type="PCSTR"     Name="pRawValue" />
        </Variable>
        <Variable Name="PHTTP_UNKNOWN_HEADER" Type="Pointer" Base="HTTP_UNKNOWN_HEADER" />

        <!-- HTTP_KNOWN_HEADER -->
        <Variable Name="HTTP_KNOWN_HEADER" Type="Struct">
            <Field Type="USHORT"    Name="RawValueLength" />
            <Field Type="PCSTR"     Name="pRawValue" />
        </Variable>
        <Variable Name="HTTP_KNOWN_HEADER [HttpHeaderRequestMaximum]"   Type="Array" Base="HTTP_KNOWN_HEADER" Count="41" />
        <Variable Name="HTTP_KNOWN_HEADER [HttpHeaderResponseMaximum]"  Type="Array" Base="HTTP_KNOWN_HEADER" Count="30" />

        <!-- HTTP_REQUEST_HEADERS -->
        <Variable Name="HTTP_REQUEST_HEADERS" Type="Struct">
            <Field Type="USHORT"                                        Name="UnknownHeaderCount" />
            <Field Type="PHTTP_UNKNOWN_HEADER"                          Name="pUnknownHeaders" Count="UnknownHeaderCount" />
            <Field Type="USHORT"                                        Name="TrailerCount" />
            <Field Type="PHTTP_UNKNOWN_HEADER"                          Name="pTrailers" Count="TrailerCount" />
            <Field Type="HTTP_KNOWN_HEADER [HttpHeaderRequestMaximum]"  Name="KnownHeaders" />
        </Variable>

        <!-- HTTP_SSL_CLIENT_CERT_INFO -->
        <Variable Name="HTTP_SSL_CLIENT_CERT_INFO" Type="Struct">
            <Field Type="[CERT_TRUST_Error]"    Name="CertFlags" Display="ULONG" />
            <Field Type="ULONG"                 Name="CertEncodedSize" />
            <Field Type="PUCHAR"                Name="pCertEncoded" />
            <Field Type="HANDLE"                Name="Token" />
            <Field Type="BOOLEAN"               Name="CertDeniedByMapper" />
        </Variable>
        <Variable Name="PHTTP_SSL_CLIENT_CERT_INFO" Type="Pointer" Base="HTTP_SSL_CLIENT_CERT_INFO" />

        <!-- HTTP_SSL_INFO -->
        <Variable Name="HTTP_SSL_INFO" Type="Struct">
            <Field Type="USHORT"                        Name="ServerCertKeySize" />
            <Field Type="USHORT"                        Name="ConnectionKeySize" />
            <Field Type="ULONG"                         Name="ServerCertIssuerSize" />
            <Field Type="ULONG"                         Name="ServerCertSubjectSize" />
            <Field Type="PCSTR"                         Name="pServerCertIssuer" />
            <Field Type="PCSTR"                         Name="pServerCertSubject" />
            <Field Type="PHTTP_SSL_CLIENT_CERT_INFO"    Name="pClientCertInfo" />
            <Field Type="ULONG"                         Name="SslClientCertNegotiated" />
        </Variable>
        <Variable Name="PHTTP_SSL_INFO" Type="Pointer" Base="HTTP_SSL_INFO" />

        <!-- HTTP_REQUEST_V1 -->
        <Variable Name="HTTP_REQUEST_V1" Type="Struct">
            <Field Type="[HTTP_REQUEST_FLAG]"       Name="Flags" />
            <Field Type="HTTP_CONNECTION_ID"        Name="ConnectionId" />
            <Field Type="HTTP_REQUEST_ID"           Name="RequestId" />
            <Field Type="HTTP_URL_CONTEXT"          Name="UrlContext" />
            <Field Type="HTTP_VERSION"              Name="Version" />
            <Field Type="HTTP_VERB"                 Name="Verb" />
            <Field Type="USHORT"                    Name="UnknownVerbLength" />
            <Field Type="USHORT"                    Name="RawUrlLength" />
            <Field Type="PCSTR"                     Name="pUnknownVerb" />
            <Field Type="PCSTR"                     Name="pRawUrl" />
            <Field Type="HTTP_COOKED_URL"           Name="CookedUrl" />
            <Field Type="HTTP_TRANSPORT_ADDRESS"    Name="Address" />
            <Field Type="HTTP_REQUEST_HEADERS"      Name="Headers" />
            <Field Type="ULONGLONG"                 Name="BytesReceived" />
            <Field Type="USHORT"                    Name="EntityChunkCount" />
            <Field Type="PHTTP_DATA_CHUNK"          Name="pEntityChunks" Count="EntityChunkCount" />
            <Field Type="HTTP_RAW_CONNECTION_ID"    Name="RawConnectionId" />
            <Field Type="PHTTP_SSL_INFO"            Name="pSslInfo" />
        </Variable>

        <!-- HTTP_REQUEST_INFO_TYPE -->
        <Variable Name="HTTP_REQUEST_INFO_TYPE" Type="Alias" Base="UINT">
            <Enum>
                <Set Name="HttpRequestInfoTypeAuth"         Value="0" />
                <Set Name="HttpRequestInfoTypeChannelBind"  Value="1" />
            </Enum>
        </Variable>

        <!-- HTTP_REQUEST_INFO -->
        <Variable Name="HTTP_REQUEST_INFO" Type="Struct">
            <Field Type="HTTP_REQUEST_INFO_TYPE"    Name="InfoType" />
            <Field Type="ULONG"                     Name="InfoLength" />
            <Field Type="PVOID"                     Name="pInfo" Length="InfoLength" />
        </Variable>
        <Variable Name="PHTTP_REQUEST_INFO" Type="Pointer" Base="HTTP_REQUEST_INFO" />

        <!-- HTTP_REQUEST -->
        <Variable Name="HTTP_REQUEST" Type="Struct">
            <Field Type="HTTP_REQUEST_V1"       Name="" />
            <Field Type="USHORT"                Name="RequestInfoCount" />
            <Field Type="PHTTP_REQUEST_INFO"    Name="pRequestInfo" Count="RequestInfoCount" />
        </Variable>
        <Variable Name="PHTTP_REQUEST" Type="Pointer" Base="HTTP_REQUEST" />

        <!-- [HTTP_RESPONSE_FLAG] -->
        <Variable Name="[HTTP_RESPONSE_FLAG]" Type="Alias" Base="ULONG">
            <Display Name="ULONG" />
            <Flag>
                <Set Name="HTTP_RESPONSE_FLAG_MULTIPLE_ENCODINGS_AVAILABLE" Value="0x00000001" />
            </Flag>
        </Variable>

        <!-- HTTP_RESPONSE_HEADERS -->
        <Variable Name="HTTP_RESPONSE_HEADERS" Type="Struct">
            <Field Type="USHORT"                                            Name="UnknownHeaderCount" />
            <Field Type="PHTTP_UNKNOWN_HEADER"                              Name="pUnknownHeaders" Count="UnknownHeaderCount" />
            <Field Type="USHORT"                                            Name="TrailerCount" />
            <Field Type="PHTTP_UNKNOWN_HEADER"                              Name="pTrailers" Count="TrailerCount" />
            <Field Type="HTTP_KNOWN_HEADER [HttpHeaderResponseMaximum]"     Name="KnownHeaders" />
        </Variable>

        <!-- HTTP_RESPONSE_V1 -->
        <Variable Name="HTTP_RESPONSE_V1" Type="Struct">
            <Field Type="[HTTP_RESPONSE_FLAG]"      Name="Flags" />
            <Field Type="HTTP_VERSION"              Name="Version" />
            <Field Type="USHORT"                    Name="StatusCode" />
            <Field Type="USHORT"                    Name="ReasonLength" />
            <Field Type="PCSTR"                     Name="pReason" />
            <Field Type="HTTP_RESPONSE_HEADERS"     Name="Headers" />
            <Field Type="USHORT"                    Name="EntityChunkCount" />
            <Field Type="PHTTP_DATA_CHUNK"          Name="pEntityChunks" Count="EntityChunkCount" />
        </Variable>

        <!-- HTTP_RESPONSE_INFO_TYPE -->
        <Variable Name="HTTP_RESPONSE_INFO_TYPE" Type="Alias" Base="UINT">
            <Enum>
                <Set Name="HttpResponseInfoTypeMultipleKnownHeaders"    Value="0" />
                <Set Name="HttpResponseInfoTypeAuthenticationProperty"  Value="1" />
                <Set Name="HttpResponseInfoTypeQoSProperty"             Value="2" />
                <Set Name="HttpResponseInfoTypeChannelBind"             Value="3" />
            </Enum>
        </Variable>

        <!-- HTTP_RESPONSE_INFO -->
        <Variable Name="HTTP_RESPONSE_INFO" Type="Struct">
            <Field Type="HTTP_RESPONSE_INFO_TYPE"   Name="Type" />
            <Field Type="ULONG"                     Name="Length" />
            <Field Type="PVOID"                     Name="pInfo" Length="Length" />
        </Variable>
        <Variable Name="PHTTP_RESPONSE_INFO" Type="Pointer" Base="HTTP_RESPONSE_INFO" />

        <!-- HTTP_RESPONSE -->
        <Variable Name="HTTP_RESPONSE" Type="Struct">
            <Field Type="HTTP_RESPONSE_V1"      Name="" />
            <Field Type="USHORT"                Name="ResponseInfoCount" />
            <Field Type="PHTTP_RESPONSE_INFO"   Name="pResponseInfo" Count="ResponseInfoCount" />
        </Variable>
        <Variable Name="PHTTP_RESPONSE" Type="Pointer" Base="HTTP_RESPONSE" />

        <!-- HTTP Server -->
        <Category Name="Internet/HTTP Server/Version 1.0/General" />
        <Api Name="HttpCreateHttpHandle">
            <Param Type="PHANDLE" Name="pReqQueueHandle" />
            <Param Type="ULONG" Name="Reserved" />
            <Return Type="[ERROR_CODE_ULONG]" />
        </Api>
        <Api Name="HttpInitialize">
            <Param Type="HTTPAPI_VERSION" Name="Version" />
            <Param Type="[HttpInitializeFlags]" Name="Flags" />
            <Param Type="PVOID" Name="pReserved" />
            <Return Type="[ERROR_CODE_ULONG]" />
        </Api>
        <Api Name="HttpPrepareUrl">
            <Param Type="PVOID" Name="Reserved" />
            <Param Type="ULONG" Name="Flags" />
            <Param Type="PCWSTR" Name="Url" />
            <Param Type="PWSTR*" Name="PreparedUrl" />
            <Return Type="[ERROR_CODE_ULONG]" />
        </Api>
        <Api Name="HttpTerminate">
            <Param Type="[HttpInitializeFlags]" Name="Flags" />
            <Param Type="PVOID" Name="pReserved" />
            <Return Type="[ERROR_CODE_ULONG]" />
        </Api>
        <Category Name="Internet/HTTP Server/Version 1.0/Cache Management" />
        <Api Name="HttpAddFragmentToCache">
            <Param Type="HANDLE" Name="ReqQueueHandle" />
            <Param Type="PCWSTR" Name="pUrlPrefix" />
            <Param Type="PHTTP_DATA_CHUNK" Name="pDataChunk" />
            <Param Type="PHTTP_CACHE_POLICY" Name="pCachePolicy" />
            <Param Type="LPOVERLAPPED" Name="pOverlapped" />
            <Return Type="[ERROR_CODE_ULONG]" />
        </Api>
        <Api Name="HttpFlushResponseCache">
            <Param Type="HANDLE" Name="ReqQueueHandle" />
            <Param Type="PCWSTR" Name="pUrlPrefix" />
            <Param Type="ULONG" Name="Flags" />
            <Param Type="LPOVERLAPPED" Name="pOverlapped" />
            <Return Type="[ERROR_CODE_ULONG]" />
        </Api>
        <Api Name="HttpReadFragmentFromCache">
            <Param Type="HANDLE" Name="ReqQueueHandle" />
            <Param Type="PCWSTR" Name="pUrlPrefix" />
            <Param Type="PHTTP_BYTE_RANGE" Name="pByteRange" />
            <Param Type="PVOID" Name="pBuffer" />
            <Param Type="ULONG" Name="BufferLength" />
            <Param Type="PULONG" Name="pBytesRead" />
            <Param Type="LPOVERLAPPED" Name="pOverlapped" />
            <Return Type="[ERROR_CODE_ULONG]" />
        </Api>
        <Category Name="Internet/HTTP Server/Version 1.0/Configuration" />
        <Api Name="HttpDeleteServiceConfiguration">
            <Param Type="HANDLE" Name="ServiceHandle" />
            <Param Type="HTTP_SERVICE_CONFIG_ID" Name="ConfigId" />
            <Param Type="PVOID" Name="pConfigInformation" />
            <Param Type="ULONG" Name="ConfigInformationLength" />
            <Param Type="LPOVERLAPPED" Name="pOverlapped" />
            <Return Type="[ERROR_CODE_ULONG]" />
        </Api>
        <Api Name="HttpQueryServiceConfiguration">
            <Param Type="HANDLE" Name="ServiceHandle" />
            <Param Type="HTTP_SERVICE_CONFIG_ID" Name="ConfigId" />
            <Param Type="PVOID" Name="pInputConfigInfo" />
            <Param Type="ULONG" Name="InputConfigInfoLength" />
            <Param Type="PVOID" Name="pOutputConfigInfo" />
            <Param Type="ULONG" Name="OutputConfigInfoLength" />
            <Param Type="PULONG" Name="pReturnLength" />
            <Param Type="LPOVERLAPPED" Name="pOverlapped" />
            <Return Type="[ERROR_CODE_ULONG]" />
        </Api>
        <Api Name="HttpSetServiceConfiguration">
            <Param Type="HANDLE" Name="ServiceHandle" />
            <Param Type="HTTP_SERVICE_CONFIG_ID" Name="ConfigId" />
            <Param Type="PVOID" Name="pConfigInformation" />
            <Param Type="ULONG" Name="ConfigInformationLength" />
            <Param Type="LPOVERLAPPED" Name="pOverlapped" />
            <Return Type="[ERROR_CODE_ULONG]" />
        </Api>
        <Category Name="Internet/HTTP Server/Version 1.0/Input and Output" />
        <Api Name="HttpReceiveHttpRequest">
            <Param Type="HANDLE" Name="ReqQueueHandle" />
            <Param Type="HTTP_REQUEST_ID" Name="RequestId" />
            <Param Type="ULONG" Name="Flags" />
            <Param Type="PHTTP_REQUEST" Name="pRequestBuffer" />
            <Param Type="ULONG" Name="RequestBufferLength" />
            <Param Type="PULONG" Name="pBytesReceived" />
            <Param Type="LPOVERLAPPED" Name="pOverlapped" />
            <Return Type="[ERROR_CODE_ULONG]" />
        </Api>
        <Api Name="HttpReceiveRequestEntityBody">
            <Param Type="HANDLE" Name="ReqQueueHandle" />
            <Param Type="HTTP_REQUEST_ID" Name="RequestId" />
            <Param Type="ULONG" Name="Flags" />
            <Param Type="PVOID" Name="pBuffer" />
            <Param Type="ULONG" Name="BufferLength" />
            <Param Type="PULONG" Name="pBytesReceived" />
            <Param Type="LPOVERLAPPED" Name="pOverlapped" />
            <Return Type="[ERROR_CODE_ULONG]" />
        </Api>
        <Api Name="HttpSendHttpResponse">
            <Param Type="HANDLE" Name="ReqQueueHandle" />
            <Param Type="HTTP_REQUEST_ID" Name="RequestId" />
            <Param Type="ULONG" Name="Flags" />
            <Param Type="PHTTP_RESPONSE" Name="pHttpResponse" />
            <Param Type="PHTTP_CACHE_POLICY" Name="pCachePolicy" />
            <Param Type="PULONG" Name="pBytesSent" />
            <Param Type="PVOID" Name="pReserved2" />
            <Param Type="ULONG" Name="Reserved3" />
            <Param Type="LPOVERLAPPED" Name="pOverlapped" />
            <Param Type="PHTTP_LOG_DATA" Name="pLogData" />
            <Return Type="[ERROR_CODE_ULONG]" />
        </Api>
        <Api Name="HttpSendResponseEntityBody">
            <Param Type="HANDLE" Name="ReqQueueHandle" />
            <Param Type="HTTP_REQUEST_ID" Name="RequestId" />
            <Param Type="ULONG" Name="Flags" />
            <Param Type="USHORT" Name="EntityChunkCount" />
            <Param Type="PHTTP_DATA_CHUNK" Name="pEntityChunks" />
            <Param Type="PULONG" Name="pBytesSent" />
            <Param Type="PVOID" Name="pReserved1" />
            <Param Type="ULONG" Name="Reserved2" />
            <Param Type="LPOVERLAPPED" Name="pOverlapped" />
            <Param Type="PHTTP_LOG_DATA" Name="pLogData" />
            <Return Type="[ERROR_CODE_ULONG]" />
        </Api>
        <Api Name="HttpWaitForDisconnect">
            <Param Type="HANDLE" Name="ReqQueueHandle" />
            <Param Type="HTTP_CONNECTION_ID" Name="ConnectionId" />
            <Param Type="LPOVERLAPPED" Name="pOverlapped" />
            <Return Type="[ERROR_CODE_ULONG]" />
        </Api>
        <Category Name="Internet/HTTP Server/Version 1.0/SSL" />
        <Api Name="HttpReceiveClientCertificate">
            <Param Type="HANDLE" Name="ReqQueueHandle" />
            <Param Type="HTTP_CONNECTION_ID" Name="ConnectionId" />
            <Param Type="ULONG" Name="Flags" />
            <Param Type="PHTTP_SSL_CLIENT_CERT_INFO" Name="pSslClientCertInfo" />
            <Param Type="ULONG" Name="SslClientCertInfoSize" />
            <Param Type="PULONG" Name="pBytesReceived" />
            <Param Type="LPOVERLAPPED" Name="pOverlapped" />
            <Return Type="[ERROR_CODE_ULONG]" />
        </Api>
        <Category Name="Internet/HTTP Server/Version 1.0/URL Registration" />
        <Api Name="HttpAddUrl">
            <Param Type="HANDLE" Name="ReqQueueHandle" />
            <Param Type="PCWSTR" Name="pFullyQualifiedUrl" />
            <Param Type="PVOID" Name="pReserved" />
            <Return Type="[ERROR_CODE_ULONG]" />
        </Api>
        <Api Name="HttpRemoveUrl">
            <Param Type="HANDLE" Name="ReqQueueHandle" />
            <Param Type="PCWSTR" Name="pFullyQualifiedUrl" />
            <Return Type="[ERROR_CODE_ULONG]" />
        </Api>
        <Category Name="Internet/HTTP Server/Version 2.0/Server Session" />
        <Api Name="HttpCloseServerSession">
            <Param Type="HTTP_SERVER_SESSION_ID" Name="ServerSessionId" />
            <Return Type="[ERROR_CODE_ULONG]" />
        </Api>
        <Api Name="HttpCreateServerSession">
            <Param Type="HTTPAPI_VERSION" Name="Version" />
            <Param Type="PHTTP_SERVER_SESSION_ID" Name="pServerSessionId" />
            <Param Type="ULONG" Name="Reserved" />
            <Return Type="[ERROR_CODE_ULONG]" />
        </Api>
        <Api Name="HttpQueryServerSessionProperty">
            <Param Type="HTTP_SERVER_SESSION_ID" Name="ServerSessionId" />
            <Param Type="HTTP_SERVER_PROPERTY" Name="Property" />
            <Param Type="PVOID" Name="pPropertyInformation" PostLength="pReturnLength" />
            <Param Type="ULONG" Name="PropertyInformationLength" />
            <Param Type="PULONG" Name="pReturnLength" />
            <Return Type="[ERROR_CODE_ULONG]" />
        </Api>
        <Api Name="HttpSetServerSessionProperty">
            <Param Type="HTTP_SERVER_SESSION_ID" Name="ServerSessionId" />
            <Param Type="HTTP_SERVER_PROPERTY" Name="Property" />
            <Param Type="PVOID" Name="pPropertyInformation" Length="PropertyInformationLength" />
            <Param Type="ULONG" Name="PropertyInformationLength" />
            <Return Type="[ERROR_CODE_ULONG]" />
        </Api>
        <Category Name="Internet/HTTP Server/Version 2.0/URL Groups" />
        <Api Name="HttpAddUrlToUrlGroup">
            <Param Type="HTTP_URL_GROUP_ID" Name="UrlGroupId" />
            <Param Type="PCWSTR" Name="pFullyQualifiedUrl" />
            <Param Type="HTTP_URL_CONTEXT" Name="UrlContext" />
            <Param Type="ULONG" Name="Reserved" />
            <Return Type="[ERROR_CODE_ULONG]" />
        </Api>
        <Api Name="HttpCreateUrlGroup">
            <Param Type="HTTP_SERVER_SESSION_ID" Name="ServerSessionId" />
            <Param Type="PHTTP_URL_GROUP_ID" Name="pUrlGroupId" />
            <Param Type="ULONG" Name="Reserved" />
            <Return Type="[ERROR_CODE_ULONG]" />
        </Api>
        <Api Name="HttpCloseUrlGroup">
            <Param Type="HTTP_URL_GROUP_ID" Name="UrlGroupId" />
            <Return Type="[ERROR_CODE_ULONG]" />
        </Api>
        <Api Name="HttpQueryUrlGroupProperty">
            <Param Type="HTTP_URL_GROUP_ID" Name="UrlGroupId" />
            <Param Type="HTTP_SERVER_PROPERTY" Name="Property" />
            <Param Type="PVOID" Name="pPropertyInformation" PostLength="pReturnLength" />
            <Param Type="ULONG" Name="PropertyInformationLength" />
            <Param Type="PULONG" Name="pReturnLength" />
            <Return Type="[ERROR_CODE_ULONG]" />
        </Api>
        <Api Name="HttpRemoveUrlFromUrlGroup">
            <Param Type="HTTP_URL_GROUP_ID" Name="UrlGroupId" />
            <Param Type="PCWSTR" Name="pFullyQualifiedUrl" />
            <Param Type="ULONG" Name="Flags" />
            <Return Type="[ERROR_CODE_ULONG]" />
        </Api>
        <Api Name="HttpSetUrlGroupProperty">
            <Param Type="HTTP_URL_GROUP_ID" Name="UrlGroupId" />
            <Param Type="HTTP_SERVER_PROPERTY" Name="Property" />
            <Param Type="PVOID" Name="pPropertyInformation" Length="PropertyInformationLength" />
            <Param Type="ULONG" Name="PropertyInformationLength" />
            <Return Type="[ERROR_CODE_ULONG]" />
        </Api>
        <Category Name="Internet/HTTP Server/Version 2.0/Request Queue" />
        <Api Name="HttpCloseRequestQueue">
            <Param Type="HANDLE" Name="ReqQueueHandle" />
            <Return Type="[ERROR_CODE_ULONG]" />
        </Api>
        <Api Name="HttpCreateRequestQueue">
            <Param Type="HTTPAPI_VERSION" Name="Version" />
            <Param Type="PCWSTR" Name="pName" />
            <Param Type="PSECURITY_ATTRIBUTES" Name="pSecurityAttributes" />
            <Param Type="ULONG" Name="Flags" />
            <Param Type="PHANDLE" Name="pReqQueueHandle" />
            <Return Type="[ERROR_CODE_ULONG]" />
        </Api>
        <Api Name="HttpSetRequestQueueProperty">
            <Param Type="HANDLE" Name="Handle" />
            <Param Type="HTTP_SERVER_PROPERTY" Name="Property" />
            <Param Type="PVOID" Name="pPropertyInformation" Length="PropertyInformationLength" />
            <Param Type="ULONG" Name="PropertyInformationLength" />
            <Param Type="ULONG" Name="Reserved" />
            <Param Type="PVOID" Name="pReserved" />
            <Return Type="[ERROR_CODE_ULONG]" />
        </Api>
        <Api Name="HttpWaitForDemandStart">
            <Param Type="HANDLE" Name="ReqQueueHandle" />
            <Param Type="LPOVERLAPPED" Name="pOverlapped" />
            <Return Type="[ERROR_CODE_ULONG]" />
        </Api>
    </Module>
</ApiMonitor>