<!--
    API Monitor Definitions
    (c) 2010-2011, Rohitab Batra <rohitab@rohitab.com>
    http://www.rohitab.com/apimonitor/
-->
<ApiMonitor>
    <Include Filename="Headers\windows.h.xml" />
    <Include Filename="Headers\ip.h.xml" />
    <Module Name="Icmp.dll" CallingConvention="STDCALL" ErrorFunc="GetLastError" OnlineHelp="MSDN">
        <!-- IP Helper on Windows 2000 Server and Windows 2000 Professional -->
        <Category Name="Networking/IP Helper" />
        <Api Name="IcmpCloseHandle">
            <Param Type="HANDLE" Name="IcmpHandle" />
            <Return Type="BOOL" />
        </Api>
        <Api Name="IcmpCreateFile">
            <Return Type="HANDLE" />
            <Success Return="NotEqual" Value="0" />
        </Api>
        <Api Name="IcmpParseReplies">
            <Param Type="LPVOID" Name="ReplyBuffer" Length="ReplySize" />
            <Param Type="DWORD" Name="ReplySize" />
            <Return Type="DWORD" />
            <Success Return="NotEqual" Value="0" />
        </Api>
        <Api Name="IcmpSendEcho">
            <Param Type="HANDLE" Name="IcmpHandle" />
            <Param Type="IPAddr" Name="DestinationAddress" />
            <Param Type="LPVOID" Name="RequestData" Length="RequestSize" />
            <Param Type="WORD" Name="RequestSize" />
            <Param Type="PIP_OPTION_INFORMATION" Name="RequestOptions" />
            <Param Type="LPVOID" Name="ReplyBuffer" PostLength="ReplySize" />
            <Param Type="DWORD" Name="ReplySize" />
            <Param Type="DWORD" Name="Timeout" />
            <Return Type="DWORD" />
            <Success Return="NotEqual" Value="0" />
        </Api>
        <Api Name="IcmpSendEcho2">
            <Param Type="HANDLE" Name="IcmpHandle" />
            <Param Type="HANDLE" Name="Event" />
            <Param Type="PIO_APC_ROUTINE" Name="ApcRoutine" />
            <Param Type="PVOID" Name="ApcContext" />
            <Param Type="IPAddr" Name="DestinationAddress" />
            <Param Type="LPVOID" Name="RequestData" Length="RequestSize" />
            <Param Type="WORD" Name="RequestSize" />
            <Param Type="PIP_OPTION_INFORMATION" Name="RequestOptions" />
            <Param Type="LPVOID" Name="ReplyBuffer" PostLength="ReplySize" />
            <Param Type="DWORD" Name="ReplySize" />
            <Param Type="DWORD" Name="Timeout" />
            <Return Type="DWORD" />
            <Success Return="NotEqual" Value="0" />
        </Api>
    </Module>
</ApiMonitor>