<!--
    API Monitor Definitions
    (c) 2012, Rohitab Batra <rohitab@rohitab.com>
    http://www.rohitab.com/apimonitor/
-->
<ApiMonitor>
    <Include Filename="Headers\windows.h.xml" />
    <Include Filename="Headers\gdi.h.xml" />
    
    <Module Name="Icmui.dll" CallingConvention="STDCALL" ErrorFunc="GetLastError" OnlineHelp="MSDN">
        
        <!-- Variables -->
        <Variable Name="PCMSCALLBACK"   Type="Alias"    Base="LPVOID" />

        <!-- [CMS_FLAGS] -->
        <Variable Name="[CMS_FLAGS]" Type="Alias" Base="DWORD">
            <Display Name="DWORD" />
            <Flag>
                <Set Name="CMS_DISABLEICM"              Value="1" />
                <Set Name="CMS_ENABLEPROOFING"          Value="2" />
                <Set Name="CMS_SETRENDERINTENT"         Value="4" />
                <Set Name="CMS_SETPROOFINTENT"          Value="8" />
                <Set Name="CMS_SETMONITORPROFILE"       Value="0x10" />
                <Set Name="CMS_SETPRINTERPROFILE"       Value="0x20" />
                <Set Name="CMS_SETTARGETPROFILE"        Value="0x40" />
                <Set Name="CMS_USEHOOK"                 Value="0x80" />
                <Set Name="CMS_USEAPPLYCALLBACK"        Value="0x100" />
                <Set Name="CMS_USEDESCRIPTION"          Value="0x200" />
                <Set Name="CMS_DISABLEINTENT"           Value="0x400" />
                <Set Name="CMS_DISABLERENDERINTENT"     Value="0x800" />
                <Set Name="CMS_MONITOROVERFLOW"         Value="0x80000000" />
                <Set Name="CMS_PRINTEROVERFLOW"         Value="0x40000000" />
                <Set Name="CMS_TARGETOVERFLOW"          Value="0x20000000" />
            </Flag>
        </Variable>

        <!-- COLORMATCHSETUP -->
        <Variable Name="COLORMATCHSETUP" Type="Struct">
            <Field Type="DWORD"         Name="dwSize" />
            <Field Type="DWORD"         Name="dwVersion" />
            <Field Type="[CMS_FLAGS]"   Name="dwFlags" />
            <Field Type="HWND"          Name="hwndOwner" />
            <Field Type="PCTSTR"        Name="pSourceName" />
            <Field Type="PCTSTR"        Name="pDisplayName" />
            <Field Type="PCTSTR"        Name="pPrinterName" />
            <Field Type="DWORD"         Name="dwRenderIntent" />
            <Field Type="DWORD"         Name="dwProofingIntent" />
            <Field Type="PTSTR"         Name="pMonitorProfile" />
            <Field Type="DWORD"         Name="ccMonitorProfile" />
            <Field Type="PTSTR"         Name="pPrinterProfile" />
            <Field Type="DWORD"         Name="ccPrinterProfile" />
            <Field Type="PTSTR"         Name="pTargetProfile" />
            <Field Type="DWORD"         Name="ccTargetProfile" />
            <Field Type="DLGPROC"       Name="lpfnHook" />
            <Field Type="LPARAM"        Name="lParam" />
            <Field Type="PCMSCALLBACK"  Name="lpfnApplyCallback" />
            <Field Type="LPARAM"        Name="lParamApplyCallback" />
        </Variable>
        <Variable Name="PCOLORMATCHSETUP" Type="Pointer" Base="COLORMATCHSETUP" />

        <!-- Windows Color System/Advanced -->
        <Category Name="Graphics and Gaming/Legacy Graphics/Windows Color System/Advanced" />

        <Api Name="SetupColorMatching" BothCharset="True">
            <Param Type="PCOLORMATCHSETUP" Name="pcms" />
            <Return Type="BOOL" />
        </Api>

    </Module>
</ApiMonitor>