<!--
    API Monitor Definitions
    (c) 2010-2011, Rohitab Batra <rohitab@rohitab.com>
    http://www.rohitab.com/apimonitor/
-->
<ApiMonitor>
    <Include Filename="Headers\windows.h.xml" />
    <Module Name="Idndl.dll" CallingConvention="STDCALL" ErrorFunc="GetLastError" OnlineHelp="MSDN">
        <!-- National Language Support -->
        <Category Name="Windows Application UI Development/Internationalization for Windows Applications/Globalization Services/National Language Support" />
        <Api Name="DownlevelGetLocaleScripts">
            <Param Type="LPCWSTR" Name="lpLocaleName" />
            <Param Type="LPWSTR" Name="lpScripts" />
            <Param Type="int" Name="cchScripts" />
            <Return Type="int" />
            <Success Return="NotEqual" Value="0" />
        </Api>
        <Api Name="DownlevelGetStringScripts">
            <Param Type="DWORD" Name="dwFlags" />
            <Param Type="LPCWSTR" Name="lpString" />
            <Param Type="int" Name="cchString" />
            <Param Type="LPWSTR" Name="lpScripts" />
            <Param Type="int" Name="cchScripts" />
            <Return Type="int" />
            <Success Return="NotEqual" Value="0" />
        </Api>
        <Api Name="DownlevelVerifyScripts">
            <Param Type="DWORD" Name="dwFlags" />
            <Param Type="LPCWSTR" Name="lpLocaleScripts" />
            <Param Type="int" Name="cchLocaleScripts" />
            <Param Type="LPCWSTR" Name="lpTestScripts" />
            <Param Type="int" Name="cchTestScripts" />
            <Return Type="BOOL" />
        </Api>
    </Module>
</ApiMonitor>