<!--
    API Monitor Definitions
    (c) 2010-2011, Rohitab Batra <rohitab@rohitab.com>
    http://www.rohitab.com/apimonitor/
-->
<ApiMonitor>
    <Include Filename="Headers\windows.h.xml" />
    <Include Filename="Headers\registry.h.xml" />
    <Module Name="ieframe.dll" CallingConvention="STDCALL" ErrorFunc="HRESULT" OnlineHelp="MSDN">

        <!-- IELAUNCHURLINFO -->
        <Variable Name="IELAUNCHURLINFO" Type="Struct">
            <Field Type="DWORD" 	Name="cbSize" />
            <Field Type="DWORD" 	Name="dwCreationFlags" />
            <Field Type="DWORD" 	Name="dwLaunchOptionFlags" />
        </Variable>
        <Variable Name="LPIELAUNCHURLINFO" Type="Pointer" Base="IELAUNCHURLINFO" />

        <!-- Internet Explorer Protected Mode -->
        <Category Name="Web Development/Internet Explorer Development/Security and Privacy/Protected Mode" />
        <Api Name="IECancelSaveFile">
            <Param Type="HANDLE" Name="hState" />
            <Return Type="HRESULT" />
        </Api>
        <Api Name="IECreateDirectory">
            <Param Type="LPCWSTR" Name="lpPathName" />
            <Param Type="LPSECURITY_ATTRIBUTES" Name="lpSecurityAttributes" />
            <Return Type="BOOL" />
        </Api>
        <Api Name="IECreateFile">
            <Param Type="LPCWSTR" Name="lpFileName" />
            <Param Type="DWORD" Name="dwDesiredAccess" />
            <Param Type="DWORD" Name="dwShareMode" />
            <Param Type="LPSECURITY_ATTRIBUTES" Name="lpSecurityAttributes" />
            <Param Type="DWORD" Name="dwCreationDisposition" />
            <Param Type="DWORD" Name="dwFlagsAndAttributes" />
            <Param Type="HANDLE" Name="hTemplateFile" />
            <Return Type="HANDLE" />
            <Success Return="NotEqual" Value="0" />
        </Api>
        <Api Name="IEDeleteFile">
            <Param Type="LPCWSTR" Name="lpFileName" />
            <Return Type="BOOL" />
        </Api>
        <Api Name="IEFindFirstFile">
            <Param Type="LPCWSTR" Name="lpFileName" />
            <Param Type="LPWIN32_FIND_DATA" Name="lpFindFileData" />
            <Return Type="HANDLE" />
            <Success Return="NotEqual" Value="0" />
        </Api>
        <Api Name="IEGetFileAttributesEx">
            <Param Type="LPCWSTR" Name="lpFileName" />
            <Param Type="GET_FILEEX_INFO_LEVELS" Name="fInfoLevelId" />
            <Param Type="LPVOID" Name="lpFileInformation" />
            <Return Type="BOOL" />
        </Api>
        <Api Name="IEGetProtectedModeCookie">
            <Param Type="LPCWSTR" Name="lpszURL" />
            <Param Type="LPCWSTR" Name="lpszCookieName" />
            <Param Type="LPWSTR" Name="pszCookieData" />
            <Param Type="DWORD*" Name="pcchCookieData" />
            <Param Type="DWORD" Name="dwFlags" />
            <Return Type="HRESULT" />
        </Api>
        <Api Name="IEGetWriteableFolderPath">
            <Param Type="GUID" Name="clsidFolderID" />
            <Param Type="LPWSTR*" Name="lppwstrPath" />
            <Return Type="HRESULT" />
        </Api>
        <Api Name="IEGetWriteableHKCU">
            <Param Type="HKEY*" Name="phKey" />
            <Return Type="HRESULT" />
        </Api>
        <Api Name="IEIsProtectedModeProcess">
            <Param Type="BOOL*" Name="pbResult" />
            <Return Type="HRESULT" />
        </Api>
        <Api Name="IEIsProtectedModeURL">
            <Param Type="LPCWSTR" Name="pszUrl" />
            <Return Type="HRESULT" />
        </Api>
        <Api Name="IELaunchURL">
            <Param Type="LPCWSTR" Name="pszUrl" />
            <Param Type="LPPROCESS_INFORMATION" Name="pProcInfo" />
            <Param Type="LPIELAUNCHURLINFO" Name="lpInfo" />
            <Return Type="HRESULT" />
        </Api>
        <Api Name="IEMoveFileEx">
            <Param Type="LPCWSTR" Name="lpExistingFileName" />
            <Param Type="LPCWSTR" Name="lpNewFileName" />
            <Param Type="DWORD" Name="dwFlags" />
            <Return Type="BOOL" />
        </Api>
        <Api Name="IERefreshElevationPolicy">
            <Return Type="HRESULT" />
        </Api>
        <Api Name="IERegCreateKeyEx">
            <Param Type="LPCWSTR" Name="lpSubKey" />
            <Param Type="DWORD" Name="reserved" />
            <Param Type="LPWSTR" Name="lpClass" />
            <Param Type="DWORD" Name="dwOptions" />
            <Param Type="REGSAM" Name="samDesired" />
            <Param Type="LPSECURITY_ATTRIBUTES" Name="lpSecurityAttributes" />
            <Param Type="PHKEY" Name="phkResult" />
            <Param Type="LPDWORD" Name="lpdwDisposition" />
            <Return Type="HRESULT" />
        </Api>
        <Api Name="IERegisterWritableRegistryKey">
            <Param Type="GUID" Name="guid" />
            <Param Type="LPCWSTR" Name="lpSubkey" />
            <Param Type="BOOL" Name="fSubkeyAllowed" />
            <Return Type="HRESULT" />
        </Api>
        <Api Name="IERegisterWritableRegistryValue">
            <Param Type="GUID" Name="guid" />
            <Param Type="LPCWSTR" Name="lpPath" />
            <Param Type="LPCWSTR" Name="lpValueName" />
            <Param Type="DWORD" Name="dwType" />
            <Param Type="const BYTE*" Name="lpData" />
            <Param Type="DWORD" Name="cbMaxData" />
            <Return Type="HRESULT" />
        </Api>
        <Api Name="IERegSetValueEx">
            <Param Type="LPCWSTR" Name="lpSubKey" />
            <Param Type="LPCWSTR" Name="lpValueName" />
            <Param Type="DWORD" Name="Reserved" />
            <Param Type="DWORD" Name="dwType" />
            <Param Type="const BYTE*" Name="lpData" />
            <Param Type="DWORD" Name="cbData" />
            <Return Type="HRESULT" />
        </Api>
        <Api Name="IERemoveDirectory">
            <Param Type="LPCWSTR" Name="lpPathName" />
            <Return Type="BOOL" />
        </Api>
        <Api Name="IESaveFile">
            <Param Type="HANDLE" Name="hState" />
            <Param Type="LPWSTR" Name="lpwstrSourceFile" />
            <Return Type="HRESULT" />
        </Api>
        <Api Name="IESetProtectedModeCookie">
            <Param Type="LPCWSTR" Name="lpszURL" />
            <Param Type="LPCWSTR" Name="lpszCookieName" />
            <Param Type="LPWSTR" Name="pszCookieData" />
            <Param Type="DWORD" Name="dwFlags" />
            <Return Type="HRESULT" />
        </Api>
        <Api Name="IEShowSaveFileDialog">
            <Param Type="HWND" Name="hwnd" />
            <Param Type="LPWSTR" Name="lpwstrInitialFileName" />
            <Param Type="LPWSTR" Name="lpwstrInitialDir" />
            <Param Type="LPCWSTR" Name="lpwstrFilter" />
            <Param Type="LPCWSTR" Name="lpwstrDefExt" />
            <Param Type="DWORD" Name="dwFilterIndex" />
            <Param Type="DWORD" Name="dwFlags" />
            <Param Type="LPWSTR*" Name="lppwstrDestinationFilePath" />
            <Param Type="HANDLE*" Name="phState" />
            <Return Type="HRESULT" />
        </Api>
        <Api Name="IEUnregisterWritableRegistry">
            <Param Type="GUID" Name="guid" />
            <Return Type="HRESULT" />
        </Api>
    </Module>
</ApiMonitor>