<!--
    API Monitor Definitions
    (c) 2010-2012, Rohitab Batra <rohitab@rohitab.com>
    http://www.rohitab.com/apimonitor/
-->
<ApiMonitor>
    <Include Filename="Headers\windows.h.xml" />
    <Include Filename="Headers\registry.h.xml" />

    <Module Name="input.dll" CallingConvention="STDCALL" ErrorFunc="HRESULT" OnlineHelp="MSDN">

        <!-- [LOTP_TYPE] -->
        <Variable Name="[LOTP_TYPE]" Type="Alias" Base="DWORD">
            <Display Name="DWORD" />
            <Flag>
                <Set Name="LOTP_INPUTPROCESSOR"     Value="1" />
                <Set Name="LOTP_KEYBOARDLAYOUT"     Value="2" />
            </Flag>
        </Variable>

        <!-- LAYOUTORTIPPROFILE -->
        <Variable Name="LAYOUTORTIPPROFILE" Type="Struct">
            <Field Type="[LOTP_TYPE]"       Name="dwProfileType" />
            <Field Type="LANGID"            Name="langid" />
            <Field Type="CLSID"             Name="clsid" />
            <Field Type="GUID"              Name="guidProfile" />
            <Field Type="GUID"              Name="catid" />
            <Field Type="DWORD"             Name="dwSubstituteLayout" />
            <Field Type="DWORD"             Name="dwFlags" />
            <Field Type="WCHAR [MAX_PATH]"  Name="szId" />
        </Variable>
        <Variable Name="LAYOUTORTIPPROFILE*" Type="Pointer" Base="LAYOUTORTIPPROFILE" />

        <!-- [LAYOUTORTIP_Flags] -->
        <Variable Name="[LAYOUTORTIP_Flags]" Type="Alias" Base="DWORD">
            <Display Name="DWORD" />
            <Flag>
                <Set Name="LOT_DEFAULT"     Value="0x0001" />
                <Set Name="LOT_DISABLED"    Value="0x0002" />
            </Flag>
        </Variable>

        <!-- LAYOUTORTIP -->
        <Variable Name="LAYOUTORTIP" Type="Struct">
            <Field Type="[LAYOUTORTIP_Flags]"   Name="dwFlags" />
            <Field Type="WCHAR [MAX_PATH]"      Name="szId" />
            <Field Type="WCHAR [MAX_PATH]"      Name="szName" />
        </Variable>
        <Variable Name="LAYOUTORTIP*" Type="Pointer" Base="LAYOUTORTIP" />

        <Variable Name="[IlotFlags]" Type="Alias" Base="DWORD">
            <Display Name="DWORD" />
            <Flag>
                <Set Name="ILOT_UNINSTALL"                  Value="0x00000001" />
                <Set Name="ILOT_DEFPROFILE"                 Value="0x00000002" />
                <Set Name="ILOT_DEFUSER4"                   Value="0x00000004" />
                <Set Name="ILOT_SYSLOCALE"                  Value="0x00000008" />
                <Set Name="ILOT_NOLOCALETOENUMERATE"        Value="0x00000010" />
                <Set Name="ILOT_NOAPPLYTOCURRENTSESSION"    Value="0x00000020" />
                <Set Name="ILOT_CLEANINSTALL"               Value="0x00000040" />
                <Set Name="ILOT_DISABLED"                   Value="0x00000080" />
            </Flag>
        </Variable>
        
        <Variable Name="[SdlotFlags]" Type="Alias" Base="DWORD">
            <Display Name="DWORD" />
            <Flag>
                <Set Name="SDLOT_NOAPPLYTOCURRENTSESSION"   Value="0x00000001" />
                <Set Name="SDLOT_APPLYTOCURRENTTHREAD"      Value="0x00000002" />
            </Flag>
        </Variable>
        
        <!-- Text Services Framework -->
        <Category Name="Windows Application UI Development/User Interaction/Text Services Framework" />
        <Api Name="EnumEnabledLayoutOrTip">
            <Param Type="LPCWSTR" Name="pszUserSidString" />
            <Param Type="LAYOUTORTIPPROFILE*" Name="pLayoutOrTipProfile" />
            <Param Type="UINT" Name="uBufLength" />
            <Return Type="UINT" />
            <Success Return="NotEqual" Value="0" />
        </Api>
        <Api Name="EnumLayoutOrTipForSetup">
            <Param Type="UINT" Name="uBufLength" />
            <Param Type="LAYOUTORTIP*" Name="pLayoutOrTip" />
            <Param Type="UINT" Name="uBufLength" />
            <Param Type="DWORD" Name="dwFlags" />
            <Return Type="UINT" />
            <Success Return="NotEqual" Value="0" />
        </Api>
        <Api Name="InstallLayoutOrTip">
            <Param Type="LPCWSTR" Name="psz" />
            <Param Type="[IlotFlags]" Name="dwFlags" />
            <Return Type="BOOL" />
        </Api>
        <Api Name="InstallLayoutOrTipUserReg">
            <Param Type="LPCWSTR" Name="pszUserReg" />
            <Param Type="LPCWSTR" Name="pszSystemReg" />
            <Param Type="LPCWSTR" Name="pszSoftwareReg" />
            <Param Type="LPCWSTR" Name="psz" />
            <Param Type="[IlotFlags]" Name="dwFlags" />
            <Return Type="BOOL" />
        </Api>
        <Api Name="QueryLayoutOrTipString">
            <Param Type="LPCWSTR" Name="psz" />
            <Param Type="DWORD" Name="dwFlags" />
            <Return Type="HRESULT" />
        </Api>
        <Api Name="QueryLayoutOrTipStringUserReg">
            <Param Type="LPCWSTR" Name="pszUserReg" />
            <Param Type="LPCWSTR" Name="pszSystemReg" />
            <Param Type="LPCWSTR" Name="pszSoftwareReg" />
            <Param Type="LPCWSTR" Name="psz" />
            <Param Type="DWORD" Name="dwFlags" />
            <Return Type="HRESULT" />
        </Api>
        <Api Name="SaveDefaultUserInputSettings">
            <Param Type="HWND" Name="hwndParent" />
            <Param Type="HKEY" Name="hSourceRegKey" />
            <Return Type="BOOL" />
        </Api>
        <Api Name="SaveSystemAcctInputSettings">
            <Param Type="HWND" Name="hwndParent" />
            <Param Type="HKEY" Name="hSourceRegKey" />
            <Return Type="BOOL" />
        </Api>
        <Api Name="SetDefaultLayoutOrTip">
            <Param Type="LPCWSTR" Name="psz" />
            <Param Type="[SdlotFlags]" Name="dwFlags" />
            <Return Type="BOOL" />
        </Api>
        <Api Name="SetDefaultLayoutOrTipUserReg">
            <Param Type="LPCWSTR" Name="pszUserReg" />
            <Param Type="LPCWSTR" Name="pszSystemReg" />
            <Param Type="LPCWSTR" Name="pszSoftwareReg" />
            <Param Type="LPCWSTR" Name="psz" />
            <Param Type="[SdlotFlags]" Name="dwFlags" />
            <Return Type="BOOL" />
        </Api>
    </Module>
</ApiMonitor>