<!--
    API Monitor Definitions
    (c) 2010-2011, Rohitab Batra <rohitab@rohitab.com>
    http://www.rohitab.com/apimonitor/
-->
<ApiMonitor>
    <Include Filename="Headers\windows.h.xml" />
    <Include Filename="Headers\bluetooth.h.xml" />
    <Module Name="irprops.cpl" CallingConvention="STDCALL" ErrorFunc="GetLastError" OnlineHelp="MSDN">
        <!-- Bluetooth -->
        <Category Name="Wireless Networking/Bluetooth" />
        <Api Name="BluetoothAuthenticateDevice">
            <Param Type="HWND" Name="hwndParent" />
            <Param Type="HANDLE" Name="hRadio" />
            <Param Type="BLUETOOTH_DEVICE_INFO*" Name="pbtdi" />
            <Param Type="PWCHAR" Name="pszPasskey" />
            <Param Type="ULONG" Name="ulPasskeyLength" />
            <Return Type="[ERROR_CODE]" />
        </Api>
        <Api Name="BluetoothAuthenticateMultipleDevices">
            <Param Type="HWND" Name="hwndParent" />
            <Param Type="HANDLE" Name="hRadio" />
            <Param Type="DWORD" Name="cDevices" />
            <Param Type="BLUETOOTH_DEVICE_INFO*" Name="pbtdi" />
            <Return Type="[ERROR_CODE]" />
        </Api>
        <Api Name="BluetoothDisplayDeviceProperties">
            <Param Type="HWND" Name="hwndParent" />
            <Param Type="BLUETOOTH_DEVICE_INFO*" Name="pbtdi" />
            <Return Type="BOOL" />
        </Api>
        <Api Name="BluetoothEnableDiscovery">
            <Param Type="HANDLE" Name="hRadio" />
            <Param Type="BOOL" Name="fEnabled" />
            <Return Type="BOOL" />
        </Api>
        <Api Name="BluetoothEnableIncomingConnections">
            <Param Type="HANDLE" Name="hRadio" />
            <Param Type="BOOL" Name="fEnabled" />
            <Return Type="BOOL" />
        </Api>
        <Api Name="BluetoothEnumerateInstalledServices">
            <Param Type="HANDLE" Name="hRadio" />
            <Param Type="BLUETOOTH_DEVICE_INFO*" Name="pbtdi" />
            <Param Type="DWORD*" Name="pcServices" />
            <Param Type="GUID*" Name="pGuidServices" />
            <Return Type="[ERROR_CODE]" />
        </Api>
        <Api Name="BluetoothFindDeviceClose">
            <Param Type="HBLUETOOTH_DEVICE_FIND" Name="hFind" />
            <Return Type="BOOL" />
        </Api>
        <Api Name="BluetoothFindFirstDevice">
            <Param Type="BLUETOOTH_DEVICE_SEARCH_PARAMS*" Name="pbtsp" />
            <Param Type="BLUETOOTH_DEVICE_INFO*" Name="pbtdi" />
            <Return Type="HBLUETOOTH_DEVICE_FIND" />
            <Success Return="NotEqual" Value="0" />
        </Api>
        <Api Name="BluetoothFindFirstRadio">
            <Param Type="BLUETOOTH_FIND_RADIO_PARAMS*" Name="pbtfrp" />
            <Param Type="HANDLE*" Name="phRadio" />
            <Return Type="HBLUETOOTH_RADIO_FIND" />
            <Success Return="NotEqual" Value="0" />
        </Api>
        <Api Name="BluetoothFindNextDevice">
            <Param Type="HBLUETOOTH_DEVICE_FIND" Name="hFind" />
            <Param Type="BLUETOOTH_DEVICE_INFO*" Name="pbtdi" />
            <Return Type="BOOL" />
        </Api>
        <Api Name="BluetoothFindNextRadio">
            <Param Type="HBLUETOOTH_RADIO_FIND" Name="hFind" />
            <Param Type="HANDLE*" Name="phRadio" />
            <Return Type="BOOL" />
        </Api>
        <Api Name="BluetoothFindRadioClose">
            <Param Type="HBLUETOOTH_RADIO_FIND" Name="hFind" />
            <Return Type="BOOL" />
        </Api>
        <Api Name="BluetoothGetDeviceInfo">
            <Param Type="HANDLE" Name="hRadio" />
            <Param Type="BLUETOOTH_DEVICE_INFO*" Name="pbtdi" />
            <Return Type="[ERROR_CODE]" />
        </Api>
        <Api Name="BluetoothGetRadioInfo">
            <Param Type="HANDLE" Name="hRadio" />
            <Param Type="PBLUETOOTH_RADIO_INFO" Name="pRadioInfo" />
            <Return Type="[ERROR_CODE]" />
        </Api>
        <Api Name="BluetoothIsConnectable">
            <Param Type="HANDLE" Name="hRadio" />
            <Return Type="BOOL" />
        </Api>
        <Api Name="BluetoothIsDiscoverable">
            <Param Type="HANDLE" Name="hRadio" />
            <Return Type="BOOL" />
        </Api>
        <Api Name="BluetoothRegisterForAuthentication">
            <Param Type="BLUETOOTH_DEVICE_INFO*" Name="pbtdi" />
            <Param Type="HBLUETOOTH_AUTHENTICATION_REGISTRATION*" Name="phRegHandle" />
            <Param Type="PFN_AUTHENTICATION_CALLBACK" Name="pfnCallback" />
            <Param Type="PVOID" Name="pvParam" />
            <Return Type="[ERROR_CODE]" />
        </Api>
        <Api Name="BluetoothRemoveDevice">
            <Param Type="BLUETOOTH_ADDRESS*" Name="pAddress" />
            <Return Type="[ERROR_CODE]" />
        </Api>
        <Api Name="BluetoothSdpEnumAttributes">
            <Param Type="LPBYTE" Name="pSDPStream" />
            <Param Type="ULONG" Name="cbStreamSize" />
            <Param Type="PFN_BLUETOOTH_ENUM_ATTRIBUTES_CALLBACK" Name="pfnCallback" />
            <Param Type="LPVOID" Name="pvParam" />
            <Return Type="BOOL" />
        </Api>
        <Api Name="BluetoothSdpGetAttributeValue">
            <Param Type="LPBYTE" Name="pRecordStream" />
            <Param Type="ULONG" Name="cbRecordLength" />
            <Param Type="USHORT" Name="usAttributeId" />
            <Param Type="PSDP_ELEMENT_DATA" Name="pAttributeData" />
            <Return Type="[ERROR_CODE]" />
        </Api>
        <Api Name="BluetoothSdpGetContainerElementData">
            <Param Type="LPBYTE" Name="pContainerStream" />
            <Param Type="ULONG" Name="cbContainerLength" />
            <Param Type="HBLUETOOTH_CONTAINER_ELEMENT*" Name="pElement" />
            <Param Type="PSDP_ELEMENT_DATA" Name="pData" />
            <Return Type="[ERROR_CODE]" />
        </Api>
        <Api Name="BluetoothSdpGetElementData">
            <Param Type="LPBYTE" Name="pSdpStream" />
            <Param Type="ULONG" Name="cbSpdStreamLength" />
            <Param Type="PSDP_ELEMENT_DATA" Name="pData" />
            <Return Type="[ERROR_CODE]" />
        </Api>
        <Api Name="BluetoothSdpGetString">
            <Param Type="LPBYTE" Name="pRecordStream" />
            <Param Type="ULONG" Name="cbRecordLength" />
            <Param Type="PSDP_STRING_TYPE_DATA" Name="pStringData" />
            <Param Type="USHORT" Name="usStringOffset" />
            <Param Type="PWCHAR" Name="pszString" />
            <Param Type="PULONG" Name="pcchStringLength" />
            <Return Type="[ERROR_CODE]" />
        </Api>
        <Api Name="BluetoothSelectDevices">
            <Param Type="BLUETOOTH_SELECT_DEVICE_PARAMS*" Name="pbtsdp" />
            <Return Type="BOOL" />
        </Api>
        <Api Name="BluetoothSelectDevicesFree">
            <Param Type="BLUETOOTH_SELECT_DEVICE_PARAMS*" Name="pbtsdp" />
            <Return Type="BOOL" />
        </Api>
        <Api Name="BluetoothSendAuthenticationResponse">
            <Param Type="HANDLE" Name="hRadio" />
            <Param Type="BLUETOOTH_DEVICE_INFO*" Name="pbtdi" />
            <Param Type="LPWSTR" Name="pszPasskey" />
            <Return Type="[ERROR_CODE]" />
        </Api>
        <Api Name="BluetoothSetServiceState">
            <Param Type="HANDLE" Name="hRadio" />
            <Param Type="BLUETOOTH_DEVICE_INFO*" Name="pbtdi" />
            <Param Type="GUID*" Name="pGuidService" />
            <Param Type="DWORD" Name="dwServiceFlags" />
            <Return Type="[ERROR_CODE]" />
        </Api>
        <Api Name="BluetoothUnregisterAuthentication">
            <Param Type="HBLUETOOTH_AUTHENTICATION_REGISTRATION" Name="hRegHandle" />
            <Return Type="BOOL" />
        </Api>
        <Api Name="BluetoothUpdateDeviceRecord">
            <Param Type="BLUETOOTH_DEVICE_INFO*" Name="pbtdi" />
            <Return Type="[ERROR_CODE]" />
        </Api>
    </Module>
</ApiMonitor>