<!--
    API Monitor Definitions
    (c) 2010-2012, Rohitab Batra <rohitab@rohitab.com>
    http://www.rohitab.com/apimonitor/
-->
<ApiMonitor>
    <Include Filename="Headers\windows.h.xml" />
    <ErrorLookupModule Name="Iscsidsc.dll" />
    <Module Name="Iscsidsc.dll" CallingConvention="STDCALL" ErrorFunc="HRESULT" OnlineHelp="MSDN">

        <!-- Variables -->
        <Variable Name="TCHAR [MAX_ISCSI_PORTAL_NAME_LEN]"      Type="Array" Base="TCHAR" Count="256" />
        <Variable Name="TCHAR [MAX_ISCSI_PORTAL_ADDRESS_LEN]"   Type="Array" Base="TCHAR" Count="256" />
        <Variable Name="TCHAR [MAX_ISCSI_HBANAME_LEN]"          Type="Array" Base="TCHAR" Count="256" />
        <Variable Name="TCHAR [MAX_ISCSI_NAME_LEN + 1]"         Type="Array" Base="TCHAR" Count="224" />
        <Variable Name="UCHAR [6]"                              Type="Array" Base="UCHAR" Count="6" />

        <!-- ISCSI_UNIQUE_SESSION_ID -->
        <Variable Name="ISCSI_UNIQUE_SESSION_ID" Type="Struct">
            <Field Type="ULONGLONG"     Name="AdapterUnique" />
            <Field Type="ULONGLONG"     Name="AdapterSpecific" />
        </Variable>
        <Variable Name="PISCSI_UNIQUE_SESSION_ID"   Type="Pointer" Base="ISCSI_UNIQUE_SESSION_ID" />
        <Variable Name="PISCSI_UNIQUE_SESSION_ID*"  Type="Pointer" Base="PISCSI_UNIQUE_SESSION_ID" />

        <!-- ISCSI_UNIQUE_CONNECTION_ID -->
        <Variable Name="ISCSI_UNIQUE_CONNECTION_ID"     Type="Alias"    Base="ISCSI_UNIQUE_SESSION_ID" />
        <Variable Name="PISCSI_UNIQUE_CONNECTION_ID"    Type="Pointer"  Base="ISCSI_UNIQUE_CONNECTION_ID" />

        <!-- ISCSI_LOGIN_OPTIONS_INFO_SPECIFIED -->
        <Variable Name="ISCSI_LOGIN_OPTIONS_INFO_SPECIFIED" Type="Alias" Base="ULONG">
            <Flag>
                <Set Name="ISCSI_LOGIN_OPTIONS_HEADER_DIGEST"           Value="0x00000001" />
                <Set Name="ISCSI_LOGIN_OPTIONS_DATA_DIGEST"             Value="0x00000002" />
                <Set Name="ISCSI_LOGIN_OPTIONS_MAXIMUM_CONNECTIONS"     Value="0x00000004" />
                <Set Name="ISCSI_LOGIN_OPTIONS_DEFAULT_TIME_2_WAIT"     Value="0x00000008" />
                <Set Name="ISCSI_LOGIN_OPTIONS_DEFAULT_TIME_2_RETAIN"   Value="0x00000010" />
                <Set Name="ISCSI_LOGIN_OPTIONS_USERNAME"                Value="0x00000020" />
                <Set Name="ISCSI_LOGIN_OPTIONS_PASSWORD"                Value="0x00000040" />
                <Set Name="ISCSI_LOGIN_OPTIONS_AUTH_TYPE"               Value="0x00000080" />
            </Flag>
        </Variable>

        <!-- ISCSI_LOGIN_FLAGS -->
        <Variable Name="ISCSI_LOGIN_FLAGS" Type="Alias" Base="ULONG">
            <Flag>
                <Set Name="ISCSI_LOGIN_FLAG_REQUIRE_IPSEC"              Value="0x00000001" />
                <Set Name="ISCSI_LOGIN_FLAG_MULTIPATH_ENABLED"          Value="0x00000002" />
                <Set Name="ISCSI_LOGIN_FLAG_RESERVED1"                  Value="0x00000004" />
                <Set Name="ISCSI_LOGIN_FLAG_ALLOW_PORTAL_HOPPING"       Value="0x00000008" />
                <Set Name="ISCSI_LOGIN_FLAG_USE_RADIUS_RESPONSE"        Value="0x00000010" />
                <Set Name="ISCSI_LOGIN_FLAG_USE_RADIUS_VERIFICATION"    Value="0x00000020" />
            </Flag>
        </Variable>

        <!-- ISCSI_AUTH_TYPES -->
        <Variable Name="ISCSI_AUTH_TYPES" Type="Alias" Base="UINT32">
            <Enum>
                <Set Name="ISCSI_NO_AUTH_TYPE"          Value="0" />
                <Set Name="ISCSI_CHAP_AUTH_TYPE"        Value="1" />
                <Set Name="ISCSI_MUTUAL_CHAP_AUTH_TYPE" Value="2" />
            </Enum>
        </Variable>

        <!-- ISCSI_DIGEST_TYPES -->
        <Variable Name="ISCSI_DIGEST_TYPES" Type="Alias" Base="UINT">
            <Enum>
                <Set Name="ISCSI_DIGEST_TYPE_NONE"      Value="0" />
                <Set Name="ISCSI_DIGEST_TYPE_CRC32C"    Value="1" />
            </Enum>
        </Variable>

        <!-- ISCSI_LOGIN_OPTIONS -->
        <Variable Name="ISCSI_LOGIN_OPTIONS" Type="Struct">
            <Field Type="ULONG"                                 Name="Version" />
            <Field Type="ISCSI_LOGIN_OPTIONS_INFO_SPECIFIED"    Name="InformationSpecified" />
            <Field Type="ISCSI_LOGIN_FLAGS"                     Name="LoginFlags" />
            <Field Type="ISCSI_AUTH_TYPES"                      Name="AuthType" />
            <Field Type="ISCSI_DIGEST_TYPES"                    Name="HeaderDigest" />
            <Field Type="ISCSI_DIGEST_TYPES"                    Name="DataDigest" />
            <Field Type="ULONG"                                 Name="MaximumConnections" />
            <Field Type="ULONG"                                 Name="DefaultTime2Wait" />
            <Field Type="ULONG"                                 Name="DefaultTime2Retain" />
            <Field Type="ULONG"                                 Name="UsernameLength" />
            <Field Type="ULONG"                                 Name="PasswordLength" />
            <Field Type="PUCHAR"                                Name="Username" Length="UsernameLength" />
            <Field Type="PUCHAR"                                Name="Password" Length="PasswordLength" />
        </Variable>
        <Variable Name="PISCSI_LOGIN_OPTIONS" Type="Pointer" Base="ISCSI_LOGIN_OPTIONS" />

        <!-- ISCSI_VERSION_INFO -->
        <Variable Name="ISCSI_VERSION_INFO" Type="Struct">
            <Field Type="ULONG"     Name="MajorVersion" />
            <Field Type="ULONG"     Name="MinorVersion" />
            <Field Type="ULONG"     Name="BuildNumber" />
        </Variable>
        <Variable Name="PISCSI_VERSION_INFO" Type="Pointer" Base="ISCSI_VERSION_INFO" />

        <!-- ISDSC_STATUS -->
        <Variable Name="ISDSC_STATUS" Type="Alias" Base="[ERROR_CODE]">
            <Enum>
                <Set Name="ISDSC_NON_SPECIFIC_ERROR"                        Value="0xEFFF0001" />
                <Set Name="ISDSC_LOGIN_FAILED"                              Value="0xEFFF0002" />
                <Set Name="ISDSC_CONNECTION_FAILED"                         Value="0xEFFF0003" />
                <Set Name="ISDSC_INITIATOR_NODE_ALREADY_EXISTS"             Value="0xEFFF0004" />
                <Set Name="ISDSC_INITIATOR_NODE_NOT_FOUND"                  Value="0xEFFF0005" />
                <Set Name="ISDSC_TARGET_MOVED_TEMPORARILY"                  Value="0xEFFF0006" />
                <Set Name="ISDSC_TARGET_MOVED_PERMANENTLY"                  Value="0xEFFF0007" />
                <Set Name="ISDSC_INITIATOR_ERROR"                           Value="0xEFFF0008" />
                <Set Name="ISDSC_AUTHENTICATION_FAILURE"                    Value="0xEFFF0009" />
                <Set Name="ISDSC_AUTHORIZATION_FAILURE"                     Value="0xEFFF000A" />
                <Set Name="ISDSC_NOT_FOUND"                                 Value="0xEFFF000B" />
                <Set Name="ISDSC_TARGET_REMOVED"                            Value="0xEFFF000C" />
                <Set Name="ISDSC_UNSUPPORTED_VERSION"                       Value="0xEFFF000D" />
                <Set Name="ISDSC_TOO_MANY_CONNECTIONS"                      Value="0xEFFF000E" />
                <Set Name="ISDSC_MISSING_PARAMETER"                         Value="0xEFFF000F" />
                <Set Name="ISDSC_CANT_INCLUDE_IN_SESSION"                   Value="0xEFFF0010" />
                <Set Name="ISDSC_SESSION_TYPE_NOT_SUPPORTED"                Value="0xEFFF0011" />
                <Set Name="ISDSC_TARGET_ERROR"                              Value="0xEFFF0012" />
                <Set Name="ISDSC_SERVICE_UNAVAILABLE"                       Value="0xEFFF0013" />
                <Set Name="ISDSC_OUT_OF_RESOURCES"                          Value="0xEFFF0014" />
                <Set Name="ISDSC_CONNECTION_ALREADY_EXISTS"                 Value="0xEFFF0015" />
                <Set Name="ISDSC_SESSION_ALREADY_EXISTS"                    Value="0xEFFF0016" />
                <Set Name="ISDSC_INITIATOR_INSTANCE_NOT_FOUND"              Value="0xEFFF0017" />
                <Set Name="ISDSC_TARGET_ALREADY_EXISTS"                     Value="0xEFFF0018" />
                <Set Name="ISDSC_DRIVER_BUG"                                Value="0xEFFF0019" />
                <Set Name="ISDSC_INVALID_TEXT_KEY"                          Value="0xEFFF001A" />
                <Set Name="ISDSC_INVALID_SENDTARGETS_TEXT"                  Value="0xEFFF001B" />
                <Set Name="ISDSC_INVALID_SESSION_ID"                        Value="0xEFFF001C" />
                <Set Name="ISDSC_SCSI_REQUEST_FAILED"                       Value="0xEFFF001D" />
                <Set Name="ISDSC_TOO_MANY_SESSIONS"                         Value="0xEFFF001E" />
                <Set Name="ISDSC_SESSION_BUSY"                              Value="0xEFFF001F" />
                <Set Name="ISDSC_TARGET_MAPPING_UNAVAILABLE"                Value="0xEFFF0020" />
                <Set Name="ISDSC_ADDRESS_TYPE_NOT_SUPPORTED"                Value="0xEFFF0021" />
                <Set Name="ISDSC_LOGON_FAILED"                              Value="0xEFFF0022" />
                <Set Name="ISDSC_SEND_FAILED"                               Value="0xEFFF0023" />
                <Set Name="ISDSC_TRANSPORT_ERROR"                           Value="0xEFFF0024" />
                <Set Name="ISDSC_VERSION_MISMATCH"                          Value="0xEFFF0025" />
                <Set Name="ISDSC_TARGET_MAPPING_OUT_OF_RANGE"               Value="0xEFFF0026" />
                <Set Name="ISDSC_TARGET_PRESHAREDKEY_UNAVAILABLE"           Value="0xEFFF0027" />
                <Set Name="ISDSC_TARGET_AUTHINFO_UNAVAILABLE"               Value="0xEFFF0028" />
                <Set Name="ISDSC_TARGET_NOT_FOUND"                          Value="0xEFFF0029" />
                <Set Name="ISDSC_LOGIN_USER_INFO_BAD"                       Value="0xEFFF002A" />
                <Set Name="ISDSC_TARGET_MAPPING_EXISTS"                     Value="0xEFFF002B" />
                <Set Name="ISDSC_HBA_SECURITY_CACHE_FULL"                   Value="0xEFFF002C" />
                <Set Name="ISDSC_INVALID_PORT_NUMBER"                       Value="0xEFFF002D" />
                <Set Name="ISDSC_OPERATION_NOT_ALL_SUCCESS"                 Value="0xAFFF002E" />
                <Set Name="ISDSC_HBA_SECURITY_CACHE_NOT_SUPPORTED"          Value="0xEFFF002F" />
                <Set Name="ISDSC_IKE_ID_PAYLOAD_TYPE_NOT_SUPPORTED"         Value="0xEFFF0030" />
                <Set Name="ISDSC_IKE_ID_PAYLOAD_INCORRECT_SIZE"             Value="0xEFFF0031" />
                <Set Name="ISDSC_TARGET_PORTAL_ALREADY_EXISTS"              Value="0xEFFF0032" />
                <Set Name="ISDSC_TARGET_ADDRESS_ALREADY_EXISTS"             Value="0xEFFF0033" />
                <Set Name="ISDSC_NO_AUTH_INFO_AVAILABLE"                    Value="0xEFFF0034" />
                <Set Name="ISDSC_NO_TUNNEL_OUTER_MODE_ADDRESS"              Value="0xEFFF0035" />
                <Set Name="ISDSC_CACHE_CORRUPTED"                           Value="0xEFFF0036" />
                <Set Name="ISDSC_REQUEST_NOT_SUPPORTED"                     Value="0xEFFF0037" />
                <Set Name="ISDSC_TARGET_OUT_OF_RESORCES"                    Value="0xEFFF0038" />
                <Set Name="ISDSC_SERVICE_DID_NOT_RESPOND"                   Value="0xEFFF0039" />
                <Set Name="ISDSC_ISNS_SERVER_NOT_FOUND"                     Value="0xEFFF003A" />
                <Set Name="ISDSC_OPERATION_REQUIRES_REBOOT"                 Value="0xAFFF003B" />
                <Set Name="ISDSC_NO_PORTAL_SPECIFIED"                       Value="0xEFFF003C" />
                <Set Name="ISDSC_CANT_REMOVE_LAST_CONNECTION"               Value="0xEFFF003D" />
                <Set Name="ISDSC_SERVICE_NOT_RUNNING"                       Value="0xEFFF003E" />
                <Set Name="ISDSC_TARGET_ALREADY_LOGGED_IN"                  Value="0xEFFF003F" />
                <Set Name="ISDSC_DEVICE_BUSY_ON_SESSION"                    Value="0xEFFF0040" />
                <Set Name="ISDSC_COULD_NOT_SAVE_PERSISTENT_LOGIN_DATA"      Value="0xEFFF0041" />
                <Set Name="ISDSC_COULD_NOT_REMOVE_PERSISTENT_LOGIN_DATA"    Value="0xEFFF0042" />
                <Set Name="ISDSC_PORTAL_NOT_FOUND"                          Value="0xEFFF0043" />
                <Set Name="ISDSC_INITIATOR_NOT_FOUND"                       Value="0xEFFF0044" />
                <Set Name="ISDSC_DISCOVERY_MECHANISM_NOT_FOUND"             Value="0xEFFF0045" />
                <Set Name="ISDSC_IPSEC_NOT_SUPPORTED_ON_OS"                 Value="0xEFFF0046" />
                <Set Name="ISDSC_PERSISTENT_LOGIN_TIMEOUT"                  Value="0xEFFF0047" />
                <Set Name="ISDSC_SHORT_CHAP_SECRET"                         Value="0xAFFF0048" />
                <Set Name="ISDSC_EVALUATION_PEROID_EXPIRED"                 Value="0xEFFF0049" />
                <Set Name="ISDSC_INVALID_CHAP_SECRET"                       Value="0xEFFF004A" />
                <Set Name="ISDSC_INVALID_TARGET_CHAP_SECRET"                Value="0xEFFF004B" />
                <Set Name="ISDSC_INVALID_INITIATOR_CHAP_SECRET"             Value="0xEFFF004C" />
                <Set Name="ISDSC_INVALID_CHAP_USER_NAME"                    Value="0xEFFF004D" />
                <Set Name="ISDSC_INVALID_LOGON_AUTH_TYPE"                   Value="0xEFFF004E" />
                <Set Name="ISDSC_INVALID_TARGET_MAPPING"                    Value="0xEFFF004F" />
                <Set Name="ISDSC_INVALID_TARGET_ID"                         Value="0xEFFF0050" />
                <Set Name="ISDSC_INVALID_ISCSI_NAME"                        Value="0xEFFF0051" />
                <Set Name="ISDSC_INCOMPATIBLE_ISNS_VERSION"                 Value="0xEFFF0052" />
                <Set Name="ISDSC_FAILED_TO_CONFIGURE_IPSEC"                 Value="0xEFFF0053" />
                <Set Name="ISDSC_BUFFER_TOO_SMALL"                          Value="0xEFFF0054" />
                <Set Name="ISDSC_INVALID_LOAD_BALANCE_POLICY"               Value="0xEFFF0055" />
                <Set Name="ISDSC_INVALID_PARAMETER"                         Value="0xEFFF0056" />
                <Set Name="ISDSC_DUPLICATE_PATH_SPECIFIED"                  Value="0xEFFF0057" />
                <Set Name="ISDSC_PATH_COUNT_MISMATCH"                       Value="0xEFFF0058" />
                <Set Name="ISDSC_INVALID_PATH_ID"                           Value="0xEFFF0059" />
                <Set Name="ISDSC_MULTIPLE_PRIMARY_PATHS_SPECIFIED"          Value="0xEFFF005A" />
                <Set Name="ISDSC_NO_PRIMARY_PATH_SPECIFIED"                 Value="0xEFFF005B" />
                <Set Name="ISDSC_DEVICE_ALREADY_PERSISTENTLY_BOUND"         Value="0xEFFF005C" />
                <Set Name="ISDSC_DEVICE_NOT_FOUND"                          Value="0xEFFF005D" />
                <Set Name="ISDSC_DEVICE_NOT_ISCSI_OR_PERSISTENT"            Value="0xEFFF005E" />
                <Set Name="ISDSC_DNS_NAME_UNRESOLVED"                       Value="0xEFFF005F" />
                <Set Name="ISDSC_NO_CONNECTION_AVAILABLE"                   Value="0xEFFF0060" />
                <Set Name="ISDSC_LB_POLICY_NOT_SUPPORTED"                   Value="0xEFFF0061" />
                <Set Name="ISDSC_REMOVE_CONNECTION_IN_PROGRESS"             Value="0xEFFF0062" />
                <Set Name="ISDSC_INVALID_CONNECTION_ID"                     Value="0xEFFF0063" />
                <Set Name="ISDSC_CANNOT_REMOVE_LEADING_CONNECTION"          Value="0xEFFF0064" />
                <Set Name="ISDSC_RESTRICTED_BY_GROUP_POLICY"                Value="0xEFFF0065" />
                <Set Name="ISDSC_ISNS_FIREWALL_BLOCKED"                     Value="0xEFFF0066" />
            </Enum>
        </Variable>

        <!-- ISCSI_SECURITY_FLAGS -->
        <Variable Name="ISCSI_SECURITY_FLAGS" Type="Alias" Base="UINT64">
            <Flag>
                <Set Name="ISCSI_SECURITY_FLAG_TUNNEL_MODE_PREFERRED"       Value="0x00000040" />
                <Set Name="ISCSI_SECURITY_FLAG_TRANSPORT_MODE_PREFERRED"    Value="0x00000020" />
                <Set Name="ISCSI_SECURITY_FLAG_PFS_ENABLED"                 Value="0x00000010" />
                <Set Name="ISCSI_SECURITY_FLAG_AGGRESSIVE_MODE_ENABLED"     Value="0x00000008" />
                <Set Name="ISCSI_SECURITY_FLAG_MAIN_MODE_ENABLED"           Value="0x00000004" />
                <Set Name="ISCSI_SECURITY_FLAG_IKE_IPSEC_ENABLED"           Value="0x00000002" />
                <Set Name="ISCSI_SECURITY_FLAG_VALID"                       Value="0x00000001" />
            </Flag>
        </Variable>

        <!-- ISCSI_TARGET_FLAGS -->
        <Variable Name="ISCSI_TARGET_FLAGS" Type="Alias" Base="UINT">
            <Flag>
                <Set Name="ISCSI_TARGET_FLAG_HIDE_STATIC_TARGET"            Value="0x00000002" />
                <Set Name="ISCSI_TARGET_FLAG_MERGE_TARGET_INFORMATION"      Value="0x00000004" />
            </Flag>
        </Variable>

        <!-- ISCSI_TARGET_PORTAL_INFO_EX -->
        <Variable Name="ISCSI_TARGET_PORTAL_INFO_EX" Type="Struct">
            <Field Type="TCHAR [MAX_ISCSI_HBANAME_LEN]"         Name="InitiatorName" />
            <Field Type="ULONG"                                 Name="InitiatorPortNumber" />
            <Field Type="TCHAR [MAX_ISCSI_PORTAL_NAME_LEN]"     Name="SymbolicName" />
            <Field Type="TCHAR [MAX_ISCSI_PORTAL_ADDRESS_LEN]"  Name="Address" />
            <Field Type="USHORT"                                Name="Socket" />
            <Field Type="ISCSI_SECURITY_FLAGS"                  Name="SecurityFlags" />
            <Field Type="ISCSI_LOGIN_OPTIONS"                   Name="LoginOptions" />
        </Variable>
        <Variable Name="PISCSI_TARGET_PORTAL_INFO_EX" Type="Pointer" Base="ISCSI_TARGET_PORTAL_INFO_EX" />

        <!-- TARGET_INFORMATION_CLASS -->
        <Variable Name="TARGET_INFORMATION_CLASS" Type="Alias" Base="UINT">
            <Enum>
                <Set Name="ProtocolType"                Value="0" />
                <Set Name="TargetAlias"                 Value="1" />
                <Set Name="DiscoveryMechanisms"         Value="2" />
                <Set Name="PortalGroups"                Value="3" />
                <Set Name="PersistentTargetMappings"    Value="4" />
                <Set Name="InitiatorName"               Value="5" />
                <Set Name="TargetFlags"                 Value="6" />
                <Set Name="LoginOptions"                Value="7" />
            </Enum>
        </Variable>

        <!-- SCSI_LUN_LIST -->
        <Variable Name="SCSI_LUN_LIST" Type="Struct">
            <Field Type="ULONG"         Name="OSLUN" />
            <Field Type="ULONGLONG"     Name="TargetLUN" />
        </Variable>
        <Variable Name="PSCSI_LUN_LIST" Type="Pointer" Base="SCSI_LUN_LIST" />

        <!-- ISCSI_TARGET_MAPPING -->
        <Variable Name="ISCSI_TARGET_MAPPING" Type="Struct">
            <Field Type="TCHAR [MAX_ISCSI_HBANAME_LEN]"     Name="InitiatorName" />
            <Field Type="TCHAR [MAX_ISCSI_NAME_LEN + 1]"    Name="TargetName" />
            <Field Type="TCHAR [MAX_PATH]"                  Name="OSDeviceName" />
            <Field Type="ISCSI_UNIQUE_SESSION_ID"           Name="SessionId" />
            <Field Type="ULONG"                             Name="OSBusNumber" />
            <Field Type="ULONG"                             Name="OSTargetNumber" />
            <Field Type="ULONG"                             Name="LUNCount" />
            <Field Type="PSCSI_LUN_LIST"                    Name="LUNList" Count="LUNCount" />
        </Variable>
        <Variable Name="PISCSI_TARGET_MAPPING" Type="Pointer" Base="ISCSI_TARGET_MAPPING" />

        <!-- SCSI_ADDRESS -->
        <Variable Name="SCSI_ADDRESS" Type="Struct">
            <Field Type="ULONG"     Name="Length" />
            <Field Type="UCHAR"     Name="PortNumber" />
            <Field Type="UCHAR"     Name="PathId" />
            <Field Type="UCHAR"     Name="TargetId" />
            <Field Type="UCHAR"     Name="Lun" />
        </Variable>

        <!-- DEVICE_TYPE -->
        <Variable Name="DEVICE_TYPE" Type="Alias" Base="DWORD">
            <Enum>
                <Set Name="FILE_DEVICE_BEEP"                    Value="0x00000001" />
                <Set Name="FILE_DEVICE_CD_ROM"                  Value="0x00000002" />
                <Set Name="FILE_DEVICE_CD_ROM_FILE_SYSTEM"      Value="0x00000003" />
                <Set Name="FILE_DEVICE_CONTROLLER"              Value="0x00000004" />
                <Set Name="FILE_DEVICE_DATALINK"                Value="0x00000005" />
                <Set Name="FILE_DEVICE_DFS"                     Value="0x00000006" />
                <Set Name="FILE_DEVICE_DISK"                    Value="0x00000007" />
                <Set Name="FILE_DEVICE_DISK_FILE_SYSTEM"        Value="0x00000008" />
                <Set Name="FILE_DEVICE_FILE_SYSTEM"             Value="0x00000009" />
                <Set Name="FILE_DEVICE_INPORT_PORT"             Value="0x0000000a" />
                <Set Name="FILE_DEVICE_KEYBOARD"                Value="0x0000000b" />
                <Set Name="FILE_DEVICE_MAILSLOT"                Value="0x0000000c" />
                <Set Name="FILE_DEVICE_MIDI_IN"                 Value="0x0000000d" />
                <Set Name="FILE_DEVICE_MIDI_OUT"                Value="0x0000000e" />
                <Set Name="FILE_DEVICE_MOUSE"                   Value="0x0000000f" />
                <Set Name="FILE_DEVICE_MULTI_UNC_PROVIDER"      Value="0x00000010" />
                <Set Name="FILE_DEVICE_NAMED_PIPE"              Value="0x00000011" />
                <Set Name="FILE_DEVICE_NETWORK"                 Value="0x00000012" />
                <Set Name="FILE_DEVICE_NETWORK_BROWSER"         Value="0x00000013" />
                <Set Name="FILE_DEVICE_NETWORK_FILE_SYSTEM"     Value="0x00000014" />
                <Set Name="FILE_DEVICE_NULL"                    Value="0x00000015" />
                <Set Name="FILE_DEVICE_PARALLEL_PORT"           Value="0x00000016" />
                <Set Name="FILE_DEVICE_PHYSICAL_NETCARD"        Value="0x00000017" />
                <Set Name="FILE_DEVICE_PRINTER"                 Value="0x00000018" />
                <Set Name="FILE_DEVICE_SCANNER"                 Value="0x00000019" />
                <Set Name="FILE_DEVICE_SERIAL_MOUSE_PORT"       Value="0x0000001a" />
                <Set Name="FILE_DEVICE_SERIAL_PORT"             Value="0x0000001b" />
                <Set Name="FILE_DEVICE_SCREEN"                  Value="0x0000001c" />
                <Set Name="FILE_DEVICE_SOUND"                   Value="0x0000001d" />
                <Set Name="FILE_DEVICE_STREAMS"                 Value="0x0000001e" />
                <Set Name="FILE_DEVICE_TAPE"                    Value="0x0000001f" />
                <Set Name="FILE_DEVICE_TAPE_FILE_SYSTEM"        Value="0x00000020" />
                <Set Name="FILE_DEVICE_TRANSPORT"               Value="0x00000021" />
                <Set Name="FILE_DEVICE_UNKNOWN"                 Value="0x00000022" />
                <Set Name="FILE_DEVICE_VIDEO"                   Value="0x00000023" />
                <Set Name="FILE_DEVICE_VIRTUAL_DISK"            Value="0x00000024" />
                <Set Name="FILE_DEVICE_WAVE_IN"                 Value="0x00000025" />
                <Set Name="FILE_DEVICE_WAVE_OUT"                Value="0x00000026" />
                <Set Name="FILE_DEVICE_8042_PORT"               Value="0x00000027" />
                <Set Name="FILE_DEVICE_NETWORK_REDIRECTOR"      Value="0x00000028" />
                <Set Name="FILE_DEVICE_BATTERY"                 Value="0x00000029" />
                <Set Name="FILE_DEVICE_BUS_EXTENDER"            Value="0x0000002a" />
                <Set Name="FILE_DEVICE_MODEM"                   Value="0x0000002b" />
                <Set Name="FILE_DEVICE_VDM"                     Value="0x0000002c" />
                <Set Name="FILE_DEVICE_MASS_STORAGE"            Value="0x0000002d" />
                <Set Name="FILE_DEVICE_SMB"                     Value="0x0000002e" />
                <Set Name="FILE_DEVICE_KS"                      Value="0x0000002f" />
                <Set Name="FILE_DEVICE_CHANGER"                 Value="0x00000030" />
                <Set Name="FILE_DEVICE_SMARTCARD"               Value="0x00000031" />
                <Set Name="FILE_DEVICE_ACPI"                    Value="0x00000032" />
                <Set Name="FILE_DEVICE_DVD"                     Value="0x00000033" />
                <Set Name="FILE_DEVICE_FULLSCREEN_VIDEO"        Value="0x00000034" />
                <Set Name="FILE_DEVICE_DFS_FILE_SYSTEM"         Value="0x00000035" />
                <Set Name="FILE_DEVICE_DFS_VOLUME"              Value="0x00000036" />
                <Set Name="FILE_DEVICE_SERENUM"                 Value="0x00000037" />
                <Set Name="FILE_DEVICE_TERMSRV"                 Value="0x00000038" />
                <Set Name="FILE_DEVICE_KSEC"                    Value="0x00000039" />
                <Set Name="FILE_DEVICE_FIPS"                    Value="0x0000003A" />
                <Set Name="FILE_DEVICE_INFINIBAND"              Value="0x0000003B" />
                <Set Name="FILE_DEVICE_VMBUS"                   Value="0x0000003E" />
                <Set Name="FILE_DEVICE_CRYPT_PROVIDER"          Value="0x0000003F" />
                <Set Name="FILE_DEVICE_WPD"                     Value="0x00000040" />
                <Set Name="FILE_DEVICE_BLUETOOTH"               Value="0x00000041" />
                <Set Name="FILE_DEVICE_MT_COMPOSITE"            Value="0x00000042" />
                <Set Name="FILE_DEVICE_MT_TRANSPORT"            Value="0x00000043" />
                <Set Name="FILE_DEVICE_BIOMETRIC"               Value="0x00000044" />
                <Set Name="FILE_DEVICE_PMI"                     Value="0x00000045" />
            </Enum>
        </Variable>

        <!-- STORAGE_DEVICE_NUMBER -->
        <Variable Name="STORAGE_DEVICE_NUMBER" Type="Struct">
            <Field Type="DEVICE_TYPE"   Name="DeviceType" />
            <Field Type="DWORD"         Name="DeviceNumber" />
            <Field Type="DWORD"         Name="PartitionNumber" />
        </Variable>

        <!-- ISCSI_DEVICE_ON_SESSION -->
        <Variable Name="ISCSI_DEVICE_ON_SESSION" Type="Struct">
            <Field Type="TCHAR [MAX_ISCSI_HBANAME_LEN]"     Name="InitiatorName" />
            <Field Type="TCHAR [MAX_ISCSI_NAME_LEN + 1]"    Name="TargetName" />
            <Field Type="SCSI_ADDRESS"                      Name="ScsiAddress" />
            <Field Type="GUID"                              Name="DeviceInterfaceType" />
            <Field Type="TCHAR [MAX_PATH]"                  Name="DeviceInterfaceName" />
            <Field Type="TCHAR [MAX_PATH]"                  Name="LegacyName" />
            <Field Type="STORAGE_DEVICE_NUMBER"             Name="StorageDeviceNumber" />
            <Field Type="DWORD"                             Name="DeviceInstance" />
        </Variable>
        <Variable Name="PISCSI_DEVICE_ON_SESSION" Type="Pointer" Base="ISCSI_DEVICE_ON_SESSION" />

        <!-- ISCSI_TARGET_PORTAL -->
        <Variable Name="ISCSI_TARGET_PORTAL" Type="Struct">
            <Field Type="TCHAR [MAX_ISCSI_PORTAL_NAME_LEN]"     Name="SymbolicName" />
            <Field Type="TCHAR [MAX_ISCSI_PORTAL_ADDRESS_LEN]"  Name="Address" />
            <Field Type="USHORT"                                Name="Socket" />
        </Variable>
        <Variable Name="PISCSI_TARGET_PORTAL"       Type="Pointer"  Base="ISCSI_TARGET_PORTAL" />
        <Variable Name="ISCSI_TARGET_PORTAL [1]"    Type="Array"    Base="ISCSI_TARGET_PORTAL" Count="1" />

        <!-- ISCSI_TARGET_PORTAL_GROUP -->
        <Variable Name="ISCSI_TARGET_PORTAL_GROUP" Type="Struct">
            <Field Type="ULONG"     Name="Count" />
            <Field Type="ISCSI_TARGET_PORTAL [1]"  Name="Portals" />
        </Variable>
        <Variable Name="PISCSI_TARGET_PORTAL_GROUP" Type="Pointer" Base="ISCSI_TARGET_PORTAL_GROUP" />

        <!-- ISCSI_TARGET_PORTAL_INFO -->
        <Variable Name="ISCSI_TARGET_PORTAL_INFO" Type="Struct">
            <Field Type="TCHAR [MAX_ISCSI_HBANAME_LEN]"         Name="InitiatorName" />
            <Field Type="ULONG"                                 Name="InitiatorPortNumber" />
            <Field Type="TCHAR [MAX_ISCSI_PORTAL_NAME_LEN]"     Name="SymbolicName" />
            <Field Type="TCHAR [MAX_ISCSI_PORTAL_ADDRESS_LEN]"  Name="Address" />
            <Field Type="USHORT"                                Name="Socket" />
        </Variable>
        <Variable Name="PISCSI_TARGET_PORTAL_INFO" Type="Pointer" Base="ISCSI_TARGET_PORTAL_INFO" />

        <!-- ISCSI_CONNECTION_INFO -->
        <Variable Name="ISCSI_CONNECTION_INFO" Type="Struct">
            <Field Type="ISCSI_UNIQUE_CONNECTION_ID"    Name="ConnectionId" />
            <Field Type="PTCHAR"                        Name="InitiatorAddress" />
            <Field Type="PTCHAR"                        Name="TargetAddress" />
            <Field Type="USHORT"                        Name="InitiatorSocket" />
            <Field Type="USHORT"                        Name="TargetSocket" />
            <Field Type="UCHAR [2]"                     Name="CID" />
        </Variable>
        <Variable Name="PISCSI_CONNECTION_INFO" Type="Pointer" Base="ISCSI_CONNECTION_INFO" />

        <!-- ISCSI_SESSION_INFO -->
        <Variable Name="ISCSI_SESSION_INFO" Type="Struct">
            <Field Type="ISCSI_UNIQUE_SESSION_ID"   Name="SessionId" />
            <Field Type="PTCHAR"                    Name="InitiatorName" />
            <Field Type="PTCHAR"                    Name="TargetNodeName" />
            <Field Type="PTCHAR"                    Name="TargetName" />
            <Field Type="UCHAR [6]"                 Name="ISID" />
            <Field Type="UCHAR [2]"                 Name="TSID" />
            <Field Type="ULONG"                     Name="ConnectionCount" />
            <Field Type="PISCSI_CONNECTION_INFO"    Name="Connections" Count="ConnectionCount" />
        </Variable>
        <Variable Name="PISCSI_SESSION_INFO" Type="Pointer" Base="ISCSI_SESSION_INFO" />

        <!-- PERSISTENT_ISCSI_LOGIN_INFO -->
        <Variable Name="PERSISTENT_ISCSI_LOGIN_INFO" Type="Struct">
            <Field Type="TCHAR [MAX_ISCSI_NAME_LEN + 1]"    Name="TargetName" />
            <Field Type="BOOLEAN"                           Name="IsInformationalSession" />
            <Field Type="TCHAR [MAX_ISCSI_HBANAME_LEN]"     Name="InitiatorInstance" />
            <Field Type="ULONG"                             Name="InitiatorPortNumber" />
            <Field Type="ISCSI_TARGET_PORTAL"               Name="TargetPortal" />
            <Field Type="ISCSI_SECURITY_FLAGS"              Name="SecurityFlags" />
            <Field Type="PISCSI_TARGET_MAPPING"             Name="Mappings" />
            <Field Type="ISCSI_LOGIN_OPTIONS"               Name="LoginOptions" />
        </Variable>
        <Variable Name="PPERSISTENT_ISCSI_LOGIN_INFO" Type="Pointer" Base="PERSISTENT_ISCSI_LOGIN_INFO" />

        <!-- IKE_AUTHENTICATION_METHOD -->
        <Variable Name="IKE_AUTHENTICATION_METHOD" Type="Alias" Base="UINT">
            <Enum>
                <Set Name="IKE_AUTHENTICATION_PRESHARED_KEY_METHOD" Value="1" />
            </Enum>
        </Variable>

        <!-- IKE_IDENTIFICATION_PAYLOAD_TYPE -->
        <Variable Name="IKE_IDENTIFICATION_PAYLOAD_TYPE" Type="Alias" Base="UCHAR">
            <Enum>
                <Set Name="ID_IPV4_ADDR"        Value="1" />
                <Set Name="ID_FQDN"             Value="2" />
                <Set Name="ID_USER_FQDN"        Value="3" />
                <Set Name="ID_IPV6_ADDR"        Value="5" />
            </Enum>
        </Variable>

        <!-- IKE_AUTHENTICATION_PRESHARED_KEY -->
        <Variable Name="IKE_AUTHENTICATION_PRESHARED_KEY" Type="Struct">
            <Field Type="ISCSI_SECURITY_FLAGS"              Name="SecurityFlags" />
            <Field Type="IKE_IDENTIFICATION_PAYLOAD_TYPE"   Name="IdType" />
            <Field Type="ULONG"                             Name="IdLengthInBytes" />
            <Field Type="PUCHAR"                            Name="Id" Length="IdLengthInBytes" />
            <Field Type="ULONG"                             Name="KeyLengthInBytes" />
            <Field Type="PUCHAR"                            Name="Key" Length="KeyLengthInBytes" />
        </Variable>

        <!-- [IKE_AUTHENTICATION_INFORMATION_u] -->
        <Variable Name="[IKE_AUTHENTICATION_INFORMATION_u]" Type="Union">
            <Display Name="union" />
            <Field Type="IKE_AUTHENTICATION_PRESHARED_KEY" Name="PsKey" />
        </Variable>

        <!-- IKE_AUTHENTICATION_INFORMATION -->
        <Variable Name="IKE_AUTHENTICATION_INFORMATION" Type="Struct">
            <Field Type="IKE_AUTHENTICATION_METHOD"             Name="AuthMethod" />
            <Field Type="[IKE_AUTHENTICATION_INFORMATION_u]"    Name="AuthMethod" />
        </Variable>
        <Variable Name="PIKE_AUTHENTICATION_INFORMATION"    Type="Pointer" Base="IKE_AUTHENTICATION_INFORMATION" />

        <!-- iSCSI Discovery Library -->
        <Category Name="Devices/iSCSI Discovery Library" />
        <Api Name="AddISNSServer" BothCharset="True">
            <Param Type="PTCHAR" Name="Address" />
            <Return Type="ISDSC_STATUS" />
        </Api>
        <Api Name="AddIScsiConnection" BothCharset="True">
            <Param Type="PISCSI_UNIQUE_SESSION_ID" Name="UniqueSessionId" />
            <Param Type="PVOID" Name="Reserved" />
            <Param Type="ULONG" Name="InitiatorPortNumber" />
            <Param Type="PISCSI_TARGET_PORTAL" Name="TargetPortal" />
            <Param Type="ISCSI_SECURITY_FLAGS" Name="SecurityFlags" />
            <Param Type="PISCSI_LOGIN_OPTIONS" Name="LoginOptions" />
            <Param Type="ULONG" Name="KeySize" />
            <Param Type="PCHAR" Name="Key" />
            <Param Type="PISCSI_UNIQUE_CONNECTION_ID" Name="ConnectionId" />
            <Return Type="ISDSC_STATUS" />
        </Api>
        <Api Name="AddIScsiSendTargetPortal" BothCharset="True">
            <Param Type="PTCHAR" Name="InitiatorName" />
            <Param Type="ULONG" Name="InitiatorPortNumber" />
            <Param Type="PISCSI_LOGIN_OPTIONS" Name="LoginOptions" />
            <Param Type="ISCSI_SECURITY_FLAGS" Name="SecurityFlags" />
            <Param Type="PISCSI_TARGET_PORTAL" Name="Portal" />
            <Return Type="ISDSC_STATUS" />
        </Api>
        <Api Name="AddIScsiStaticTarget" BothCharset="True">
            <Param Type="PTCHAR" Name="TargetName" />
            <Param Type="PTCHAR" Name="TargetAlias" />
            <Param Type="ISCSI_TARGET_FLAGS" Name="TargetFlags" />
            <Param Type="BOOLEAN" Name="Persist" />
            <Param Type="PISCSI_TARGET_MAPPING" Name="Mappings" />
            <Param Type="PISCSI_LOGIN_OPTIONS" Name="LoginOptions" />
            <Param Type="PISCSI_TARGET_PORTAL_GROUP" Name="PortalGroup" />
            <Return Type="ISDSC_STATUS" />
        </Api>
        <Api Name="AddPersistentIScsiDevice" BothCharset="True">
            <Param Type="PTCHAR" Name="VolumePath" />
            <Return Type="ISDSC_STATUS" />
        </Api>
        <Api Name="AddRadiusServer" BothCharset="True">
            <Param Type="PWCHAR" Name="Address" />
            <Return Type="ISDSC_STATUS" />
        </Api>
        <Api Name="ClearPersistentIScsiDevices">
            <Return Type="ISDSC_STATUS" />
        </Api>
        <Api Name="GetDevicesForIScsiSession" BothCharset="True">
            <Param Type="PISCSI_UNIQUE_SESSION_ID" Name="UniqueSessionId" />
            <Param Type="ULONG*" Name="DeviceCount" />
            <Param Type="PISCSI_DEVICE_ON_SESSION" Name="Devices" PostCount="DeviceCount" />
            <Return Type="ISDSC_STATUS" />
        </Api>
        <Api Name="GetIScsiIKEInfo" BothCharset="True">
            <Param Type="PTCHAR" Name="InitiatorName" />
            <Param Type="ULONG" Name="PortNumber" />
            <Param Type="PULONG" Name="Reserved" />
            <Param Type="PIKE_AUTHENTICATION_INFORMATION" Name="AuthInfo" />
            <Return Type="ISDSC_STATUS" />
        </Api>
        <Api Name="GetIScsiInitiatorNodeName" BothCharset="True">
            <Param Type="PTCHAR" Name="InitiatorNodeName" OutputOnly="True" />
            <Return Type="ISDSC_STATUS" />
        </Api>
        <Api Name="GetIScsiSessionList" BothCharset="True">
            <Param Type="ULONG*" Name="BufferSize" />
            <Param Type="ULONG*" Name="SessionCount" />
            <Param Type="PISCSI_SESSION_INFO" Name="SessionInfo" PostCount="SessionCount" />
            <Return Type="ISDSC_STATUS" />
        </Api>
        <Api Name="GetIScsiTargetInformation" BothCharset="True">
            <Param Type="PTCHAR" Name="TargetName" />
            <Param Type="PTCHAR" Name="DiscoveryMechanism" />
            <Param Type="TARGET_INFORMATION_CLASS" Name="InfoClass" />
            <Param Type="PULONG" Name="BufferSize" />
            <Param Type="PVOID" Name="Buffer" PostLength="BufferSize" />
            <Return Type="ISDSC_STATUS" />
        </Api>
        <Api Name="GetIScsiVersionInformation">
            <Param Type="PISCSI_VERSION_INFO" Name="VersionInfo" />
            <Return Type="ISDSC_STATUS" />
        </Api>
        <Api Name="LoginIScsiTarget" BothCharset="True">
            <Param Type="PTCHAR" Name="TargetName" />
            <Param Type="BOOLEAN" Name="IsInformationalSession" />
            <Param Type="PTCHAR" Name="InitiatorName" />
            <Param Type="ULONG" Name="InitiatorPortNumber" />
            <Param Type="PISCSI_TARGET_PORTAL" Name="TargetPortal" />
            <Param Type="ISCSI_SECURITY_FLAGS" Name="SecurityFlags" />
            <Param Type="PISCSI_TARGET_MAPPING" Name="Mappings" />
            <Param Type="PISCSI_LOGIN_OPTIONS" Name="LoginOptions" />
            <Param Type="ULONG" Name="KeySize" />
            <Param Type="PCHAR" Name="Key" />
            <Param Type="BOOLEAN" Name="IsPersistent" />
            <Param Type="PISCSI_UNIQUE_SESSION_ID" Name="UniqueSessionId" />
            <Param Type="PISCSI_UNIQUE_CONNECTION_ID" Name="UniqueConnectionId" />
            <Return Type="ISDSC_STATUS" />
        </Api>
        <Api Name="LogoutIScsiTarget">
            <Param Type="PISCSI_UNIQUE_SESSION_ID" Name="UniqueSessionId" />
            <Return Type="ISDSC_STATUS" />
        </Api>
        <Api Name="RefreshISNSServer" BothCharset="True">
            <Param Type="PTCHAR" Name="Address" />
            <Return Type="ISDSC_STATUS" />
        </Api>
        <Api Name="RefreshIScsiSendTargetPortal" BothCharset="True">
            <Param Type="PTCHAR" Name="InitiatorInstance" />
            <Param Type="ULONG" Name="InitiatorPortNumber" />
            <Param Type="PISCSI_TARGET_PORTAL" Name="Portal" />
            <Return Type="ISDSC_STATUS" />
        </Api>
        <Api Name="RemoveISNSServer" BothCharset="True">
            <Param Type="PTCHAR" Name="Address" />
            <Return Type="ISDSC_STATUS" />
        </Api>
        <Api Name="RemoveIScsiConnection">
            <Param Type="PISCSI_UNIQUE_SESSION_ID" Name="UniqueSessionId" />
            <Param Type="PISCSI_UNIQUE_CONNECTION_ID" Name="UniqueConnectionId" />
            <Return Type="ISDSC_STATUS" />
        </Api>
        <Api Name="RemoveIScsiPersistentTarget" BothCharset="True">
            <Param Type="PTCHAR" Name="InitiatorInstance" />
            <Param Type="ULONG" Name="InitiatorPortNumber" />
            <Param Type="PTCHAR" Name="TargetName" />
            <Param Type="PISCSI_TARGET_PORTAL" Name="Portal" />
            <Return Type="ISDSC_STATUS" />
        </Api>
        <Api Name="RemoveIScsiSendTargetPortal" BothCharset="True">
            <Param Type="PTCHAR" Name="InitiatorInstance" />
            <Param Type="ULONG" Name="InitiatorPortNumber" />
            <Param Type="PISCSI_TARGET_PORTAL" Name="Portal" />
            <Return Type="ISDSC_STATUS" />
        </Api>
        <Api Name="RemoveIScsiStaticTarget" BothCharset="True">
            <Param Type="PTCHAR" Name="TargetName" />
            <Return Type="ISDSC_STATUS" />
        </Api>
        <Api Name="RemovePersistentIScsiDevice" BothCharset="True">
            <Param Type="PTCHAR" Name="VolumePath" />
            <Return Type="ISDSC_STATUS" />
        </Api>
        <Api Name="RemoveRadiusServer" BothCharset="True">
            <Param Type="PTCHAR" Name="Address" />
            <Return Type="ISDSC_STATUS" />
        </Api>
        <Api Name="ReportActiveIScsiTargetMappings" BothCharset="True">
            <Param Type="PULONG" Name="BufferSize" />
            <Param Type="PULONG" Name="MappingCount" />
            <Param Type="PISCSI_TARGET_MAPPING" Name="Mappings" PostCount="MappingCount" />
            <Return Type="ISDSC_STATUS" />
        </Api>
        <Api Name="ReportISNSServerList" BothCharset="True">
            <Param Type="PULONG" Name="BufferSizeInChar" />
            <Param Type="PTCHAR" Name="Buffer" />
            <Return Type="ISDSC_STATUS" />
        </Api>
        <Api Name="ReportIScsiInitiatorList" BothCharset="True">
            <Param Type="ULONG*" Name="BufferSize" />
            <Param Type="PTCHAR" Name="Buffer" />
            <Return Type="ISDSC_STATUS" />
        </Api>
        <Api Name="ReportIScsiPersistentLogins" BothCharset="True">
            <Param Type="ULONG*" Name="Count" />
            <Param Type="PPERSISTENT_ISCSI_LOGIN_INFO" Name="PersistentLoginInfo" Count="Count" />
            <Param Type="PULONG" Name="BufferSizeInBytes" />
            <Return Type="ISDSC_STATUS" />
        </Api>
        <Api Name="ReportIScsiSendTargetPortals" BothCharset="True">
            <Param Type="PULONG" Name="PortalCount" />
            <Param Type="PISCSI_TARGET_PORTAL_INFO" Name="PortalInfo" Count="PortalCount" />
            <Return Type="ISDSC_STATUS" />
        </Api>
        <Api Name="ReportIScsiSendTargetPortalsEx" BothCharset="True">
            <Param Type="PULONG" Name="PortalCount" />
            <Param Type="PULONG" Name="PortalInfoSize" />
            <Param Type="PISCSI_TARGET_PORTAL_INFO_EX" Name="PortalInfo" Count="PortalCount" />
            <Return Type="ISDSC_STATUS" />
        </Api>
        <Api Name="ReportIScsiTargets" BothCharset="True">
            <Param Type="BOOLEAN" Name="ForceUpdate" />
            <Param Type="PULONG" Name="BufferSize" />
            <Param Type="PTCHAR" Name="Buffer" OutputOnly="True" />
            <Return Type="ISDSC_STATUS" />
        </Api>
        <Api Name="ReportIScsiTargetPortals" BothCharset="True">
            <Param Type="PWCHAR" Name="InitiatorName" />
            <Param Type="PWCHAR" Name="TargetName" />
            <Param Type="PUSHORT" Name="TargetPortalTag" />
            <Param Type="PULONG" Name="ElementCount" />
            <Param Type="PISCSI_TARGET_PORTAL" Name="Portals" Count="ElementCount" />
            <Return Type="ISDSC_STATUS" />
        </Api>
        <Api Name="ReportPersistentIScsiDevices" BothCharset="True">
            <Param Type="PULONG" Name="BufferSizeInChar" />
            <Param Type="PTCHAR" Name="Buffer" />
            <Return Type="ISDSC_STATUS" />
        </Api>
        <Api Name="ReportRadiusServerList" BothCharset="True">
            <Param Type="PULONG" Name="BufferSizeInChar" />
            <Param Type="PTCHAR" Name="Buffer" />
            <Return Type="ISDSC_STATUS" />
        </Api>
        <Api Name="SendScsiInquiry">
            <Param Type="PISCSI_UNIQUE_SESSION_ID*" Name="UniqueSessionId" />
            <Param Type="ULONGLONG" Name="Lun" />
            <Param Type="UCHAR" Name="EvpdCmddt" />
            <Param Type="UCHAR" Name="PageCode" />
            <Param Type="PUCHAR*" Name="ScsiStatus" />
            <Param Type="PULONG*" Name="ReponseSize" />
            <Param Type="PUCHAR" Name="ReponseBuffer" />
            <Param Type="PULONG*" Name="SenseSize" />
            <Param Type="PUCHAR" Name="SenseBuffer" />
            <Return Type="ISDSC_STATUS" />
        </Api>
        <Api Name="SendScsiReadCapacity">
            <Param Type="PISCSI_UNIQUE_SESSION_ID" Name="UniqueSessionId" />
            <Param Type="ULONGLONG" Name="Lun" />
            <Param Type="PUCHAR*" Name="ScsiStatus" />
            <Param Type="PULONG*" Name="ResponseSize" />
            <Param Type="PUCHAR" Name="ResponseBuffer" />
            <Param Type="PULONG*" Name="SenseSize" />
            <Param Type="PUCHAR" Name="SenseBuffer" />
            <Return Type="ISDSC_STATUS" />
        </Api>
        <Api Name="SendScsiReportLuns">
            <Param Type="PISCSI_UNIQUE_SESSION_ID" Name="UniqueSessionId" />
            <Param Type="PUCHAR*" Name="ScsiStatus" />
            <Param Type="PULONG*" Name="ResponseSize" />
            <Param Type="PUCHAR" Name="ResponseBuffer" />
            <Param Type="PULONG*" Name="SenseSize" />
            <Param Type="PUCHAR" Name="SenseBuffer" />
            <Return Type="ISDSC_STATUS" />
        </Api>
        <Api Name="SetIScsiGroupPresharedKey">
            <Param Type="ULONG" Name="KeyLength" />
            <Param Type="PUCHAR" Name="Key" />
            <Param Type="BOOLEAN" Name="Persist" />
            <Return Type="ISDSC_STATUS" />
        </Api>
        <Api Name="SetIScsiIKEInfo" BothCharset="True">
            <Param Type="PTCHAR" Name="InitiatorName" />
            <Param Type="ULONG" Name="PortNumber" />
            <Param Type="PIKE_AUTHENTICATION_INFORMATION" Name="AuthInfo" />
            <Param Type="BOOLEAN" Name="Persist" />
            <Return Type="ISDSC_STATUS" />
        </Api>
        <Api Name="SetIScsiInitiatorCHAPSharedSecret">
            <Param Type="ULONG" Name="SharedSecretLength" />
            <Param Type="PUCHAR" Name="SharedSecret" />
            <Return Type="ISDSC_STATUS" />
        </Api>
        <Api Name="SetIScsiInitiatorRADIUSSharedSecret">
            <Param Type="ULONG" Name="SharedSecretLength" />
            <Param Type="PUCHAR" Name="SharedSecret" />
            <Return Type="ISDSC_STATUS" />
        </Api>
        <Api Name="SetIScsiInitiatorNodeName" BothCharset="True">
            <Param Type="PTCHAR" Name="InitiatorNodeName" />
            <Return Type="ISDSC_STATUS" />
        </Api>
        <Api Name="SetIScsiTunnelModeOuterAddress" BothCharset="True">
            <Param Type="PTCHAR" Name="InitiatorName" />
            <Param Type="ULONG" Name="InitiatorPortNumber" />
            <Param Type="PTCHAR" Name="DestinationAddress" />
            <Param Type="PTCHAR" Name="OuterModeAddress" />
            <Param Type="BOOLEAN" Name="Persist" />
            <Return Type="ISDSC_STATUS" />
        </Api>
        <Api Name="SetupPersistentIScsiDevices">
            <Return Type="ISDSC_STATUS" />
        </Api>
    </Module>
</ApiMonitor>