<!--
    API Monitor Definitions
    (c) 2013, Rohitab Batra <rohitab@rohitab.com>
    http://www.rohitab.com/apimonitor/
-->
<ApiMonitor>
    <Module Name="KernelBase.dll">

        <!-- Advapi32.dll -->
        <SourceModule Name="Advapi32.dll" Include="Windows\Advapi32.xml">
            <Api Name="AccessCheck" />
            <Api Name="AccessCheckAndAuditAlarmW" />
            <Api Name="AccessCheckByType" />
            <Api Name="AccessCheckByTypeAndAuditAlarmW" />
            <Api Name="AccessCheckByTypeResultList" />
            <Api Name="AccessCheckByTypeResultListAndAuditAlarmByHandleW" />
            <Api Name="AccessCheckByTypeResultListAndAuditAlarmW" />
            <Api Name="AddAccessAllowedAce" />
            <Api Name="AddAccessAllowedAceEx" />
            <Api Name="AddAccessAllowedObjectAce" />
            <Api Name="AddAccessDeniedAce" />
            <Api Name="AddAccessDeniedAceEx" />
            <Api Name="AddAccessDeniedObjectAce" />
            <Api Name="AddAce" />
            <Api Name="AddAuditAccessAce" />
            <Api Name="AddAuditAccessAceEx" />
            <Api Name="AddAuditAccessObjectAce" />
            <Api Name="AddMandatoryAce" />
            <Api Name="AdjustTokenGroups" />
            <Api Name="AdjustTokenPrivileges" />
            <Api Name="AllocateAndInitializeSid" />
            <Api Name="AllocateLocallyUniqueId" />
            <Api Name="AreAllAccessesGranted" />
            <Api Name="AreAnyAccessesGranted" />
            <Api Name="CheckTokenMembership" />
            <Api Name="CloseTrace" />
            <Api Name="ControlTraceA" />
            <Api Name="ControlTraceW" />
            <Api Name="ConvertToAutoInheritPrivateObjectSecurity" />
            <Api Name="CopySid" />
            <Api Name="CreatePrivateObjectSecurity" />
            <Api Name="CreatePrivateObjectSecurityEx" />
            <Api Name="CreatePrivateObjectSecurityWithMultipleInheritance" />
            <Api Name="CreateProcessAsUserW" />
            <Api Name="CreateRestrictedToken" />
            <Api Name="CreateWellKnownSid" />
            <Api Name="DeleteAce" />
            <Api Name="DestroyPrivateObjectSecurity" />
            <Api Name="DuplicateToken" />
            <Api Name="DuplicateTokenEx" />
            <Api Name="EnableTraceEx2" />
            <Api Name="EnumerateTraceGuidsEx" />
            <Api Name="EqualDomainSid" />
            <Api Name="EqualPrefixSid" />
            <Api Name="EqualSid" />
            <Api Name="EventAccessControl" />
            <Api Name="EventAccessQuery" />
            <Api Name="EventAccessRemove" />
            <Api Name="EventActivityIdControl" />
            <Api Name="EventEnabled" />
            <Api Name="EventProviderEnabled" />
            <Api Name="EventRegister" />
            <Api Name="EventSetInformation" />
            <Api Name="EventUnregister" />
            <Api Name="EventWrite" />
            <Api Name="EventWriteEx" />
            <Api Name="EventWriteString" />
            <Api Name="EventWriteTransfer" />
            <Api Name="FindFirstFreeAce" />
            <Api Name="FreeSid" />
            <Api Name="GetAce" />
            <Api Name="GetAclInformation" />
            <Api Name="GetAppContainerNamedObjectPath" />
            <Api Name="GetFileSecurityW" />
            <Api Name="GetKernelObjectSecurity" />
            <Api Name="GetLengthSid" />
            <Api Name="GetPrivateObjectSecurity" />
            <Api Name="GetSecurityDescriptorControl" />
            <Api Name="GetSecurityDescriptorDacl" />
            <Api Name="GetSecurityDescriptorGroup" />
            <Api Name="GetSecurityDescriptorLength" />
            <Api Name="GetSecurityDescriptorOwner" />
            <Api Name="GetSecurityDescriptorRMControl" />
            <Api Name="GetSecurityDescriptorSacl" />
            <Api Name="GetSidIdentifierAuthority" />
            <Api Name="GetSidLengthRequired" />
            <Api Name="GetSidSubAuthority" />
            <Api Name="GetSidSubAuthorityCount" />
            <Api Name="GetTokenInformation" />
            <Api Name="GetTraceEnableFlags" />
            <Api Name="GetTraceEnableLevel" />
            <Api Name="GetTraceLoggerHandle" />
            <Api Name="GetWindowsAccountDomainSid" />
            <Api Name="ImpersonateAnonymousToken" />
            <Api Name="ImpersonateLoggedOnUser" />
            <Api Name="ImpersonateNamedPipeClient" />
            <Api Name="ImpersonateSelf" />
            <Api Name="InitializeAcl" />
            <Api Name="InitializeSecurityDescriptor" />
            <Api Name="InitializeSid" />
            <Api Name="IsTokenRestricted" />
            <Api Name="IsValidAcl" />
            <Api Name="IsValidSecurityDescriptor" />
            <Api Name="IsValidSid" />
            <Api Name="IsWellKnownSid" />
            <Api Name="MakeAbsoluteSD" />
            <Api Name="MakeSelfRelativeSD" />
            <Api Name="MapGenericMask" />
            <Api Name="ObjectCloseAuditAlarmW" />
            <Api Name="ObjectDeleteAuditAlarmW" />
            <Api Name="ObjectOpenAuditAlarmW" />
            <Api Name="ObjectPrivilegeAuditAlarmW" />
            <Api Name="OpenProcessToken" />
            <Api Name="OpenThreadToken" />
            <Api Name="OpenTraceW" />
            <Api Name="PrivilegeCheck" />
            <Api Name="PrivilegedServiceAuditAlarmW" />
            <Api Name="ProcessTrace" />
            <Api Name="QueryAllTracesA" />
            <Api Name="QueryAllTracesW" />
            <Api Name="QuerySecurityAccessMask" />
            <Api Name="RegCloseKey" />
            <Api Name="RegCopyTreeW" />
            <Api Name="RegCreateKeyExA" />
            <Api Name="RegCreateKeyExW" />
            <Api Name="RegDeleteKeyExA" />
            <Api Name="RegDeleteKeyExW" />
            <Api Name="RegDeleteTreeA" />
            <Api Name="RegDeleteTreeW" />
            <Api Name="RegDeleteValueA" />
            <Api Name="RegDeleteValueW" />
            <Api Name="RegDisablePredefinedCacheEx" />
            <Api Name="RegEnumKeyExA" />
            <Api Name="RegEnumKeyExW" />
            <Api Name="RegEnumValueA" />
            <Api Name="RegEnumValueW" />
            <Api Name="RegFlushKey" />
            <Api Name="RegGetKeySecurity" />
            <Api Name="RegGetValueA" />
            <Api Name="RegGetValueW" />
            <Api Name="RegisterTraceGuidsA" />
            <Api Name="RegisterTraceGuidsW" />
            <Api Name="RegLoadAppKeyA" />
            <Api Name="RegLoadAppKeyW" />
            <Api Name="RegLoadKeyA" />
            <Api Name="RegLoadKeyW" />
            <Api Name="RegLoadMUIStringA" />
            <Api Name="RegLoadMUIStringW" />
            <Api Name="RegNotifyChangeKeyValue" />
            <Api Name="RegOpenCurrentUser" />
            <Api Name="RegOpenKeyExA" />
            <Api Name="RegOpenKeyExW" />
            <Api Name="RegOpenUserClassesRoot" />
            <Api Name="RegQueryInfoKeyA" />
            <Api Name="RegQueryInfoKeyW" />
            <Api Name="RegQueryValueExA" />
            <Api Name="RegQueryValueExW" />
            <Api Name="RegRestoreKeyA" />
            <Api Name="RegRestoreKeyW" />
            <Api Name="RegSaveKeyExA" />
            <Api Name="RegSaveKeyExW" />
            <Api Name="RegSetKeySecurity" />
            <Api Name="RegSetValueExA" />
            <Api Name="RegSetValueExW" />
            <Api Name="RegUnLoadKeyA" />
            <Api Name="RegUnLoadKeyW" />
            <Api Name="RemoveTraceCallback" />
            <Api Name="RevertToSelf" />
            <Api Name="SetAclInformation" />
            <Api Name="SetFileSecurityW" />
            <Api Name="SetKernelObjectSecurity" />
            <Api Name="SetPrivateObjectSecurity" />
            <Api Name="SetPrivateObjectSecurityEx" />
            <Api Name="SetSecurityAccessMask" />
            <Api Name="SetSecurityDescriptorControl" />
            <Api Name="SetSecurityDescriptorDacl" />
            <Api Name="SetSecurityDescriptorGroup" />
            <Api Name="SetSecurityDescriptorOwner" />
            <Api Name="SetSecurityDescriptorRMControl" />
            <Api Name="SetSecurityDescriptorSacl" />
            <Api Name="SetThreadToken" />
            <Api Name="SetTokenInformation" />
            <Api Name="SetTraceCallback" />
            <Api Name="StartTraceA" />
            <Api Name="StartTraceW" />
            <Api Name="StopTraceW" />
            <Api Name="TraceEvent" />
            <Api Name="TraceMessage" />
            <Api Name="TraceMessageVa" />
            <Api Name="TraceQueryInformation" />
            <Api Name="TraceSetInformation" />
            <Api Name="UnregisterTraceGuids" />
        </SourceModule>

        <!-- Kernel32.dll -->
        <SourceModule Name="Kernel32.dll" Include="Windows\Kernel32.xml">
            <Api Name="AcquireSRWLockExclusive" />
            <Api Name="AcquireSRWLockShared" />
            <Api Name="ActivateActCtx" />
            <Api Name="AddDllDirectory" />
            <Api Name="AddRefActCtx" />
            <Api Name="AddResourceAttributeAce" />
            <Api Name="AddScopedPolicyIDAce" />
            <Api Name="AddSIDToBoundaryDescriptor" />
            <Api Name="AddVectoredContinueHandler" />
            <Api Name="AddVectoredExceptionHandler" />
            <Api Name="AllocConsole" />
            <Api Name="AreFileApisANSI" />
            <Api Name="AttachConsole" />
            <Api Name="Beep" />
            <Api Name="CallbackMayRunLong" />
            <Api Name="CancelIo" />
            <Api Name="CancelIoEx" />
            <Api Name="CancelSynchronousIo" />
            <Api Name="CancelThreadpoolIo" />
            <Api Name="CancelWaitableTimer" />
            <Api Name="ChangeTimerQueueTimer" />
            <Api Name="CheckRemoteDebuggerPresent" />
            <Api Name="CheckTokenCapability" />
            <Api Name="CheckTokenMembershipEx" />
            <Api Name="ClearCommBreak" />
            <Api Name="ClearCommError" />
            <Api Name="CloseHandle" />
            <Api Name="ClosePrivateNamespace" />
            <Api Name="CloseThreadpool" />
            <Api Name="CloseThreadpoolCleanupGroup" />
            <Api Name="CloseThreadpoolCleanupGroupMembers" />
            <Api Name="CloseThreadpoolIo" />
            <Api Name="CloseThreadpoolTimer" />
            <Api Name="CloseThreadpoolWait" />
            <Api Name="CloseThreadpoolWork" />
            <Api Name="CompareFileTime" />
            <Api Name="CompareStringA" />
            <Api Name="CompareStringEx" />
            <Api Name="CompareStringOrdinal" />
            <Api Name="CompareStringW" />
            <Api Name="ConnectNamedPipe" />
            <Api Name="ContinueDebugEvent" />
            <Api Name="ConvertDefaultLocale" />
            <Api Name="CopyFile2" />
            <Api Name="CopyFileExW" />
            <Api Name="CreateActCtxW" />
            <Api Name="CreateBoundaryDescriptorW" />
            <Api Name="CreateConsoleScreenBuffer" />
            <Api Name="CreateDirectoryA" />
            <Api Name="CreateDirectoryExW" />
            <Api Name="CreateDirectoryW" />
            <Api Name="CreateEventA" />
            <Api Name="CreateEventExA" />
            <Api Name="CreateEventExW" />
            <Api Name="CreateEventW" />
            <Api Name="CreateFile2" />
            <Api Name="CreateFileA" />
            <Api Name="CreateFileMappingFromApp" />
            <Api Name="CreateFileMappingNumaW" />
            <Api Name="CreateFileMappingW" />
            <Api Name="CreateFileW" />
            <Api Name="CreateHardLinkW" />
            <Api Name="CreateIoCompletionPort" />
            <Api Name="CreateMemoryResourceNotification" />
            <Api Name="CreateMutexA" />
            <Api Name="CreateMutexExA" />
            <Api Name="CreateMutexExW" />
            <Api Name="CreateMutexW" />
            <Api Name="CreateNamedPipeW" />
            <Api Name="CreatePipe" />
            <Api Name="CreatePrivateNamespaceW" />
            <Api Name="CreateProcessA" />
            <Api Name="CreateProcessW" />
            <Api Name="CreateRemoteThread" />
            <Api Name="CreateRemoteThreadEx" />
            <Api Name="CreateSemaphoreExW" />
            <Api Name="CreateSymbolicLinkW" />
            <Api Name="CreateThread" />
            <Api Name="CreateThreadpool" />
            <Api Name="CreateThreadpoolCleanupGroup" />
            <Api Name="CreateThreadpoolIo" />
            <Api Name="CreateThreadpoolTimer" />
            <Api Name="CreateThreadpoolWait" />
            <Api Name="CreateThreadpoolWork" />
            <Api Name="CreateTimerQueue" />
            <Api Name="CreateTimerQueueTimer" />
            <Api Name="CreateWaitableTimerExW" />
            <Api Name="DeactivateActCtx" />
            <Api Name="DebugActiveProcess" />
            <Api Name="DebugActiveProcessStop" />
            <Api Name="DebugBreak" />
            <Api Name="DecodePointer" />
            <Api Name="DecodeSystemPointer" />
            <Api Name="DefineDosDeviceW" />
            <Api Name="DelayLoadFailureHook" />
            <Api Name="DeleteBoundaryDescriptor" />
            <Api Name="DeleteCriticalSection" />
            <Api Name="DeleteFileA" />
            <Api Name="DeleteFileW" />
            <Api Name="DeleteProcThreadAttributeList" />
            <Api Name="DeleteSynchronizationBarrier" />
            <Api Name="DeleteTimerQueueEx" />
            <Api Name="DeleteTimerQueueTimer" />
            <Api Name="DeleteVolumeMountPointW" />
            <Api Name="DeviceIoControl" />
            <Api Name="DisableThreadLibraryCalls" />
            <Api Name="DisassociateCurrentThreadFromCallback" />
            <Api Name="DisconnectNamedPipe" />
            <Api Name="DuplicateHandle" />
            <Api Name="EncodePointer" />
            <Api Name="EncodeSystemPointer" />
            <Api Name="EnterCriticalSection" />
            <Api Name="EnterSynchronizationBarrier" />
            <Api Name="EnumCalendarInfoExEx" />
            <Api Name="EnumCalendarInfoExW" />
            <Api Name="EnumCalendarInfoW" />
            <Api Name="EnumDateFormatsExEx" />
            <Api Name="EnumDateFormatsExW" />
            <Api Name="EnumDateFormatsW" />
            <Api Name="EnumLanguageGroupLocalesW" />
            <Api Name="EnumResourceLanguagesExA" />
            <Api Name="EnumResourceLanguagesExW" />
            <Api Name="EnumResourceNamesExA" />
            <Api Name="EnumResourceNamesExW" />
            <Api Name="EnumResourceTypesExA" />
            <Api Name="EnumResourceTypesExW" />
            <Api Name="EnumSystemCodePagesW" />
            <Api Name="EnumSystemFirmwareTables" />
            <Api Name="EnumSystemGeoID" />
            <Api Name="EnumSystemLanguageGroupsW" />
            <Api Name="EnumSystemLocalesA" />
            <Api Name="EnumSystemLocalesEx" />
            <Api Name="EnumSystemLocalesW" />
            <Api Name="EnumTimeFormatsEx" />
            <Api Name="EnumTimeFormatsW" />
            <Api Name="EnumUILanguagesW" />
            <Api Name="EscapeCommFunction" />
            <Api Name="ExitProcess" />
            <Api Name="ExitThread" />
            <Api Name="ExpandEnvironmentStringsA" />
            <Api Name="ExpandEnvironmentStringsW" />
            <Api Name="FatalAppExitA" />
            <Api Name="FatalAppExitW" />
            <Api Name="FileTimeToLocalFileTime" />
            <Api Name="FileTimeToSystemTime" />
            <Api Name="FillConsoleOutputAttribute" />
            <Api Name="FillConsoleOutputCharacterA" />
            <Api Name="FillConsoleOutputCharacterW" />
            <Api Name="FindActCtxSectionGuid" />
            <Api Name="FindActCtxSectionStringW" />
            <Api Name="FindClose" />
            <Api Name="FindCloseChangeNotification" />
            <Api Name="FindFirstChangeNotificationA" />
            <Api Name="FindFirstChangeNotificationW" />
            <Api Name="FindFirstFileA" />
            <Api Name="FindFirstFileExA" />
            <Api Name="FindFirstFileExW" />
            <Api Name="FindFirstFileW" />
            <Api Name="FindFirstVolumeW" />
            <Api Name="FindNextChangeNotification" />
            <Api Name="FindNextFileA" />
            <Api Name="FindNextFileW" />
            <Api Name="FindNextVolumeW" />
            <Api Name="FindNLSString" />
            <Api Name="FindNLSStringEx" />
            <Api Name="FindResourceExW" />
            <Api Name="FindStringOrdinal" />
            <Api Name="FindVolumeClose" />
            <Api Name="FlsAlloc" />
            <Api Name="FlsFree" />
            <Api Name="FlsGetValue" />
            <Api Name="FlsSetValue" />
            <Api Name="FlushConsoleInputBuffer" />
            <Api Name="FlushFileBuffers" />
            <Api Name="FlushInstructionCache" />
            <Api Name="FlushProcessWriteBuffers" />
            <Api Name="FlushViewOfFile" />
            <Api Name="FoldStringW" />
            <Api Name="FormatMessageA" />
            <Api Name="FormatMessageW" />
            <Api Name="FreeConsole" />
            <Api Name="FreeEnvironmentStringsA" />
            <Api Name="FreeEnvironmentStringsW" />
            <Api Name="FreeLibrary" />
            <Api Name="FreeLibraryAndExitThread" />
            <Api Name="FreeLibraryWhenCallbackReturns" />
            <Api Name="FreeResource" />
            <Api Name="GenerateConsoleCtrlEvent" />
            <Api Name="GetACP" />
            <Api Name="GetApplicationRecoveryCallback" />
            <Api Name="GetApplicationRestartSettings" />
            <Api Name="GetCalendarInfoEx" />
            <Api Name="GetCalendarInfoW" />
            <Api Name="GetCommandLineA" />
            <Api Name="GetCommandLineW" />
            <Api Name="GetCommConfig" />
            <Api Name="GetCommMask" />
            <Api Name="GetCommModemStatus" />
            <Api Name="GetCommProperties" />
            <Api Name="GetCommState" />
            <Api Name="GetCommTimeouts" />
            <Api Name="GetComputerNameExA" />
            <Api Name="GetComputerNameExW" />
            <Api Name="GetConsoleCP" />
            <Api Name="GetConsoleCursorInfo" />
            <Api Name="GetConsoleMode" />
            <Api Name="GetConsoleOutputCP" />
            <Api Name="GetConsoleScreenBufferInfo" />
            <Api Name="GetConsoleScreenBufferInfoEx" />
            <Api Name="GetConsoleTitleW" />
            <Api Name="GetCPInfo" />
            <Api Name="GetCPInfoExW" />
            <Api Name="GetCurrencyFormatEx" />
            <Api Name="GetCurrencyFormatW" />
            <Api Name="GetCurrentActCtx" />
            <Api Name="GetCurrentDirectoryA" />
            <Api Name="GetCurrentDirectoryW" />
            <Api Name="GetCurrentProcess" />
            <Api Name="GetCurrentProcessId" />
            <Api Name="GetCurrentProcessorNumber" />
            <Api Name="GetCurrentProcessorNumberEx" />
            <Api Name="GetCurrentThread" />
            <Api Name="GetCurrentThreadId" />
            <Api Name="GetDateFormatA" />
            <Api Name="GetDateFormatEx" />
            <Api Name="GetDateFormatW" />
            <Api Name="GetDiskFreeSpaceA" />
            <Api Name="GetDiskFreeSpaceExA" />
            <Api Name="GetDiskFreeSpaceExW" />
            <Api Name="GetDiskFreeSpaceW" />
            <Api Name="GetDriveTypeA" />
            <Api Name="GetDriveTypeW" />
            <Api Name="GetDynamicTimeZoneInformation" />
            <Api Name="GetEnvironmentStrings" />
            <Api Name="GetEnvironmentStringsA" />
            <Api Name="GetEnvironmentStringsW" />
            <Api Name="GetEnvironmentVariableA" />
            <Api Name="GetEnvironmentVariableW" />
            <Api Name="GetErrorMode" />
            <Api Name="GetExitCodeProcess" />
            <Api Name="GetExitCodeThread" />
            <Api Name="GetFileAttributesA" />
            <Api Name="GetFileAttributesExA" />
            <Api Name="GetFileAttributesExW" />
            <Api Name="GetFileAttributesW" />
            <Api Name="GetFileInformationByHandle" />
            <Api Name="GetFileInformationByHandleEx" />
            <Api Name="GetFileMUIInfo" />
            <Api Name="GetFileMUIPath" />
            <Api Name="GetFileSize" />
            <Api Name="GetFileSizeEx" />
            <Api Name="GetFileTime" />
            <Api Name="GetFileType" />
            <Api Name="GetFinalPathNameByHandleA" />
            <Api Name="GetFinalPathNameByHandleW" />
            <Api Name="GetFullPathNameA" />
            <Api Name="GetFullPathNameW" />
            <Api Name="GetGeoInfoW" />
            <Api Name="GetHandleInformation" />
            <Api Name="GetLargePageMinimum" />
            <Api Name="GetLargestConsoleWindowSize" />
            <Api Name="GetLastError" />
            <Api Name="GetLocaleInfoA" />
            <Api Name="GetLocaleInfoEx" />
            <Api Name="GetLocaleInfoW" />
            <Api Name="GetLocalTime" />
            <Api Name="GetLogicalDrives" />
            <Api Name="GetLogicalDriveStringsW" />
            <Api Name="GetLogicalProcessorInformation" />
            <Api Name="GetLogicalProcessorInformationEx" />
            <Api Name="GetLongPathNameA" />
            <Api Name="GetLongPathNameW" />
            <Api Name="GetModuleFileNameA" />
            <Api Name="GetModuleFileNameW" />
            <Api Name="GetModuleHandleA" />
            <Api Name="GetModuleHandleExA" />
            <Api Name="GetModuleHandleExW" />
            <Api Name="GetModuleHandleW" />
            <Api Name="GetNamedPipeClientComputerNameW" />
            <Api Name="GetNativeSystemInfo" />
            <Api Name="GetNLSVersion" />
            <Api Name="GetNLSVersionEx" />
            <Api Name="GetNumaHighestNodeNumber" />
            <Api Name="GetNumaNodeProcessorMaskEx" />
            <Api Name="GetNumberFormatEx" />
            <Api Name="GetNumberFormatW" />
            <Api Name="GetNumberOfConsoleInputEvents" />
            <Api Name="GetOEMCP" />
            <Api Name="GetOverlappedResult" />
            <Api Name="GetOverlappedResultEx" />
            <Api Name="GetPriorityClass" />
            <Api Name="GetProcAddress" />
            <Api Name="GetProcessGroupAffinity" />
            <Api Name="GetProcessHandleCount" />
            <Api Name="GetProcessHeap" />
            <Api Name="GetProcessHeaps" />
            <Api Name="GetProcessId" />
            <Api Name="GetProcessIdOfThread" />
            <Api Name="GetProcessMitigationPolicy" />
            <Api Name="GetProcessPreferredUILanguages" />
            <Api Name="GetProcessTimes" />
            <Api Name="GetProcessVersion" />
            <Api Name="GetProcessWorkingSetSizeEx" />
            <Api Name="GetProductInfo" />
            <Api Name="GetQueuedCompletionStatus" />
            <Api Name="GetQueuedCompletionStatusEx" />
            <Api Name="GetShortPathNameW" />
            <Api Name="GetStartupInfoW" />
            <Api Name="GetStdHandle" />
            <Api Name="GetStringScripts" />
            <Api Name="GetStringTypeA" />
            <Api Name="GetStringTypeExW" />
            <Api Name="GetStringTypeW" />
            <Api Name="GetSystemDefaultLangID" />
            <Api Name="GetSystemDefaultLCID" />
            <Api Name="GetSystemDefaultLocaleName" />
            <Api Name="GetSystemDefaultUILanguage" />
            <Api Name="GetSystemDirectoryA" />
            <Api Name="GetSystemDirectoryW" />
            <Api Name="GetSystemFileCacheSize" />
            <Api Name="GetSystemFirmwareTable" />
            <Api Name="GetSystemInfo" />
            <Api Name="GetSystemPreferredUILanguages" />
            <Api Name="GetSystemTime" />
            <Api Name="GetSystemTimeAdjustment" />
            <Api Name="GetSystemTimeAsFileTime" />
            <Api Name="GetSystemTimePreciseAsFileTime" />
            <Api Name="GetSystemWindowsDirectoryA" />
            <Api Name="GetSystemWindowsDirectoryW" />
            <Api Name="GetTempFileNameW" />
            <Api Name="GetTempPathW" />
            <Api Name="GetThreadContext" />
            <Api Name="GetThreadGroupAffinity" />
            <Api Name="GetThreadId" />
            <Api Name="GetThreadIdealProcessorEx" />
            <Api Name="GetThreadLocale" />
            <Api Name="GetThreadPreferredUILanguages" />
            <Api Name="GetThreadPriority" />
            <Api Name="GetThreadPriorityBoost" />
            <Api Name="GetThreadTimes" />
            <Api Name="GetThreadUILanguage" />
            <Api Name="GetTickCount" />
            <Api Name="GetTickCount64" />
            <Api Name="GetTimeFormatA" />
            <Api Name="GetTimeFormatEx" />
            <Api Name="GetTimeFormatW" />
            <Api Name="GetTimeZoneInformation" />
            <Api Name="GetTimeZoneInformationForYear" />
            <Api Name="GetUILanguageInfo" />
            <Api Name="GetUserDefaultLangID" />
            <Api Name="GetUserDefaultLCID" />
            <Api Name="GetUserDefaultLocaleName" />
            <Api Name="GetUserDefaultUILanguage" />
            <Api Name="GetUserGeoID" />
            <Api Name="GetUserPreferredUILanguages" />
            <Api Name="GetVersion" />
            <Api Name="GetVersionExA" />
            <Api Name="GetVersionExW" />
            <Api Name="GetVolumeInformationByHandleW" />
            <Api Name="GetVolumeInformationW" />
            <Api Name="GetVolumeNameForVolumeMountPointW" />
            <Api Name="GetVolumePathNamesForVolumeNameW" />
            <Api Name="GetVolumePathNameW" />
            <Api Name="GetWindowsDirectoryA" />
            <Api Name="GetWindowsDirectoryW" />
            <Api Name="GetWriteWatch" />
            <Api Name="GlobalAlloc" />
            <Api Name="GlobalFree" />
            <Api Name="GlobalMemoryStatusEx" />
            <Api Name="HeapAlloc" />
            <Api Name="HeapCompact" />
            <Api Name="HeapCreate" />
            <Api Name="HeapDestroy" />
            <Api Name="HeapFree" />
            <Api Name="HeapLock" />
            <Api Name="HeapQueryInformation" />
            <Api Name="HeapReAlloc" />
            <Api Name="HeapSetInformation" />
            <Api Name="HeapSize" />
            <Api Name="HeapSummary" />
            <Api Name="HeapUnlock" />
            <Api Name="HeapValidate" />
            <Api Name="HeapWalk" />
            <Api Name="InitializeConditionVariable" />
            <Api Name="InitializeCriticalSection" />
            <Api Name="InitializeCriticalSectionAndSpinCount" />
            <Api Name="InitializeCriticalSectionEx" />
            <Api Name="InitializeProcThreadAttributeList" />
            <Api Name="InitializeSListHead" />
            <Api Name="InitializeSRWLock" />
            <Api Name="InitializeSynchronizationBarrier" />
            <Api Name="InitOnceBeginInitialize" />
            <Api Name="InitOnceComplete" />
            <Api Name="InitOnceExecuteOnce" />
            <Api Name="InitOnceInitialize" />
            <Api Name="InterlockedCompareExchange" />
            <Api Name="InterlockedCompareExchange64" />
            <Api Name="InterlockedDecrement" />
            <Api Name="InterlockedExchange" />
            <Api Name="InterlockedExchangeAdd" />
            <Api Name="InterlockedFlushSList" />
            <Api Name="InterlockedIncrement" />
            <Api Name="InterlockedPopEntrySList" />
            <Api Name="InterlockedPushEntrySList" />
            <Api Name="InterlockedPushListSList" />
            <Api Name="InterlockedPushListSListEx" />
            <Api Name="IsDBCSLeadByte" />
            <Api Name="IsDBCSLeadByteEx" />
            <Api Name="IsDebuggerPresent" />
            <Api Name="IsNLSDefinedString" />
            <Api Name="IsProcessInJob" />
            <Api Name="IsProcessorFeaturePresent" />
            <Api Name="IsThreadAFiber" />
            <Api Name="IsThreadpoolTimerSet" />
            <Api Name="IsValidCodePage" />
            <Api Name="IsValidLanguageGroup" />
            <Api Name="IsValidLocale" />
            <Api Name="IsValidLocaleName" />
            <Api Name="IsValidNLSVersion" />
            <Api Name="IsWow64Process" />
            <Api Name="K32EmptyWorkingSet" />
            <Api Name="K32EnumDeviceDrivers" />
            <Api Name="K32EnumPageFilesA" />
            <Api Name="K32EnumPageFilesW" />
            <Api Name="K32EnumProcesses" />
            <Api Name="K32EnumProcessModules" />
            <Api Name="K32EnumProcessModulesEx" />
            <Api Name="K32GetDeviceDriverBaseNameA" />
            <Api Name="K32GetDeviceDriverBaseNameW" />
            <Api Name="K32GetDeviceDriverFileNameA" />
            <Api Name="K32GetDeviceDriverFileNameW" />
            <Api Name="K32GetMappedFileNameA" />
            <Api Name="K32GetMappedFileNameW" />
            <Api Name="K32GetModuleBaseNameA" />
            <Api Name="K32GetModuleBaseNameW" />
            <Api Name="K32GetModuleFileNameExA" />
            <Api Name="K32GetModuleFileNameExW" />
            <Api Name="K32GetModuleInformation" />
            <Api Name="K32GetPerformanceInfo" />
            <Api Name="K32GetProcessImageFileNameA" />
            <Api Name="K32GetProcessImageFileNameW" />
            <Api Name="K32GetProcessMemoryInfo" />
            <Api Name="K32GetWsChanges" />
            <Api Name="K32GetWsChangesEx" />
            <Api Name="K32InitializeProcessForWsWatch" />
            <Api Name="K32QueryWorkingSet" />
            <Api Name="K32QueryWorkingSetEx" />
            <Api Name="LCIDToLocaleName" />
            <Api Name="LCMapStringA" />
            <Api Name="LCMapStringEx" />
            <Api Name="LCMapStringW" />
            <Api Name="LeaveCriticalSection" />
            <Api Name="LeaveCriticalSectionWhenCallbackReturns" />
            <Api Name="LoadLibraryExA" />
            <Api Name="LoadLibraryExW" />
            <Api Name="LoadResource" />
            <Api Name="LoadStringByReference" />
            <Api Name="LocalAlloc" />
            <Api Name="LocaleNameToLCID" />
            <Api Name="LocalFileTimeToFileTime" />
            <Api Name="LocalFree" />
            <Api Name="LocalLock" />
            <Api Name="LocalReAlloc" />
            <Api Name="LocalUnlock" />
            <Api Name="LockFile" />
            <Api Name="LockFileEx" />
            <Api Name="LockResource" />
            <Api Name="lstrcmp" />
            <Api Name="lstrcmpA" />
            <Api Name="lstrcmpi" />
            <Api Name="lstrcmpiA" />
            <Api Name="lstrcmpiW" />
            <Api Name="lstrcmpW" />
            <Api Name="lstrcpyn" />
            <Api Name="lstrcpynA" />
            <Api Name="lstrcpynW" />
            <Api Name="lstrlen" />
            <Api Name="lstrlenA" />
            <Api Name="lstrlenW" />
            <Api Name="MapViewOfFile" />
            <Api Name="MapViewOfFileEx" />
            <Api Name="MapViewOfFileExNuma" />
            <Api Name="MapViewOfFileFromApp" />
            <Api Name="MoveFileExW" />
            <Api Name="MoveFileWithProgressW" />
            <Api Name="MultiByteToWideChar" />
            <Api Name="NeedCurrentDirectoryForExePathA" />
            <Api Name="NeedCurrentDirectoryForExePathW" />
            <Api Name="OpenEventA" />
            <Api Name="OpenEventW" />
            <Api Name="OpenFileMappingW" />
            <Api Name="OpenMutexW" />
            <Api Name="OpenPrivateNamespaceW" />
            <Api Name="OpenProcess" />
            <Api Name="OpenSemaphoreW" />
            <Api Name="OpenThread" />
            <Api Name="OpenWaitableTimerW" />
            <Api Name="OutputDebugStringA" />
            <Api Name="OutputDebugStringW" />
            <Api Name="PeekConsoleInputA" />
            <Api Name="PeekConsoleInputW" />
            <Api Name="PeekNamedPipe" />
            <Api Name="PostQueuedCompletionStatus" />
            <Api Name="PrefetchVirtualMemory" />
            <Api Name="ProcessIdToSessionId" />
            <Api Name="PulseEvent" />
            <Api Name="PurgeComm" />
            <Api Name="QueryActCtxSettingsW" />
            <Api Name="QueryActCtxW" />
            <Api Name="QueryDepthSList" />
            <Api Name="QueryDosDeviceW" />
            <Api Name="QueryFullProcessImageNameA" />
            <Api Name="QueryFullProcessImageNameW" />
            <Api Name="QueryIdleProcessorCycleTime" />
            <Api Name="QueryIdleProcessorCycleTimeEx" />
            <Api Name="QueryMemoryResourceNotification" />
            <Api Name="QueryPerformanceCounter" />
            <Api Name="QueryPerformanceFrequency" />
            <Api Name="QueryProcessAffinityUpdateMode" />
            <Api Name="QueryProcessCycleTime" />
            <Api Name="QueryThreadCycleTime" />
            <Api Name="QueryThreadpoolStackInformation" />
            <Api Name="QueryUnbiasedInterruptTime" />
            <Api Name="QueueUserAPC" />
            <Api Name="QueueUserWorkItem" />
            <Api Name="ReadConsoleA" />
            <Api Name="ReadConsoleInputA" />
            <Api Name="ReadConsoleInputW" />
            <Api Name="ReadConsoleOutputA" />
            <Api Name="ReadConsoleOutputAttribute" />
            <Api Name="ReadConsoleOutputCharacterA" />
            <Api Name="ReadConsoleOutputCharacterW" />
            <Api Name="ReadConsoleOutputW" />
            <Api Name="ReadConsoleW" />
            <Api Name="ReadDirectoryChangesW" />
            <Api Name="ReadFile" />
            <Api Name="ReadFileEx" />
            <Api Name="ReadFileScatter" />
            <Api Name="ReadProcessMemory" />
            <Api Name="ReleaseActCtx" />
            <Api Name="ReleaseMutex" />
            <Api Name="ReleaseMutexWhenCallbackReturns" />
            <Api Name="ReleaseSemaphore" />
            <Api Name="ReleaseSemaphoreWhenCallbackReturns" />
            <Api Name="ReleaseSRWLockExclusive" />
            <Api Name="ReleaseSRWLockShared" />
            <Api Name="RemoveDirectoryA" />
            <Api Name="RemoveDirectoryW" />
            <Api Name="RemoveDllDirectory" />
            <Api Name="RemoveVectoredContinueHandler" />
            <Api Name="RemoveVectoredExceptionHandler" />
            <Api Name="ReOpenFile" />
            <Api Name="ReplaceFileW" />
            <Api Name="ResetEvent" />
            <Api Name="ResetWriteWatch" />
            <Api Name="ResolveDelayLoadedAPI" />
            <Api Name="ResolveDelayLoadsFromDll" />
            <Api Name="ResolveLocaleName" />
            <Api Name="ResumeThread" />
            <Api Name="ScrollConsoleScreenBufferA" />
            <Api Name="ScrollConsoleScreenBufferW" />
            <Api Name="SearchPathA" />
            <Api Name="SearchPathW" />
            <Api Name="SetCalendarInfoW" />
            <Api Name="SetCommBreak" />
            <Api Name="SetCommConfig" />
            <Api Name="SetCommMask" />
            <Api Name="SetCommState" />
            <Api Name="SetCommTimeouts" />
            <Api Name="SetComputerNameExW" />
            <Api Name="SetConsoleActiveScreenBuffer" />
            <Api Name="SetConsoleCP" />
            <Api Name="SetConsoleCtrlHandler" />
            <Api Name="SetConsoleCursorInfo" />
            <Api Name="SetConsoleCursorPosition" />
            <Api Name="SetConsoleInputExeNameA" />
            <Api Name="SetConsoleInputExeNameW" />
            <Api Name="SetConsoleMode" />
            <Api Name="SetConsoleOutputCP" />
            <Api Name="SetConsoleScreenBufferInfoEx" />
            <Api Name="SetConsoleScreenBufferSize" />
            <Api Name="SetConsoleTextAttribute" />
            <Api Name="SetConsoleTitleW" />
            <Api Name="SetConsoleWindowInfo" />
            <Api Name="SetCriticalSectionSpinCount" />
            <Api Name="SetCurrentDirectoryA" />
            <Api Name="SetCurrentDirectoryW" />
            <Api Name="SetDefaultDllDirectories" />
            <Api Name="SetDynamicTimeZoneInformation" />
            <Api Name="SetEndOfFile" />
            <Api Name="SetEnvironmentVariableA" />
            <Api Name="SetEnvironmentVariableW" />
            <Api Name="SetErrorMode" />
            <Api Name="SetEvent" />
            <Api Name="SetEventWhenCallbackReturns" />
            <Api Name="SetFileApisToANSI" />
            <Api Name="SetFileApisToOEM" />
            <Api Name="SetFileAttributesA" />
            <Api Name="SetFileAttributesW" />
            <Api Name="SetFileInformationByHandle" />
            <Api Name="SetFilePointer" />
            <Api Name="SetFilePointerEx" />
            <Api Name="SetFileTime" />
            <Api Name="SetFileValidData" />
            <Api Name="SetHandleCount" />
            <Api Name="SetHandleInformation" />
            <Api Name="SetLastError" />
            <Api Name="SetLocaleInfoW" />
            <Api Name="SetLocalTime" />
            <Api Name="SetNamedPipeHandleState" />
            <Api Name="SetPriorityClass" />
            <Api Name="SetProcessAffinityUpdateMode" />
            <Api Name="SetProcessMitigationPolicy" />
            <Api Name="SetProcessPreferredUILanguages" />
            <Api Name="SetProcessShutdownParameters" />
            <Api Name="SetProcessWorkingSetSizeEx" />
            <Api Name="SetStdHandle" />
            <Api Name="SetStdHandleEx" />
            <Api Name="SetSystemFileCacheSize" />
            <Api Name="SetSystemTime" />
            <Api Name="SetThreadContext" />
            <Api Name="SetThreadGroupAffinity" />
            <Api Name="SetThreadIdealProcessorEx" />
            <Api Name="SetThreadLocale" />
            <Api Name="SetThreadpoolStackInformation" />
            <Api Name="SetThreadpoolThreadMaximum" />
            <Api Name="SetThreadpoolThreadMinimum" />
            <Api Name="SetThreadpoolTimer" />
            <Api Name="SetThreadpoolWait" />
            <Api Name="SetThreadPreferredUILanguages" />
            <Api Name="SetThreadPriority" />
            <Api Name="SetThreadPriorityBoost" />
            <Api Name="SetThreadStackGuarantee" />
            <Api Name="SetThreadUILanguage" />
            <Api Name="SetTimeZoneInformation" />
            <Api Name="SetUnhandledExceptionFilter" />
            <Api Name="SetupComm" />
            <Api Name="SetUserGeoID" />
            <Api Name="SetWaitableTimer" />
            <Api Name="SetWaitableTimerEx" />
            <Api Name="SignalObjectAndWait" />
            <Api Name="SizeofResource" />
            <Api Name="Sleep" />
            <Api Name="SleepConditionVariableCS" />
            <Api Name="SleepConditionVariableSRW" />
            <Api Name="SleepEx" />
            <Api Name="StartThreadpoolIo" />
            <Api Name="SubmitThreadpoolWork" />
            <Api Name="SuspendThread" />
            <Api Name="SwitchToThread" />
            <Api Name="SystemTimeToFileTime" />
            <Api Name="SystemTimeToTzSpecificLocalTime" />
            <Api Name="TerminateProcess" />
            <Api Name="TerminateThread" />
            <Api Name="TlsAlloc" />
            <Api Name="TlsFree" />
            <Api Name="TlsGetValue" />
            <Api Name="TlsSetValue" />
            <Api Name="TransactNamedPipe" />
            <Api Name="TransmitCommChar" />
            <Api Name="TryAcquireSRWLockExclusive" />
            <Api Name="TryAcquireSRWLockShared" />
            <Api Name="TryEnterCriticalSection" />
            <Api Name="TrySubmitThreadpoolCallback" />
            <Api Name="TzSpecificLocalTimeToSystemTime" />
            <Api Name="UnhandledExceptionFilter" />
            <Api Name="UnlockFile" />
            <Api Name="UnlockFileEx" />
            <Api Name="UnmapViewOfFile" />
            <Api Name="UnregisterWaitEx" />
            <Api Name="UpdateProcThreadAttribute" />
            <Api Name="VerifyScripts" />
            <Api Name="VerLanguageNameA" />
            <Api Name="VerLanguageNameW" />
            <Api Name="VerSetConditionMask" />
            <Api Name="VirtualAlloc" />
            <Api Name="VirtualAllocEx" />
            <Api Name="VirtualAllocExNuma" />
            <Api Name="VirtualFree" />
            <Api Name="VirtualFreeEx" />
            <Api Name="VirtualLock" />
            <Api Name="VirtualProtect" />
            <Api Name="VirtualProtectEx" />
            <Api Name="VirtualQuery" />
            <Api Name="VirtualQueryEx" />
            <Api Name="VirtualUnlock" />
            <Api Name="WaitCommEvent" />
            <Api Name="WaitForDebugEvent" />
            <Api Name="WaitForMultipleObjectsEx" />
            <Api Name="WaitForSingleObject" />
            <Api Name="WaitForSingleObjectEx" />
            <Api Name="WaitForThreadpoolIoCallbacks" />
            <Api Name="WaitForThreadpoolTimerCallbacks" />
            <Api Name="WaitForThreadpoolWaitCallbacks" />
            <Api Name="WaitForThreadpoolWorkCallbacks" />
            <Api Name="WaitNamedPipeW" />
            <Api Name="WaitOnAddress" />
            <Api Name="WakeAllConditionVariable" />
            <Api Name="WakeByAddressAll" />
            <Api Name="WakeByAddressSingle" />
            <Api Name="WakeConditionVariable" />
            <Api Name="WerRegisterFile" />
            <Api Name="WerRegisterMemoryBlock" />
            <Api Name="WerRegisterRuntimeExceptionModule" />
            <Api Name="WerUnregisterFile" />
            <Api Name="WerUnregisterMemoryBlock" />
            <Api Name="WerUnregisterRuntimeExceptionModule" />
            <Api Name="WideCharToMultiByte" />
            <Api Name="Wow64DisableWow64FsRedirection" />
            <Api Name="Wow64RevertWow64FsRedirection" />
            <Api Name="WriteConsoleA" />
            <Api Name="WriteConsoleInputA" />
            <Api Name="WriteConsoleInputW" />
            <Api Name="WriteConsoleOutputA" />
            <Api Name="WriteConsoleOutputAttribute" />
            <Api Name="WriteConsoleOutputCharacterA" />
            <Api Name="WriteConsoleOutputCharacterW" />
            <Api Name="WriteConsoleOutputW" />
            <Api Name="WriteConsoleW" />
            <Api Name="WriteFile" />
            <Api Name="WriteFileEx" />
            <Api Name="WriteFileGather" />
            <Api Name="WriteProcessMemory" />
            <Api Name="ZombifyActCtx" />
        </SourceModule>

        <!-- msvcrxx.dll -->
        <SourceModule Name="msvcrxx.dll" Include="Windows\msvcrxx.xml">
            <Api Name="__wgetmainargs" />
            <Api Name="_amsg_exit" />
            <Api Name="_c_exit" />
            <Api Name="_cexit" />
            <Api Name="_exit" />
            <Api Name="_initterm" />
            <Api Name="_initterm_e" />
            <Api Name="_onexit" />
            <Api Name="_purecall" />
            <Api Name="_time64" />
            <Api Name="atexit" />
            <Api Name="exit" />
            <Api Name="time" />
            <Api Name="wprintf" />
        </SourceModule>

        <!-- Normaliz.dll -->
        <SourceModule Name="Normaliz.dll" Include="Windows\Normaliz.xml">
            <Api Name="IdnToAscii" />
            <Api Name="IdnToNameprepUnicode" />
            <Api Name="IdnToUnicode" />
            <Api Name="IsNormalizedString" />
            <Api Name="NormalizeString" />
        </SourceModule>

        <!-- NtDsAPI.dll -->
        <SourceModule Name="NtDsAPI.dll" Include="Windows\NtDsAPI.xml">
            <Api Name="DsBindWithSpnExW" />
            <Api Name="DsCrackNamesW" />
            <Api Name="DsFreeDomainControllerInfoW" />
            <Api Name="DsFreeNameResultW" />
            <Api Name="DsFreePasswordCredentials" />
            <Api Name="DsGetDomainControllerInfoW" />
            <Api Name="DsMakePasswordCredentialsW" />
            <Api Name="DsUnBindW" />
        </SourceModule>

        <!-- Psapi.dll -->
        <SourceModule Name="Psapi.dll" Include="Windows\Psapi.xml">
            <Api Name="EmptyWorkingSet" />
            <Api Name="EnumDeviceDrivers" />
            <Api Name="EnumPageFilesA" />
            <Api Name="EnumPageFilesW" />
            <Api Name="EnumProcesses" />
            <Api Name="EnumProcessModules" />
            <Api Name="EnumProcessModulesEx" />
            <Api Name="GetDeviceDriverBaseNameA" />
            <Api Name="GetDeviceDriverBaseNameW" />
            <Api Name="GetDeviceDriverFileNameA" />
            <Api Name="GetDeviceDriverFileNameW" />
            <Api Name="GetMappedFileNameA" />
            <Api Name="GetMappedFileNameW" />
            <Api Name="GetModuleBaseNameA" />
            <Api Name="GetModuleBaseNameW" />
            <Api Name="GetModuleFileNameExA" />
            <Api Name="GetModuleFileNameExW" />
            <Api Name="GetModuleInformation" />
            <Api Name="GetPerformanceInfo" />
            <Api Name="GetProcessImageFileNameA" />
            <Api Name="GetProcessImageFileNameW" />
            <Api Name="GetProcessMemoryInfo" />
            <Api Name="GetWsChanges" />
            <Api Name="GetWsChangesEx" />
            <Api Name="InitializeProcessForWsWatch" />
            <Api Name="QueryWorkingSet" />
            <Api Name="QueryWorkingSetEx" />
        </SourceModule>

        <!-- Shell32.dll -->
        <SourceModule Name="Shell32.dll" Include="Windows\Shell32.xml">
            <Api Name="PathCleanupSpec" />
            <Api Name="PathIsExe" />
            <Api Name="SHCoCreateInstance" />
            <Api Name="SHCreateDirectoryExW" />
            <Api Name="SHGetDesktopFolder" />
            <Api Name="SHGetFileInfoW" />
            <Api Name="SHGetFolderLocation" />
            <Api Name="SHGetFolderPathA" />
            <Api Name="SHGetFolderPathAndSubDirW" />
            <Api Name="SHGetFolderPathW" />
            <Api Name="SHGetInstanceExplorer" />
            <Api Name="SHGetKnownFolderPath" />
            <Api Name="SHGetSpecialFolderPathA" />
            <Api Name="SHGetSpecialFolderPathW" />
            <Api Name="SHSetKnownFolderPath" />
        </SourceModule>

        <!-- ShLwApi.dll -->
        <SourceModule Name="ShLwApi.dll" Include="Windows\ShLwApi.xml">
            <Api Name="ChrCmpIA" />
            <Api Name="ChrCmpIW" />
            <Api Name="GetAcceptLanguagesA" />
            <Api Name="GetAcceptLanguagesW" />
            <Api Name="HashData" />
            <Api Name="IsCharSpaceA" />
            <Api Name="IsCharSpaceW" />
            <Api Name="IsInternetESCEnabled" />
            <Api Name="ParseURLA" />
            <Api Name="ParseURLW" />
            <Api Name="PathAddBackslashA" />
            <Api Name="PathAddBackslashW" />
            <Api Name="PathAddExtensionA" />
            <Api Name="PathAddExtensionW" />
            <Api Name="PathAppendA" />
            <Api Name="PathAppendW" />
            <Api Name="PathCanonicalizeA" />
            <Api Name="PathCanonicalizeW" />
            <Api Name="PathCombineA" />
            <Api Name="PathCombineW" />
            <Api Name="PathCommonPrefixA" />
            <Api Name="PathCommonPrefixW" />
            <Api Name="PathCreateFromUrlA" />
            <Api Name="PathCreateFromUrlAlloc" />
            <Api Name="PathCreateFromUrlW" />
            <Api Name="PathFileExistsA" />
            <Api Name="PathFileExistsW" />
            <Api Name="PathFindExtensionA" />
            <Api Name="PathFindExtensionW" />
            <Api Name="PathFindFileNameA" />
            <Api Name="PathFindFileNameW" />
            <Api Name="PathFindNextComponentA" />
            <Api Name="PathFindNextComponentW" />
            <Api Name="PathGetArgsA" />
            <Api Name="PathGetArgsW" />
            <Api Name="PathGetCharTypeA" />
            <Api Name="PathGetCharTypeW" />
            <Api Name="PathGetDriveNumberA" />
            <Api Name="PathGetDriveNumberW" />
            <Api Name="PathIsFileSpecA" />
            <Api Name="PathIsFileSpecW" />
            <Api Name="PathIsLFNFileSpecA" />
            <Api Name="PathIsLFNFileSpecW" />
            <Api Name="PathIsPrefixA" />
            <Api Name="PathIsPrefixW" />
            <Api Name="PathIsRelativeA" />
            <Api Name="PathIsRelativeW" />
            <Api Name="PathIsRootA" />
            <Api Name="PathIsRootW" />
            <Api Name="PathIsSameRootA" />
            <Api Name="PathIsSameRootW" />
            <Api Name="PathIsUNCA" />
            <Api Name="PathIsUNCServerA" />
            <Api Name="PathIsUNCServerShareA" />
            <Api Name="PathIsUNCServerShareW" />
            <Api Name="PathIsUNCServerW" />
            <Api Name="PathIsUNCW" />
            <Api Name="PathIsURLA" />
            <Api Name="PathIsURLW" />
            <Api Name="PathMatchSpecA" />
            <Api Name="PathMatchSpecExA" />
            <Api Name="PathMatchSpecExW" />
            <Api Name="PathMatchSpecW" />
            <Api Name="PathParseIconLocationA" />
            <Api Name="PathParseIconLocationW" />
            <Api Name="PathQuoteSpacesA" />
            <Api Name="PathQuoteSpacesW" />
            <Api Name="PathRelativePathToA" />
            <Api Name="PathRelativePathToW" />
            <Api Name="PathRemoveBackslashA" />
            <Api Name="PathRemoveBackslashW" />
            <Api Name="PathRemoveBlanksA" />
            <Api Name="PathRemoveBlanksW" />
            <Api Name="PathRemoveExtensionA" />
            <Api Name="PathRemoveExtensionW" />
            <Api Name="PathRemoveFileSpecA" />
            <Api Name="PathRemoveFileSpecW" />
            <Api Name="PathRenameExtensionA" />
            <Api Name="PathRenameExtensionW" />
            <Api Name="PathSearchAndQualifyA" />
            <Api Name="PathSearchAndQualifyW" />
            <Api Name="PathSkipRootA" />
            <Api Name="PathSkipRootW" />
            <Api Name="PathStripPathA" />
            <Api Name="PathStripPathW" />
            <Api Name="PathStripToRootA" />
            <Api Name="PathStripToRootW" />
            <Api Name="PathUnExpandEnvStringsA" />
            <Api Name="PathUnExpandEnvStringsW" />
            <Api Name="PathUnquoteSpacesA" />
            <Api Name="PathUnquoteSpacesW" />
            <Api Name="QISearch" />
            <Api Name="SHLoadIndirectString" />
            <Api Name="SHRegCloseUSKey" />
            <Api Name="SHRegCreateUSKeyA" />
            <Api Name="SHRegCreateUSKeyW" />
            <Api Name="SHRegDeleteEmptyUSKeyA" />
            <Api Name="SHRegDeleteEmptyUSKeyW" />
            <Api Name="SHRegDeleteUSValueA" />
            <Api Name="SHRegDeleteUSValueW" />
            <Api Name="SHRegEnumUSKeyA" />
            <Api Name="SHRegEnumUSKeyW" />
            <Api Name="SHRegEnumUSValueA" />
            <Api Name="SHRegEnumUSValueW" />
            <Api Name="SHRegGetBoolUSValueA" />
            <Api Name="SHRegGetBoolUSValueW" />
            <Api Name="SHRegGetUSValueA" />
            <Api Name="SHRegGetUSValueW" />
            <Api Name="SHRegOpenUSKeyA" />
            <Api Name="SHRegOpenUSKeyW" />
            <Api Name="SHRegQueryInfoUSKeyA" />
            <Api Name="SHRegQueryInfoUSKeyW" />
            <Api Name="SHRegQueryUSValueA" />
            <Api Name="SHRegQueryUSValueW" />
            <Api Name="SHRegSetUSValueA" />
            <Api Name="SHRegSetUSValueW" />
            <Api Name="SHRegWriteUSValueA" />
            <Api Name="SHRegWriteUSValueW" />
            <Api Name="StrCatBuffA" />
            <Api Name="StrCatBuffW" />
            <Api Name="StrCatChainW" />
            <Api Name="StrChrA" />
            <Api Name="StrChrIA" />
            <Api Name="StrChrIW" />
            <Api Name="StrChrNIW" />
            <Api Name="StrChrNW" />
            <Api Name="StrChrW" />
            <Api Name="StrCmpCA" />
            <Api Name="StrCmpCW" />
            <Api Name="StrCmpICA" />
            <Api Name="StrCmpICW" />
            <Api Name="StrCmpLogicalW" />
            <Api Name="StrCmpIW" />
            <Api Name="StrCmpNA" />
            <Api Name="StrCmpNCA" />
            <Api Name="StrCmpNCW" />
            <Api Name="StrCmpNIA" />
            <Api Name="StrCmpNICA" />
            <Api Name="StrCmpNICW" />
            <Api Name="StrCmpNIW" />
            <Api Name="StrCmpNW" />
            <Api Name="StrCmpW" />
            <Api Name="StrCpyNW" />
            <Api Name="StrCSpnA" />
            <Api Name="StrCSpnIA" />
            <Api Name="StrCSpnIW" />
            <Api Name="StrCSpnW" />
            <Api Name="StrDupA" />
            <Api Name="StrDupW" />
            <Api Name="StrIsIntlEqualA" />
            <Api Name="StrIsIntlEqualW" />
            <Api Name="StrPBrkA" />
            <Api Name="StrPBrkW" />
            <Api Name="StrRChrA" />
            <Api Name="StrRChrIA" />
            <Api Name="StrRChrIW" />
            <Api Name="StrRChrW" />
            <Api Name="StrRStrIA" />
            <Api Name="StrRStrIW" />
            <Api Name="StrSpnA" />
            <Api Name="StrSpnW" />
            <Api Name="StrStrA" />
            <Api Name="StrStrIA" />
            <Api Name="StrStrIW" />
            <Api Name="StrStrNIW" />
            <Api Name="StrStrNW" />
            <Api Name="StrStrW" />
            <Api Name="StrToInt64ExA" />
            <Api Name="StrToInt64ExW" />
            <Api Name="StrToIntA" />
            <Api Name="StrToIntExA" />
            <Api Name="StrToIntExW" />
            <Api Name="StrToIntW" />
            <Api Name="StrTrimA" />
            <Api Name="StrTrimW" />
            <Api Name="UrlApplySchemeA" />
            <Api Name="UrlApplySchemeW" />
            <Api Name="UrlCanonicalizeA" />
            <Api Name="UrlCanonicalizeW" />
            <Api Name="UrlCombineA" />
            <Api Name="UrlCombineW" />
            <Api Name="UrlCompareA" />
            <Api Name="UrlCompareW" />
            <Api Name="UrlCreateFromPathA" />
            <Api Name="UrlCreateFromPathW" />
            <Api Name="UrlEscapeA" />
            <Api Name="UrlEscapeW" />
            <Api Name="UrlFixupW" />
            <Api Name="UrlGetLocationA" />
            <Api Name="UrlGetLocationW" />
            <Api Name="UrlGetPartA" />
            <Api Name="UrlGetPartW" />
            <Api Name="UrlHashA" />
            <Api Name="UrlHashW" />
            <Api Name="UrlIsA" />
            <Api Name="UrlIsNoHistoryA" />
            <Api Name="UrlIsNoHistoryW" />
            <Api Name="UrlIsOpaqueA" />
            <Api Name="UrlIsOpaqueW" />
            <Api Name="UrlIsW" />
            <Api Name="UrlUnescapeA" />
            <Api Name="UrlUnescapeW" />
        </SourceModule>

        <!-- User32.dll -->
        <SourceModule Name="User32.dll" Include="Windows\User32.xml">
            <Api Name="CharLowerA" />
            <Api Name="CharLowerBuffA" />
            <Api Name="CharLowerBuffW" />
            <Api Name="CharLowerW" />
            <Api Name="CharNextA" />
            <Api Name="CharNextExA" />
            <Api Name="CharNextW" />
            <Api Name="CharPrevA" />
            <Api Name="CharPrevExA" />
            <Api Name="CharPrevW" />
            <Api Name="CharUpperA" />
            <Api Name="CharUpperBuffA" />
            <Api Name="CharUpperBuffW" />
            <Api Name="CharUpperW" />
            <Api Name="IsCharAlphaA" />
            <Api Name="IsCharAlphaNumericA" />
            <Api Name="IsCharAlphaNumericW" />
            <Api Name="IsCharAlphaW" />
            <Api Name="IsCharLowerA" />
            <Api Name="IsCharLowerW" />
            <Api Name="IsCharUpperA" />
            <Api Name="IsCharUpperW" />
            <Api Name="LoadStringA" />
            <Api Name="LoadStringW" />
        </SourceModule>

        <!-- version.dll -->
        <SourceModule Name="version.dll" Include="Windows\version.xml">
            <Api Name="GetFileVersionInfoExW" />
            <Api Name="GetFileVersionInfoSizeExW" />
            <Api Name="VerFindFileA" />
            <Api Name="VerFindFileW" />
            <Api Name="VerQueryValueA" />
            <Api Name="VerQueryValueW" />
        </SourceModule>

        <!-- Wininet.dll -->
        <SourceModule Name="Wininet.dll" Include="Windows\Wininet.xml">
            <Api Name="InternetTimeFromSystemTimeA" />
            <Api Name="InternetTimeFromSystemTimeW" />
            <Api Name="InternetTimeToSystemTimeA" />
            <Api Name="InternetTimeToSystemTimeW" />
        </SourceModule>

    </Module>
</ApiMonitor>