<!--
    API Monitor Definitions
    (c) 2011, Rohitab Batra <rohitab@rohitab.com>
    http://www.rohitab.com/apimonitor/
-->
<ApiMonitor>
    <Include Filename="Headers\native.h.xml" />

    <Module Name="Ktmw32.dll" CallingConvention="STDCALL" ErrorFunc="GetLastError" OnlineHelp="MSDN">

        <!-- System Services/Kernel Transaction Manager (KTM)/Transactions -->
        <Category Name="System Services/Kernel Transaction Manager (KTM)/Transactions" />
        <Api Name="CommitTransaction">
            <Param Type="HANDLE" Name="TransactionHandle" />
            <Return Type="BOOL" />
        </Api>
        <Api Name="CommitTransactionAsync">
            <Param Type="HANDLE" Name="TransactionHandle" />
            <Return Type="BOOL" />
        </Api>
        <Api Name="CreateTransaction">
            <Param Type="LPSECURITY_ATTRIBUTES" Name="lpTransactionAttributes" />
            <Param Type="LPGUID" Name="UOW" />
            <Param Type="DWORD" Name="CreateOptions" />
            <Param Type="DWORD" Name="IsolationLevel" />
            <Param Type="DWORD" Name="IsolationFlags" />
            <Param Type="DWORD" Name="Timeout" />
            <Param Type="LPWSTR" Name="Description" />
            <Return Type="HANDLE" />
            <Success Return="NotEqual" Value="0" />
        </Api>
        <Api Name="GetTransactionId">
            <Param Type="HANDLE" Name="TransactionHandle" />
            <Param Type="LPGUID" Name="TransactionId" />
            <Return Type="BOOL" />
        </Api>
        <Api Name="GetTransactionInformation">
            <Param Type="HANDLE" Name="TransactionHandle" />
            <Param Type="PDWORD" Name="Outcome" />
            <Param Type="PDWORD" Name="IsolationLevel" />
            <Param Type="PDWORD" Name="IsolationFlags" />
            <Param Type="PDWORD" Name="Timeout" />
            <Param Type="DWORD" Name="BufferLength" />
            <Param Type="LPWSTR" Name="Description" />
            <Return Type="BOOL" />
        </Api>
        <Api Name="OpenTransaction">
            <Param Type="DWORD" Name="dwDesiredAccess" />
            <Param Type="LPGUID" Name="TransactionId" />
            <Return Type="HANDLE" />
            <Success Return="NotEqual" Value="0" />
        </Api>
        <Api Name="RollbackComplete">
            <Param Type="HANDLE" Name="EnlistmentHandle" />
            <Param Type="PLARGE_INTEGER" Name="TmVirtualClock" />
            <Return Type="BOOL" />
        </Api>
        <Api Name="RollbackTransaction">
            <Param Type="HANDLE" Name="TransactionHandle" />
            <Return Type="BOOL" />
        </Api>
        <Api Name="RollbackTransactionAsync">
            <Param Type="HANDLE" Name="TransactionHandle" />
            <Return Type="BOOL" />
        </Api>
        <Api Name="SetTransactionInformation">
            <Param Type="HANDLE" Name="TransactionHandle" />
            <Param Type="DWORD" Name="IsolationLevel" />
            <Param Type="DWORD" Name="IsolationFlags" />
            <Param Type="DWORD" Name="Timeout" />
            <Param Type="LPWSTR" Name="Description" />
            <Return Type="BOOL" />
        </Api>
        
        <!-- System Services/Kernel Transaction Manager (KTM)/Enlistments -->
        <Category Name="System Services/Kernel Transaction Manager (KTM)/Enlistments" />
        <Api Name="CommitComplete">
            <Param Type="HANDLE" Name="EnlistmentHandle" />
            <Param Type="PLARGE_INTEGER" Name="TmVirtualClock" />
            <Return Type="BOOL" />
        </Api>
        <Api Name="CommitEnlistment">
            <Param Type="HANDLE" Name="EnlistmentHandle" />
            <Param Type="PLARGE_INTEGER" Name="TmVirtualClock" />
            <Return Type="BOOL" />
        </Api>
        <Api Name="GetEnlistmentId">
            <Param Type="HANDLE" Name="EnlistmentHandle" />
            <Param Type="LPGUID" Name="EnlistmentId" />
            <Return Type="BOOL" />
        </Api>
        <Api Name="CreateEnlistment">
            <Param Type="LPSECURITY_ATTRIBUTES" Name="lpEnlistmentrAttributes" />
            <Param Type="HANDLE" Name="ResourceManagerHandle" />
            <Param Type="HANDLE" Name="TransactionHandle" />
            <Param Type="NOTIFICATION_MASK" Name="NotificationMask" />
            <Param Type="DWORD" Name="CreateOptions" />
            <Param Type="PVOID" Name="EnlistmentKey" />
            <Return Type="HANDLE" />
            <Success Return="NotEqual" Value="0" />
        </Api>
        <Api Name="GetEnlistmentRecoveryInformation">
            <Param Type="HANDLE" Name="EnlistmentHandle" />
            <Param Type="ULONG" Name="BufferSize" />
            <Param Type="PVOID" Name="Buffer" />
            <Param Type="PULONG" Name="BufferUsed" />
            <Return Type="BOOL" />
        </Api>
        <Api Name="OpenEnlistment">
            <Param Type="DWORD" Name="dwDesiredAccess" />
            <Param Type="HANDLE" Name="ResourceManagerHandle" />
            <Param Type="LPGUID" Name="EnlistmentId" />
            <Return Type="HANDLE" />
            <Success Return="NotEqual" Value="0" />
        </Api>
        <Api Name="PrepareEnlistment">
            <Param Type="HANDLE" Name="EnlistmentHandle" />
            <Param Type="PLARGE_INTEGER" Name="TmVirtualClock" />
            <Return Type="BOOL" />
        </Api>
        <Api Name="PrePrepareEnlistment">
            <Param Type="HANDLE" Name="EnlistmentHandle" />
            <Param Type="PLARGE_INTEGER" Name="TmVirtualClock" />
            <Return Type="BOOL" />
        </Api>
        <Api Name="RecoverEnlistment">
            <Param Type="HANDLE" Name="EnlistmentHandle" />
            <Param Type="PVOID" Name="EnlistmentKey" />
            <Return Type="BOOL" />
        </Api>
        <Api Name="ReadOnlyEnlistment">
            <Param Type="HANDLE" Name="EnlistmentHandle" />
            <Param Type="PLARGE_INTEGER" Name="TmVirtualClock" />
            <Return Type="BOOL" />
        </Api>
        <Api Name="RollbackEnlistment">
            <Param Type="HANDLE" Name="EnlistmentHandle" />
            <Param Type="PLARGE_INTEGER" Name="TmVirtualClock" />
            <Return Type="BOOL" />
        </Api>
        <Api Name="SetEnlistmentRecoveryInformation">
            <Param Type="HANDLE" Name="EnlistmentHandle" />
            <Param Type="ULONG" Name="BufferSize" />
            <Param Type="PVOID" Name="Buffer" />
            <Return Type="BOOL" />
        </Api>
        <Api Name="SinglePhaseReject">
            <Param Type="HANDLE" Name="EnlistmentHandle" />
            <Param Type="PLARGE_INTEGER" Name="TmVirtualClock" />
            <Return Type="BOOL" />
        </Api>
        
        <!-- System Services/Kernel Transaction Manager (KTM)/Resource Managers -->
        <Category Name="System Services/Kernel Transaction Manager (KTM)/Resource Managers" />
        <Api Name="CreateResourceManager">
            <Param Type="LPSECURITY_ATTRIBUTES" Name="lpResourceManagerAttributes" />
            <Param Type="LPGUID" Name="ResourceManagerID" />
            <Param Type="DWORD" Name="CreateOptions" />
            <Param Type="HANDLE" Name="TmHandle" />
            <Param Type="LPWSTR" Name="Description" />
            <Return Type="HANDLE" />
            <Success Return="NotEqual" Value="0" />
        </Api>
        <Api Name="GetNotificationResourceManager">
            <Param Type="HANDLE" Name="ResourceManagerHandle" />
            <Param Type="PTRANSACTION_NOTIFICATION" Name="TransactionNotification" />
            <Param Type="ULONG" Name="NotificationLength" />
            <Param Type="DWORD" Name="dwMilliseconds" />
            <Param Type="PULONG" Name="ReturnLength" />
            <Return Type="BOOL" />
        </Api>
        <Api Name="GetNotificationResourceManagerAsync">
            <Param Type="HANDLE" Name="ResourceManagerHandle" />
            <Param Type="PTRANSACTION_NOTIFICATION" Name="TransactionNotification" />
            <Param Type="ULONG" Name="TransactionNotificationLength" />
            <Param Type="PULONG" Name="ReturnLength" />
            <Param Type="LPOVERLAPPED" Name="pOverlapped" />
            <Return Type="BOOL" />
        </Api>
        <Api Name="OpenResourceManager">
            <Param Type="DWORD" Name="dwDesiredAccess" />
            <Param Type="HANDLE" Name="TmHandle" />
            <Param Type="LPGUID" Name="RmGuid" />
            <Return Type="HANDLE" />
            <Success Return="NotEqual" Value="0" />
        </Api>
        <Api Name="PrepareComplete">
            <Param Type="HANDLE" Name="EnlistmentHandle" />
            <Param Type="PLARGE_INTEGER" Name="TmVirtualClock" />
            <Return Type="BOOL" />
        </Api>
        <Api Name="PrePrepareComplete">
            <Param Type="HANDLE" Name="EnlistmentHandle" />
            <Param Type="PLARGE_INTEGER" Name="TmVirtualClock" />
            <Return Type="BOOL" />
        </Api>
        <Api Name="RecoverResourceManager">
            <Param Type="HANDLE" Name="ResourceManagerHandle" />
            <Return Type="BOOL" />
        </Api>
        <Api Name="SetResourceManagerCompletionPort">
            <Param Type="HANDLE" Name="ResourceManagerHandle" />
            <Param Type="HANDLE" Name="IoCompletionPortHandle" />
            <Param Type="ULONG_PTR" Name="CompletionKey" />
            <Return Type="BOOL" />
        </Api>

        <!-- System Services/Kernel Transaction Manager (KTM)/Transaction Managers -->
        <Category Name="System Services/Kernel Transaction Manager (KTM)/Transaction Managers" />
        <Api Name="CreateTransactionManager">
            <Param Type="LPSECURITY_ATTRIBUTES" Name="lpTransactionAttributes" />
            <Param Type="LPWSTR" Name="LogFileName" />
            <Param Type="ULONG" Name="CreateOptions" />
            <Param Type="ULONG" Name="CommitStrength" />
            <Return Type="HANDLE" />
            <Success Return="NotEqual" Value="0" />
        </Api>
        <Api Name="GetCurrentClockTransactionManager">
            <Param Type="HANDLE" Name="TransactionManagerHandle" />
            <Param Type="PLARGE_INTEGER" Name="TmVirtualClock" />
            <Return Type="BOOL" />
        </Api>
        <Api Name="GetTransactionManagerId">
            <Param Type="HANDLE" Name="TransactionManagerHandle" />
            <Param Type="LPGUID" Name="TransactionManagerId" />
            <Return Type="BOOL" />
        </Api>
        <Api Name="OpenTransactionManager">
            <Param Type="LPWSTR" Name="LogFileName" />
            <Param Type="ACCESS_MASK" Name="DesiredAccess" />
            <Param Type="ULONG" Name="OpenOptions" />
            <Return Type="HANDLE" />
            <Success Return="NotEqual" Value="0" />
        </Api>
        <Api Name="OpenTransactionManagerById">
            <Param Type="LPGUID" Name="TransactionManagerId" />
            <Param Type="ACCESS_MASK" Name="DesiredAccess" />
            <Param Type="ULONG" Name="OpenOptions" />
            <Return Type="HANDLE" />
            <Success Return="NotEqual" Value="0" />
        </Api>
        <Api Name="RecoverTransactionManager">
            <Param Type="HANDLE" Name="TransactionManagerHandle" />
            <Return Type="BOOL" />
        </Api>
        <Api Name="RenameTransactionManager">
            <Param Type="LPWSTR" Name="LogFileName" />
            <Param Type="LPGUID" Name="ExistingTransactionManagerGuid" />
            <Return Type="BOOL" />
        </Api>
        <Api Name="RollforwardTransactionManager">
            <Param Type="HANDLE" Name="TransactionManagerHandle" />
            <Param Type="PLARGE_INTEGER" Name="TmVirtualClock" />
            <Return Type="BOOL" />
        </Api>
    </Module>
</ApiMonitor>