<!--
    API Monitor Definitions
    (c) 2011, Rohitab Batra <rohitab@rohitab.com>
    http://www.rohitab.com/apimonitor/
-->
<ApiMonitor>
    <Include Filename="Headers\windows.h.xml" />

    <Module Name="LegitLib.dll" CallingConvention="STDCALL" ErrorFunc="GetLastError" OnlineHelp="MSDN">

        <!-- Windows Genuine Advantage -->
        <Category Name="System Administration/Windows Genuine Advantage" />
        <Api Name="GetLastErrors">
            <Param Type="WCHAR**" Name="ppwszTrace" />
            <Return Type="HRESULT" />
        </Api>
        <Api Name="IsAlreadyGenuine">
            <Return Type="bool" />
            <Success />
        </Api>
        <Api Name="LegitCheck">
            <Return Type="int" />
        </Api>
        <Api Name="SetPartnerID">
            <Param Type="int" Name="nPartnerID" />
            <Return Type="HRESULT" />
        </Api>

    </Module>
</ApiMonitor>