<!--
    API Monitor Definitions
    (c) 2012, Rohitab Batra <rohitab@rohitab.com>
    http://www.rohitab.com/apimonitor/
-->
<ApiMonitor>
    <Include Filename="Headers\windows.h.xml" />
    <Module Name="Magnification.dll" CallingConvention="STDCALL" ErrorFunc="GetLastError" OnlineHelp="MSDN">
        
        <!-- Variables -->
        <Variable Name="MagImageScalingCallback"    Type="Alias"    Base="LPVOID" />

        <!-- Arrays -->
        <Variable Name="float [3]"          Type="Array"    Base="float"        Count="3" />
        <Variable Name="float [5]"          Type="Array"    Base="float"        Count="5" />
        <Variable Name="float [3][3]"       Type="Array"    Base="float [3]"    Count="3" />
        <Variable Name="float [5][5]"       Type="Array"    Base="float [5]"    Count="5" />

        <!-- MAGCOLOREFFECT -->
        <Variable Name="MAGCOLOREFFECT" Type="Struct">
            <Field Type="float [5][5]" Name="transform" />
        </Variable>
        <Variable Name="PMAGCOLOREFFECT" Type="Pointer" Base="MAGCOLOREFFECT" />

        <!-- MAGTRANSFORM -->
        <Variable Name="MAGTRANSFORM" Type="Struct">
            <Field Type="float [3][3]" Name="v" />
        </Variable>
        <Variable Name="PMAGTRANSFORM" Type="Pointer" Base="MAGTRANSFORM" />

        <!-- Magnification -->
        <Category Name="Windows Application UI Development/Accessibility/Magnification" />
        <Api Name="MagGetColorEffect">
            <Param Type="HWND" Name="hwnd" />
            <Param Type="PMAGCOLOREFFECT" Name="pEffect" />
            <Return Type="BOOL" />
        </Api>
        <Api Name="MagGetFullscreenColorEffect">
            <Param Type="PMAGCOLOREFFECT" Name="pEffect" />
            <Return Type="BOOL" />
        </Api>
        <Api Name="MagGetFullscreenTransform">
            <Param Type="float*" Name="pMagLevel" />
            <Param Type="int*" Name="pxOffset" />
            <Param Type="int*" Name="pyOffset" />
            <Return Type="BOOL" />
        </Api>
        <Api Name="MagGetImageScalingCallback">
            <Param Type="HWND" Name="hwnd" />
            <Return Type="MagImageScalingCallback" />
        </Api>
        <Api Name="MagGetInputTransform">
            <Param Type="BOOL*" Name="pfEnabled" />
            <Param Type="LPRECT" Name="prcSource" />
            <Param Type="LPRECT" Name="prcDest" />
            <Return Type="BOOL" />
        </Api>
        <Api Name="MagGetWindowFilterList">
            <Param Type="HWND" Name="hwnd" />
            <Param Type="DWORD*" Name="pdwFilterMode" />
            <Param Type="int" Name="count" />
            <Param Type="HWND*" Name="pHWND" />
            <Return Type="int" />
            <Success Return="NotEqual" Value="-1" />
        </Api>
        <Api Name="MagGetWindowSource">
            <Param Type="HWND" Name="hwnd" />
            <Param Type="RECT*" Name="pRect" />
            <Return Type="BOOL" />
        </Api>
        <Api Name="MagGetWindowTransform">
            <Param Type="HWND" Name="hwnd" />
            <Param Type="PMAGTRANSFORM" Name="pTransform" />
            <Return Type="BOOL" />
        </Api>
        <Api Name="MagInitialize">
            <Return Type="BOOL" />
        </Api>
        <Api Name="MagSetColorEffect">
            <Param Type="HWND" Name="hwnd" />
            <Param Type="PMAGCOLOREFFECT" Name="pEffect" />
            <Return Type="BOOL" />
        </Api>
        <Api Name="MagSetFullscreenColorEffect">
            <Param Type="PMAGCOLOREFFECT" Name="pEffect" />
            <Return Type="BOOL" />
        </Api>
        <Api Name="MagSetFullscreenTransform">
            <Param Type="float" Name="magLevel" />
            <Param Type="int" Name="xOffset" />
            <Param Type="int" Name="yOffset" />
            <Return Type="BOOL" />
        </Api>
        <Api Name="MagSetImageScalingCallback">
            <Param Type="HWND" Name="hwnd" />
            <Param Type="MagImageScalingCallback" Name="callback" />
            <Return Type="BOOL" />
        </Api>
        <Api Name="MagSetInputTransform">
            <Param Type="BOOL" Name="fEnabled" />
            <Param Type="const LPRECT" Name="prcSource" />
            <Param Type="const LPRECT" Name="prcDest" />
            <Return Type="BOOL" />
        </Api>
        <Api Name="MagSetWindowFilterList">
            <Param Type="HWND" Name="hwnd" />
            <Param Type="DWORD" Name="dwFilterMode" />
            <Param Type="int" Name="count" />
            <Param Type="HWND*" Name="pHWND" />
            <Return Type="BOOL" />
        </Api>
        <Api Name="MagSetWindowSource">
            <Param Type="HWND" Name="hwnd" />
            <Param Type="RECT" Name="rect" />
            <Return Type="BOOL" />
        </Api>
        <Api Name="MagSetWindowTransform">
            <Param Type="HWND" Name="hwnd" />
            <Param Type="PMAGTRANSFORM" Name="pTransform" />
            <Return Type="BOOL" />
        </Api>
        <Api Name="MagShowSystemCursor">
            <Param Type="BOOL" Name="fShowCursor" />
            <Return Type="BOOL" />
        </Api>
        <Api Name="MagUninitialize">
            <Return Type="BOOL" />
        </Api>

    </Module>
</ApiMonitor>