<!--
    API Monitor Definitions
    (c) 2010-2011, Rohitab Batra <rohitab@rohitab.com>
    http://www.rohitab.com/apimonitor/
-->
<ApiMonitor>
    <Include Filename="Headers\windows.h.xml" />
    <Include Filename="Headers\snmp.h.xml" />
    <Module Name="Mgmtapi.dll" CallingConvention="STDCALL" ErrorFunc="GetLastError" OnlineHelp="MSDN">
        <!-- Simple Network Management Protocol (SNMP) -->
        <Category Name="Networking/Simple Network Management Protocol (SNMP)" />
        <Api Name="SnmpMgrClose">
            <Param Type="LPSNMP_MGR_SESSION" Name="session" />
            <Return Type="BOOL" />
        </Api>
        <Api Name="SnmpMgrCtl">
            <Param Type="LPSNMP_MGR_SESSION" Name="session" />
            <Param Type="DWORD" Name="dwCtlCode" />
            <Param Type="LPVOID" Name="lpvInBuffer" />
            <Param Type="DWORD" Name="cbInBuffer" />
            <Param Type="LPVOID" Name="lpvOutBuffer" />
            <Param Type="DWORD" Name="cbOutBuffer" />
            <Param Type="LPDWORD" Name="lpcbBytesReturned" />
            <Return Type="BOOL" />
        </Api>
        <Api Name="SnmpMgrGetTrap">
            <Param Type="AsnObjectIdentifier*" Name="enterprise" />
            <Param Type="AsnNetworkAddress*" Name="IPAddress" />
            <Param Type="AsnInteger*" Name="genericTrap" />
            <Param Type="AsnInteger*" Name="specificTrap" />
            <Param Type="AsnTimeticks*" Name="timeStamp" />
            <Param Type="SnmpVarBindList*" Name="variableBindings" />
            <Return Type="BOOL" />
        </Api>
        <Api Name="SnmpMgrGetTrapEx">
            <Param Type="AsnObjectIdentifier*" Name="enterprise" />
            <Param Type="AsnNetworkAddress*" Name="agentAddress" />
            <Param Type="AsnNetworkAddress*" Name="sourceAddress" />
            <Param Type="AsnInteger*" Name="genericTrap" />
            <Param Type="AsnInteger*" Name="specificTrap" />
            <Param Type="AsnOctetString*" Name="community" />
            <Param Type="AsnTimeticks*" Name="timeStamp" />
            <Param Type="SnmpVarBindList*" Name="variableBindings" />
            <Return Type="BOOL" />
        </Api>
        <Api Name="SnmpMgrOidToStr">
            <Param Type="AsnObjectIdentifier*" Name="oid" />
            <Param Type="LPSTR*" Name="string" />
            <Return Type="BOOL" />
        </Api>
        <Api Name="SnmpMgrOpen">
            <Param Type="LPSTR" Name="lpAgentAddress" />
            <Param Type="LPSTR" Name="lpAgentCommunity" />
            <Param Type="INT" Name="nTimeOut" />
            <Param Type="INT" Name="nRetries" />
            <Return Type="LPSNMP_MGR_SESSION" />
            <Success Return="NotEqual" Value="0" />
        </Api>
        <Api Name="SnmpMgrRequest">
            <Param Type="LPSNMP_MGR_SESSION" Name="session" />
            <Param Type="BYTE" Name="requestType" />
            <Param Type="SnmpVarBindList*" Name="variableBindings" />
            <Param Type="AsnInteger*" Name="errorStatus" />
            <Param Type="AsnInteger*" Name="errorIndex" />
            <Return Type="SNMPAPI" />
        </Api>
        <Api Name="SnmpMgrStrToOid">
            <Param Type="LPSTR" Name="string" />
            <Param Type="AsnObjectIdentifier*" Name="oid" />
            <Return Type="BOOL" />
        </Api>
        <Api Name="SnmpMgrTrapListen">
            <Param Type="HANDLE*" Name="phTrapAvailable" />
            <Return Type="BOOL" />
        </Api>
    </Module>
</ApiMonitor>