<!--
    API Monitor Definitions
    (c) 2010-2012, Rohitab Batra <rohitab@rohitab.com>
    http://www.rohitab.com/apimonitor/
-->
<ApiMonitor>
    <Include Filename="Headers\windows.h.xml" />
    <Include Filename="Headers\multimedia.h.xml" />
    <Module Name="msacm32.dll" CallingConvention="STDCALL" OnlineHelp="MSDN">

        <!-- Variables -->
        <Variable Name="HACMSTREAM"                 Type="Alias"    Base="HANDLE" />
        <Variable Name="LPHACMSTREAM"               Type="Pointer"  Base="HACMSTREAM" />
        <Variable Name="HACMOBJ"                    Type="Alias"    Base="HANDLE" />
        <Variable Name="HACMDRIVER"                 Type="Alias"    Base="HANDLE" />
        <Variable Name="LPHACMDRIVER"               Type="Pointer"  Base="HACMDRIVER" />
        <Variable Name="HACMDRIVERID"               Type="Alias"    Base="HANDLE" />
        <Variable Name="LPHACMDRIVERID"             Type="Pointer"  Base="HACMDRIVERID" />
        <Variable Name="ACMDRIVERENUMCB"            Type="Alias"    Base="LPVOID" />
        <Variable Name="ACMFILTERENUMCB"            Type="Alias"    Base="LPVOID" />
        <Variable Name="ACMFILTERTAGENUMCB"         Type="Alias"    Base="LPVOID" />
        <Variable Name="ACMFORMATENUMCB"            Type="Alias"    Base="LPVOID" />
        <Variable Name="ACMFORMATTAGENUMCB"         Type="Alias"    Base="LPVOID" />
        <Variable Name="ACMFORMATCHOOSEHOOKPROC"    Type="Alias"    Base="LPVOID" />
        <Variable Name="ACMFILTERCHOOSEHOOKPROC"    Type="Alias"    Base="LPVOID" />

        <!-- Arrays -->
        <Variable Name="TCHAR [ACMFORMATTAGDETAILS_FORMATTAG_CHARS]"    Type="Array"    Base="TCHAR" Count="48" />
        <Variable Name="TCHAR [ACMFILTERTAGDETAILS_FILTERTAG_CHARS]"    Type="Array"    Base="TCHAR" Count="48" />
        <Variable Name="TCHAR [ACMFORMATDETAILS_FORMAT_CHARS]"          Type="Array"    Base="TCHAR" Count="128" />
        <Variable Name="TCHAR [ACMFILTERDETAILS_FILTER_CHARS]"          Type="Array"    Base="TCHAR" Count="128" />
        <Variable Name="TCHAR [ACMDRIVERDETAILS_SHORTNAME_CHARS]"       Type="Array"    Base="TCHAR" Count="32" />
        <Variable Name="TCHAR [ACMDRIVERDETAILS_LONGNAME_CHARS]"        Type="Array"    Base="TCHAR" Count="128" />
        <Variable Name="TCHAR [ACMDRIVERDETAILS_COPYRIGHT_CHARS]"       Type="Array"    Base="TCHAR" Count="80" />
        <Variable Name="TCHAR [ACMDRIVERDETAILS_LICENSING_CHARS]"       Type="Array"    Base="TCHAR" Count="128" />
        <Variable Name="TCHAR [ACMDRIVERDETAILS_FEATURES_CHARS]"        Type="Array"    Base="TCHAR" Count="512" />

        <!-- WAVEFILTER -->
        <Variable Name="WAVEFILTER" Type="Struct" Pack="1">
            <Field Type="DWORD"         Name="cbStruct" />
            <Field Type="DWORD"         Name="dwFilterTag" />
            <Field Type="DWORD"         Name="fdwFilter" />
            <Field Type="DWORD [5]"     Name="dwReserved" />
        </Variable>
        <Variable Name="LPWAVEFILTER" Type="Pointer" Base="WAVEFILTER" />

        <!-- [ACMDRIVERDETAILS_SUPPORTF] -->
        <Variable Name="[ACMDRIVERDETAILS_SUPPORTF]" Type="Alias" Base="DWORD">
            <Display Name="DWORD" />
            <Flag>
                <Set Name="ACMDRIVERDETAILS_SUPPORTF_CODEC"         Value="0x00000001" />
                <Set Name="ACMDRIVERDETAILS_SUPPORTF_CONVERTER"     Value="0x00000002" />
                <Set Name="ACMDRIVERDETAILS_SUPPORTF_FILTER"        Value="0x00000004" />
                <Set Name="ACMDRIVERDETAILS_SUPPORTF_HARDWARE"      Value="0x00000008" />
                <Set Name="ACMDRIVERDETAILS_SUPPORTF_ASYNC"         Value="0x00000010" />
                <Set Name="ACMDRIVERDETAILS_SUPPORTF_LOCAL"         Value="0x40000000" />
                <Set Name="ACMDRIVERDETAILS_SUPPORTF_DISABLED"      Value="0x80000000" />
            </Flag>
        </Variable>

        <!-- ACMDRIVERDETAILS -->
        <Variable Name="ACMDRIVERDETAILS" Type="Struct" Pack="1">
            <Field Type="DWORD"                                         Name="cbStruct" />
            <Field Type="FOURCC"                                        Name="fccType" />
            <Field Type="FOURCC"                                        Name="fccComp" />
            <Field Type="WORD"                                          Name="wMid" />
            <Field Type="WORD"                                          Name="wPid" />
            <Field Type="DWORD"                                         Name="vdwACM" />
            <Field Type="DWORD"                                         Name="vdwDriver" />
            <Field Type="[ACMDRIVERDETAILS_SUPPORTF]"                   Name="fdwSupport" />
            <Field Type="DWORD"                                         Name="cFormatTags" />
            <Field Type="DWORD"                                         Name="cFilterTags" />
            <Field Type="HICON"                                         Name="hicon" />
            <Field Type="TCHAR [ACMDRIVERDETAILS_SHORTNAME_CHARS]"      Name="szShortName" />
            <Field Type="TCHAR [ACMDRIVERDETAILS_LONGNAME_CHARS]"       Name="szLongName" />
            <Field Type="TCHAR [ACMDRIVERDETAILS_COPYRIGHT_CHARS]"      Name="szCopyright" />
            <Field Type="TCHAR [ACMDRIVERDETAILS_LICENSING_CHARS]"      Name="szLicensing" />
            <Field Type="TCHAR [ACMDRIVERDETAILS_FEATURES_CHARS]"       Name="szFeatures" />
        </Variable>
        <Variable Name="LPACMDRIVERDETAILS" Type="Pointer" Base="ACMDRIVERDETAILS" />

        <!-- ACMFILTERDETAILS -->
        <Variable Name="ACMFILTERDETAILS" Type="Struct" Pack="1">
            <Field Type="DWORD"                                     Name="cbStruct" />
            <Field Type="DWORD"                                     Name="dwFilterIndex" />
            <Field Type="DWORD"                                     Name="dwFilterTag" />
            <Field Type="[ACMDRIVERDETAILS_SUPPORTF]"               Name="fdwSupport" />
            <Field Type="LPWAVEFILTER"                              Name="pwfltr" />
            <Field Type="DWORD"                                     Name="cbwfltr" />
            <Field Type="TCHAR [ACMFILTERDETAILS_FILTER_CHARS]"     Name="szFilter" />
        </Variable>
        <Variable Name="LPACMFILTERDETAILS" Type="Pointer" Base="ACMFILTERDETAILS" />

        <!-- [ACMFILTERCHOOSE_STYLEF] -->
        <Variable Name="[ACMFILTERCHOOSE_STYLEF]" Type="Alias" Base="DWORD">
            <Display Name="DWORD" />
            <Flag>
                <Set Name="ACMFILTERCHOOSE_STYLEF_SHOWHELP"                 Value="0x00000004" />
                <Set Name="ACMFILTERCHOOSE_STYLEF_ENABLEHOOK"               Value="0x00000008" />
                <Set Name="ACMFILTERCHOOSE_STYLEF_ENABLETEMPLATE"           Value="0x00000010" />
                <Set Name="ACMFILTERCHOOSE_STYLEF_ENABLETEMPLATEHANDLE"     Value="0x00000020" />
                <Set Name="ACMFILTERCHOOSE_STYLEF_INITTOFILTERSTRUCT"       Value="0x00000040" />
                <Set Name="ACMFILTERCHOOSE_STYLEF_CONTEXTHELP"              Value="0x00000080" />
            </Flag>
        </Variable>

        <!-- [ACM_FILTERENUMF] -->
        <Variable Name="[ACM_FILTERENUMF]" Type="Alias" Base="DWORD">
            <Display Name="DWORD" />
            <Flag>
                <Set Name="ACM_FILTERENUMF_DWFILTERTAG" Value="0x00010000" />
            </Flag>
        </Variable>
        
        <!-- ACMFILTERCHOOSE -->
        <Variable Name="ACMFILTERCHOOSE" Type="Struct" Pack="1">
            <Field Type="DWORD"                                         Name="cbStruct" />
            <Field Type="[ACMFILTERCHOOSE_STYLEF]"                      Name="fdwStyle" />
            <Field Type="HWND"                                          Name="hwndOwner" />
            <Field Type="LPWAVEFILTER"                                  Name="pwfltr" />
            <Field Type="DWORD"                                         Name="cbwfltr" />
            <Field Type="LPCTSTR"                                       Name="pszTitle" />
            <Field Type="TCHAR [ACMFILTERTAGDETAILS_FILTERTAG_CHARS]"   Name="szFilterTag" />
            <Field Type="TCHAR [ACMFILTERDETAILS_FILTER_CHARS]"         Name="szFilter" />
            <Field Type="LPTSTR"                                        Name="pszName" />
            <Field Type="DWORD"                                         Name="cchName" />
            <Field Type="[ACM_FILTERENUMF]"                             Name="fdwEnum" />
            <Field Type="LPWAVEFILTER"                                  Name="pwfltrEnum" />
            <Field Type="HINSTANCE"                                     Name="hInstance" />
            <Field Type="LPCTSTR"                                       Name="pszTemplateName" />
            <Field Type="LPARAM"                                        Name="lCustData" />
            <Field Type="ACMFILTERCHOOSEHOOKPROC"                       Name="pfnHook" />
        </Variable>
        <Variable Name="LPACMFILTERCHOOSE" Type="Pointer" Base="ACMFILTERCHOOSE" />

        <!-- ACMFILTERTAGDETAILS -->
        <Variable Name="ACMFILTERTAGDETAILS" Type="Struct" Pack="1">
            <Field Type="DWORD"                                         Name="cbStruct" />
            <Field Type="DWORD"                                         Name="dwFilterTagIndex" />
            <Field Type="DWORD"                                         Name="dwFilterTag" />
            <Field Type="DWORD"                                         Name="cbFilterSize" />
            <Field Type="[ACMDRIVERDETAILS_SUPPORTF]"                   Name="fdwSupport" />
            <Field Type="DWORD"                                         Name="cStandardFilters" />
            <Field Type="TCHAR [ACMFILTERTAGDETAILS_FILTERTAG_CHARS]"   Name="szFilterTag" />
        </Variable>
        <Variable Name="LPACMFILTERTAGDETAILS" Type="Pointer" Base="ACMFILTERTAGDETAILS" />

        <!-- [ACMFORMATCHOOSE_STYLEF] -->
        <Variable Name="[ACMFORMATCHOOSE_STYLEF]" Type="Alias" Base="DWORD">
            <Display Name="DWORD" />
            <Flag>
                <Set Name="ACMFORMATCHOOSE_STYLEF_SHOWHELP"                 Value="0x00000004" />
                <Set Name="ACMFORMATCHOOSE_STYLEF_ENABLEHOOK"               Value="0x00000008" />
                <Set Name="ACMFORMATCHOOSE_STYLEF_ENABLETEMPLATE"           Value="0x00000010" />
                <Set Name="ACMFORMATCHOOSE_STYLEF_ENABLETEMPLATEHANDLE"     Value="0x00000020" />
                <Set Name="ACMFORMATCHOOSE_STYLEF_INITTOWFXSTRUCT"          Value="0x00000040" />
                <Set Name="ACMFORMATCHOOSE_STYLEF_CONTEXTHELP"              Value="0x00000080" />
            </Flag>
        </Variable>

        <!-- [ACM_FORMATENUMF] -->
        <Variable Name="[ACM_FORMATENUMF]" Type="Alias" Base="DWORD">
            <Display Name="DWORD" />
            <Flag>
                <Set Name="ACM_FORMATENUMF_WFORMATTAG"          Value="0x00010000" />
                <Set Name="ACM_FORMATENUMF_NCHANNELS"           Value="0x00020000" />
                <Set Name="ACM_FORMATENUMF_NSAMPLESPERSEC"      Value="0x00040000" />
                <Set Name="ACM_FORMATENUMF_WBITSPERSAMPLE"      Value="0x00080000" />
                <Set Name="ACM_FORMATENUMF_CONVERT"             Value="0x00100000" />
                <Set Name="ACM_FORMATENUMF_SUGGEST"             Value="0x00200000" />
                <Set Name="ACM_FORMATENUMF_HARDWARE"            Value="0x00400000" />
                <Set Name="ACM_FORMATENUMF_INPUT"               Value="0x00800000" />
                <Set Name="ACM_FORMATENUMF_OUTPUT"              Value="0x01000000" />
            </Flag>
        </Variable>

        <!-- ACMFORMATCHOOSE -->
        <Variable Name="ACMFORMATCHOOSE" Type="Struct" Pack="1">
            <Field Type="DWORD"                                         Name="cbStruct" />
            <Field Type="[ACMFORMATCHOOSE_STYLEF]"                      Name="fdwStyle" />
            <Field Type="HWND"                                          Name="hwndOwner" />
            <Field Type="LPWAVEFORMATEX"                                Name="pwfx" />
            <Field Type="DWORD"                                         Name="cbwfx" />
            <Field Type="LPCWSTR"                                       Name="pszTitle" />
            <Field Type="TCHAR [ACMFORMATTAGDETAILS_FORMATTAG_CHARS]"   Name="szFormatTag" />
            <Field Type="TCHAR [ACMFORMATDETAILS_FORMAT_CHARS]"         Name="szFormat" />
            <Field Type="LPTSTR"                                        Name="pszName" />
            <Field Type="DWORD"                                         Name="cchName" />
            <Field Type="[ACM_FORMATENUMF]"                             Name="fdwEnum" />
            <Field Type="LPWAVEFORMATEX"                                Name="pwfxEnum" />
            <Field Type="HINSTANCE"                                     Name="hInstance" />
            <Field Type="LPCTSTR"                                       Name="pszTemplateName" />
            <Field Type="LPARAM"                                        Name="lCustData" />
            <Field Type="ACMFORMATCHOOSEHOOKPROC"                       Name="pfnHook" />
        </Variable>
        <Variable Name="LPACMFORMATCHOOSE" Type="Pointer" Base="ACMFORMATCHOOSE" />

        <!-- ACMFORMATDETAILS -->
        <Variable Name="ACMFORMATDETAILS" Type="Struct" Pack="1">
            <Field Type="DWORD"                                     Name="cbStruct" />
            <Field Type="DWORD"                                     Name="dwFormatIndex" />
            <Field Type="DWORD"                                     Name="dwFormatTag" />
            <Field Type="[ACMDRIVERDETAILS_SUPPORTF]"               Name="fdwSupport" />
            <Field Type="LPWAVEFORMATEX"                            Name="pwfx" />
            <Field Type="DWORD"                                     Name="cbwfx" />
            <Field Type="TCHAR [ACMFORMATDETAILS_FORMAT_CHARS]"     Name="szFormat" />
        </Variable>
        <Variable Name="LPACMFORMATDETAILS" Type="Pointer" Base="ACMFORMATDETAILS" />

        <!-- ACMFORMATTAGDETAILS -->
        <Variable Name="ACMFORMATTAGDETAILS" Type="Struct" Pack="1">
            <Field Type="DWORD"                                         Name="cbStruct" />
            <Field Type="DWORD"                                         Name="dwFormatTagIndex" />
            <Field Type="DWORD"                                         Name="dwFormatTag" />
            <Field Type="DWORD"                                         Name="cbFormatSize" />
            <Field Type="[ACMDRIVERDETAILS_SUPPORTF]"                   Name="fdwSupport" />
            <Field Type="DWORD"                                         Name="cStandardFormats" />
            <Field Type="TCHAR [ACMFORMATTAGDETAILS_FORMATTAG_CHARS]"   Name="szFormatTag" />
        </Variable>
        <Variable Name="LPACMFORMATTAGDETAILS" Type="Pointer" Base="ACMFORMATTAGDETAILS" />

        <!-- [ACMSTREAMHEADER_STATUSF] -->
        <Variable Name="[ACMSTREAMHEADER_STATUSF]" Type="Alias" Base="DWORD">
            <Display Name="DWORD" />
            <Flag>
                <Set Name="ACMSTREAMHEADER_STATUSF_DONE"        Value="0x00010000" />
                <Set Name="ACMSTREAMHEADER_STATUSF_PREPARED"    Value="0x00020000" />
                <Set Name="ACMSTREAMHEADER_STATUSF_INQUEUE"     Value="0x00100000" />
            </Flag>
        </Variable>

        <!-- DWORD [_DRVRESERVED] -->
        <Condition Architecture="32">
            <Variable Name="DWORD [_DRVRESERVED]" Type="Array" Base="DWORD" Count="10" />
        </Condition>
        <Condition Architecture="64">
            <Variable Name="DWORD [_DRVRESERVED]" Type="Array" Base="DWORD" Count="15" />
        </Condition>

        <!-- ACMSTREAMHEADER -->
        <Variable Name="ACMSTREAMHEADER" Type="Struct" Pack="1">
            <Field Type="DWORD"                         Name="cbStruct" />
            <Field Type="[ACMSTREAMHEADER_STATUSF]"     Name="fdwStatus" />
            <Field Type="DWORD_PTR"                     Name="dwUser" />
            <Field Type="LPBYTE"                        Name="pbSrc" />
            <Field Type="DWORD"                         Name="cbSrcLength" />
            <Field Type="DWORD"                         Name="cbSrcLengthUsed" />
            <Field Type="DWORD_PTR"                     Name="dwSrcUser" />
            <Field Type="LPBYTE"                        Name="pbDst" />
            <Field Type="DWORD"                         Name="cbDstLength" />
            <Field Type="DWORD"                         Name="cbDstLengthUsed" />
            <Field Type="DWORD_PTR"                     Name="dwDstUser" />
            <Field Type="DWORD [_DRVRESERVED]"          Name="dwReservedDriver" />
        </Variable>
        <Variable Name="LPACMSTREAMHEADER" Type="Pointer" Base="ACMSTREAMHEADER" />

        <!-- Drivers -->
        <Category Name="Audio and Video/Legacy Audio and Video/Windows Multimedia/Multimedia Audio/Audio Compression Manager/Drivers" />
        <Api Name="acmDriverAdd" BothCharset="True">
            <Param Type="LPHACMDRIVERID" Name="phadid" />
            <Param Type="HINSTANCE" Name="hinstModule" />
            <Param Type="LPARAM" Name="lParam" />
            <Param Type="DWORD" Name="dwPriority" />
            <Param Type="DWORD" Name="fdwAdd" />
            <Return Type="MMRESULT" />
        </Api>
        <Api Name="acmDriverClose">
            <Param Type="HACMDRIVER" Name="had" />
            <Param Type="DWORD" Name="fdwClose" />
            <Return Type="MMRESULT" />
        </Api>
        <Api Name="acmDriverDetails" BothCharset="True">
            <Param Type="HACMDRIVERID" Name="hadid" />
            <Param Type="LPACMDRIVERDETAILS" Name="padd" />
            <Param Type="DWORD" Name="fdwDetails" />
            <Return Type="MMRESULT" />
        </Api>
        <Api Name="acmDriverEnum">
            <Param Type="ACMDRIVERENUMCB" Name="fnCallback" />
            <Param Type="DWORD_PTR" Name="dwInstance" />
            <Param Type="DWORD" Name="fdwEnum" />
            <Return Type="MMRESULT" />
        </Api>
        <Api Name="acmDriverID">
            <Param Type="HACMOBJ" Name="hao" />
            <Param Type="LPHACMDRIVERID" Name="phadid" />
            <Param Type="DWORD" Name="fdwDriverID" />
            <Return Type="MMRESULT" />
        </Api>
        <Api Name="acmDriverMessage">
            <Param Type="HACMDRIVER" Name="had" />
            <Param Type="UINT" Name="uMsg" />
            <Param Type="LPARAM" Name="lParam1" />
            <Param Type="LPARAM" Name="lParam2" />
            <Return Type="LRESULT" />
            <Success Return="NotEqual" Value="0" />
        </Api>
        <Api Name="acmDriverOpen">
            <Param Type="LPHACMDRIVER" Name="phad" />
            <Param Type="HACMDRIVERID" Name="hadid" />
            <Param Type="DWORD" Name="fdwOpen" />
            <Return Type="MMRESULT" />
        </Api>
        <Api Name="acmDriverPriority">
            <Param Type="HACMDRIVERID" Name="hadid" />
            <Param Type="DWORD" Name="dwPriority" />
            <Param Type="DWORD" Name="fdwPriority" />
            <Return Type="MMRESULT" />
        </Api>
        <Api Name="acmDriverRemove">
            <Param Type="HACMDRIVERID" Name="hadid" />
            <Param Type="DWORD" Name="fdwRemove" />
            <Return Type="MMRESULT" />
        </Api>

        <!-- Filters -->
        <Category Name="Audio and Video/Legacy Audio and Video/Windows Multimedia/Multimedia Audio/Audio Compression Manager/Filters" />
        <Api Name="acmFilterChoose" BothCharset="True">
            <Param Type="LPACMFILTERCHOOSE" Name="pafltrc" />
            <Return Type="MMRESULT" />
        </Api>
        <Api Name="acmFilterDetails" BothCharset="True">
            <Param Type="HACMDRIVER" Name="had" />
            <Param Type="LPACMFILTERDETAILS" Name="pafd" />
            <Param Type="DWORD" Name="fdwDetails" />
            <Return Type="MMRESULT" />
        </Api>
        <Api Name="acmFilterEnum" BothCharset="True">
            <Param Type="HACMDRIVER" Name="had" />
            <Param Type="LPACMFILTERDETAILS" Name="pafd" />
            <Param Type="ACMFILTERENUMCB" Name="fnCallback" />
            <Param Type="DWORD_PTR" Name="dwInstance" />
            <Param Type="[ACM_FILTERENUMF]" Name="fdwEnum" />
            <Return Type="MMRESULT" />
        </Api>
        <Api Name="acmFilterTagDetails" BothCharset="True">
            <Param Type="HACMDRIVER" Name="had" />
            <Param Type="LPACMFILTERTAGDETAILS" Name="paftd" />
            <Param Type="DWORD_PTR" Name="fdwDetails" />
            <Return Type="MMRESULT" />
        </Api>
        <Api Name="acmFilterTagEnum" BothCharset="True">
            <Param Type="HACMDRIVER" Name="had" />
            <Param Type="LPACMFILTERTAGDETAILS" Name="paftd" />
            <Param Type="ACMFILTERTAGENUMCB" Name="fnCallback" />
            <Param Type="DWORD_PTR" Name="dwInstance" />
            <Param Type="DWORD" Name="fdwEnum" />
            <Return Type="MMRESULT" />
        </Api>

        <!-- Formats -->
        <Category Name="Audio and Video/Legacy Audio and Video/Windows Multimedia/Multimedia Audio/Audio Compression Manager/Formats" />
        <Api Name="acmFormatChoose" BothCharset="True">
            <Param Type="LPACMFORMATCHOOSE" Name="pfmtc" />
            <Return Type="MMRESULT" />
        </Api>
        <Api Name="acmFormatDetails" BothCharset="True">
            <Param Type="HACMDRIVER" Name="had" />
            <Param Type="LPACMFORMATDETAILS" Name="pafd" />
            <Param Type="DWORD" Name="fdwDetails" />
            <Return Type="MMRESULT" />
        </Api>
        <Api Name="acmFormatEnum" BothCharset="True">
            <Param Type="HACMDRIVER" Name="had" />
            <Param Type="LPACMFORMATDETAILS" Name="pafd" />
            <Param Type="ACMFORMATENUMCB" Name="fnCallback" />
            <Param Type="DWORD_PTR" Name="dwInstance" />
            <Param Type="DWORD" Name="fdwEnum" />
            <Return Type="MMRESULT" />
        </Api>
        <Api Name="acmFormatSuggest">
            <Param Type="HACMDRIVER" Name="had" />
            <Param Type="LPWAVEFORMATEX" Name="pwfxSrc" />
            <Param Type="LPWAVEFORMATEX" Name="pwfxDst" />
            <Param Type="DWORD" Name="cbwfxDst" />
            <Param Type="DWORD" Name="fdwSuggest" />
            <Return Type="MMRESULT" />
        </Api>
        <Api Name="acmFormatTagDetails" BothCharset="True">
            <Param Type="HACMDRIVER" Name="had" />
            <Param Type="LPACMFORMATTAGDETAILS" Name="paftd" />
            <Param Type="DWORD" Name="fdwDetails" />
            <Return Type="MMRESULT" />
        </Api>
        <Api Name="acmFormatTagEnum" BothCharset="True">
            <Param Type="HACMDRIVER" Name="had" />
            <Param Type="LPACMFORMATTAGDETAILS" Name="paftd" />
            <Param Type="ACMFORMATTAGENUMCB" Name="fnCallback" />
            <Param Type="DWORD_PTR" Name="dwInstance" />
            <Param Type="DWORD" Name="fdwEnum" />
            <Return Type="MMRESULT" />
        </Api>

        <!-- Miscellaneous -->
        <Category Name="Audio and Video/Legacy Audio and Video/Windows Multimedia/Multimedia Audio/Audio Compression Manager/Miscellaneous" />
        <Api Name="acmGetVersion">
            <Return Type="DWORD" />
            <Success Return="NotEqual" Value="0" />
        </Api>
        <Api Name="acmMetrics">
            <Param Type="HACMOBJ" Name="hao" />
            <Param Type="UINT" Name="uMetric" />
            <Param Type="LPVOID" Name="pMetric" />
            <Return Type="MMRESULT" />
        </Api>

        <!-- Streams -->
        <Category Name="Audio and Video/Legacy Audio and Video/Windows Multimedia/Multimedia Audio/Audio Compression Manager/Streams" />
        <Api Name="acmStreamClose">
            <Param Type="HACMSTREAM" Name="has" />
            <Param Type="DWORD" Name="fdwClose" />
            <Return Type="MMRESULT" />
        </Api>
        <Api Name="acmStreamConvert">
            <Param Type="HACMSTREAM" Name="has" />
            <Param Type="LPACMSTREAMHEADER" Name="pash" />
            <Param Type="DWORD" Name="fdwConvert" />
            <Return Type="MMRESULT" />
        </Api>
        <Api Name="acmStreamMessage">
            <Param Type="HACMSTREAM" Name="has" />
            <Param Type="UINT" Name="uMsg" />
            <Param Type="LPARAM" Name="lParam1" />
            <Param Type="LPARAM" Name="lParam2" />
            <Return Type="MMRESULT" />
        </Api>
        <Api Name="acmStreamOpen">
            <Param Type="LPHACMSTREAM" Name="phas" />
            <Param Type="HACMDRIVER" Name="had" />
            <Param Type="LPWAVEFORMATEX" Name="pwfxSrc" />
            <Param Type="LPWAVEFORMATEX" Name="pwfxDst" />
            <Param Type="LPWAVEFILTER" Name="pwfltr" />
            <Param Type="DWORD_PTR" Name="dwCallback" />
            <Param Type="DWORD_PTR" Name="dwInstance" />
            <Param Type="DWORD" Name="fdwOpen" />
            <Return Type="MMRESULT" />
        </Api>
        <Api Name="acmStreamPrepareHeader">
            <Param Type="HACMSTREAM" Name="has" />
            <Param Type="LPACMSTREAMHEADER" Name="pash" />
            <Param Type="DWORD" Name="fdwPrepare" />
            <Return Type="MMRESULT" />
        </Api>
        <Api Name="acmStreamReset">
            <Param Type="HACMSTREAM" Name="has" />
            <Param Type="DWORD" Name="fdwReset" />
            <Return Type="MMRESULT" />
        </Api>
        <Api Name="acmStreamSize">
            <Param Type="HACMSTREAM" Name="has" />
            <Param Type="DWORD" Name="cbInput" />
            <Param Type="LPDWORD" Name="pdwOutputBytes" />
            <Param Type="DWORD" Name="fdwSize" />
            <Return Type="MMRESULT" />
        </Api>
        <Api Name="acmStreamUnprepareHeader">
            <Param Type="HACMSTREAM" Name="has" />
            <Param Type="LPACMSTREAMHEADER" Name="pash" />
            <Param Type="DWORD" Name="fdwUnprepare" />
            <Return Type="MMRESULT" />
        </Api>
    </Module>
</ApiMonitor>