<!--
    API Monitor Definitions
    (c) 2010-2011, Rohitab Batra <rohitab@rohitab.com>
    http://www.rohitab.com/apimonitor/
-->
<ApiMonitor>
    <Include Filename="Headers\windows.h.xml" />
    <Include Filename="Headers\ole.h.xml" />

    <Module Name="msctf.dll" CallingConvention="STDCALL" ErrorFunc="HRESULT" OnlineHelp="MSDN">
        
        <!-- Variables -->
        <Variable Name="ITfThreadMgr"               Type="Interface" />
        <Variable Name="ITfLangBarMgr"              Type="Interface" />
        <Variable Name="ITfCategoryMgr"             Type="Interface" />
        <Variable Name="ITfLangBarItemMgr"          Type="Interface" />
        <Variable Name="ITfDisplayAttributeMgr"     Type="Interface" />
        <Variable Name="ITfInputProcessorProfiles"  Type="Interface" />

        <Variable Name="InputScope" Type="Alias" Base="UINT">
            <Enum>
                <Set Name="IS_DEFAULT"                          Value="0" />
                <Set Name="IS_URL"                              Value="1" />
                <Set Name="IS_FILE_FULLFILEPATH"                Value="2" />
                <Set Name="IS_FILE_FILENAME"                    Value="3" />
                <Set Name="IS_EMAIL_USERNAME"                   Value="4" />
                <Set Name="IS_EMAIL_SMTPEMAILADDRESS"           Value="5" />
                <Set Name="IS_LOGINNAME"                        Value="6" />
                <Set Name="IS_PERSONALNAME_FULLNAME"            Value="7" />
                <Set Name="IS_PERSONALNAME_PREFIX"              Value="8" />
                <Set Name="IS_PERSONALNAME_GIVENNAME"           Value="9" />
                <Set Name="IS_PERSONALNAME_MIDDLENAME"          Value="10" />
                <Set Name="IS_PERSONALNAME_SURNAME"             Value="11" />
                <Set Name="IS_PERSONALNAME_SUFFIX"              Value="12" />
                <Set Name="IS_ADDRESS_FULLPOSTALADDRESS"        Value="13" />
                <Set Name="IS_ADDRESS_POSTALCODE"               Value="14" />
                <Set Name="IS_ADDRESS_STREET"                   Value="15" />
                <Set Name="IS_ADDRESS_STATEORPROVINCE"          Value="16" />
                <Set Name="IS_ADDRESS_CITY"                     Value="17" />
                <Set Name="IS_ADDRESS_COUNTRYNAME"              Value="18" />
                <Set Name="IS_ADDRESS_COUNTRYSHORTNAME"         Value="19" />
                <Set Name="IS_CURRENCY_AMOUNTANDSYMBOL"         Value="20" />
                <Set Name="IS_CURRENCY_AMOUNT"                  Value="21" />
                <Set Name="IS_DATE_FULLDATE"                    Value="22" />
                <Set Name="IS_DATE_MONTH"                       Value="23" />
                <Set Name="IS_DATE_DAY"                         Value="24" />
                <Set Name="IS_DATE_YEAR"                        Value="25" />
                <Set Name="IS_DATE_MONTHNAME"                   Value="26" />
                <Set Name="IS_DATE_DAYNAME"                     Value="27" />
                <Set Name="IS_DIGITS"                           Value="28" />
                <Set Name="IS_NUMBER"                           Value="29" />
                <Set Name="IS_ONECHAR"                          Value="30" />
                <Set Name="IS_PASSWORD"                         Value="31" />
                <Set Name="IS_TELEPHONE_FULLTELEPHONENUMBER"    Value="32" />
                <Set Name="IS_TELEPHONE_COUNTRYCODE"            Value="33" />
                <Set Name="IS_TELEPHONE_AREACODE"               Value="34" />
                <Set Name="IS_TELEPHONE_LOCALNUMBER"            Value="35" />
                <Set Name="IS_TIME_FULLTIME"                    Value="36" />
                <Set Name="IS_TIME_HOUR"                        Value="37" />
                <Set Name="IS_TIME_MINORSEC"                    Value="38" />
                <Set Name="IS_NUMBER_FULLWIDTH"                 Value="39" />
                <Set Name="IS_ALPHANUMERIC_HALFWIDTH"           Value="40" />
                <Set Name="IS_ALPHANUMERIC_FULLWIDTH"           Value="41" />
                <Set Name="IS_CURRENCY_CHINESE"                 Value="42" />
                <Set Name="IS_BOPOMOFO"                         Value="43" />
                <Set Name="IS_HIRAGANA"                         Value="44" />
                <Set Name="IS_KATAKANA_HALFWIDTH"               Value="45" />
                <Set Name="IS_KATAKANA_FULLWIDTH"               Value="46" />
                <Set Name="IS_HANJA"                            Value="47" />
                <Set Name="IS_HANGUL_HALFWIDTH"                 Value="48" />
                <Set Name="IS_HANGUL_FULLWIDTH"                 Value="49" />
                <Set Name="IS_PHRASELIST"                       Value="-1" />
                <Set Name="IS_REGULAREXPRESSION"                Value="-2" />
                <Set Name="IS_SRGS"                             Value="-3" />
                <Set Name="IS_XML"                              Value="-4" />
                <Set Name="IS_ENUMSTRING"                       Value="-5" />
            </Enum>
        </Variable>
        <Variable Name="const InputScope*" Type="Pointer" Base="InputScope" />

        <!-- Text Services Framework -->
        <Category Name="Windows Application UI Development/User Interaction/Text Services Framework" />
        <Api Name="SetInputScope">
            <Param Type="HWND" Name="hwnd" />
            <Param Type="InputScope" Name="inputscope" />
            <Return Type="HRESULT" />
        </Api>
        <Api Name="SetInputScopes">
            <Param Type="HWND" Name="hwnd" />
            <Param Type="const InputScope*" Name="pInputScopes" />
            <Param Type="UINT" Name="cInputScopes" />
            <Param Type="WCHAR**" Name="ppszPhraseList" />
            <Param Type="UINT" Name="cPhrases" />
            <Param Type="WCHAR*" Name="pszRegExp" />
            <Param Type="WCHAR*" Name="pszSRGS" />
            <Return Type="HRESULT" />
        </Api>
        <Api Name="SetInputScopes2">
            <Param Type="HWND" Name="hwnd" />
            <Param Type="const InputScope*" Name="pInputScopes" />
            <Param Type="UINT" Name="cInputScopes" />
            <Param Type="IEnumString*" Name="pEnumString" />
            <Param Type="WCHAR*" Name="pszRegExp" />
            <Param Type="WCHAR*" Name="pszSRGS" />
            <Return Type="HRESULT" />
        </Api>
        <Api Name="SetInputScopeXML">
            <Return Type="void" />
        </Api>
        <Api Name="TF_CreateCategoryMgr">
            <Param Type="ITfCategoryMgr**" Name="ppcat" />
            <Return Type="HRESULT" />
        </Api>
        <Api Name="TF_CreateDisplayAttributeMgr">
            <Param Type="ITfDisplayAttributeMgr**" Name="ppdam" />
            <Return Type="HRESULT" />
        </Api>
        <Api Name="TF_CreateInputProcessorProfiles">
            <Param Type="ITfInputProcessorProfiles**" Name="ppipr" />
            <Return Type="HRESULT" />
        </Api>
        <Api Name="TF_CreateLangBarItemMgr">
            <Param Type="ITfLangBarItemMgr**" Name="pplbim" />
            <Return Type="HRESULT" />
        </Api>
        <Api Name="TF_CreateLangBarMgr">
            <Param Type="ITfLangBarMgr**" Name="pppbm" />
            <Return Type="HRESULT" />
        </Api>
        <Api Name="TF_CreateThreadMgr">
            <Param Type="ITfThreadMgr**" Name="pptim" />
            <Return Type="HRESULT" />
        </Api>
        <Api Name="TF_GetThreadMgr">
            <Param Type="ITfThreadMgr**" Name="pptim" />
            <Return Type="HRESULT" />
        </Api>
        <Api Name="TF_InvalidAssemblyListCacheIfExist">
            <Return Type="HRESULT" />
        </Api>
        <Api Name="MsimtfIsWindowFiltered">
            <Param Type="HWND" Name="hwnd" />
            <Return Type="BOOL" />
        </Api>
    </Module>
</ApiMonitor>