<!--
    API Monitor Definitions
    (c) 2010-2012, Rohitab Batra <rohitab@rohitab.com>
    http://www.rohitab.com/apimonitor/
-->
<ApiMonitor>
    <Include Filename="Headers\windows.h.xml" />
    <Include Filename="Headers\cryptography.h.xml" />
    <Include Filename="Headers\registry.h.xml" />

    <Module Name="Msi.dll" CallingConvention="STDCALL" ErrorFunc="GetLastError" OnlineHelp="MSDN">
        <ErrorDecode ErrorFunc="GetLastError" ErrorIsReturnValue="True" />

        <!-- Variables -->
        <Variable Name="MSIHANDLE"                      Type="Alias"    Base="unsigned long" />
        <Variable Name="MSIHANDLE*"                     Type="Pointer"  Base="MSIHANDLE" />
        <Variable Name="MSIHANDLE**"                    Type="Pointer"  Base="MSIHANDLE*" />
        <Variable Name="INSTALLUI_HANDLER"              Type="Alias"    Base="LPVOID" />
        <Variable Name="PINSTALLUI_HANDLER_RECORD"      Type="Alias"    Base="LPVOID" />

        <!-- Arrays -->
        <Variable Name="TCHAR [39]" Type="Array" Base="TCHAR" Count="39" />

        <!-- [MSI_ERROR] -->
        <Variable Name="[MSI_ERROR]" Type="Alias" Base="[ERROR_CODE]">
            <Display Name="UINT" />
        </Variable>

        <!-- MSIPATCHDATATYPE -->
        <Variable Name="MSIPATCHDATATYPE" Type="Alias" Base="UINT">
            <Enum>
                <Set Name="MSIPATCH_DATATYPE_PATCHFILE"     Value="0" />
                <Set Name="MSIPATCH_DATATYPE_XMLPATH"       Value="1" />
                <Set Name="MSIPATCH_DATATYPE_XMLBLOB"       Value="2" />
            </Enum>
        </Variable>

        <!-- MSIPATCHSEQUENCEINFO -->
        <Variable Name="MSIPATCHSEQUENCEINFO" Type="Struct">
            <Field Type="LPCTSTR"  	        Name="szPatchData" />
            <Field Type="MSIPATCHDATATYPE" 	Name="ePatchDataType" />
            <Field Type="DWORD"   	        Name="dwOrder" />
            <Field Type="UINT"    	        Name="uStatus" />
        </Variable>
        <Variable Name="PMSIPATCHSEQUENCEINFO" Type="Pointer" Base="MSIPATCHSEQUENCEINFO" />

        <!-- MSIFILEHASHINFO -->
        <Variable Name="MSIFILEHASHINFO" Type="Struct">
            <Field Type="ULONG"         Name="dwFileHashInfoSize" />
            <Field Type="ULONG [4]"     Name="dwData" />
        </Variable>
        <Variable Name="PMSIFILEHASHINFO" Type="Pointer" Base="MSIFILEHASHINFO" />

        <!-- USERINFOSTATE -->
        <Variable Name="USERINFOSTATE" Type="Alias" Base="int">
            <Enum>
                <Set Name="USERINFOSTATE_MOREDATA"      Value="-3" />
                <Set Name="USERINFOSTATE_INVALIDARG"    Value="-2" />
                <Set Name="USERINFOSTATE_UNKNOWN"       Value="-1" />
                <Set Name="USERINFOSTATE_ABSENT"        Value="0" />
                <Set Name="USERINFOSTATE_PRESENT"       Value="1" />
            </Enum>
        </Variable>

        <!-- INSTALLUILEVEL -->
        <Variable Name="INSTALLUILEVEL" Type="Alias" Base="UINT">
            <Flag>
                <Set Name="INSTALLUILEVEL_NOCHANGE"         Value="0" />
                <Set Name="INSTALLUILEVEL_DEFAULT"          Value="1" />
                <Set Name="INSTALLUILEVEL_NONE"             Value="2" />
                <Set Name="INSTALLUILEVEL_BASIC"            Value="3" />
                <Set Name="INSTALLUILEVEL_REDUCED"          Value="4" />
                <Set Name="INSTALLUILEVEL_FULL"             Value="5" />
                <Set Name="INSTALLUILEVEL_ENDDIALOG"        Value="0x80" />
                <Set Name="INSTALLUILEVEL_PROGRESSONLY"     Value="0x40" />
                <Set Name="INSTALLUILEVEL_HIDECANCEL"       Value="0x20" />
                <Set Name="INSTALLUILEVEL_SOURCERESONLY"    Value="0x100" />
            </Flag>
        </Variable>

        <!-- MSIINSTALLCONTEXT -->
        <Variable Name="MSIINSTALLCONTEXT" Type="Alias" Base="DWORD">
            <Flag>
                <Set Name="MSIINSTALLCONTEXT_NONE"              Value="0" />
                <Set Name="MSIINSTALLCONTEXT_USERMANAGED"       Value="1" />
                <Set Name="MSIINSTALLCONTEXT_USERUNMANAGED"     Value="2" />
                <Set Name="MSIINSTALLCONTEXT_MACHINE"           Value="4" />
                <Set Name="MSIINSTALLCONTEXT_ALL"               Value="7" />
                <Set Name="MSIINSTALLCONTEXT_ALLUSERMANAGED"    Value="8" />
            </Flag>
        </Variable>
        <Variable Name="MSIINSTALLCONTEXT*" Type="Pointer" Base="MSIINSTALLCONTEXT" />

        <!-- INSTALLSTATE -->
        <Variable Name="INSTALLSTATE" Type="Alias" Base="UINT">
            <Enum>
                <Set Name="INSTALLSTATE_NOTUSED"        Value="-7" />
                <Set Name="INSTALLSTATE_BADCONFIG"      Value="-6" />
                <Set Name="INSTALLSTATE_INCOMPLETE"     Value="-5" />
                <Set Name="INSTALLSTATE_SOURCEABSENT"   Value="-4" />
                <Set Name="INSTALLSTATE_MOREDATA"       Value="-3" />
                <Set Name="INSTALLSTATE_INVALIDARG"     Value="-2" />
                <Set Name="INSTALLSTATE_UNKNOWN"        Value="-1" />
                <Set Name="INSTALLSTATE_BROKEN"         Value="0" />
                <Set Name="INSTALLSTATE_ADVERTISED"     Value="1" />
                <!--<Set Name="INSTALLSTATE_REMOVED"        Value="1" />-->
                <Set Name="INSTALLSTATE_ABSENT"         Value="2" />
                <Set Name="INSTALLSTATE_LOCAL"          Value="3" />
                <Set Name="INSTALLSTATE_SOURCE"         Value="4" />
                <Set Name="INSTALLSTATE_DEFAULT"        Value="5" />
            </Enum>
        </Variable>
        <Variable Name="INSTALLSTATE*" Type="Pointer" Base="INSTALLSTATE" />

        <!-- [INSTALLSTATE-DWORD] -->
        <Variable Name="[INSTALLSTATE-DWORD]" Type="Alias" Base="INSTALLSTATE">
            <Display Name="DWORD" />
        </Variable>
        <Variable Name="[INSTALLSTATE-DWORD*]" Type="Pointer" Base="[INSTALLSTATE-DWORD]">
            <Display Name="DWORD*" />
        </Variable>

        <!-- [MsiInstallLevel] -->
        <Variable Name="[MsiInstallLevel]" Type="Alias" Base="int">
            <Display Name="int" />
            <Enum>
                <Set Name="INSTALLLEVEL_DEFAULT"    Value="0" />
                <Set Name="INSTALLLEVEL_MINIMUM"    Value="1" />
                <Set Name="INSTALLLEVEL_MAXIMUM"    Value="0xFFFF" />
            </Enum>
        </Variable>

        <!-- [MsiReinstallMode] -->
        <Variable Name="[MsiReinstallMode]" Type="Alias" Base="DWORD">
            <Display Name="DWORD" />
            <Flag>
                <Set Name="REINSTALLMODE_REPAIR"            Value="0x00000001" />
                <Set Name="REINSTALLMODE_FILEMISSING"       Value="0x00000002" />
                <Set Name="REINSTALLMODE_FILEOLDERVERSION"  Value="0x00000004" />
                <Set Name="REINSTALLMODE_FILEEQUALVERSION"  Value="0x00000008" />
                <Set Name="REINSTALLMODE_FILEEXACT"         Value="0x00000010" />
                <Set Name="REINSTALLMODE_FILEVERIFY"        Value="0x00000020" />
                <Set Name="REINSTALLMODE_FILEREPLACE"       Value="0x00000040" />
                <Set Name="REINSTALLMODE_MACHINEDATA"       Value="0x00000080" />
                <Set Name="REINSTALLMODE_USERDATA"          Value="0x00000100" />
                <Set Name="REINSTALLMODE_SHORTCUT"          Value="0x00000200" />
                <Set Name="REINSTALLMODE_PACKAGE"           Value="0x00000400" />
            </Flag>
        </Variable>

        <!-- [MsiInstallMode] -->
        <Variable Name="[MsiInstallMode]" Type="Alias" Base="DWORD">
            <Display Name="DWORD" />
            <Enum>
                <Set Name="INSTALLMODE_NODETECTION_ANY"     Value="-4" />
                <Set Name="INSTALLMODE_NOSOURCERESOLUTION"  Value="-3" />
                <Set Name="INSTALLMODE_NODETECTION"         Value="-2" />
                <Set Name="INSTALLMODE_EXISTING"            Value="-1" />
                <Set Name="INSTALLMODE_DEFAULT"             Value="0" />
            </Enum>
        </Variable>

        <!-- INSTALLTYPE -->
        <Variable Name="INSTALLTYPE" Type="Alias" Base="UINT">
            <Flag>
                <Set Name="INSTALLTYPE_DEFAULT"         Value="0" />
                <Set Name="INSTALLTYPE_NETWORK_IMAGE"   Value="1" />
                <Set Name="INSTALLTYPE_SINGLE_INSTANCE" Value="2" />
            </Flag>
        </Variable>

        <!-- [MsiInstallLogMode] -->
        <Variable Name="[MsiInstallLogMode]" Type="Alias" Base="DWORD">
            <Display Name="DWORD" />
            <Flag>
                <Set Name="INSTALLLOGMODE_FATALEXIT"        Value="0x00000001" />
                <Set Name="INSTALLLOGMODE_ERROR"            Value="0x00000002" />
                <Set Name="INSTALLLOGMODE_WARNING"          Value="0x00000004" />
                <Set Name="INSTALLLOGMODE_USER"             Value="0x00000008" />
                <Set Name="INSTALLLOGMODE_INFO"             Value="0x00000010" />
                <Set Name="INSTALLLOGMODE_RESOLVESOURCE"    Value="0x00000040" />
                <Set Name="INSTALLLOGMODE_OUTOFDISKSPACE"   Value="0x00000080" />
                <Set Name="INSTALLLOGMODE_ACTIONSTART"      Value="0x00000100" />
                <Set Name="INSTALLLOGMODE_ACTIONDATA"       Value="0x00000200" />
                <Set Name="INSTALLLOGMODE_COMMONDATA"       Value="0x00000800" />
                <Set Name="INSTALLLOGMODE_PROPERTYDUMP"     Value="0x00000400" />
                <Set Name="INSTALLLOGMODE_VERBOSE"          Value="0x00001000" />
                <Set Name="INSTALLLOGMODE_EXTRADEBUG"       Value="0x00002000" />
                <Set Name="INSTALLLOGMODE_LOGONLYONERROR"   Value="0x00004000" />
                <Set Name="INSTALLLOGMODE_PROGRESS"         Value="0x00000400" />
                <Set Name="INSTALLLOGMODE_INITIALIZE"       Value="0x00001000" />
                <Set Name="INSTALLLOGMODE_TERMINATE"        Value="0x00002000" />
                <Set Name="INSTALLLOGMODE_SHOWDIALOG"       Value="0x00004000" />
                <Set Name="INSTALLLOGMODE_FILESINUSE"       Value="0x00000020" />
                <Set Name="INSTALLLOGMODE_RMFILESINUSE"     Value="0x02000000" />
            </Flag>
        </Variable>

        <!-- [MsiInstallLogAttributes] -->
        <Variable Name="[MsiInstallLogAttributes]" Type="Alias" Base="DWORD">
            <Display Name="DWORD" />
            <Flag>
                <Set Name="INSTALLLOGATTRIBUTES_APPEND"         Value="0x00000001" />
                <Set Name="INSTALLLOGATTRIBUTES_FLUSHEACHLINE"  Value="0x00000002" />
            </Flag>
        </Variable>
        <!--
    <Enum Name="ADVERTISEFLAGS">
        <Set Name="ADVERTISEFLAGS_MACHINEASSIGN"    Value="0" />
        <Set Name="ADVERTISEFLAGS_USERASSIGN"       Value="1" />
    </Enum>
    -->
        <!-- [MsiArchFlags] -->
        <Variable Name="[MsiArchFlags]" Type="Alias" Base="DWORD">
            <Display Name="DWORD" />
            <Flag>
                <Set Name="MSIARCHITECTUREFLAGS_X86"    Value="0x00000001" />
                <Set Name="MSIARCHITECTUREFLAGS_IA64"   Value="0x00000002" />
                <Set Name="MSIARCHITECTUREFLAGS_AMD64"  Value="0x00000004" />
            </Flag>
        </Variable>

        <!-- [MsiAdOptions] -->
        <Variable Name="[MsiAdOptions]" Type="Alias" Base="DWORD">
            <Display Name="DWORD" />
            <Flag>
                <Set Name="MSIADVERTISEOPTIONS_INSTANCE"    Value="1" />
            </Flag>
        </Variable>

        <!-- [MsiSourceType] -->
        <Variable Name="[MsiSourceType]" Type="Alias" Base="DWORD">
            <Display Name="DWORD" />
            <Flag>
                <Set Name="MSISOURCETYPE_UNKNOWN"   Value="0x00000000" />
                <Set Name="MSISOURCETYPE_NETWORK"   Value="0x00000001" />
                <Set Name="MSISOURCETYPE_URL"       Value="0x00000002" />
                <Set Name="MSISOURCETYPE_MEDIA"     Value="0x00000004" />
                <Set Name="MSICODE_PATCH"           Value="0x40000000" />
            </Flag>
        </Variable>

        <!-- [MsiCode] -->
        <Variable Name="[MsiCode]" Type="Alias" Base="DWORD">
            <Display Name="DWORD" />
            <Flag>
                <Set Name="MSICODE_PRODUCT"         Value="0x00000000" />
                <Set Name="MSICODE_PATCH"           Value="0x40000000" />
            </Flag>
        </Variable>

        <!-- [MsiAssemblyInfo] -->
        <Variable Name="[MsiAssemblyInfo]" Type="Alias" Base="DWORD">
            <Display Name="DWORD" />
            <Flag>
                <Set Name="MSIASSEMBLYINFO_NETASSEMBLY"     Value="0" />
                <Set Name="MSIASSEMBLYINFO_WIN32ASSEMBLY"   Value="1" />
            </Flag>
        </Variable>

        <!-- [MsiOpenPackageFlags] -->
        <Variable Name="[MsiOpenPackageFlags]" Type="Alias" Base="DWORD">
            <Display Name="DWORD" />
            <Flag>
                <Set Name="MSIOPENPACKAGEFLAGS_IGNOREMACHINESTATE" Value="0x00000001" />
            </Flag>
        </Variable>

        <!-- [MsiPatchState] -->
        <Variable Name="[MsiPatchState]" Type="Alias" Base="DWORD">
            <Display Name="DWORD" />
            <Flag>
                <Set Name="MSIPATCHSTATE_INVALID"       Value="0" />
                <Set Name="MSIPATCHSTATE_APPLIED"       Value="1" />
                <Set Name="MSIPATCHSTATE_SUPERSEDED"    Value="2" />
                <Set Name="MSIPATCHSTATE_OBSOLETED"     Value="4" />
                <Set Name="MSIPATCHSTATE_REGISTERED"    Value="8" />
                <Set Name="MSIPATCHSTATE_ALL"           Value="0xF" />
            </Flag>
        </Variable>

        <!-- [MsiHashFlags] -->
        <Variable Name="[MsiHashFlags]" Type="Alias" Base="DWORD">
            <Display Name="DWORD" />
            <Flag>
                <Set Name="MSI_INVALID_HASH_IS_FATAL" Value="0x1" />
            </Flag>
        </Variable>

        <!-- [MsiTransactionAttributes] -->
        <Variable Name="[MsiTransactionAttributes]" Type="Alias" Base="DWORD">
            <Display Name="DWORD" />
            <Flag>
                <Set Name="MSITRANSACTION_CHAIN_EMBEDDEDUI"         Value="0x00000001" />
                <Set Name="MSITRANSACTION_JOIN_EXISTING_EMBEDDEDUI" Value="0x00000002" />
            </Flag>
        </Variable>

        <!-- [MsiScriptFlags] -->
        <Variable Name="[MsiScriptFlags]" Type="Alias" Base="DWORD">
            <Display Name="DWORD" />
            <Flag>
                <Set Name="SCRIPTFLAGS_CACHEINFO"                   Value="0x00000001" />
                <Set Name="SCRIPTFLAGS_SHORTCUTS"                   Value="0x00000004" />
                <Set Name="SCRIPTFLAGS_MACHINEASSIGN"               Value="0x00000008" />
                <Set Name="SCRIPTFLAGS_REGDATA_CNFGINFO"            Value="0x00000020" />
                <Set Name="SCRIPTFLAGS_VALIDATE_TRANSFORMS_LIST"    Value="0x00000040" />
                <Set Name="SCRIPTFLAGS_REGDATA_CLASSINFO"           Value="0x00000080" />
                <Set Name="SCRIPTFLAGS_REGDATA_EXTENSIONINFO"       Value="0x00000100" />
                <Set Name="SCRIPTFLAGS_REGDATA_APPINFO"             Value="0x00000180" />
                <Set Name="SCRIPTFLAGS_REGDATA_APPINFO"             Value="0x00000010" />
                <Set Name="SCRIPTFLAGS_REGDATA"                     Value="0x000001A0" />
            </Flag>
        </Variable>

        <!-- [MsiInstallFeatureAttr] -->
        <Variable Name="[MsiInstallFeatureAttr]" Type="Alias" Base="DWORD">
            <Display Name="DWORD" />
            <Flag>
                <Set Name="INSTALLFEATUREATTRIBUTE_FAVORLOCAL"              Value="0x00000001" />
                <Set Name="INSTALLFEATUREATTRIBUTE_FAVORSOURCE"             Value="0x00000002" />
                <Set Name="INSTALLFEATUREATTRIBUTE_FOLLOWPARENT"            Value="0x00000004" />
                <Set Name="INSTALLFEATUREATTRIBUTE_FAVORADVERTISE"          Value="0x00000008" />
                <Set Name="INSTALLFEATUREATTRIBUTE_DISALLOWADVERTISE"       Value="0x00000010" />
                <Set Name="INSTALLFEATUREATTRIBUTE_NOUNSUPPORTEDADVERTISE"  Value="0x00000020" />
            </Flag>
        </Variable>
        <Variable Name="[MsiInstallFeatureAttr*]" Type="Pointer" Base="[MsiInstallFeatureAttr]">
            <Display Name="LPDWORD" />
        </Variable>

        <!-- [MsiTransactionState] -->
        <Variable Name="[MsiTransactionState]" Type="Alias" Base="DWORD">
            <Display Name="DWORD" />
            <Enum>
                <Set Name="MSITRANSACTIONSTATE_ROLLBACK"    Value="0" />
                <Set Name="MSITRANSACTIONSTATE_COMMIT"      Value="1" />
            </Enum>
        </Variable>

        <!-- MSIMODIFY -->
        <Variable Name="MSIMODIFY" Type="Alias" Base="UINT">
            <Enum>
                <Set Name="MSIMODIFY_SEEK"                  Value="-1" />
                <Set Name="MSIMODIFY_REFRESH"               Value="0" />
                <Set Name="MSIMODIFY_INSERT"                Value="1" />
                <Set Name="MSIMODIFY_UPDATE"                Value="2" />
                <Set Name="MSIMODIFY_ASSIGN"                Value="3" />
                <Set Name="MSIMODIFY_REPLACE"               Value="4" />
                <Set Name="MSIMODIFY_MERGE"                 Value="5" />
                <Set Name="MSIMODIFY_DELETE"                Value="6" />
                <Set Name="MSIMODIFY_INSERT_TEMPORARY"      Value="7" />
                <Set Name="MSIMODIFY_VALIDATE"              Value="8" />
                <Set Name="MSIMODIFY_VALIDATE_NEW"          Value="9" />
                <Set Name="MSIMODIFY_VALIDATE_FIELD"        Value="10" />
                <Set Name="MSIMODIFY_VALIDATE_DELETE"       Value="11" />
            </Enum>
        </Variable>

        <!-- MSICOLINFO -->
        <Variable Name="MSICOLINFO" Type="Alias" Base="UINT">
            <Enum>
                <Set Name="MSICOLINFO_NAMES"    Value="0" />
                <Set Name="MSICOLINFO_TYPES"    Value="1" />
            </Enum>
        </Variable>

        <!-- MSICONDITION -->
        <Variable Name="MSICONDITION" Type="Alias" Base="UINT">
            <Enum>
                <Set Name="MSICONDITION_FALSE"  Value="0" />
                <Set Name="MSICONDITION_TRUE"   Value="1" />
                <Set Name="MSICONDITION_NONE"   Value="2" />
                <Set Name="MSICONDITION_ERROR"  Value="3" />
            </Enum>
            <Success Return="NotEqual" Value="3" />
        </Variable>

        <!-- MSIDBERROR -->
        <Variable Name="MSIDBERROR" Type="Alias" Base="UINT">
            <Enum>
                <Set Name="MSIDBERROR_INVALIDARG"           Value="-3" />
                <Set Name="MSIDBERROR_MOREDATA"             Value="-2" />
                <Set Name="MSIDBERROR_FUNCTIONERROR"        Value="-1" />
                <Set Name="MSIDBERROR_NOERROR"              Value="0" />
                <Set Name="MSIDBERROR_DUPLICATEKEY"         Value="1" />
                <Set Name="MSIDBERROR_REQUIRED"             Value="2" />
                <Set Name="MSIDBERROR_BADLINK"              Value="3" />
                <Set Name="MSIDBERROR_OVERFLOW"             Value="4" />
                <Set Name="MSIDBERROR_UNDERFLOW"            Value="5" />
                <Set Name="MSIDBERROR_NOTINSET"             Value="6" />
                <Set Name="MSIDBERROR_BADVERSION"           Value="7" />
                <Set Name="MSIDBERROR_BADCASE"              Value="8" />
                <Set Name="MSIDBERROR_BADGUID"              Value="9" />
                <Set Name="MSIDBERROR_BADWILDCARD"          Value="10" />
                <Set Name="MSIDBERROR_BADIDENTIFIER"        Value="11" />
                <Set Name="MSIDBERROR_BADLANGUAGE"          Value="12" />
                <Set Name="MSIDBERROR_BADFILENAME"          Value="13" />
                <Set Name="MSIDBERROR_BADPATH"              Value="14" />
                <Set Name="MSIDBERROR_BADCONDITION"         Value="15" />
                <Set Name="MSIDBERROR_BADFORMATTED"         Value="16" />
                <Set Name="MSIDBERROR_BADTEMPLATE"          Value="17" />
                <Set Name="MSIDBERROR_BADDEFAULTDIR"        Value="18" />
                <Set Name="MSIDBERROR_BADREGPATH"           Value="19" />
                <Set Name="MSIDBERROR_BADCUSTOMSOURCE"      Value="20" />
                <Set Name="MSIDBERROR_BADPROPERTY"          Value="21" />
                <Set Name="MSIDBERROR_MISSINGDATA"          Value="22" />
                <Set Name="MSIDBERROR_BADCATEGORY"          Value="23" />
                <Set Name="MSIDBERROR_BADKEYTABLE"          Value="24" />
                <Set Name="MSIDBERROR_BADMAXMINVALUES"      Value="25" />
                <Set Name="MSIDBERROR_BADCABINET"           Value="26" />
                <Set Name="MSIDBERROR_BADSHORTCUT"          Value="27" />
                <Set Name="MSIDBERROR_STRINGOVERFLOW"       Value="28" />
                <Set Name="MSIDBERROR_BADLOCALIZEATTRIB"    Value="29" />
            </Enum>
        </Variable>

        <!-- MSICOSTTREE -->
        <Variable Name="MSICOSTTREE" Type="Alias" Base="UINT">
            <Enum>
                <Set Name="MSICOSTTREE_SELFONLY"    Value="0" />
                <Set Name="MSICOSTTREE_CHILDREN"    Value="1" />
                <Set Name="MSICOSTTREE_PARENTS"     Value="2" />
                <Set Name="MSICOSTTREE_RESERVED"    Value="3" />
            </Enum>
        </Variable>

        <!-- INSTALLMESSAGE -->
        <Variable Name="INSTALLMESSAGE" Type="Alias" Base="UINT">
            <Enum>
                <Set Name="INSTALLMESSAGE_FATALEXIT"        Value="0x00000000" />
                <Set Name="INSTALLMESSAGE_ERROR"            Value="0x01000000" />
                <Set Name="INSTALLMESSAGE_WARNING"          Value="0x02000000" />
                <Set Name="INSTALLMESSAGE_USER"             Value="0x03000000" />
                <Set Name="INSTALLMESSAGE_INFO"             Value="0x04000000" />
                <Set Name="INSTALLMESSAGE_FILESINUSE"       Value="0x05000000" />
                <Set Name="INSTALLMESSAGE_RESOLVESOURCE"    Value="0x06000000" />
                <Set Name="INSTALLMESSAGE_OUTOFDISKSPACE"   Value="0x07000000" />
                <Set Name="INSTALLMESSAGE_ACTIONSTART"      Value="0x08000000" />
                <Set Name="INSTALLMESSAGE_ACTIONDATA"       Value="0x09000000" />
                <Set Name="INSTALLMESSAGE_PROGRESS"         Value="0x0A000000" />
                <Set Name="INSTALLMESSAGE_COMMONDATA"       Value="0x0B000000" />
                <Set Name="INSTALLMESSAGE_INITIALIZE"       Value="0x0C000000" />
                <Set Name="INSTALLMESSAGE_TERMINATE"        Value="0x0D000000" />
                <Set Name="INSTALLMESSAGE_SHOWDIALOG"       Value="0x0E000000" />
                <Set Name="INSTALLMESSAGE_PERFORMANCE"      Value="0x0F000000" />
                <Set Name="INSTALLMESSAGE_RMFILESINUSE"     Value="0x19000000" />
                <Set Name="INSTALLMESSAGE_INSTALLSTART"     Value="0x1A000000" />
                <Set Name="INSTALLMESSAGE_INSTALLEND"       Value="0x1B000000" />
            </Enum>
        </Variable>

        <!-- MSIRUNMODE -->
        <Variable Name="MSIRUNMODE" Type="Alias" Base="UINT">
            <Enum>
                <Set Name="MSIRUNMODE_ADMIN"                Value="0" />
                <Set Name="MSIRUNMODE_ADVERTISE"            Value="1" />
                <Set Name="MSIRUNMODE_MAINTENANCE"          Value="2" />
                <Set Name="MSIRUNMODE_ROLLBACKENABLED"      Value="3" />
                <Set Name="MSIRUNMODE_LOGENABLED"           Value="4" />
                <Set Name="MSIRUNMODE_OPERATIONS"           Value="5" />
                <Set Name="MSIRUNMODE_REBOOTATEND"          Value="6" />
                <Set Name="MSIRUNMODE_REBOOTNOW"            Value="7" />
                <Set Name="MSIRUNMODE_CABINET"              Value="8" />
                <Set Name="MSIRUNMODE_SOURCESHORTNAMES"     Value="9" />
                <Set Name="MSIRUNMODE_TARGETSHORTNAMES"     Value="10" />
                <Set Name="MSIRUNMODE_RESERVED11"           Value="11" />
                <Set Name="MSIRUNMODE_WINDOWS9X"            Value="12" />
                <Set Name="MSIRUNMODE_ZAWENABLED"           Value="13" />
                <Set Name="MSIRUNMODE_RESERVED14"           Value="14" />
                <Set Name="MSIRUNMODE_RESERVED15"           Value="15" />
                <Set Name="MSIRUNMODE_SCHEDULED"            Value="16" />
                <Set Name="MSIRUNMODE_ROLLBACK"             Value="17" />
                <Set Name="MSIRUNMODE_COMMIT"               Value="18" />
            </Enum>
        </Variable>

        <!-- MSIDBSTATE -->
        <Variable Name="MSIDBSTATE" Type="Alias" Base="UINT">
            <Enum>
                <Set Name="MSIDBSTATE_ERROR"    Value="-1" />
                <Set Name="MSIDBSTATE_READ"     Value="0" />
                <Set Name="MSIDBSTATE_WRITE"    Value="1" />
            </Enum>
        </Variable>

        <!-- MSITRANSFORM_ERROR -->
        <Variable Name="MSITRANSFORM_ERROR" Type="Alias" Base="UINT">
            <Display Name="int" />
            <Flag>
                <Set Name="MSITRANSFORM_ERROR_ADDEXISTINGROW"       Value="0x00000001" />
                <Set Name="MSITRANSFORM_ERROR_DELMISSINGROW"        Value="0x00000002" />
                <Set Name="MSITRANSFORM_ERROR_ADDEXISTINGTABLE"     Value="0x00000004" />
                <Set Name="MSITRANSFORM_ERROR_DELMISSINGTABLE"      Value="0x00000008" />
                <Set Name="MSITRANSFORM_ERROR_UPDATEMISSINGROW"     Value="0x00000010" />
                <Set Name="MSITRANSFORM_ERROR_CHANGECODEPAGE"       Value="0x00000020" />
                <Set Name="MSITRANSFORM_ERROR_VIEWTRANSFORM"        Value="0x00000100" />
            </Flag>
        </Variable>

        <!-- MSITRANSFORM_VALIDATE -->
        <Variable Name="MSITRANSFORM_VALIDATE" Type="Alias" Base="UINT">
            <Display Name="int" />
            <Flag>
                <Set Name="MSITRANSFORM_VALIDATE_LANGUAGE"                      Value="0x00000001" />
                <Set Name="MSITRANSFORM_VALIDATE_PRODUCT"                       Value="0x00000002" />
                <Set Name="MSITRANSFORM_VALIDATE_PLATFORM"                      Value="0x00000004" />
                <Set Name="MSITRANSFORM_VALIDATE_MAJORVERSION"                  Value="0x00000008" />
                <Set Name="MSITRANSFORM_VALIDATE_MINORVERSION"                  Value="0x00000010" />
                <Set Name="MSITRANSFORM_VALIDATE_UPDATEVERSION"                 Value="0x00000020" />
                <Set Name="MSITRANSFORM_VALIDATE_NEWLESSBASEVERSION"            Value="0x00000040" />
                <Set Name="MSITRANSFORM_VALIDATE_NEWLESSEQUALBASEVERSION"       Value="0x00000080" />
                <Set Name="MSITRANSFORM_VALIDATE_NEWEQUALBASEVERSION"           Value="0x00000100" />
                <Set Name="MSITRANSFORM_VALIDATE_NEWGREATEREQUALBASEVERSION"    Value="0x00000200" />
                <Set Name="MSITRANSFORM_VALIDATE_NEWGREATERBASEVERSION"         Value="0x00000400" />
                <Set Name="MSITRANSFORM_VALIDATE_UPGRADECODE"                   Value="0x00000800" />
            </Flag>
        </Variable>

        <!-- [MSI_PID] -->
        <Variable Name="[MSI_PID]" Type="Alias" Base="UINT">
            <Display Name="UINT" />
            <Enum>
                <Set Name="PID_DICTIONARY"      Value="0" />
                <Set Name="PID_CODEPAGE"        Value="1" />
                <Set Name="PID_TITLE"           Value="2" />
                <Set Name="PID_SUBJECT"         Value="3" />
                <Set Name="PID_AUTHOR"          Value="4" />
                <Set Name="PID_KEYWORDS"        Value="5" />
                <Set Name="PID_COMMENTS"        Value="6" />
                <Set Name="PID_TEMPLATE"        Value="7" />
                <Set Name="PID_LASTAUTHOR"      Value="8" />
                <Set Name="PID_REVNUMBER"       Value="9" />
                <Set Name="PID_EDITTIME"        Value="10" />
                <Set Name="PID_LASTPRINTED"     Value="11" />
                <Set Name="PID_CREATE_DTM"      Value="12" />
                <Set Name="PID_LASTSAVE_DTM"    Value="13" />
                <Set Name="PID_PAGECOUNT"       Value="14" />
                <Set Name="PID_WORDCOUNT"       Value="15" />
                <Set Name="PID_CHARCOUNT"       Value="16" />
                <Set Name="PID_THUMBNAIL"       Value="17" />
                <Set Name="PID_APPNAME"         Value="18" />
                <Set Name="PID_SECURITY"        Value="19" />
            </Enum>
        </Variable>

        <!-- [MSI_DATA_TYPE] -->
        <Variable Name="[MSI_DATA_TYPE]" Type="Alias" Base="VARTYPE">
            <Display Name="UINT" />
        </Variable>
        <Variable Name="[MSI_DATA_TYPE*]" Type="Pointer" Base="[MSI_DATA_TYPE]">
            <Display Name="UINT*" />
        </Variable>

        <!-- Application Installation and Servicing/Windows Installer/User Interface and Logging -->
        <Category Name="Application Installation and Servicing/Windows Installer/User Interface and Logging" />
        <Api Name="MsiSetInternalUI" Ordinal="141">
            <Param Type="INSTALLUILEVEL" Name="dwUILevel" />
            <Param Type="HWND*" Name="phWnd" />
            <Return Type="INSTALLUILEVEL" />
            <Success Return="NotEqual" Value="0" />
        </Api>
        <Api Name="MsiSetExternalUI" BothCharset="True" OrdinalA="136" OrdinalW="137">
            <Param Type="INSTALLUI_HANDLER" Name="puiHandler" />
            <Param Type="[MsiInstallLogMode]" Name="dwMessageFilter" />
            <Param Type="LPVOID" Name="pvContext" />
            <Return Type="INSTALLUI_HANDLER" />
            <Success Return="NotEqual" Value="0" />
        </Api>
        <Api Name="MsiSetExternalUIRecord" Ordinal="281">
            <Param Type="PINSTALLUI_HANDLER_RECORD" Name="puiHandler" />
            <Param Type="[MsiInstallLogMode]" Name="dwMessageFilter" />
            <Param Type="LPVOID" Name="pvContext" />
            <Param Type="PINSTALLUI_HANDLER_RECORD" Name="ppuiPrevHandler" />
            <Return Type="[MSI_ERROR]" />
        </Api>
        <Api Name="MsiEnableLog" BothCharset="True" OrdinalA="168" OrdinalW="169">
            <Param Type="[MsiInstallLogMode]" Name="dwLogMode" />
            <Param Type="LPCTSTR" Name="szLogFile" />
            <Param Type="[MsiInstallLogAttributes]" Name="dwLogAttributes" />
            <Return Type="[MSI_ERROR]" />
        </Api>

        <!-- Application Installation and Servicing/Windows Installer/Handle Management -->
        <Category Name="Application Installation and Servicing/Windows Installer/Handle Management" />
        <Api Name="MsiCloseHandle" Ordinal="8">
            <Param Type="MSIHANDLE" Name="hAny" />
            <Return Type="[MSI_ERROR]" />
        </Api>
        <Api Name="MsiCloseAllHandles" Ordinal="7">
            <Return Type="UINT" />
        </Api>

        <!-- Application Installation and Servicing/Windows Installer/Installation and Configuration -->
        <Category Name="Application Installation and Servicing/Windows Installer/Installation and Configuration" />
        <Api Name="MsiAdvertiseProduct" BothCharset="True" OrdinalA="5" OrdinalW="6">
            <Param Type="LPCTSTR" Name="szPackagePath" />
            <Param Type="LPCTSTR" Name="szScriptfilePath" />
            <Param Type="LPCTSTR" Name="szTransforms" />
            <Param Type="LANGID" Name="lgidLanguage" />
            <Return Type="[MSI_ERROR]" />
        </Api>
        <Api Name="MsiAdvertiseProductEx" BothCharset="True" OrdinalA="227" OrdinalW="228">
            <Param Type="LPCTSTR" Name="szPackagePath" />
            <Param Type="LPCTSTR" Name="szScriptfilePath" />
            <Param Type="LPCTSTR" Name="szTransforms" />
            <Param Type="LANGID" Name="lgidLanguage" />
            <Param Type="[MsiArchFlags]" Name="dwPlatform" />
            <Param Type="[MsiAdOptions]" Name="dwOptions" />
            <Return Type="[MSI_ERROR]" />
        </Api>
        <Api Name="MsiAdvertiseScript" BothCharset="True" OrdinalA="176" OrdinalW="177">
            <Param Type="LPCTSTR" Name="szScriptFile" />
            <Param Type="[MsiScriptFlags]" Name="dwFlags" />
            <Param Type="PHKEY" Name="phRegData" />
            <Param Type="BOOL" Name="fRemoveItems" />
            <Return Type="[MSI_ERROR]" />
        </Api>
        <Api Name="MsiInstallProduct" BothCharset="True" OrdinalA="87" OrdinalW="88">
            <Param Type="LPCTSTR" Name="szPackagePath" />
            <Param Type="LPCTSTR" Name="szCommandLine" />
            <Return Type="[MSI_ERROR]" />
        </Api>
        <Api Name="MsiConfigureProduct" BothCharset="True" OrdinalA="15" OrdinalW="16">
            <Param Type="LPCTSTR" Name="szProduct" />
            <Param Type="[MsiInstallLevel]" Name="iInstallLevel" />
            <Param Type="INSTALLSTATE" Name="eInstallState" />
            <Return Type="[MSI_ERROR]" />
        </Api>
        <Api Name="MsiConfigureProductEx" BothCharset="True" OrdinalA="189" OrdinalW="190">
            <Param Type="LPCTSTR" Name="szProduct" />
            <Param Type="[MsiInstallLevel]" Name="iInstallLevel" />
            <Param Type="INSTALLSTATE" Name="eInstallState" />
            <Param Type="LPCTSTR" Name="szCommandLine" />
            <Return Type="[MSI_ERROR]" />
        </Api>
        <Api Name="MsiReinstallProduct" BothCharset="True" OrdinalA="130" OrdinalW="131">
            <Param Type="LPCTSTR" Name="szProduct" />
            <Param Type="[MsiReinstallMode]" Name="dwReinstallMode" />
            <Return Type="[MSI_ERROR]" />
        </Api>
        <Api Name="MsiConfigureFeature" BothCharset="True" OrdinalA="11" OrdinalW="14">
            <Param Type="LPCTSTR" Name="szProduct" />
            <Param Type="LPCTSTR" Name="szFeature" />
            <Param Type="INSTALLSTATE" Name="eInstallState" />
            <Return Type="[MSI_ERROR]" />
        </Api>
        <Api Name="MsiReinstallFeature" BothCharset="True" OrdinalA="126" OrdinalW="129">
            <Param Type="LPCTSTR" Name="szProduct" />
            <Param Type="LPCTSTR" Name="szFeature" />
            <Param Type="[MsiReinstallMode]" Name="dwReinstallMode" />
            <Return Type="[MSI_ERROR]" />
        </Api>
        <Api Name="MsiInstallMissingComponent" BothCharset="True" OrdinalA="83" OrdinalW="84">
            <Param Type="LPCTSTR" Name="szProduct" />
            <Param Type="LPCTSTR" Name="szComponent" />
            <Param Type="INSTALLSTATE" Name="eInstallState" />
            <Return Type="[MSI_ERROR]" />
        </Api>
        <Api Name="MsiInstallMissingFile" BothCharset="True" OrdinalA="85" OrdinalW="86">
            <Param Type="LPCTSTR" Name="szProduct" />
            <Param Type="LPCTSTR" Name="szFile" />
            <Return Type="[MSI_ERROR]" />
        </Api>
        <Api Name="MsiNotifySidChange" BothCharset="True" OrdinalA="229" OrdinalW="230">
            <Param Type="LPCTSTR" Name="szOldSid" />
            <Param Type="LPCTSTR" Name="szNewSid" />
            <Return Type="[MSI_ERROR]" />
        </Api>
        <Api Name="MsiProcessAdvertiseScript" BothCharset="True" OrdinalA="101" OrdinalW="102">
            <Param Type="LPCTSTR" Name="szScriptFile" />
            <Param Type="LPCTSTR" Name="szIconFolder" />
            <Param Type="HKEY" Name="hRegData" />
            <Param Type="BOOL" Name="fShortcuts" />
            <Param Type="BOOL" Name="fRemoveItems" />
            <Return Type="[MSI_ERROR]" />
        </Api>
        <Api Name="MsiSourceListAddSource" BothCharset="True" OrdinalA="210" OrdinalW="211">
            <Param Type="LPCTSTR" Name="szProduct" />
            <Param Type="LPCTSTR" Name="szUserName" />
            <Param Type="DWORD" Name="dwReserved" />
            <Param Type="LPCTSTR" Name="szSource" />
            <Return Type="[MSI_ERROR]" />
        </Api>
        <Api Name="MsiSourceListAddSourceEx" BothCharset="True" OrdinalA="255" OrdinalW="256">
            <Param Type="LPCTSTR" Name="szProductCodeOrPatchCode" />
            <Param Type="LPCTSTR" Name="szUserSid" />
            <Param Type="MSIINSTALLCONTEXT" Name="dwContext" />
            <Param Type="[MsiSourceType]" Name="dwOptions" />
            <Param Type="LPCTSTR" Name="szSource" />
            <Param Type="DWORD" Name="dwIndex" />
            <Return Type="[MSI_ERROR]" />
        </Api>
        <Api Name="MsiSourceListClearSource" BothCharset="True" OrdinalA="257" OrdinalW="258">
            <Param Type="LPCTSTR" Name="szProductCodeOrPatchCode" />
            <Param Type="LPCTSTR" Name="szUserSid" />
            <Param Type="MSIINSTALLCONTEXT" Name="dwContext" />
            <Param Type="[MsiSourceType]" Name="dwOptions" />
            <Param Type="LPCTSTR" Name="szSource" />
            <Return Type="[MSI_ERROR]" />
        </Api>
        <Api Name="MsiSourceListClearAll" BothCharset="True" OrdinalA="208" OrdinalW="209">
            <Param Type="LPCTSTR" Name="szProduct" />
            <Param Type="LPCTSTR" Name="szUserName" />
            <Param Type="DWORD" Name="dwReserved" />
            <Return Type="[MSI_ERROR]" />
        </Api>
        <Api Name="MsiSourceListClearAllEx" BothCharset="True" OrdinalA="259" OrdinalW="260">
            <Param Type="LPCTSTR" Name="szProductCodeOrPatchCode" />
            <Param Type="LPCTSTR" Name="szUserSid" />
            <Param Type="MSIINSTALLCONTEXT" Name="dwContext" />
            <Param Type="[MsiSourceType]" Name="dwOptions" />
            <Return Type="[MSI_ERROR]" />
        </Api>
        <Api Name="MsiSourceListForceResolution" BothCharset="True" OrdinalA="212" OrdinalW="213">
            <Param Type="LPCTSTR" Name="szProduct" />
            <Param Type="LPCTSTR" Name="szUserName" />
            <Param Type="DWORD" Name="dwReserved" />
            <Return Type="[MSI_ERROR]" />
        </Api>
        <Api Name="MsiSourceListForceResolutionEx" BothCharset="True" OrdinalA="261" OrdinalW="262">
            <Param Type="LPCTSTR" Name="szProductCodeOrPatchCode" />
            <Param Type="LPCTSTR" Name="szUserSid" />
            <Param Type="MSIINSTALLCONTEXT" Name="dwContext" />
            <Param Type="[MsiCode]" Name="dwOptions" />
            <Return Type="[MSI_ERROR]" />
        </Api>
        <Api Name="MsiSourceListGetInfo" BothCharset="True" OrdinalA="265" OrdinalW="266">
            <Param Type="LPCTSTR" Name="szProductCodeOrPatchCode" />
            <Param Type="LPCTSTR" Name="szUserSid" />
            <Param Type="MSIINSTALLCONTEXT" Name="dwContext" />
            <Param Type="[MsiCode]" Name="dwOptions" />
            <Param Type="LPCTSTR" Name="szProperty" />
            <Param Type="LPTSTR" Name="szValue" OutputOnly="True" />
            <Param Type="LPDWORD" Name="pcchValue" />
            <Return Type="[MSI_ERROR]" />
        </Api>
        <Api Name="MsiSourceListSetInfo" BothCharset="True" OrdinalA="267" OrdinalW="268">
            <Param Type="LPCTSTR" Name="szProductCodeOrPatchCode" />
            <Param Type="LPCTSTR" Name="szUserSid" />
            <Param Type="MSIINSTALLCONTEXT" Name="dwContext" />
            <Param Type="[MsiSourceType]" Name="dwOptions" />
            <Param Type="LPCTSTR" Name="szProperty" />
            <Param Type="LPCTSTR" Name="szValue" />
            <Return Type="[MSI_ERROR]" />
        </Api>
        <Api Name="MsiSourceListEnumMediaDisks" BothCharset="True" OrdinalA="271" OrdinalW="272">
            <Param Type="LPCTSTR" Name="szProductCodeOrPatchCode" />
            <Param Type="LPCTSTR" Name="szUserSID" />
            <Param Type="MSIINSTALLCONTEXT" Name="dwContext" />
            <Param Type="[MsiCode]" Name="dwOptions" />
            <Param Type="DWORD" Name="dwIndex" />
            <Param Type="LPWORD" Name="pdwDiskId" />
            <Param Type="LPTSTR" Name="szVolumeLabel" OutputOnly="True" />
            <Param Type="LPDWORD" Name="pcchVolumeLabel" />
            <Param Type="LPTSTR" Name="szDiskPrompt" OutputOnly="True" />
            <Param Type="LPDWORD" Name="pcchDiskPrompt" />
            <Return Type="[MSI_ERROR]" />
        </Api>
        <Api Name="MsiSourceListAddMediaDisk" BothCharset="True" OrdinalA="273" OrdinalW="274">
            <Param Type="LPCTSTR" Name="szProductCodeOrPatchCode" />
            <Param Type="LPCTSTR" Name="szUserSid" />
            <Param Type="MSIINSTALLCONTEXT" Name="dwContext" />
            <Param Type="[MsiCode]" Name="dwOptions" />
            <Param Type="DWORD" Name="dwDiskId" />
            <Param Type="LPCTSTR" Name="szVolumeLabel" />
            <Param Type="LPCTSTR" Name="szDiskPrompt" />
            <Return Type="[MSI_ERROR]" />
        </Api>
        <Api Name="MsiSourceListClearMediaDisk" BothCharset="True" OrdinalA="275" OrdinalW="276">
            <Param Type="LPCTSTR" Name="szProductCodeOrPatchCode" />
            <Param Type="LPCTSTR" Name="szUserSid" />
            <Param Type="MSIINSTALLCONTEXT" Name="dwContext" />
            <Param Type="[MsiCode]" Name="dwOptions" />
            <Param Type="DWORD" Name="dwDiskID" />
            <Return Type="[MSI_ERROR]" />
        </Api>
        <Api Name="MsiSourceListEnumSources" BothCharset="True" OrdinalA="263" OrdinalW="264">
            <Param Type="LPCTSTR" Name="szProductCodeOrPatchCode" />
            <Param Type="LPCTSTR" Name="szUserSid" />
            <Param Type="MSIINSTALLCONTEXT" Name="dwContext" />
            <Param Type="[MsiSourceType]" Name="dwOptions" />
            <Param Type="DWORD" Name="dwIndex" />
            <Param Type="LPTSTR" Name="szSource" OutputOnly="True" />
            <Param Type="LPDWORD" Name="pcchSource" />
            <Return Type="[MSI_ERROR]" />
        </Api>

        <!-- Application Installation and Servicing/Windows Installer/Component-Specific -->
        <Category Name="Application Installation and Servicing/Windows Installer/Component-Specific" />
        <Api Name="MsiProvideAssembly" BothCharset="True" OrdinalA="225" OrdinalW="226">
            <Param Type="LPCTSTR" Name="szAssemblyName" />
            <Param Type="LPCTSTR" Name="szAppContext" />
            <Param Type="[MsiInstallMode]" Name="dwInstallMode" />
            <Param Type="[MsiAssemblyInfo]" Name="dwAssemblyInfo" />
            <Param Type="LPTSTR" Name="lpPathBuf" OutputOnly="True" />
            <Param Type="DWORD*" Name="pcchPathBuf" />
            <Return Type="[MSI_ERROR]" />
        </Api>
        <Api Name="MsiProvideComponent" BothCharset="True" OrdinalA="104" OrdinalW="107">
            <Param Type="LPCTSTR" Name="szProduct" />
            <Param Type="LPCTSTR" Name="szFeature" />
            <Param Type="LPCTSTR" Name="szComponent" />
            <Param Type="[MsiInstallMode]" Name="dwInstallMode" />
            <Param Type="LPTSTR" Name="lpPathBuf" OutputOnly="True" />
            <Param Type="DWORD*" Name="pcchPathBuf" />
            <Return Type="[MSI_ERROR]" />
        </Api>
        <Api Name="MsiProvideQualifiedComponent" BothCharset="True" OrdinalA="108" OrdinalW="109">
            <Param Type="LPCTSTR" Name="szComponent" />
            <Param Type="LPCTSTR" Name="szQualifier" />
            <Param Type="[MsiInstallMode]" Name="dwInstallMode" />
            <Param Type="LPTSTR" Name="lpPathBuf" OutputOnly="True" />
            <Param Type="DWORD*" Name="pcchPathBuf" />
            <Return Type="[MSI_ERROR]" />
        </Api>
        <Api Name="MsiProvideQualifiedComponentEx" BothCharset="True" OrdinalA="202" OrdinalW="203">
            <Param Type="LPCTSTR" Name="szComponent" />
            <Param Type="LPCTSTR" Name="szQualifier" />
            <Param Type="[MsiInstallMode]" Name="dwInstallMode" />
            <Param Type="LPTSTR" Name="szProduct" />
            <Param Type="DWORD" Name="dwUnused1" />
            <Param Type="DWORD" Name="dwUnused2" />
            <Param Type="LPTSTR" Name="lpPathBuf" OutputOnly="True" />
            <Param Type="DWORD*" Name="pcchPathBuf" />
            <Return Type="[MSI_ERROR]" />
        </Api>
        <Api Name="MsiGetComponentPath" BothCharset="True" OrdinalA="172" OrdinalW="173">
            <Param Type="LPCTSTR" Name="szProduct" />
            <Param Type="LPCTSTR" Name="szComponent" />
            <Param Type="LPTSTR" Name="lpPathBuf" OutputOnly="True" />
            <Param Type="DWORD*" Name="pcchBuf" />
            <Return Type="INSTALLSTATE" />
            <Success Return="NotEqual" Value="0" />
        </Api>
        <Api Name="MsiGetComponentPathEx" BothCharset="True" OrdinalA="293" OrdinalW="294">
            <Param Type="LPCTSTR" Name="szProductCode" />
            <Param Type="LPCTSTR" Name="szComponentCode" />
            <Param Type="LPCTSTR" Name="szUserSid" />
            <Param Type="MSIINSTALLCONTEXT" Name="dwContext" />
            <Param Type="LPTSTR" Name="szPathBuf" OutputOnly="True" />
            <Param Type="LPDWORD" Name="pcchBuf" />
            <Return Type="INSTALLSTATE" />
            <Success Return="NotEqual" Value="0" />
        </Api>
        <Api Name="MsiLocateComponent" BothCharset="True" OrdinalA="89" OrdinalW="90">
            <Param Type="LPCTSTR" Name="szComponent" />
            <Param Type="LPTSTR" Name="lpPathBuf" OutputOnly="True" />
            <Param Type="DWORD*" Name="pcchBuf" />
            <Return Type="INSTALLSTATE" />
            <Success Return="NotEqual" Value="0" />
        </Api>
        <Api Name="MsiQueryComponentState" BothCharset="True" OrdinalA="249" OrdinalW="250">
            <Param Type="LPTSTR" Name="szProductCode" />
            <Param Type="LPTSTR" Name="szUserSid" />
            <Param Type="MSIINSTALLCONTEXT" Name="dwContext" />
            <Param Type="LPCTSTR" Name="szComponent" />
            <Param Type="INSTALLSTATE*" Name="pdwState" />
            <Return Type="[MSI_ERROR]" />
        </Api>

        <!-- Application Installation and Servicing/Windows Installer/Application-Only -->
        <Category Name="Application Installation and Servicing/Windows Installer/Application-Only" />
        <Api Name="MsiCollectUserInfo" BothCharset="True" OrdinalA="9" OrdinalW="10">
            <Param Type="LPCTSTR" Name="szProduct" />
            <Return Type="[MSI_ERROR]" />
        </Api>
        <Api Name="MsiUseFeature" BothCharset="True" OrdinalA="154" OrdinalW="155">
            <Param Type="LPCTSTR" Name="szProduct" />
            <Param Type="LPCTSTR" Name="szFeature" />
            <Return Type="INSTALLSTATE" />
            <Success Return="NotEqual" Value="0" />
        </Api>
        <Api Name="MsiUseFeatureEx" BothCharset="True" OrdinalA="192" OrdinalW="193">
            <Param Type="LPCTSTR" Name="szProduct" />
            <Param Type="LPCTSTR" Name="szFeature" />
            <Param Type="[MsiInstallMode]" Name="dwInstallMode" />
            <Param Type="DWORD" Name="dwReserved" />
            <Return Type="INSTALLSTATE" />
            <Success Return="NotEqual" Value="0" />
        </Api>
        <Api Name="MsiGetProductCode" BothCharset="True" OrdinalA="65" OrdinalW="66">
            <Param Type="LPCTSTR" Name="szComponent" />
            <Param Type="LPTSTR" Name="lpProductBuf" OutputOnly="True" />
            <Return Type="[MSI_ERROR]" />
        </Api>

        <!-- Application Installation and Servicing/Windows Installer/System Status -->
        <Category Name="Application Installation and Servicing/Windows Installer/System Status" />
        <Api Name="MsiEnumProducts" BothCharset="True" OrdinalA="44" OrdinalW="45">
            <Param Type="DWORD" Name="iProductIndex" />
            <Param Type="LPTSTR" Name="lpProductBuf" OutputOnly="True" />
            <Return Type="[MSI_ERROR]" />
        </Api>
        <Api Name="MsiEnumProductsEx" BothCharset="True" OrdinalA="245" OrdinalW="246">
            <Param Type="LPCTSTR" Name="szProductCode" />
            <Param Type="LPCTSTR" Name="szUserSid" />
            <Param Type="MSIINSTALLCONTEXT" Display="DWORD" Name="dwContext" />
            <Param Type="DWORD" Name="dwIndex" />
            <Param Type="TCHAR [39]" Name="szInstalledProductCode" OutputOnly="True" />
            <Param Type="MSIINSTALLCONTEXT*" Name="pdwInstalledContext" />
            <Param Type="LPTSTR" Name="szSid" OutputOnly="True" />
            <Param Type="LPDWORD" Name="pcchSid" />
            <Return Type="[MSI_ERROR]" />
        </Api>
        <Api Name="MsiEnumRelatedProducts" BothCharset="True" OrdinalA="204" OrdinalW="205">
            <Param Type="LPCTSTR" Name="lpUpgradeCode" />
            <Param Type="DWORD" Name="dwReserved" />
            <Param Type="DWORD" Name="iProductIndex" />
            <Param Type="LPTSTR" Name="lpProductBuf" OutputOnly="True" />
            <Return Type="[MSI_ERROR]" />
        </Api>
        <Api Name="MsiEnumFeatures" BothCharset="True" OrdinalA="42" OrdinalW="43">
            <Param Type="LPCTSTR" Name="szProduct" />
            <Param Type="DWORD" Name="iFeatureIndex" />
            <Param Type="LPTSTR" Name="lpFeatureBuf" OutputOnly="True" />
            <Param Type="LPTSTR" Name="lpParentBuf" OutputOnly="True" />
            <Return Type="[MSI_ERROR]" />
        </Api>
        <Api Name="MsiEnumComponents" BothCharset="True" OrdinalA="40" OrdinalW="41">
            <Param Type="DWORD" Name="iComponentIndex" />
            <Param Type="LPTSTR" Name="lpComponentBuf" OutputOnly="True" />
            <Return Type="[MSI_ERROR]" />
        </Api>
        <Api Name="MsiEnumComponentsEx" BothCharset="True" OrdinalA="289" OrdinalW="290">
            <Param Type="LPCTSTR" Name="szUserSid" />
            <Param Type="MSIINSTALLCONTEXT" Display="DWORD" Name="dwContext" />
            <Param Type="DWORD" Name="dwIndex" />
            <Param Type="TCHAR [39]" Name="szInstalledComponentCode" OutputOnly="True" />
            <Param Type="MSIINSTALLCONTEXT*" Name="pdwInstalledContext" />
            <Param Type="LPTSTR" Name="szSid" OutputOnly="True" />
            <Param Type="LPDWORD" Name="pcchSid" />
            <Return Type="[MSI_ERROR]" />
        </Api>
        <Api Name="MsiEnumClients" BothCharset="True" OrdinalA="36" OrdinalW="37">
            <Param Type="LPCTSTR" Name="szComponent" />
            <Param Type="DWORD" Name="iProductIndex" />
            <Param Type="LPTSTR" Name="lpProductBuf" OutputOnly="True" />
            <Return Type="[MSI_ERROR]" />
        </Api>
        <Api Name="MsiEnumClientsEx" BothCharset="True" OrdinalA="291" OrdinalW="292">
            <Param Type="LPCTSTR" Name="szComponent" />
            <Param Type="LPCTSTR" Name="szUserSid" />
            <Param Type="MSIINSTALLCONTEXT" Display="DWORD" Name="dwContext" />
            <Param Type="DWORD" Name="dwProductIndex" />
            <Param Type="TCHAR [39]" Name="szProductBuf" OutputOnly="True" />
            <Param Type="MSIINSTALLCONTEXT*" Name="pdwInstalledContext" />
            <Param Type="LPTSTR" Name="szSid" OutputOnly="True" />
            <Param Type="LPDWORD" Name="pcchSid" />
            <Return Type="[MSI_ERROR]" />
        </Api>
        <Api Name="MsiEnumComponentQualifiers" BothCharset="True" OrdinalA="38" OrdinalW="39">
            <Param Type="LPTSTR" Name="szComponent" />
            <Param Type="DWORD" Name="iIndex" />
            <Param Type="LPTSTR" Name="lpQualifierBuf" OutputOnly="True" />
            <Param Type="DWORD*" Name="pcchQualifierBuf" />
            <Param Type="LPTSTR" Name="lpApplicationDataBuf" OutputOnly="True" />
            <Param Type="DWORD*" Name="pcchApplicationDataBuf" />
            <Return Type="[MSI_ERROR]" />
        </Api>
        <Api Name="MsiQueryFeatureState" BothCharset="True" OrdinalA="110" OrdinalW="111">
            <Param Type="LPCTSTR" Name="szProduct" />
            <Param Type="LPCTSTR" Name="szFeature" />
            <Return Type="INSTALLSTATE" />
            <Success Return="NotEqual" Value="0" />
        </Api>
        <Api Name="MsiQueryFeatureStateEx" BothCharset="True" OrdinalA="251" OrdinalW="252">
            <Param Type="LPTSTR" Name="szProductCode" />
            <Param Type="LPTSTR" Name="szUserSid" />
            <Param Type="MSIINSTALLCONTEXT" Name="dwContext" />
            <Param Type="LPCTSTR" Name="szFeature" />
            <Param Type="INSTALLSTATE*" Name="pdwState" />
            <Return Type="[MSI_ERROR]" />
        </Api>
        <Api Name="MsiQueryProductState" BothCharset="True" OrdinalA="112" OrdinalW="113">
            <Param Type="LPCTSTR" Name="szProduct" />
            <Return Type="INSTALLSTATE" />
            <Success Return="NotEqual" Value="0" />
        </Api>
        <Api Name="MsiGetFeatureUsage" BothCharset="True" OrdinalA="59" OrdinalW="60">
            <Param Type="LPCTSTR" Name="szProduct" />
            <Param Type="LPCTSTR" Name="szFeature" />
            <Param Type="DWORD*" Name="pdwUseCount" />
            <Param Type="WORD*" Name="pwDateUsed" />
            <Return Type="[MSI_ERROR]" />
        </Api>
        <Api Name="MsiGetProductInfo" BothCharset="True" OrdinalA="67" OrdinalW="70">
            <Param Type="LPCTSTR" Name="szProduct" />
            <Param Type="LPCTSTR" Name="szProperty" />
            <Param Type="LPTSTR" Name="lpValueBuf" OutputOnly="True" />
            <Param Type="DWORD*" Name="pcchValueBuf" />
            <Return Type="[MSI_ERROR]" />
        </Api>
        <Api Name="MsiGetProductInfoEx" BothCharset="True" OrdinalA="247" OrdinalW="248">
            <Param Type="LPCTSTR" Name="szProductCode" />
            <Param Type="LPCTSTR" Name="szUserSid" />
            <Param Type="MSIINSTALLCONTEXT" Name="dwContext" />
            <Param Type="LPCTSTR" Name="szProperty" />
            <Param Type="LPTSTR" Name="lpValue" OutputOnly="True" />
            <Param Type="LPDWORD" Name="pcchValue" />
            <Return Type="[MSI_ERROR]" />
        </Api>
        <Api Name="MsiGetUserInfo" BothCharset="True" OrdinalA="81" OrdinalW="82">
            <Param Type="LPCTSTR" Name="szProduct" />
            <Param Type="LPTSTR" Name="lpUserNameBuf" OutputOnly="True" />
            <Param Type="DWORD*" Name="pcchUserNameBuf" />
            <Param Type="LPTSTR" Name="lpOrgNameBuf" OutputOnly="True" />
            <Param Type="DWORD*" Name="pcchOrgNameBuf" />
            <Param Type="LPTSTR" Name="lpSerialBuf" OutputOnly="True" />
            <Param Type="DWORD*" Name="pcchSerialBuf" />
            <Return Type="USERINFOSTATE" />
            <Success Return="NotEqual" Value="0" />
        </Api>

        <!-- Application Installation and Servicing/Windows Installer/Product Query -->
        <Category Name="Application Installation and Servicing/Windows Installer/Product Query" />
        <Api Name="MsiOpenProduct" BothCharset="True" OrdinalA="95" OrdinalW="96">
            <Param Type="LPCTSTR" Name="szProduct" />
            <Param Type="MSIHANDLE*" Name="hProduct" />
            <Return Type="[MSI_ERROR]" />
        </Api>
        <Api Name="MsiOpenPackage" BothCharset="True" OrdinalA="93" OrdinalW="94">
            <Param Type="LPCTSTR" Name="szPackagePath" />
            <Param Type="MSIHANDLE*" Name="hProduct" />
            <Return Type="[MSI_ERROR]" />
        </Api>
        <Api Name="MsiOpenPackageEx" BothCharset="True" OrdinalA="231" OrdinalW="232">
            <Param Type="LPCTSTR" Name="szPackagePath" />
            <Param Type="[MsiOpenPackageFlags]" Name="dwOptions" />
            <Param Type="MSIHANDLE*" Name="hProduct" />
            <Return Type="[MSI_ERROR]" />
        </Api>
        <Api Name="MsiIsProductElevated" BothCharset="True" OrdinalA="214" OrdinalW="215">
            <Param Type="LPCTSTR" Name="szProductCode" />
            <Param Type="BOOL*" Name="pfElevated" />
            <Return Type="[MSI_ERROR]" />
        </Api>
        <Api Name="MsiGetProductInfoFromScript" BothCharset="True" OrdinalA="68" OrdinalW="69">
            <Param Type="LPCTSTR" Name="szScriptFile" />
            <Param Type="LPTSTR" Name="lpProductBuf39" OutputOnly="True" />
            <Param Type="LANGID*" Name="plgidLanguage" />
            <Param Type="DWORD*" Name="pdwVersion" />
            <Param Type="LPTSTR" Name="lpNameBuf" OutputOnly="True" />
            <Param Type="DWORD*" Name="pcchNameBuf" />
            <Param Type="LPTSTR" Name="lpPackageBuf" OutputOnly="True" />
            <Param Type="DWORD*" Name="pcchPackageBuf" />
            <Return Type="[MSI_ERROR]" />
        </Api>
        <Api Name="MsiGetProductProperty" BothCharset="True" OrdinalA="71" OrdinalW="72">
            <Param Type="MSIHANDLE" Name="hProduct" />
            <Param Type="LPCTSTR" Name="szProperty" />
            <Param Type="LPTSTR" Name="lpValueBuf" OutputOnly="True" />
            <Param Type="DWORD*" Name="pcchValueBuf" />
            <Return Type="[MSI_ERROR]" />
        </Api>
        <Api Name="MsiGetShortcutTarget" BothCharset="True" OrdinalA="216" OrdinalW="217">
            <Param Type="LPCTSTR" Name="szShortcutTarget" />
            <Param Type="LPTSTR" Name="szProductCode" />
            <Param Type="LPTSTR" Name="szFeatureId" />
            <Param Type="LPTSTR" Name="szComponentCode" />
            <Return Type="[MSI_ERROR]" />
        </Api>
        <Api Name="MsiGetFeatureInfo" BothCharset="True" OrdinalA="55" OrdinalW="56">
            <Param Type="MSIHANDLE" Name="hProduct" />
            <Param Type="LPCTSTR" Name="szFeature" />
            <Param Type="[MsiInstallFeatureAttr*]" Name="lpAttributes" />
            <Param Type="LPTSTR" Name="lpTitleBuf" OutputOnly="True" />
            <Param Type="LPDWORD" Name="pcchTitleBuf" />
            <Param Type="LPTSTR" Name="lpHelpBuf" OutputOnly="True" />
            <Param Type="LPDWORD" Name="pcchHelpBuf" />
            <Return Type="[MSI_ERROR]" />
        </Api>
        <Api Name="MsiVerifyPackage" BothCharset="True" OrdinalA="156" OrdinalW="157">
            <Param Type="LPCTSTR" Name="szPackagePath" />
            <Return Type="[MSI_ERROR]" />
        </Api>

        <!-- Application Installation and Servicing/Windows Installer/Patching -->
        <Category Name="Application Installation and Servicing/Windows Installer/Patching" />
        <Api Name="MsiApplyPatch" BothCharset="True" OrdinalA="174" OrdinalW="175">
            <Param Type="LPCTSTR" Name="szPatchPackage" />
            <Param Type="LPCTSTR" Name="szInstallPackage" />
            <Param Type="INSTALLTYPE" Name="eInstallType" />
            <Param Type="LPCTSTR" Name="szCommandLine" />
            <Return Type="[MSI_ERROR]" />
        </Api>
        <Api Name="MsiEnumPatches" BothCharset="True" OrdinalA="180" OrdinalW="181">
            <Param Type="LPCTSTR" Name="szProduct" />
            <Param Type="DWORD" Name="iPatchIndex" />
            <Param Type="LPTSTR" Name="lpPatchBuf" OutputOnly="True" />
            <Param Type="LPTSTR" Name="lpTransformsBuf" OutputOnly="True" />
            <Param Type="DWORD*" Name="pcchTransformsBuf" />
            <Return Type="[MSI_ERROR]" />
        </Api>
        <Api Name="MsiGetPatchInfo" BothCharset="True" OrdinalA="178" OrdinalW="179">
            <Param Type="LPCTSTR" Name="szPatch" />
            <Param Type="LPCTSTR" Name="szAttribute" />
            <Param Type="LPTSTR" Name="lpValueBuf" OutputOnly="True" />
            <Param Type="DWORD*" Name="pcchValueBuf" />
            <Return Type="[MSI_ERROR]" />
        </Api>
        <Api Name="MsiRemovePatches" BothCharset="True" OrdinalA="237" OrdinalW="238">
            <Param Type="LPCTSTR" Name="szPatchList" />
            <Param Type="LPCTSTR" Name="szProductCode" />
            <Param Type="INSTALLTYPE" Name="eUninstallType" />
            <Param Type="LPCTSTR" Name="szPropertyList" />
            <Return Type="[MSI_ERROR]" />
        </Api>
        <Api Name="MsiDeterminePatchSequence" BothCharset="True" OrdinalA="253" OrdinalW="254">
            <Param Type="LPCTSTR" Name="szProductCode" />
            <Param Type="LPCTSTR" Name="szUserSid" />
            <Param Type="MSIINSTALLCONTEXT" Name="dwContext" />
            <Param Type="DWORD" Name="cPatchInfo" />
            <Param Type="PMSIPATCHSEQUENCEINFO" Name="pPatchInfo" />
            <Return Type="[MSI_ERROR]" />
        </Api>
        <Api Name="MsiApplyMultiplePatches" BothCharset="True" OrdinalA="239" OrdinalW="240">
            <Param Type="LPCTSTR" Name="szPatchPackages" />
            <Param Type="LPCTSTR" Name="szProductCode" />
            <Param Type="LPCTSTR" Name="szPropertiesList" />
            <Return Type="[MSI_ERROR]" />
        </Api>
        <Api Name="MsiEnumPatchesEx" BothCharset="True" OrdinalA="269" OrdinalW="270">
            <Param Type="LPCTSTR" Name="szProductCode" />
            <Param Type="LPCTSTR" Name="szUserSid" />
            <Param Type="MSIINSTALLCONTEXT" Display="DWORD" Name="dwContext" />
            <Param Type="[MsiPatchState]" Name="dwFilter" />
            <Param Type="DWORD" Name="dwIndex" />
            <!-- szPatchCode OutputOnly="True" -->
            <Param Type="TCHAR [39]" Name="szPatchCode" />
            <!-- szTargetProductCode OutputOnly="True" -->
            <Param Type="TCHAR [39]" Name="szTargetProductCode" />
            <Param Type="MSIINSTALLCONTEXT*" Name="pdwTargetProductContext" />
            <Param Type="LPTSTR" Name="szTargetUserSid" OutputOnly="True" />
            <Param Type="LPDWORD" Name="pcchTargetUserSid" />
            <Return Type="[MSI_ERROR]" />
        </Api>
        <Api Name="MsiGetPatchFileList" BothCharset="True" OrdinalA="282" OrdinalW="283">
            <Param Type="LPCTSTR" Name="szProductCode" />
            <Param Type="LPCTSTR" Name="szPatchList" />
            <Param Type="LPDWORD" Name="pcFiles" />
            <Param Type="MSIHANDLE**" Name="pphFileRecords" />
            <Return Type="[MSI_ERROR]" />
        </Api>
        <Api Name="MsiGetPatchInfoEx" BothCharset="True" OrdinalA="243" OrdinalW="244">
            <Param Type="LPCTSTR" Name="szPatchCode" />
            <Param Type="LPCTSTR" Name="szProductCode" />
            <Param Type="LPCTSTR" Name="szUserSid" />
            <Param Type="MSIINSTALLCONTEXT" Name="dwContext" />
            <Param Type="LPCTSTR" Name="szProperty" />
            <Param Type="LPTSTR" Name="lpValue" OutputOnly="True" />
            <Param Type="DWORD*" Name="pcchValue" />
            <Return Type="[MSI_ERROR]" />
        </Api>
        <Api Name="MsiExtractPatchXMLData" BothCharset="True" OrdinalA="241" OrdinalW="242">
            <Param Type="LPCTSTR" Name="szPatchPath" />
            <Param Type="DWORD" Name="dwReserved" />
            <Param Type="LPTSTR" Name="szXMLData" OutputOnly="True" />
            <Param Type="DWORD*" Name="pcchXMLData" />
            <Return Type="[MSI_ERROR]" />
        </Api>
        <Api Name="MsiDetermineApplicablePatches" BothCharset="True" OrdinalA="277" OrdinalW="278">
            <Param Type="LPCTSTR" Name="szProductPackagePath" />
            <Param Type="DWORD" Name="cPatchInfo" />
            <Param Type="PMSIPATCHSEQUENCEINFO" Name="pPatchInfo" />
            <Return Type="[MSI_ERROR]" />
        </Api>

        <!-- Application Installation and Servicing/Windows Installer/File Query -->
        <Category Name="Application Installation and Servicing/Windows Installer/File Query" />
        <Api Name="MsiGetFileHash" BothCharset="True" OrdinalA="218" OrdinalW="219">
            <Param Type="LPCTSTR" Name="szFilePath" />
            <Param Type="DWORD" Name="dwOptions" />
            <Param Type="PMSIFILEHASHINFO" Name="pHash" />
            <Return Type="[MSI_ERROR]" />
        </Api>
        <Api Name="MsiGetFileSignatureInformation" BothCharset="True" OrdinalA="223" OrdinalW="224">
            <Param Type="LPCTSTR" Name="szSignedObjectPath" />
            <Param Type="[MsiHashFlags]" Name="dwFlags" />
            <Param Type="PCCERT_CONTEXT*" Name="ppcCertContext" />
            <Param Type="BYTE*" Name="pbHashData" PostLength="pcbHashData" />
            <Param Type="DWORD*" Name="pcbHashData" />
            <Return Type="HRESULT" />
        </Api>
        <Api Name="MsiGetFileVersion" BothCharset="True" OrdinalA="194" OrdinalW="195">
            <Param Type="LPCTSTR" Name="szFilePath" />
            <Param Type="LPTSTR" Name="lpVersionBuf" OutputOnly="True" />
            <Param Type="DWORD*" Name="pcchVersionBuf" />
            <Param Type="LPTSTR" Name="lpLangBuf" OutputOnly="True" />
            <Param Type="DWORD*" Name="pcchLangBuf" />
            <Return Type="[MSI_ERROR]" />
        </Api>

        <!-- Application Installation and Servicing/Windows Installer/Transaction Management -->
        <Category Name="Application Installation and Servicing/Windows Installer/Transaction Management" />
        <Api Name="MsiBeginTransaction" BothCharset="True" OrdinalA="284" OrdinalW="285">
            <Param Type="LPCWSTR" Name="szTransactionName" />
            <Param Type="[MsiTransactionAttributes]" Name="dwTransactionAttributes" />
            <Param Type="MSIHANDLE*" Name="hTransactionID" />
            <Param Type="HANDLE*" Name="phChangeOfOwnerEvent" />
            <Return Type="[MSI_ERROR]" />
        </Api>
        <Api Name="MsiJoinTransaction" Ordinal="287">
            <Param Type="MSIHANDLE" Name="hTransactionID" />
            <Param Type="[MsiTransactionAttributes]" Name="dwTransactionAttributes" />
            <Param Type="HANDLE*" Name="phChangeOfOwnerEvent" />
            <Return Type="[MSI_ERROR]" />
        </Api>
        <Api Name="MsiEndTransaction" Ordinal="286">
            <Param Type="[MsiTransactionState]" Name="dwTransactionState" />
            <Return Type="[MSI_ERROR]" />
        </Api>

        <!-- Application Installation and Servicing/Windows Installer/Installer Database/General Database Access -->
        <Category Name="Application Installation and Servicing/Windows Installer/Installer Database/General Database Access" />
        <Api Name="MsiDatabaseCommit" Ordinal="20">
            <Param Type="MSIHANDLE" Name="hDatabase" />
            <Return Type="[MSI_ERROR]" />
        </Api>
        <Api Name="MsiDatabaseGetPrimaryKeys" BothCharset="True" OrdinalA="25" OrdinalW="26">
            <Param Type="MSIHANDLE" Name="hDatabase" />
            <Param Type="LPCTSTR" Name="szTableName" />
            <Param Type="MSIHANDLE*" Name="phRecord" />
            <Return Type="[MSI_ERROR]" />
        </Api>
        <Api Name="MsiDatabaseIsTablePersistent" BothCharset="True" OrdinalA="164" OrdinalW="165">
            <Param Type="MSIHANDLE" Name="hDatabase" />
            <Param Type="LPCTSTR" Name="szTableName" />
            <Return Type="MSICONDITION" />
        </Api>
        <Api Name="MsiDatabaseOpenView" BothCharset="True" OrdinalA="31" OrdinalW="32">
            <Param Type="MSIHANDLE" Name="hDatabase" />
            <Param Type="LPCTSTR" Name="szQuery" />
            <Param Type="MSIHANDLE*" Name="phView" />
            <Return Type="[MSI_ERROR]" />
        </Api>
        <Api Name="MsiGetActiveDatabase" Ordinal="49">
            <Param Type="MSIHANDLE" Name="hInstall" />
            <Return Type="MSIHANDLE" />
            <Success Return="NotEqual" Value="0" />
        </Api>
        <Api Name="MsiViewGetColumnInfo" Ordinal="166">
            <Param Type="MSIHANDLE" Name="hView" />
            <Param Type="MSICOLINFO" Name="eColumnInfo" />
            <Param Type="MSIHANDLE*" Name="phRecord" />
            <Return Type="[MSI_ERROR]" />
        </Api>
        <Api Name="MsiOpenDatabase" BothCharset="True" OrdinalA="91" OrdinalW="92">
            <Param Type="LPCTSTR" Name="szDatabasePath" />
            <Param Type="LPCTSTR" Name="szPersist" />
            <Param Type="MSIHANDLE*" Name="phDatabase" />
            <Return Type="[MSI_ERROR]" />
        </Api>
        <Api Name="MsiViewClose" Ordinal="158">
            <Param Type="MSIHANDLE" Name="hView" />
            <Return Type="[MSI_ERROR]" />
        </Api>
        <Api Name="MsiViewExecute" Ordinal="159">
            <Param Type="MSIHANDLE" Name="hView" />
            <Param Type="MSIHANDLE" Name="hRecord" />
            <Return Type="[MSI_ERROR]" />
        </Api>
        <Api Name="MsiViewFetch" Ordinal="160">
            <Param Type="MSIHANDLE" Name="hView" />
            <Param Type="MSIHANDLE*" Name="phRecord" />
            <Return Type="[MSI_ERROR]" />
        </Api>
        <Api Name="MsiViewGetError" BothCharset="True" OrdinalA="161" OrdinalW="162">
            <Param Type="MSIHANDLE" Name="hView" />
            <Param Type="LPTSTR" Name="szColumnNameBuffer" OutputOnly="True" />
            <Param Type="DWORD*" Name="pcchBuf" />
            <Return Type="MSIDBERROR" />
        </Api>
        <Api Name="MsiViewModify" Ordinal="163">
            <Param Type="MSIHANDLE" Name="hView" />
            <Param Type="MSIMODIFY" Name="eModifyMode" />
            <Param Type="MSIHANDLE" Name="hRecord" />
            <Return Type="[MSI_ERROR]" />
        </Api>

        <!-- Application Installation and Servicing/Windows Installer/Installer Database/Database Management -->
        <Category Name="Application Installation and Servicing/Windows Installer/Installer Database/Database Management" />

        <Api Name="MsiCreateTransformSummaryInfo" BothCharset="True" OrdinalA="185" OrdinalW="186">
            <Param Type="MSIHANDLE" Name="hDatabase" />
            <Param Type="MSIHANDLE" Name="hDatabaseReference" />
            <Param Type="LPCTSTR" Name="szTransformFile" />
            <Param Type="MSITRANSFORM_ERROR" Name="iErrorConditions" />
            <Param Type="MSITRANSFORM_VALIDATE" Name="iValidation" />
            <Return Type="[MSI_ERROR]" />
        </Api>
        <Api Name="MsiDatabaseApplyTransform" BothCharset="True" OrdinalA="18" OrdinalW="19">
            <Param Type="MSIHANDLE" Name="hDatabase" />
            <Param Type="LPCTSTR" Name="szTransformFile" />
            <Param Type="MSITRANSFORM_ERROR" Name="iErrorConditions" />
            <Return Type="[MSI_ERROR]" />
        </Api>
        <Api Name="MsiDatabaseExport" BothCharset="True" OrdinalA="21" OrdinalW="22">
            <Param Type="MSIHANDLE" Name="hDatabase" />
            <Param Type="LPCTSTR" Name="szTableName" />
            <Param Type="LPCTSTR" Name="szFolderPath" />
            <Param Type="LPCTSTR" Name="szFileName" />
            <Return Type="[MSI_ERROR]" />
        </Api>
        <Api Name="MsiDatabaseGenerateTransform" BothCharset="True" OrdinalA="23" OrdinalW="24">
            <Param Type="MSIHANDLE" Name="hDatabase" />
            <Param Type="MSIHANDLE" Name="hDatabaseReference" />
            <Param Type="LPCTSTR" Name="szTransformFile" />
            <Param Type="int" Name="iReserved1" />
            <Param Type="int" Name="iReserved2" />
            <Return Type="[MSI_ERROR]" />
        </Api>
        <Api Name="MsiDatabaseImport" BothCharset="True" OrdinalA="27" OrdinalW="28">
            <Param Type="MSIHANDLE" Name="hDatabase" />
            <Param Type="LPCTSTR" Name="szFolderPath" />
            <Param Type="LPCTSTR" Name="szFileName" />
            <Return Type="[MSI_ERROR]" />
        </Api>
        <Api Name="MsiDatabaseMerge" BothCharset="True" OrdinalA="29" OrdinalW="30">
            <Param Type="MSIHANDLE" Name="hDatabase" />
            <Param Type="MSIHANDLE" Name="hDatabaseMerge" />
            <Param Type="LPCTSTR" Name="szTableName" />
            <Return Type="[MSI_ERROR]" />
        </Api>
        <Api Name="MsiGetDatabaseState" Ordinal="52">
            <Param Type="MSIHANDLE" Name="hDatabase" />
            <Return Type="MSIDBSTATE" />
            <Success Return="NotEqual" Value="-1" />
        </Api>

        <!-- Application Installation and Servicing/Windows Installer/Installer Database/Record Processing -->
        <Category Name="Application Installation and Servicing/Windows Installer/Installer Database/Record Processing" />

        <Api Name="MsiCreateRecord" Ordinal="17">
            <Param Type="unsigned int" Name="cParams" />
            <Return Type="MSIHANDLE" />
            <Success Return="NotEqual" Value="0" />
        </Api>
        <Api Name="MsiFormatRecord" BothCharset="True" OrdinalA="170" OrdinalW="171">
            <Param Type="MSIHANDLE" Name="hInstall" />
            <Param Type="MSIHANDLE" Name="hRecord" />
            <Param Type="LPTSTR" Name="szResultBuf" OutputOnly="True" />
            <Param Type="DWORD*" Name="pcchResultBuf" />
            <Return Type="[MSI_ERROR]" />
        </Api>
        <Api Name="MsiRecordClearData" Ordinal="167">
            <Param Type="MSIHANDLE" Name="hRecord" />
            <Return Type="[MSI_ERROR]" />
        </Api>
        <Api Name="MsiRecordDataSize" Ordinal="114">
            <Param Type="MSIHANDLE" Name="hRecord" />
            <Param Type="unsigned int" Name="iField" />
            <Return Type="[MSI_ERROR]" />
        </Api>
        <Api Name="MsiRecordGetFieldCount" Ordinal="115">
            <Param Type="MSIHANDLE" Name="hRecord" />
            <Return Type="[MSI_ERROR]" />
        </Api>
        <Api Name="MsiRecordGetInteger" Ordinal="116">
            <Param Type="MSIHANDLE" Name="hRecord" />
            <Param Type="unsigned int" Name="iField" />
            <Return Type="int" />
            <Success Return="NotEqual" Value="0x80000000" />
        </Api>
        <Api Name="MsiRecordGetString" BothCharset="True" OrdinalA="117" OrdinalW="118">
            <Param Type="MSIHANDLE" Name="hRecord" />
            <Param Type="unsigned int" Name="iField" />
            <Param Type="LPTSTR" Name="szValueBuf" OutputOnly="True" />
            <Param Type="DWORD*" Name="pcchValueBuf" />
            <Return Type="[MSI_ERROR]" />
        </Api>
        <Api Name="MsiRecordIsNull" Ordinal="119">
            <Param Type="MSIHANDLE" Name="hRecord" />
            <Param Type="unsigned int" Name="iField" />
            <Return Type="BOOL" />
            <Success />
        </Api>
        <Api Name="MsiRecordReadStream" Ordinal="120">
            <Param Type="MSIHANDLE" Name="hRecord" />
            <Param Type="UINT" Name="iField" />
            <Param Type="char*" Name="szDataBuf" OutputOnly="True" />
            <Param Type="DWORD*" Name="pcbDataBuf" />
            <Return Type="[MSI_ERROR]" />
        </Api>
        <Api Name="MsiRecordSetInteger" Ordinal="121">
            <Param Type="MSIHANDLE" Name="hRecord" />
            <Param Type="unsigned int" Name="iField" />
            <Param Type="int" Name="iValue" />
            <Return Type="[MSI_ERROR]" />
        </Api>
        <Api Name="MsiRecordSetStream" BothCharset="True" OrdinalA="122" OrdinalW="123">
            <Param Type="MSIHANDLE" Name="hRecord" />
            <Param Type="UINT" Name="iField" />
            <Param Type="LPCTSTR" Name="szFilePath" />
            <Return Type="[MSI_ERROR]" />
        </Api>
        <Api Name="MsiRecordSetString" BothCharset="True" OrdinalA="124" OrdinalW="125">
            <Param Type="MSIHANDLE" Name="hRecord" />
            <Param Type="unsigned int" Name="iField" />
            <Param Type="LPCTSTR" Name="szValue" />
            <Return Type="[MSI_ERROR]" />
        </Api>

        <!-- Application Installation and Servicing/Windows Installer/Installer Database/Summary Information Property -->
        <Category Name="Application Installation and Servicing/Windows Installer/Installer Database/Summary Information Property" />

        <Api Name="MsiGetSummaryInformation" BothCharset="True" OrdinalA="77" OrdinalW="78">
            <Param Type="MSIHANDLE" Name="hDatabase" />
            <Param Type="LPCTSTR" Name="szDatabasePath" />
            <Param Type="UINT" Name="uiUpdateCount" />
            <Param Type="MSIHANDLE*" Name="phSummaryInfo" />
            <Return Type="[MSI_ERROR]" />
        </Api>
        <Api Name="MsiSummaryInfoGetProperty" BothCharset="True" OrdinalA="148" OrdinalW="150">
            <Param Type="MSIHANDLE" Name="hSummaryInfo" />
            <Param Type="[MSI_PID]" Name="uiProperty" />
            <Param Type="[MSI_DATA_TYPE*]" Name="puiDataType" />
            <Param Type="INT*" Name="piValue" />
            <Param Type="FILETIME*" Name="pftValue" />
            <Param Type="LPTSTR" Name="szValueBuf" OutputOnly="True" />
            <Param Type="DWORD*" Name="pcchValueBuf" />
            <Return Type="[MSI_ERROR]" />
        </Api>
        <Api Name="MsiSummaryInfoGetPropertyCount" Ordinal="149">
            <Param Type="MSIHANDLE" Name="hSummaryInfo" />
            <Param Type="UINT*" Name="puiPropertyCount" />
            <Return Type="[MSI_ERROR]" />
        </Api>
        <Api Name="MsiSummaryInfoPersist" Ordinal="151">
            <Param Type="MSIHANDLE" Name="hSummaryInfo" />
            <Return Type="[MSI_ERROR]" />
        </Api>
        <Api Name="MsiSummaryInfoSetProperty" BothCharset="True" OrdinalA="152" OrdinalW="153">
            <Param Type="MSIHANDLE" Name="hSummaryInfo" />
            <Param Type="[MSI_PID]" Name="uiProperty" />
            <Param Type="[MSI_DATA_TYPE]" Name="uiDataType" />
            <Param Type="INT" Name="iValue" />
            <Param Type="FILETIME*" Name="pftValue" />
            <Param Type="LPTSTR" Name="szValue" />
            <Return Type="[MSI_ERROR]" />
        </Api>

        <!-- Application Installation and Servicing/Windows Installer/Installer Database/Installer State Access -->
        <Category Name="Application Installation and Servicing/Windows Installer/Installer Database/Installer State Access" />

        <Api Name="MsiGetLanguage" Ordinal="63">
            <Param Type="MSIHANDLE" Name="hInstall" />
            <Return Type="LANGID" />
            <Success Return="NotEqual" Value="6" />
        </Api>
        <Api Name="MsiGetLastErrorRecord" Ordinal="48">
            <Return Type="MSIHANDLE" />
            <Success Return="NotEqual" Value="0" />
        </Api>
        <Api Name="MsiGetMode" Ordinal="64">
            <Param Type="MSIHANDLE" Name="hInstall" />
            <Param Type="MSIRUNMODE" Name="iRunMode" />
            <Return Type="BOOL" />
        </Api>
        <Api Name="MsiGetProperty" BothCharset="True" OrdinalA="73" OrdinalW="74">
            <Param Type="MSIHANDLE" Name="hInstall" />
            <Param Type="LPCTSTR" Name="szName" />
            <Param Type="LPTSTR" Name="szValueBuf" OutputOnly="True" />
            <Param Type="DWORD*" Name="pchValueBuf" />
            <Return Type="[MSI_ERROR]" />
        </Api>
        <Api Name="MsiSetProperty" BothCharset="True" OrdinalA="144" OrdinalW="145">
            <Param Type="MSIHANDLE" Name="hInstall" />
            <Param Type="LPCTSTR" Name="szName" />
            <Param Type="LPCTSTR" Name="szValue" />
            <Return Type="[MSI_ERROR]" />
        </Api>
        <Api Name="MsiSetMode" Ordinal="143">
            <Param Type="MSIHANDLE" Name="hInstall" />
            <Param Type="unsigned int" Name="iRunMode" />
            <Param Type="BOOL" Name="fState" />
            <Return Type="[MSI_ERROR]" />
        </Api>

        <!-- Application Installation and Servicing/Windows Installer/Installer Database/Installer Action -->
        <Category Name="Application Installation and Servicing/Windows Installer/Installer Database/Installer Action" />

        <Api Name="MsiDoAction" BothCharset="True" OrdinalA="33" OrdinalW="34">
            <Param Type="MSIHANDLE" Name="hInstall" />
            <Param Type="LPCTSTR" Name="szAction" />
            <Return Type="[MSI_ERROR]" />
        </Api>
        <Api Name="MsiEvaluateCondition" BothCharset="True" OrdinalA="46" OrdinalW="47">
            <Param Type="MSIHANDLE" Name="hInstall" />
            <Param Type="LPCTSTR" Name="szCondition" />
            <Return Type="MSICONDITION" />
        </Api>
        <Api Name="MsiProcessMessage" Ordinal="103">
            <Param Type="MSIHANDLE" Name="hInstall" />
            <Param Type="INSTALLMESSAGE" Name="eMessageType" />
            <Param Type="MSIHANDLE" Name="hRecord" />
            <Return Type="int" />
            <Success Return="NotEqual" Value="-1" />
        </Api>
        <Api Name="MsiSequence" BothCharset="True" OrdinalA="132" OrdinalW="133">
            <Param Type="MSIHANDLE" Name="hInstall" />
            <Param Type="LPCTSTR" Name="szTable" />
            <Param Type="INT" Name="iSequenceMode" />
            <Return Type="[MSI_ERROR]" />
        </Api>

        <!-- Application Installation and Servicing/Windows Installer/Installer Database/Installer Location -->
        <Category Name="Application Installation and Servicing/Windows Installer/Installer Database/Installer Location" />

        <Api Name="MsiGetSourcePath" BothCharset="True" OrdinalA="75" OrdinalW="76">
            <Param Type="MSIHANDLE" Name="hInstall" />
            <Param Type="LPCTSTR" Name="szFolder" />
            <Param Type="LPTSTR" Name="szPathBuf" OutputOnly="True" />
            <Param Type="DWORD*" Name="pcchPathBuf" />
            <Return Type="[MSI_ERROR]" />
        </Api>
        <Api Name="MsiGetTargetPath" BothCharset="True" OrdinalA="79" OrdinalW="80">
            <Param Type="MSIHANDLE" Name="hInstall" />
            <Param Type="LPCTSTR" Name="szFolder" />
            <Param Type="LPTSTR" Name="szPathBuf" OutputOnly="True" />
            <Param Type="DWORD*" Name="pcchPathBuf" />
            <Return Type="[MSI_ERROR]" />
        </Api>
        <Api Name="MsiSetTargetPath" BothCharset="True" OrdinalA="146" OrdinalW="147">
            <Param Type="MSIHANDLE" Name="hInstall" />
            <Param Type="LPCTSTR" Name="szFolder" />
            <Param Type="LPCTSTR" Name="szFolderPath" />
            <Return Type="[MSI_ERROR]" />
        </Api>

        <!-- Application Installation and Servicing/Windows Installer/Installer Database/Installer Selection -->
        <Category Name="Application Installation and Servicing/Windows Installer/Installer Database/Installer Selection" />

        <Api Name="MsiEnumComponentCosts" BothCharset="True" OrdinalA="220" OrdinalW="221">
            <Param Type="MSIHANDLE" Name="hInstall" />
            <Param Type="LPCTSTR" Name="szComponent" />
            <Param Type="DWORD" Name="dwIndex" />
            <Param Type="INSTALLSTATE" Name="iState" />
            <Param Type="LPTSTR" Name="lpDriveBuf" OutputOnly="True" />
            <Param Type="DWORD*" Name="pcchDriveBuf" />
            <Param Type="int*" Name="piCost" />
            <Param Type="int*" Name="pTempCost" />
            <Return Type="[MSI_ERROR]" />
        </Api>
        <Api Name="MsiGetComponentState" BothCharset="True" OrdinalA="50" OrdinalW="51">
            <Param Type="MSIHANDLE" Name="hInstall" />
            <Param Type="LPCTSTR" Name="szComponent" />
            <Param Type="INSTALLSTATE*" Name="piInstalled" />
            <Param Type="INSTALLSTATE*" Name="piAction" />
            <Return Type="[MSI_ERROR]" />
        </Api>
        <Api Name="MsiGetFeatureCost" BothCharset="True" OrdinalA="53" OrdinalW="54">
            <Param Type="MSIHANDLE" Name="hInstall" />
            <Param Type="LPCTSTR" Name="szFeature" />
            <Param Type="MSICOSTTREE" Name="iCostTree" />
            <Param Type="INSTALLSTATE" Name="iState" />
            <Param Type="INT*" Name="piCost" />
            <Return Type="[MSI_ERROR]" />
        </Api>
        <Api Name="MsiGetFeatureState" BothCharset="True" OrdinalA="57" OrdinalW="58">
            <Param Type="MSIHANDLE" Name="hInstall" />
            <Param Type="LPCTSTR" Name="szFeature" />
            <Param Type="INSTALLSTATE*" Name="piInstalled" />
            <Param Type="INSTALLSTATE*" Name="piAction" />
            <Return Type="[MSI_ERROR]" />
        </Api>
        <Api Name="MsiGetFeatureValidStates" BothCharset="True" OrdinalA="61" OrdinalW="62">
            <Param Type="MSIHANDLE" Name="hInstall" />
            <Param Type="LPCTSTR" Name="szFeature" />
            <Param Type="[INSTALLSTATE-DWORD*]" Name="pInstallState" />
            <Return Type="[MSI_ERROR]" />
        </Api>
        <Api Name="MsiSetComponentState" BothCharset="True" OrdinalA="134" OrdinalW="135">
            <Param Type="MSIHANDLE" Name="hInstall" />
            <Param Type="LPCTSTR" Name="szComponent" />
            <Param Type="INSTALLSTATE" Name="iState" />
            <Return Type="[MSI_ERROR]" />
        </Api>
        <Api Name="MsiSetFeatureAttributes" BothCharset="True" OrdinalA="206" OrdinalW="207">
            <Param Type="MSIHANDLE" Name="hInstall" />
            <Param Type="LPCTSTR" Name="szFeature" />
            <Param Type="[MsiInstallFeatureAttr]" Name="dwAttributes" />
            <Return Type="[MSI_ERROR]" />
        </Api>
        <Api Name="MsiSetFeatureState" BothCharset="True" OrdinalA="138" OrdinalW="139">
            <Param Type="MSIHANDLE" Name="hInstall" />
            <Param Type="LPCTSTR" Name="szFeature" />
            <Param Type="INSTALLSTATE" Name="iState" />
            <Return Type="[MSI_ERROR]" />
        </Api>
        <Api Name="MsiSetInstallLevel" Ordinal="140">
            <Param Type="MSIHANDLE" Name="hInstall" />
            <Param Type="int" Name="iInstallLevel" />
            <Return Type="[MSI_ERROR]" />
        </Api>
        <Api Name="MsiVerifyDiskSpace" Ordinal="142">
            <Param Type="MSIHANDLE" Name="hInstall" />
            <Return Type="[MSI_ERROR]" />
        </Api>

        <!-- Application Installation and Servicing/Windows Installer/Installer Database/User Interface -->
        <Category Name="Application Installation and Servicing/Windows Installer/Installer Database/User Interface" />

        <Api Name="MsiEnableUIPreview" Ordinal="35">
            <Param Type="MSIHANDLE" Name="hDatabase" />
            <Param Type="MSIHANDLE*" Name="phPreview" />
            <Return Type="[MSI_ERROR]" />
        </Api>
        <Api Name="MsiPreviewBillboard" BothCharset="True" OrdinalA="97" OrdinalW="98">
            <Param Type="MSIHANDLE" Name="hPreview" />
            <Param Type="LPCTSTR" Name="szControlName" />
            <Param Type="LPCTSTR" Name="szBillboard" />
            <Return Type="[MSI_ERROR]" />
        </Api>
        <Api Name="MsiPreviewDialog" BothCharset="True" OrdinalA="99" OrdinalW="100">
            <Param Type="MSIHANDLE" Name="hPreview" />
            <Param Type="LPCTSTR" Name="szDialogName" />
            <Return Type="[MSI_ERROR]" />
        </Api>

    </Module>
</ApiMonitor>