<!--
    API Monitor Definitions
    (c) 2011, Rohitab Batra <rohitab@rohitab.com>
    http://www.rohitab.com/apimonitor/
-->
<ApiMonitor>
    <Include Filename="Headers\windows.h.xml" />

    <Module Name="Msidle.dll" CallingConvention="STDCALL" ErrorFunc="GetLastError" ErrorIsReturnValue="True" OnlineHelp="MSDN">

        <!-- Variables -->
        <Variable Name="_IDLECALLBACK" Type="Alias" Base="LPVOID" />

        <!-- Additional Resources/System/Inactivity Monitoring -->
        <Category Name="Additional Resources/System/Inactivity Monitoring" />
        <Api Name="BeginIdleDetection" Ordinal="3">
            <Param Type="_IDLECALLBACK" Name="pfnCallback" />
            <Param Type="DWORD" Name="dwIdleMin" />
            <Param Type="DWORD" Name="dwReserved" />
            <Return Type="[ERROR_CODE]" />
        </Api>
        <Api Name="EndIdleDetection" Ordinal="4">
            <Param Type="DWORD" Name="dwReserved" />
            <Return Type="BOOL" />
        </Api>
        <Api Name="GetIdleMinutes" Ordinal="8">
            <Param Type="DWORD" Name="dwReserved" />
            <Return Type="DWORD" />
        </Api>

    </Module>
</ApiMonitor>