<!--
    API Monitor Definitions
    (c) 2010-2011, Rohitab Batra <rohitab@rohitab.com>
    http://www.rohitab.com/apimonitor/
-->
<ApiMonitor>
    <Include Filename="Headers\windows.h.xml" />
    <Include Filename="Headers\gdi.h.xml" />
    
    <Module Name="Msimg32.dll" CallingConvention="STDCALL" ErrorFunc="GetLastError" OnlineHelp="MSDN">
        <!-- Variables -->
        <Variable Name="COLOR16" Type="Alias" Base="USHORT" />

        <!-- TRIVERTEX -->
        <Variable Name="TRIVERTEX" Type="Struct">
            <Field Type="LONG"    	Name="x" />
            <Field Type="LONG"    	Name="y" />
            <Field Type="COLOR16" 	Name="Red" />
            <Field Type="COLOR16" 	Name="Green" />
            <Field Type="COLOR16" 	Name="Blue" />
            <Field Type="COLOR16" 	Name="Alpha" />
        </Variable>
        <Variable Name="PTRIVERTEX" Type="Pointer" Base="TRIVERTEX" />

        <Variable Name="[GradientFillMode]" Type="Alias" Base="ULONG">
            <Display Name="ULONG" />
            <Enum>
                <Set Name="GRADIENT_FILL_RECT_H"        Value="0x00000000" />
                <Set Name="GRADIENT_FILL_RECT_V"        Value="0x00000001" />
                <Set Name="GRADIENT_FILL_TRIANGLE"      Value="0x00000002" />
            </Enum>
        </Variable>
        
        <!-- Bitmaps -->
        <Category Name="Graphics and Gaming/Legacy Graphics/Windows GDI/Bitmaps" />
        <Api Name="AlphaBlend">
            <Param Type="HDC" Name="hdcDest" />
            <Param Type="int" Name="xoriginDest" />
            <Param Type="int" Name="yoriginDest" />
            <Param Type="int" Name="wDest" />
            <Param Type="int" Name="hDest" />
            <Param Type="HDC" Name="hdcSrc" />
            <Param Type="int" Name="xoriginSrc" />
            <Param Type="int" Name="yoriginSrc" />
            <Param Type="int" Name="wSrc" />
            <Param Type="int" Name="hSrc" />
            <Param Type="BLENDFUNCTION" Name="ftn" />
            <Return Type="BOOL" />
        </Api>
        <Api Name="GradientFill">
            <Param Type="HDC" Name="hdc" />
            <Param Type="PTRIVERTEX" Name="pVertex" />
            <Param Type="ULONG" Name="nVertex" />
            <Param Type="PVOID" Name="pMesh" />
            <Param Type="ULONG" Name="nMesh" />
            <Param Type="[GradientFillMode]" Name="ulMode" />
            <Return Type="BOOL" />
        </Api>
        <Api Name="TransparentBlt">
            <Param Type="HDC" Name="hdcDest" />
            <Param Type="int" Name="xoriginDest" />
            <Param Type="int" Name="yoriginDest" />
            <Param Type="int" Name="wDest" />
            <Param Type="int" Name="hDest" />
            <Param Type="HDC" Name="hdcSrc" />
            <Param Type="int" Name="xoriginSrc" />
            <Param Type="int" Name="yoriginSrc" />
            <Param Type="int" Name="wSrc" />
            <Param Type="int" Name="hSrc" />
            <Param Type="UINT" Name="crTransparent" />
            <Return Type="BOOL" />
        </Api>
    </Module>
</ApiMonitor>