<!--
    API Monitor Definitions
    (c) 2010-2011, Rohitab Batra <rohitab@rohitab.com>
    http://www.rohitab.com/apimonitor/
-->
<ApiMonitor>
    <Include Filename="Headers\windows.h.xml" />
    <Include Filename="Headers\patch.h.xml" />
    <Module Name="mspatchc.dll" CallingConvention="STDCALL" ErrorFunc="GetLastError" OnlineHelp="MSDN">
        <!-- Delta Compression -->
        <Category Name="Delta Compression" />
        <Api Name="CreatePatchFile" BothCharset="True">
            <Param Type="LPCTSTR" Name="OldFileName" />
            <Param Type="LPCTSTR" Name="NewFileName" />
            <Param Type="LPCTSTR" Name="PatchFileName" />
            <Param Type="[PatchOptionFlags]" Name="OptionFlags" />
            <Param Type="PPATCH_OPTION_DATA" Name="OptionData" />
            <Return Type="BOOL" />
        </Api>
        <Api Name="CreatePatchFileByHandles">
            <Param Type="HANDLE" Name="OldFileHandle" />
            <Param Type="HANDLE" Name="NewFileHandle" />
            <Param Type="HANDLE" Name="PatchFileHandle" />
            <Param Type="[PatchOptionFlags]" Name="OptionFlags" />
            <Param Type="PPATCH_OPTION_DATA" Name="OptionData" />
            <Return Type="BOOL" />
        </Api>
        <Api Name="CreatePatchFileByHandlesEx">
            <Param Type="ULONG" Name="OldFileCount" />
            <Param Type="PPATCH_OLD_FILE_INFO_H" Name="OldFileInfoArray" />
            <Param Type="HANDLE" Name="NewFileHandle" />
            <Param Type="HANDLE" Name="PatchFileHandle" />
            <Param Type="[PatchOptionFlags]" Name="OptionFlags" />
            <Param Type="PPATCH_OPTION_DATA" Name="OptionData" />
            <Param Type="PPATCH_PROGRESS_CALLBACK" Name="ProgressCallback" />
            <Param Type="PVOID" Name="CallbackContext" />
            <Return Type="BOOL" />
        </Api>
        <Api Name="CreatePatchFileEx" BothCharset="True">
            <Param Type="ULONG" Name="OldFileCount" />
            <Param Type="PPATCH_OLD_FILE_INFO" Name="OldFileInfoArray" />
            <Param Type="LPCTSTR" Name="NewFileName" />
            <Param Type="LPCTSTR" Name="PatchFileName" />
            <Param Type="[PatchOptionFlags]" Name="OptionFlags" />
            <Param Type="PPATCH_OPTION_DATA" Name="OptionData" />
            <Param Type="PPATCH_PROGRESS_CALLBACK" Name="ProgressCallback" />
            <Param Type="PVOID" Name="CallbackContext" />
            <Return Type="BOOL" />
        </Api>
        <Api Name="ExtractPatchHeaderToFile" BothCharset="True">
            <Param Type="LPCTSTR" Name="PatchFileName" />
            <Param Type="LPCTSTR" Name="PatchHeaderFileName" />
            <Return Type="BOOL" />
        </Api>
        <Api Name="ExtractPatchHeaderToFileByHandles">
            <Param Type="HANDLE" Name="PatchFileHandle" />
            <Param Type="HANDLE" Name="PatchHeaderFileHandle" />
            <Return Type="BOOL" />
        </Api>
        <Api Name="GetFilePatchSignature" BothCharset="True">
            <Param Type="LPCTSTR" Name="FileName" />
            <Param Type="[PatchOptionFlags]" Name="OptionFlags" />
            <Param Type="PVOID" Name="OptionData" />
            <Param Type="ULONG" Name="IgnoreRangeCount" />
            <Param Type="PPATCH_IGNORE_RANGE" Name="IgnoreRangeArray" Count="IgnoreRangeCount" />
            <Param Type="ULONG" Name="RetainRangeCount" />
            <Param Type="PPATCH_RETAIN_RANGE" Name="RetainRangeArray" Count="RetainRangeCount" />
            <Param Type="ULONG" Name="SignatureBufferSize" />
            <Param Type="PVOID" Name="SignatureBuffer" Length="SignatureBufferSize" />
            <Return Type="BOOL" />
        </Api>
        <Api Name="GetFilePatchSignatureByBuffer">
            <Param Type="PBYTE" Name="FileBufferWritable" />
            <Param Type="ULONG" Name="FileSize" />
            <Param Type="ULONG" Name="OptionFlags" />
            <Param Type="PVOID" Name="OptionData" />
            <Param Type="ULONG" Name="IgnoreRangeCount" />
            <Param Type="PPATCH_IGNORE_RANGE" Name="IgnoreRangeArray" Count="IgnoreRangeCount" />
            <Param Type="ULONG" Name="RetainRangeCount" />
            <Param Type="PPATCH_RETAIN_RANGE" Name="RetainRangeArray" Count="RetainRangeCount" />
            <Param Type="ULONG" Name="SignatureBufferSize" />
            <Return Type="BOOL" />
        </Api>
        <Api Name="GetFilePatchSignatureByHandle">
            <Param Type="HANDLE" Name="FileHandle" />
            <Param Type="[PatchOptionFlags]" Name="OptionFlags" />
            <Param Type="PVOID" Name="OptionData" />
            <Param Type="ULONG" Name="IgnoreRangeCount" />
            <Param Type="PPATCH_IGNORE_RANGE" Name="IgnoreRangeArray" Count="IgnoreRangeCount" />
            <Param Type="ULONG" Name="RetainRangeCount" />
            <Param Type="PPATCH_RETAIN_RANGE" Name="RetainRangeArray" Count="RetainRangeCount" />
            <Param Type="ULONG" Name="SignatureBufferSize" />
            <Param Type="PVOID" Name="SignatureBuffer" Length="SignatureBufferSize" />
            <Return Type="BOOL" />
        </Api>
        <Api Name="NormalizeFileForPatchSignature">
            <Param Type="PVOID" Name="FileBuffer" />
            <Param Type="ULONG" Name="FileSize" />
            <Param Type="ULONG" Name="OptionFlags" />
            <Param Type="PATCH_OPTION_DATA*" Name="OptionData" />
            <Param Type="ULONG" Name="NewFileCoffBase" />
            <Param Type="ULONG" Name="NewFileCoffTime" />
            <Param Type="ULONG" Name="IgnoreRangeCount" />
            <Param Type="PPATCH_IGNORE_RANGE" Name="IgnoreRangeArray" Count="IgnoreRangeCount" />
            <Param Type="ULONG" Name="RetainRangeCount" />
            <Param Type="PPATCH_RETAIN_RANGE" Name="RetainRangeArray" Count="RetainRangeCount" />
            <Return Type="BOOL" />
        </Api>
    </Module>
</ApiMonitor>