<!--
    API Monitor Definitions
    (c) 2010-2011, Rohitab Batra <rohitab@rohitab.com>
    http://www.rohitab.com/apimonitor/
-->
<ApiMonitor>
    <Include Filename="Headers\windows.h.xml" />
    <Module Name="msrating.dll" CallingConvention="STDCALL" ErrorFunc="GetLastError" OnlineHelp="MSDN">
        <!-- Internet Ratings -->
        <Category Name="Web Development/Internet Explorer Development/Security and Privacy/Internet Ratings" />
        <Api Name="RatingAccessDeniedDialog" SuffixA="" BothCharset="True">
            <Param Type="HWND" Name="hDlg" />
            <Param Type="LPCTSTR" Name="pszUsername" />
            <Param Type="LPCTSTR" Name="pszContentDescription" />
            <Param Type="VOID*" Name="pRatingDetails" />
            <Return Type="HRESULT" />
        </Api>
        <Api Name="RatingAccessDeniedDialog2" SuffixA="" BothCharset="True">
            <Param Type="HWND" Name="hDlg" />
            <Param Type="LPCSTR" Name="pszUsername" />
            <Param Type="VOID*" Name="pRatingDetails" />
            <Return Type="HRESULT" />
        </Api>
        <Api Name="RatingCheckUserAccess" SuffixA="" BothCharset="True">
            <Param Type="LPCTSTR" Name="pszUsername" />
            <Param Type="LPCTSTR" Name="pszURL" />
            <Param Type="LPCTSTR" Name="pszRatingInfo" />
            <Param Type="LPBYTE" Name="pData" Length="cbData" />
            <Param Type="DWORD" Name="cbData" />
            <Param Type="VOID**" Name="ppRatingDetails" />
            <Return Type="HRESULT" />
        </Api>
        <Api Name="RatingEnable" SuffixA="" BothCharset="True">
            <Param Type="HWND" Name="hwndParent" />
            <Param Type="LPCSTR" Name="pszUsername" />
            <Param Type="BOOL" Name="fEnable" />
            <Return Type="HRESULT" />
        </Api>
        <Api Name="RatingEnabledQuery">
            <Return Type="HRESULT" />
        </Api>
        <Api Name="RatingFreeDetails">
            <Param Type="VOID*" Name="pRatingDetails" />
            <Return Type="HRESULT" />
        </Api>
        <Api Name="RatingObtainCancel">
            <Param Type="HANDLE" Name="hRatingObtainQuery" />
            <Return Type="HRESULT" />
        </Api>
        <Api Name="RatingObtainQuery" SuffixA="" BothCharset="True">
            <Param Type="LPCTSTR" Name="pszTargetUrl" />
            <Param Type="DWORD" Name="dwUserData" />
            <Param Type="DWORD" Name="dwUserData" />
            <Param Type="HRESULT" Name="hr" />
            <Param Type="LPCTSTR" Name="pszRating" />
            <Param Type="HANDLE*" Name="phRatingObtainQuery" />
            <Return Type="HRESULT" />
        </Api>
        <Api Name="RatingSetupUI" SuffixA="" BothCharset="True">
            <Param Type="HWND" Name="hDlg" />
            <Param Type="LPCSTR" Name="pszUsername" />
            <Return Type="HRESULT" />
        </Api>
    </Module>
</ApiMonitor>