<!--
    API Monitor Definitions
    (c) 2010-2011, Rohitab Batra <rohitab@rohitab.com>
    http://www.rohitab.com/apimonitor/
-->
<ApiMonitor>
    <Include Filename="Headers\windows.h.xml" />
    <Include Filename="Headers\cryptography.h.xml" />
    <Module Name="Mssign32.dll" CallingConvention="STDCALL" ErrorFunc="HRESULT" OnlineHelp="MSDN">

        <!-- Cryptography -->
        <Category Name="Security and Identity/Cryptography/Signer" />
        <Api Name="SignerFreeSignerContext">
            <Param Type="SIGNER_CONTEXT*" Name="pSignerContext" />
            <Return Type="HRESULT" />
        </Api>
        <Api Name="SignerSignEx">
            <Param Type="[SignerSignEx_FLAGS]" Name="dwFlags" />
            <Param Type="SIGNER_SUBJECT_INFO*" Name="pSubjectInfo" />
            <Param Type="SIGNER_CERT*" Name="pSignerCert" />
            <Param Type="SIGNER_SIGNATURE_INFO*" Name="pSignatureInfo" />
            <Param Type="SIGNER_PROVIDER_INFO*" Name="pProviderInfo" />
            <Param Type="LPCWSTR" Name="pwszHttpTimeStamp" />
            <Param Type="PCRYPT_ATTRIBUTES" Name="psRequest" />
            <Param Type="LPVOID" Name="pSipData" />
            <Param Type="SIGNER_CONTEXT**" Name="ppSignerContext" />
            <Return Type="HRESULT" />
        </Api>
        <Api Name="SignerSignEx2">
            <Param Type="[SignerSignEx2_FLAGS]" Name="dwFlags" />
            <Param Type="SIGNER_SUBJECT_INFO*" Name="pSubjectInfo" />
            <Param Type="SIGNER_CERT*" Name="pSignerCert" />
            <Param Type="SIGNER_SIGNATURE_INFO*" Name="pSignatureInfo" />
            <Param Type="SIGNER_PROVIDER_INFO*" Name="pProviderInfo" />
            <Param Type="DWORD" Name="dwTimestampFlags" />
            <Param Type="PCSTR" Name="pszTimestampAlgorithmOid" />
            <Param Type="PCWSTR" Name="pwszHttpTimeStamp" />
            <Param Type="PCRYPT_ATTRIBUTES" Name="psRequest" />
            <Param Type="PVOID" Name="pSipData" />
            <Param Type="SIGNER_CONTEXT**" Name="ppSignerContext" />
            <Param Type="PCERT_STRONG_SIGN_PARA" Name="pCryptoPolicy" />
            <Param Type="PVOID" Name="pReserved" />
            <Return Type="HRESULT" />
        </Api>
        <Api Name="SignError">
            <Return Type="HRESULT" />
        </Api>
        <Api Name="SignerSign">
            <Param Type="SIGNER_SUBJECT_INFO*" Name="pSubjectInfo" />
            <Param Type="SIGNER_CERT*" Name="pSignerCert" />
            <Param Type="SIGNER_SIGNATURE_INFO*" Name="pSignatureInfo" />
            <Param Type="SIGNER_PROVIDER_INFO*" Name="pProviderInfo" />
            <Param Type="LPCWSTR" Name="pwszHttpTimeStamp" />
            <Param Type="PCRYPT_ATTRIBUTES" Name="psRequest" />
            <Param Type="LPVOID" Name="pSipData" />
            <Return Type="HRESULT" />
        </Api>
        <Api Name="SignerTimeStamp">
            <Param Type="SIGNER_SUBJECT_INFO*" Name="pSubjectInfo" />
            <Param Type="LPCWSTR" Name="pwszHttpTimeStamp" />
            <Param Type="PCRYPT_ATTRIBUTES" Name="psRequest" />
            <Param Type="LPVOID" Name="pSipData" />
            <Return Type="HRESULT" />
        </Api>
        <Api Name="SignerTimeStampEx2">
            <Param Type="DWORD" Name="dwFlags" />
            <Param Type="SIGNER_SUBJECT_INFO*" Name="pSubjectInfo" />
            <Param Type="LPCWSTR" Name="pwszHttpTimeStamp" />
            <Param Type="ALG_ID" Name="dwAlgId" />
            <Param Type="PCRYPT_ATTRIBUTES" Name="psRequest" />
            <Param Type="LPVOID" Name="pSipData" />
            <Param Type="SIGNER_CONTEXT**" Name="ppSignerContext" />
            <Return Type="HRESULT" />
        </Api>
        <Api Name="SignerTimeStampEx">
            <Param Type="DWORD" Name="dwFlags" />
            <Param Type="SIGNER_SUBJECT_INFO*" Name="pSubjectInfo" />
            <Param Type="LPCWSTR" Name="pwszHttpTimeStamp" />
            <Param Type="PCRYPT_ATTRIBUTES" Name="psRequest" />
            <Param Type="LPVOID" Name="pSipData" />
            <Param Type="SIGNER_CONTEXT**" Name="ppSignerContext" />
            <Return Type="HRESULT" />
        </Api>
        <Category Name="Security and Identity/Cryptography/Service Provider" />
        <Api Name="FreeCryptProvFromCertEx">
            <Param Type="BOOL" Name="fAcquired" />
            <Param Type="HCRYPTPROV_OR_NCRYPT_KEY_HANDLE" Name="hProv" />
            <Param Type="DWORD" Name="dwKeySpec" />
            <Param Type="LPWSTR" Name="pwszCapiProvider" />
            <Param Type="DWORD" Name="dwProviderType" />
            <Param Type="LPWSTR" Name="pwszTmpContainer" />
            <Return Type="void" />
        </Api>
        <Category Name="Security and Identity/Cryptography/MakeCert" />
        <Api Name="FreeCryptProvFromCert">
            <Param Type="BOOL" Name="fAcquired" />
            <Param Type="HCRYPTPROV" Name="hProv" />
            <Param Type="LPWSTR" Name="pwszCapiProvider" />
            <Param Type="DWORD" Name="dwProviderType" />
            <Param Type="LPWSTR" Name="pwszTmpContainer" />
            <Return Type="void" />
        </Api>
        <Api Name="GetCryptProvFromCert">
            <Param Type="HWND" Name="hwnd" />
            <Param Type="PCCERT_CONTEXT" Name="pCert" />
            <Param Type="HCRYPTPROV*" Name="phCryptProv" />
            <Param Type="DWORD*" Name="pdwKeySpec" />
            <Param Type="BOOL*" Name="pfDidCryptAcquire" />
            <Param Type="LPWSTR*" Name="ppwszTmpContainer" />
            <Param Type="LPWSTR*" Name="ppwszProviderName" />
            <Param Type="DWORD*" Name="pdwProviderType" />
            <Return Type="BOOL" />
        </Api>
        <Api Name="PvkFreeCryptProv">
            <Param Type="HCRYPTPROV" Name="hProv" />
            <Param Type="LPCWSTR" Name="pwszCapiProvider" />
            <Param Type="DWORD" Name="dwProviderType" />
            <Param Type="LPWSTR" Name="pwszTmpContainer" />
            <Return Type="void" />
        </Api>
        <Api Name="PvkGetCryptProv">
            <Param Type="HWND" Name="hwnd" />
            <Param Type="LPCWSTR" Name="pwszCaption" />
            <Param Type="LPCWSTR" Name="pwszCapiProvider" />
            <Param Type="DWORD" Name="dwProviderType" />
            <Param Type="LPCWSTR" Name="pwszPvkFile" />
            <Param Type="LPCWSTR" Name="pwszKeyContainerName" />
            <Param Type="DWORD*" Name="pdwKeySpec" />
            <Param Type="LPWSTR*" Name="ppwszTmpContainer" />
            <Param Type="HCRYPTPROV*" Name="phCryptProv" />
            <Return Type="HRESULT" />
        </Api>
        <Api Name="PvkPrivateKeyAcquireContextFromMemory">
            <Param Type="LPCWSTR" Name="pwszProvName" />
            <Param Type="[CryptProv]" Name="dwProvType" />
            <Param Type="BYTE*" Name="pbData" />
            <Param Type="DWORD" Name="cbData" />
            <Param Type="HWND" Name="hwndOwner" />
            <Param Type="LPCWSTR" Name="pwszKeyName" />
            <Param Type="DWORD*" Name="pdwKeySpec" />
            <Param Type="HCRYPTPROV*" Name="phCryptProv" />
            <Param Type="LPTSTR*" Name="ppwszTmpContainer" />
            <Return Type="BOOL" />
        </Api>
        <Api Name="PvkPrivateKeySave">
            <Param Type="HCRYPTPROV" Name="hCryptProv" />
            <Param Type="HANDLE" Name="hFile" />
            <Param Type="DWORD" Name="dwKeySpec" />
            <Param Type="HWND" Name="hwndOwner" />
            <Param Type="LPCWSTR" Name="pwszKeyName" />
            <Param Type="DWORD" Name="dwFlags" />
            <Return Type="BOOL" />
        </Api>
    </Module>
</ApiMonitor>