<!--
    API Monitor Definitions
    (c) 2010-2012, Rohitab Batra <rohitab@rohitab.com>
    http://www.rohitab.com/apimonitor/
-->
<ApiMonitor>
    <Include Filename="Headers\windows.h.xml" />
    <Include Filename="Headers\sockets.h.xml" />
    
    <Module Name="Mswsock.dll" CallingConvention="STDCALL" ErrorFunc="GetLastError" OnlineHelp="MSDN">
        
        <!-- Variables -->
        <Variable Name="LPSERVICE_CALLBACK_PROC" Type="Alias" Base="LPVOID" />

        <!-- [SERVICE_ADDRESS_FLAG] -->
        <Variable Name="[SERVICE_ADDRESS_FLAG]" Type="Alias" Base="DWORD">
            <Display Name="DWORD" />
            <Flag>
                <Set Name="SERVICE_ADDRESS_FLAG_RPC_CN"     Value="0x00000001" />
                <Set Name="SERVICE_ADDRESS_FLAG_RPC_DG"     Value="0x00000002" />
                <Set Name="SERVICE_ADDRESS_FLAG_RPC_NB"     Value="0x00000004" />
            </Flag>
        </Variable>

        <!-- SERVICE_ADDRESS -->
        <Variable Name="SERVICE_ADDRESS" Type="Struct">
            <Field Type="[AddressFamily]"           Name="dwAddressType" Display="DWORD" />
            <Field Type="[SERVICE_ADDRESS_FLAG]"    Name="dwAddressFlags" />
            <Field Type="DWORD"                     Name="dwAddressLength" />
            <Field Type="DWORD"                     Name="dwPrincipalLength" />
            <Field Type="BYTE*"                     Name="lpAddress" Length="dwAddressLength" />
            <Field Type="BYTE*"                     Name="lpPrincipal" Length="dwPrincipalLength" />
        </Variable>
        <Variable Name="SERVICE_ADDRESS [1]" Type="Array" Base="SERVICE_ADDRESS" Count="1" />

        <!-- SERVICE_ADDRESSES -->
        <Variable Name="SERVICE_ADDRESSES" Type="Struct">
            <Field Type="DWORD"                 Name="dwAddressCount" />
            <Field Type="SERVICE_ADDRESS [1]"   Name="Addresses" Count="dwAddressCount" />
        </Variable>
        <Variable Name="LPSERVICE_ADDRESSES" Type="Pointer" Base="SERVICE_ADDRESSES" />

        <!-- SERVICE_ASYNC_INFO -->
        <Variable Name="SERVICE_ASYNC_INFO" Type="Struct">
            <Field Type="LPSERVICE_CALLBACK_PROC"   Name="lpServiceCallbackProc" />
            <Field Type="LPARAM"                    Name="lParam" />
            <Field Type="HANDLE"                    Name="hAsyncTaskHandle" />
        </Variable>
        <Variable Name="LPSERVICE_ASYNC_INFO" Type="Pointer" Base="SERVICE_ASYNC_INFO" />

        <!-- SERVICE_INFO -->
        <Variable Name="SERVICE_INFO" Type="Struct">
            <Field Type="LPGUID"                Name="lpServiceType" />
            <Field Type="LPTSTR"                Name="lpServiceName" />
            <Field Type="LPTSTR"                Name="lpComment" />
            <Field Type="LPTSTR"                Name="lpLocale" />
            <Field Type="DWORD"                 Name="dwDisplayHint" />
            <Field Type="DWORD"                 Name="dwVersion" />
            <Field Type="DWORD"                 Name="dwTime" />
            <Field Type="LPTSTR"                Name="lpMachineName" />
            <Field Type="LPSERVICE_ADDRESSES"   Name="lpServiceAddress" />
            <Field Type="BLOB"                  Name="ServiceSpecificInfo" />
        </Variable>
        <Variable Name="LPSERVICE_INFO" Type="Pointer" Base="SERVICE_INFO" />

        <!-- TRANSMIT_FILE_BUFFERS -->
        <Variable Name="TRANSMIT_FILE_BUFFERS" Type="Struct">
            <Field Type="LPVOID"    Name="Head" />
            <Field Type="DWORD"     Name="HeadLength" />
            <Field Type="LPVOID"    Name="Tail" />
            <Field Type="DWORD"     Name="TailLength" />
        </Variable>
        <Variable Name="LPTRANSMIT_FILE_BUFFERS" Type="Pointer" Base="TRANSMIT_FILE_BUFFERS" />

        <!-- RIO_CQ -->
        <Variable Name="RIO_CQ" Type="Alias" Base="LPVOID">
            <Enum>
                <Set Name="RIO_INVALID_CQ" Value="0" />
            </Enum>
            <Success Return="NotEqual" Value="0" />
        </Variable>

        <!-- RIO_RQ -->
        <Variable Name="RIO_RQ" Type="Alias" Base="LPVOID">
            <Enum>
                <Set Name="RIO_INVALID_RQ" Value="0" />
            </Enum>
            <Success Return="NotEqual" Value="0" />
        </Variable>

        <!-- RIO_BUFFERID -->
        <Variable Name="RIO_BUFFERID" Type="Alias" Base="LPVOID">
            <Enum>
                <Set Name="RIO_INVALID_BUFFERID" Value="0" />
            </Enum>
            <Success Return="NotEqual" Value="0xFFFFFFFF" />
        </Variable>

        <!-- RIORESULT -->
        <Variable Name="RIORESULT" Type="Struct">
            <Field Type="LONG"          Name="Status" />
            <Field Type="ULONG"         Name="BytesTransferred" />
            <Field Type="ULONGLONG"     Name="SocketContext" />
            <Field Type="ULONGLONG"     Name="RequestContext" />
        </Variable>
        <Variable Name="PRIORESULT" Type="Pointer" Base="RIORESULT" />

        <!-- RIO_BUF -->
        <Variable Name="RIO_BUF" Type="Struct">
            <Field Type="RIO_BUFFERID"      Name="BufferId" />
            <Field Type="ULONG"             Name="Offset" />
            <Field Type="ULONG"             Name="Length" />
        </Variable>
        <Variable Name="PRIO_BUF" Type="Pointer" Base="RIO_BUF" />

        <!-- RIO_NOTIFICATION_COMPLETION_TYPE -->
        <Variable Name="RIO_NOTIFICATION_COMPLETION_TYPE" Type="Alias" Base="UINT">
            <Enum>
                <Set Name="RIO_EVENT_COMPLETION"    Value="1" />
                <Set Name="RIO_IOCP_COMPLETION"     Value="2" />
            </Enum>
        </Variable>

        <!-- [RIO_NOTIFICATION_COMPLETION_s1] -->
        <Variable Name="[RIO_NOTIFICATION_COMPLETION_s1]" Type="Struct">
            <Display Name="struct" />
            <Field Type="HANDLE"    Name="EventHandle" />
            <Field Type="BOOL"      Name="NotifyReset" />
        </Variable>

        <!-- [RIO_NOTIFICATION_COMPLETION_s2] -->
        <Variable Name="[RIO_NOTIFICATION_COMPLETION_s2]" Type="Struct">
            <Display Name="struct" />
            <Field Type="HANDLE"    Name="IocpHandle" />
            <Field Type="PVOID"     Name="CompletionKey" />
            <Field Type="PVOID"     Name="Overlapped" />
        </Variable>

        <!-- [RIO_NOTIFICATION_COMPLETION_u] -->
        <Variable Name="[RIO_NOTIFICATION_COMPLETION_u]" Type="Union">
            <Display Name="union" />
            <Field Type="[RIO_NOTIFICATION_COMPLETION_s1]"      Name="Event" />
            <Field Type="[RIO_NOTIFICATION_COMPLETION_s2]"      Name="Iocp" />
        </Variable>

        <!-- RIO_NOTIFICATION_COMPLETION -->
        <Variable Name="RIO_NOTIFICATION_COMPLETION" Type="Struct">
            <Field Type="RIO_NOTIFICATION_COMPLETION_TYPE"      Name="Type" />
            <Field Type="[RIO_NOTIFICATION_COMPLETION_u]"       Name="" />
        </Variable>
        <Variable Name="RIO_NOTIFICATION_COMPLETION*" Type="Pointer" Base="RIO_NOTIFICATION_COMPLETION" />

        <!-- Windows Sockets 2 -->
        <Category Name="Networking/Windows Sockets 2" />
        <Api Name="EnumProtocols" BothCharset="True">
            <Param Type="LPINT" Name="lpiProtocols" />
            <Param Type="LPVOID" Name="lpProtocolBuffer" />
            <Param Type="LPDWORD" Name="lpdwBufferLength" />
            <Return Type="[SocketCode-INT]" />
            <Success Return="NotEqual" Value="-1" />
        </Api>
        <Api Name="GetAcceptExSockaddrs">
            <Param Type="PVOID" Name="lpOutputBuffer" />
            <Param Type="DWORD" Name="dwReceiveDataLength" />
            <Param Type="DWORD" Name="dwLocalAddressLength" />
            <Param Type="DWORD" Name="dwRemoteAddressLength" />
            <Param Type="LPSOCKADDR*" Name="LocalSockaddr" />
            <Param Type="LPINT" Name="LocalSockaddrLength" />
            <Param Type="LPSOCKADDR*" Name="RemoteSockaddr" />
            <Param Type="LPINT" Name="RemoteSockaddrLength" />
            <Return Type="void" />
        </Api>
        <Api Name="AcceptEx">
            <Param Type="SOCKET" Name="sListenSocket" />
            <Param Type="SOCKET" Name="sAcceptSocket" />
            <Param Type="PVOID" Name="lpOutputBuffer" />
            <Param Type="DWORD" Name="dwReceiveDataLength" />
            <Param Type="DWORD" Name="dwLocalAddressLength" />
            <Param Type="DWORD" Name="dwRemoteAddressLength" />
            <Param Type="LPDWORD" Name="lpdwBytesReceived" />
            <Param Type="LPOVERLAPPED" Name="lpOverlapped" />
            <Return Type="BOOL" />
        </Api>
        <Api Name="GetAddressByName" BothCharset="True">
            <Param Type="[NameSpaceFlags]" Name="dwNameSpace" />
            <Param Type="LPGUID" Name="lpServiceType" />
            <Param Type="LPTSTR" Name="lpServiceName" />
            <Param Type="LPINT" Name="lpiProtocols" />
            <Param Type="[ResolutionFlags]" Name="dwResolution" />
            <Param Type="LPSERVICE_ASYNC_INFO" Name="lpServiceAsyncInfo" />
            <Param Type="LPVOID" Name="lpCsaddrBuffer" />
            <Param Type="LPDWORD" Name="lpdwBufferLength" />
            <Param Type="LPTSTR" Name="lpAliasBuffer" />
            <Param Type="LPDWORD" Name="lpdwAliasBufferLength" />
            <Return Type="INT" />
            <Success Return="NotEqual" Value="-1" />
        </Api>
        <Api Name="GetNameByType" BothCharset="True">
            <Param Type="LPGUID" Name="lpServiceType" />
            <Param Type="LPTSTR" Name="lpServiceName" />
            <Param Type="DWORD" Name="dwNameLength" />
            <Return Type="[SocketCode-INT]" />
            <Success Return="NotEqual" Value="-1" />
        </Api>
        <Api Name="GetService" BothCharset="True">
            <Param Type="[NameSpaceFlags]" Name="dwNameSpace" />
            <Param Type="PGUID" Name="lpGuid" />
            <Param Type="LPTSTR" Name="lpServiceName" />
            <Param Type="[GetService_Props]" Name="dwProperties" />
            <Param Type="LPVOID" Name="lpBuffer" />
            <Param Type="LPDWORD" Name="lpdwBufferSize" />
            <Param Type="LPSERVICE_ASYNC_INFO" Name="lpServiceAsyncInfo" />
            <Return Type="[SocketCode-INT]" />
            <Success Return="NotEqual" Value="-1" />
        </Api>
        <Api Name="GetTypeByName" BothCharset="True">
            <Param Type="LPTSTR" Name="lpServiceName" />
            <Param Type="PGUID" Name="lpServiceType" />
            <Return Type="[SocketCode-INT]" />
            <Success Return="NotEqual" Value="-1" />
        </Api>
        <Api Name="SetService" BothCharset="True">
            <Param Type="[NameSpaceFlags]" Name="dwNameSpace" />
            <Param Type="[SetService_Operation]" Name="dwOperation" />
            <Param Type="[SetService_Flags]" Name="dwFlags" />
            <Param Type="LPSERVICE_INFO" Name="lpServiceInfo" />
            <Param Type="LPSERVICE_ASYNC_INFO" Name="lpServiceAsyncInfo" />
            <Param Type="[SetService_FlagsOut*]" Name="lpdwStatusFlags" />
            <Return Type="[SocketCode-INT]" />
            <Success Return="NotEqual" Value="-1" />
        </Api>
        <Api Name="TransmitFile">
            <Param Type="SOCKET" Name="hSocket" />
            <Param Type="HANDLE" Name="hFile" />
            <Param Type="DWORD" Name="nNumberOfBytesToWrite" />
            <Param Type="DWORD" Name="nNumberOfBytesPerSend" />
            <Param Type="LPOVERLAPPED" Name="lpOverlapped" />
            <Param Type="LPTRANSMIT_FILE_BUFFERS" Name="lpTransmitBuffers" />
            <Param Type="[TransmitFile_Flags]" Name="dwFlags" />
            <Return Type="BOOL" />
        </Api>
        <Api Name="WSARecvEx">
            <Param Type="SOCKET" Name="s" />
            <Param Type="char*" Name="buf" />
            <Param Type="int" Name="len" />
            <Param Type="int*" Name="flags" />
            <Return Type="[SocketCode-int]" />
            <Success Return="NotEqual" Value="-1" />
        </Api>

        <!-- Registered IO -->
        <Category Name="Networking/Windows Sockets 2/Registered //IO" />
        <Api Name="RIOCloseCompletionQueue">
            <Param Type="RIO_CQ" Name="CQ" />
            <Return Type="VOID" />
        </Api>
        <Api Name="RIOCreateCompletionQueue">
            <Param Type="DWORD" Name="QueueSize" />
            <!-- TODO: Check Data Type for NotificationCompletion -->
            <Param Type="RIO_NOTIFICATION_COMPLETION*" Name="NotificationCompletion" />
            <Return Type="RIO_CQ" />
        </Api>
        <Api Name="RIOCreateRequestQueue">
            <Param Type="SOCKET" Name="Socket" />
            <Param Type="ULONG" Name="MaxOutstandingReceive" />
            <Param Type="ULONG" Name="MaxReceiveDataBuffers" />
            <Param Type="ULONG" Name="MaxOutstandingSend" />
            <Param Type="ULONG" Name="MaxSendDataBuffers" />
            <Param Type="RIO_CQ" Name="ReceiveCQ" />
            <Param Type="RIO_CQ" Name="SendCQ" />
            <Param Type="PVOID" Name="SocketContext" />
            <Return Type="RIO_RQ" />
        </Api>
        <Api Name="RIODequeueCompletion">
            <Param Type="RIO_CQ" Name="CQ" />
            <Param Type="PRIORESULT" Name="Array" PostLength="ArraySize" />
            <Param Type="ULONG" Name="ArraySize" />
            <Return Type="ULONG" />
            <Success Return="NotEqual" Value="0xFFFFFFFF" />
        </Api>
        <Api Name="RIODeregisterBuffer">
            <Param Type="RIO_BUFFERID" Name="BufferId" />
            <Return Type="VOID" />
        </Api>
        <Api Name="RIONotify">
            <Param Type="RIO_CQ" Name="CQ" />
            <Return Type="[ERROR_CODE]" Display="INT" />
        </Api>
        <Api Name="RIOReceive">
            <Param Type="RIO_RQ" Name="SocketQueue" />
            <Param Type="PRIO_BUF" Name="pData" />
            <Param Type="ULONG" Name="DataBufferCount" />
            <Param Type="DWORD" Name="Flags" />
            <Param Type="PVOID" Name="RequestContext" />
            <Return Type="BOOL" />
        </Api>
        <Api Name="RIOReceiveEx">
            <Param Type="RIO_RQ" Name="SocketQueue" />
            <Param Type="PRIO_BUF" Name="pData" />
            <Param Type="ULONG" Name="DataBufferCount" />
            <Param Type="PRIO_BUF" Name="pLocalAddress" />
            <Param Type="PRIO_BUF" Name="pRemoteAddress" />
            <Param Type="PRIO_BUF" Name="pControlContext" />
            <Param Type="PRIO_BUF" Name="pFlags" />
            <Param Type="DWORD" Name="Flags" />
            <Param Type="PVOID" Name="RequestContext" />
            <Return Type="BOOL" />
        </Api>
        <Api Name="RIORegisterBuffer">
            <Param Type="LPVOID" Display="PCHAR" Name="DataBuffer" Length="DataLength" />
            <Param Type="DWORD" Name="DataLength" />
            <Return Type="RIO_BUFFERID" />
        </Api>
        <Api Name="RIOResizeCompletionQueue">
            <Param Type="RIO_CQ" Name="CQ" />
            <Param Type="DWORD" Name="QueueSize" />
            <Return Type="BOOL" />
        </Api>
        <Api Name="RIOResizeRequestQueue">
            <Param Type="RIO_RQ" Name="RQ" />
            <Param Type="DWORD" Name="MaxOutstandingReceive" />
            <Param Type="DWORD" Name="MaxOutstandingSend" />
            <Return Type="BOOL" />
        </Api>
        <Api Name="RIOSend">
            <Param Type="RIO_RQ" Name="SocketQueue" />
            <Param Type="PRIO_BUF" Name="pData" />
            <Param Type="ULONG" Name="DataBufferCount" />
            <Param Type="DWORD" Name="Flags" />
            <Param Type="PVOID" Name="RequestContext" />
            <Return Type="BOOL" />
        </Api>
        <Api Name="RIOSendEx">
            <Param Type="RIO_RQ" Name="SocketQueue" />
            <Param Type="PRIO_BUF" Name="pData" />
            <Param Type="ULONG" Name="DataBufferCount" />
            <Param Type="PRIO_BUF" Name="pLocalAddress" />
            <Param Type="PRIO_BUF" Name="pRemoteAddress" />
            <Param Type="PRIO_BUF" Name="pControlContext" />
            <Param Type="PRIO_BUF" Name="pFlags" />
            <Param Type="DWORD" Name="Flags" />
            <Param Type="PVOID" Name="RequestContext" />
            <Return Type="BOOL" />
        </Api>

    </Module>
</ApiMonitor>