<!--
    API Monitor Definitions
    (c) 2010-2012, Rohitab Batra <rohitab@rohitab.com>
    http://www.rohitab.com/apimonitor/
-->
<ApiMonitor>
    <Include Filename="Headers\windows.h.xml" />
    <Include Filename="Headers\cryptography.h.xml" />
    <Include Filename="Headers\security.h.xml" />
    <Module Name="NCrypt.dll" CallingConvention="STDCALL" ErrorFunc="HRESULT" OnlineHelp="MSDN">
        
        <!-- Variables -->
        <Variable Name="NCRYPT_HANDLE"                      Type="Alias"    Base="ULONG_PTR" />
        <Variable Name="NCRYPT_PROV_HANDLE"                 Type="Alias"    Base="ULONG_PTR" />
        <Variable Name="NCRYPT_PROV_HANDLE*"                Type="Pointer"  Base="NCRYPT_PROV_HANDLE" />
        <Variable Name="NCRYPT_SECRET_HANDLE"               Type="Alias"    Base="ULONG_PTR" />
        <Variable Name="NCRYPT_SECRET_HANDLE*"              Type="Pointer"  Base="NCRYPT_SECRET_HANDLE" />
        <Variable Name="NCRYPT_HASH_HANDLE"                 Type="Alias"    Base="ULONG_PTR" />
        <Variable Name="NCRYPT_HASH_HANDLE*"                Type="Pointer"  Base="NCRYPT_HASH_HANDLE" />
        <Variable Name="NCryptBufferDesc"                   Type="Alias"    Base="BCryptBufferDesc" />
        <Variable Name="NCryptBufferDesc*"                  Type="Pointer"  Base="NCryptBufferDesc" />
        <Variable Name="PNCryptBufferDesc"                  Type="Pointer"  Base="NCryptBufferDesc" />
        <Variable Name="NCRYPT_DESCRIPTOR_HANDLE"           Type="Alias"    Base="HANDLE" />
        <Variable Name="NCRYPT_DESCRIPTOR_HANDLE*"          Type="Pointer"  Base="NCRYPT_DESCRIPTOR_HANDLE" />
        <Variable Name="PFN_NCRYPT_ALLOC"                   Type="Alias"    Base="LPVOID" />
        <Variable Name="PFN_NCRYPT_FREE"                    Type="Alias"    Base="LPVOID" />
        <Variable Name="NCRYPT_STREAM_HANDLE"               Type="Alias"    Base="HANDLE" />
        <Variable Name="NCRYPT_STREAM_HANDLE*"              Type="Pointer"  Base="NCRYPT_STREAM_HANDLE" />
        <Variable Name="PFNCryptStreamOutputCallback"       Type="Alias"    Base="LPVOID" />

        <!-- TODO: Structures (No Definitions in current SDK) -->
        <Variable Name="WCHAR[NCRYPT_SSL_MAX_NAME_SIZE]"    Type="Alias"    Base="WCHAR*" />
        <Variable Name="NCRYPT_SSL_CIPHER_SUITE*"           Type="Alias"    Base="LPVOID" />
        <Variable Name="NCRYPT_SSL_CIPHER_SUITE**"          Type="Pointer"  Base="NCRYPT_SSL_CIPHER_SUITE*" />
        <Variable Name="NCRYPT_SSL_CIPHER_LENGTHS*"         Type="Alias"    Base="LPVOID" />

        <!-- NCryptAlgorithmName -->
        <Variable Name="NCryptAlgorithmName" Type="Struct">
            <Field Type="LPWSTR"  	Name="pszName" />
            <Field Type="DWORD"   	Name="dwClass" />
            <Field Type="DWORD"   	Name="dwAlgOperations" />
            <Field Type="DWORD"   	Name="dwFlags" />
        </Variable>
        <Variable Name="NCryptAlgorithmName*"  Type="Pointer"  Base="NCryptAlgorithmName" />
        <Variable Name="NCryptAlgorithmName**" Type="Pointer"  Base="NCryptAlgorithmName*" />

        <!-- NCryptKeyName -->
        <Variable Name="NCryptKeyName" Type="Struct">
            <Field Type="LPWSTR"  	Name="pszName" />
            <Field Type="LPWSTR"  	Name="pszAlgid" />
            <Field Type="DWORD"   	Name="dwLegacyKeySpec" />
            <Field Type="DWORD"   	Name="dwFlags" />
        </Variable>
        <Variable Name="NCryptKeyName*"  Type="Pointer"  Base="NCryptKeyName" />
        <Variable Name="NCryptKeyName**" Type="Pointer"  Base="NCryptKeyName*" />

        <!-- NCryptProviderName -->
        <Variable Name="NCryptProviderName" Type="Struct">
            <Field Type="LPWSTR"  	Name="pszName" />
            <Field Type="LPWSTR"  	Name="pszComment" />
        </Variable>
        <Variable Name="NCryptProviderName*"  Type="Pointer"  Base="NCryptProviderName" />
        <Variable Name="NCryptProviderName**" Type="Pointer"  Base="NCryptProviderName*" />

        <!-- [SslContentType] -->
        <Variable Name="[SslContentType]" Type="Alias" Base="DWORD">
            <Display Name="DWORD" />
            <Enum>
                <Set Name="CT_CHANGE_CIPHER_SPEC"   Value="20" />
                <Set Name="CT_ALERT"                Value="21" />
                <Set Name="CT_HANDSHAKE"            Value="22" />
                <Set Name="CT_APPLICATIONDATA"      Value="23" />
            </Enum>
        </Variable>

        <!-- NCRYPT_ALLOC_PARA -->
        <Variable Name="NCRYPT_ALLOC_PARA" Type="Struct">
            <Field Type="DWORD"                 Name="cbSize" />
            <Field Type="PFN_NCRYPT_ALLOC"      Name="pfnAlloc" />
            <Field Type="PFN_NCRYPT_FREE"       Name="pfnFree" />
        </Variable>
        <Variable Name="const NCRYPT_ALLOC_PARA*" Type="Pointer" Base="NCRYPT_ALLOC_PARA" />

        <!-- NCRYPT_PROTECT_STREAM_INFO -->
        <Variable Name="NCRYPT_PROTECT_STREAM_INFO" Type="Struct">
            <Field Type="PFNCryptStreamOutputCallback"      Name="pfnStreamOutput" />
            <Field Type="void*"                             Name="pvCallbackCtxt" />
        </Variable>
        <Variable Name="NCRYPT_PROTECT_STREAM_INFO*" Type="Pointer" Base="NCRYPT_PROTECT_STREAM_INFO" />

        <!-- Key Storage -->
        <Category Name="Security and Identity/Cryptography API: Next Generation (CNG)/Key Storage" />
        <Api Name="NCryptCreatePersistedKey">
            <Param Type="NCRYPT_PROV_HANDLE" Name="hProvider" />
            <Param Type="NCRYPT_KEY_HANDLE*" Name="phKey" />
            <Param Type="LPCWSTR" Name="pszAlgId" />
            <Param Type="LPCWSTR" Name="pszKeyName" />
            <Param Type="DWORD" Name="dwLegacyKeySpec" />
            <Param Type="DWORD" Name="dwFlags" />
            <Return Type="SECURITY_STATUS" />
        </Api>
        <Api Name="NCryptDecrypt">
            <Param Type="NCRYPT_KEY_HANDLE" Name="hKey" />
            <Param Type="PBYTE" Name="pbInput" Length="cbInput" />
            <Param Type="DWORD" Name="cbInput" />
            <Param Type="VOID*" Name="pPaddingInfo" />
            <Param Type="PBYTE" Name="pbOutput" PostLength="pcbResult" />
            <Param Type="DWORD" Name="cbOutput" />
            <Param Type="DWORD*" Name="pcbResult" />
            <Param Type="DWORD" Name="dwFlags" />
            <Return Type="SECURITY_STATUS" />
        </Api>
        <Api Name="NCryptDeleteKey">
            <Param Type="NCRYPT_KEY_HANDLE" Name="hKey" />
            <Param Type="DWORD" Name="dwFlags" />
            <Return Type="SECURITY_STATUS" />
        </Api>
        <Api Name="NCryptDeriveKey">
            <Param Type="NCRYPT_SECRET_HANDLE" Name="hSharedSecret" />
            <Param Type="LPCWSTR" Name="pwszKDF" />
            <Param Type="NCryptBufferDesc*" Name="pParameterList" />
            <Param Type="PBYTE" Name="pbDerivedKey" PostLength="pcbResult" />
            <Param Type="DWORD" Name="cbDerivedKey" />
            <Param Type="DWORD*" Name="pcbResult" />
            <Param Type="ULONG" Name="dwFlags" />
            <Return Type="SECURITY_STATUS" />
        </Api>
        <Api Name="NCryptEncrypt">
            <Param Type="NCRYPT_KEY_HANDLE" Name="hKey" />
            <Param Type="PBYTE" Name="pbInput" Length="cbInput" />
            <Param Type="DWORD" Name="cbInput" />
            <Param Type="VOID*" Name="pPaddingInfo" />
            <Param Type="PBYTE" Name="pbOutput" PostLength="pcbResult" />
            <Param Type="DWORD" Name="cbOutput" />
            <Param Type="DWORD*" Name="pcbResult" />
            <Param Type="DWORD" Name="dwFlags" />
            <Return Type="SECURITY_STATUS" />
        </Api>
        <Api Name="NCryptEnumAlgorithms">
            <Param Type="NCRYPT_PROV_HANDLE" Name="hProvider" />
            <Param Type="DWORD" Name="dwAlgOperations" />
            <Param Type="DWORD*" Name="pdwAlgCount" />
            <Param Type="NCryptAlgorithmName**" Name="ppAlgList" />
            <Param Type="DWORD" Name="dwFlags" />
            <Return Type="SECURITY_STATUS" />
        </Api>
        <Api Name="NCryptEnumKeys">
            <Param Type="NCRYPT_PROV_HANDLE" Name="hProvider" />
            <Param Type="LPCWSTR" Name="pszScope" />
            <Param Type="NCryptKeyName**" Name="ppKeyName" />
            <Param Type="PVOID*" Name="ppEnumState" />
            <Param Type="DWORD" Name="dwFlags" />
            <Return Type="SECURITY_STATUS" />
        </Api>
        <Api Name="NCryptEnumStorageProviders">
            <Param Type="DWORD*" Name="pdwProviderCount" />
            <Param Type="NCryptProviderName**" Name="ppProviderList" />
            <Param Type="DWORD" Name="dwFlags" />
            <Return Type="SECURITY_STATUS" />
        </Api>
        <Api Name="NCryptExportKey">
            <Param Type="NCRYPT_KEY_HANDLE" Name="hKey" />
            <Param Type="NCRYPT_KEY_HANDLE" Name="hExportKey" />
            <Param Type="LPCWSTR" Name="pszBlobType" />
            <Param Type="NCryptBufferDesc*" Name="pParameterList" />
            <Param Type="PBYTE" Name="pbOutput" PostLength="pcbResult" />
            <Param Type="DWORD" Name="cbOutput" />
            <Param Type="DWORD*" Name="pcbResult" />
            <Param Type="DWORD" Name="dwFlags" />
            <Return Type="SECURITY_STATUS" />
        </Api>
        <Api Name="NCryptFinalizeKey">
            <Param Type="NCRYPT_KEY_HANDLE" Name="hKey" />
            <Param Type="DWORD" Name="dwFlags" />
            <Return Type="SECURITY_STATUS" />
        </Api>
        <Api Name="NCryptFreeBuffer">
            <Param Type="PVOID" Name="pvInput" />
            <Return Type="SECURITY_STATUS" />
        </Api>
        <Api Name="NCryptFreeObject">
            <Param Type="NCRYPT_HANDLE" Name="hObject" />
            <Return Type="SECURITY_STATUS" />
        </Api>
        <Api Name="NCryptGetProperty">
            <Param Type="NCRYPT_HANDLE" Name="hObject" />
            <Param Type="LPCWSTR" Name="pszProperty" />
            <Param Type="PBYTE" Name="pbOutput" PostLength="pcbResult" />
            <Param Type="DWORD" Name="cbOutput" />
            <Param Type="DWORD*" Name="pcbResult" />
            <Param Type="DWORD" Name="dwFlags" />
            <Return Type="SECURITY_STATUS" />
        </Api>
        <Api Name="NCryptImportKey">
            <Param Type="NCRYPT_PROV_HANDLE" Name="hProvider" />
            <Param Type="NCRYPT_KEY_HANDLE" Name="hImportKey" />
            <Param Type="LPCWSTR" Name="pszBlobType" />
            <Param Type="NCryptBufferDesc*" Name="pParameterList" />
            <Param Type="NCRYPT_KEY_HANDLE*" Name="phKey" />
            <Param Type="PBYTE" Name="pbData" Length="cbData" />
            <Param Type="DWORD" Name="cbData" />
            <Param Type="DWORD" Name="dwFlags" />
            <Return Type="SECURITY_STATUS" />
        </Api>
        <Api Name="NCryptIsAlgSupported">
            <Param Type="NCRYPT_PROV_HANDLE" Name="hProvider" />
            <Param Type="LPCWSTR" Name="pszAlgId" />
            <Param Type="DWORD" Name="dwFlags" />
            <Return Type="SECURITY_STATUS" />
        </Api>
        <Api Name="NCryptIsKeyHandle">
            <Param Type="NCRYPT_KEY_HANDLE" Name="hKey" />
            <Return Type="BOOL" />
        </Api>
        <Api Name="NCryptKeyDerivation">
            <Param Type="NCRYPT_KEY_HANDLE" Name="hKey" />
            <Param Type="NCryptBufferDesc*" Name="pParameterList" />
            <Param Type="PUCHAR" Name="pbDerivedKey" />
            <Param Type="DWORD" Name="cbDerivedKey" />
            <Param Type="DWORD*" Name="pcbResult" />
            <Param Type="ULONG" Name="dwFlags" />
            <Return Type="SECURITY_STATUS" />
        </Api>
        <Api Name="NCryptNotifyChangeKey">
            <Param Type="NCRYPT_PROV_HANDLE" Name="hProvider" />
            <Param Type="HANDLE*" Name="phEvent" />
            <Param Type="DWORD" Name="dwFlags" />
            <Return Type="SECURITY_STATUS" />
        </Api>
        <Api Name="NCryptOpenKey">
            <Param Type="NCRYPT_PROV_HANDLE" Name="hProvider" />
            <Param Type="NCRYPT_KEY_HANDLE*" Name="phKey" />
            <Param Type="LPCWSTR" Name="pszKeyName" />
            <Param Type="DWORD" Name="dwLegacyKeySpec" />
            <Param Type="DWORD" Name="dwFlags" />
            <Return Type="SECURITY_STATUS" />
        </Api>
        <Api Name="NCryptOpenStorageProvider">
            <Param Type="NCRYPT_PROV_HANDLE*" Name="phProvider" />
            <Param Type="LPCWSTR" Name="pszProviderName" />
            <Param Type="DWORD" Name="dwFlags" />
            <Return Type="SECURITY_STATUS" />
        </Api>
        <Api Name="NCryptSecretAgreement">
            <Param Type="NCRYPT_KEY_HANDLE" Name="hPrivKey" />
            <Param Type="NCRYPT_KEY_HANDLE" Name="hPubKey" />
            <Param Type="NCRYPT_SECRET_HANDLE*" Name="phSecret" />
            <Param Type="DWORD" Name="dwFlags" />
            <Return Type="SECURITY_STATUS" />
        </Api>
        <Api Name="NCryptSetProperty">
            <Param Type="NCRYPT_HANDLE" Name="hObject" />
            <Param Type="LPCWSTR" Name="pszProperty" />
            <Param Type="PBYTE" Name="pbInput" Length="cbInput" />
            <Param Type="DWORD" Name="cbInput" />
            <Param Type="DWORD" Name="dwFlags" />
            <Return Type="SECURITY_STATUS" />
        </Api>
        <Api Name="NCryptSignHash">
            <Param Type="NCRYPT_KEY_HANDLE" Name="hKey" />
            <Param Type="VOID*" Name="pPaddingInfo" />
            <Param Type="PBYTE" Name="pbHashValue" Length="cbHashValue" />
            <Param Type="DWORD" Name="cbHashValue" />
            <Param Type="PBYTE" Name="pbSignature" PostLength="pcbResult" />
            <Param Type="DWORD" Name="cbSignature" />
            <Param Type="DWORD*" Name="pcbResult" />
            <Param Type="DWORD" Name="dwFlags" />
            <Return Type="SECURITY_STATUS" />
        </Api>
        <Api Name="NCryptTranslateHandle">
            <Param Type="NCRYPT_PROV_HANDLE*" Name="phProvider" />
            <Param Type="NCRYPT_KEY_HANDLE*" Name="phKey" />
            <Param Type="HCRYPTPROV" Name="hLegacyProv" />
            <Param Type="HCRYPTKEY" Name="hLegacyKey" />
            <Param Type="DWORD" Name="dwLegacyKeySpec" />
            <Param Type="DWORD" Name="dwFlags" />
            <Return Type="SECURITY_STATUS" />
        </Api>
        <Api Name="NCryptVerifySignature">
            <Param Type="NCRYPT_KEY_HANDLE" Name="hKey" />
            <Param Type="VOID*" Name="pPaddingInfo" />
            <Param Type="PBYTE" Name="pbHashValue" Length="cbHashValue" />
            <Param Type="DWORD" Name="cbHashValue" />
            <Param Type="PBYTE" Name="pbSignature" Length="cbSignature" />
            <Param Type="DWORD" Name="cbSignature" />
            <Param Type="DWORD" Name="dwFlags" />
            <Return Type="SECURITY_STATUS" />
        </Api>

        <!-- SSL Provider -->
        <Category Name="Security and Identity/Cryptography API: Next Generation (CNG)/SSL Provider" />
        <Api Name="SslChangeNotify">
            <Param Type="HANDLE" Name="hEvent" />
            <Param Type="DWORD" Name="dwFlags" />
            <Return Type="SECURITY_STATUS" />
        </Api>
        <Api Name="SslComputeClientAuthHash">
            <Param Type="NCRYPT_PROV_HANDLE" Name="hSslProvider" />
            <Param Type="NCRYPT_KEY_HANDLE" Name="hMasterKey" />
            <Param Type="NCRYPT_HASH_HANDLE" Name="hHandshakeHash" />
            <Param Type="LPCWSTR" Name="pszAlgId" />
            <Param Type="PBYTE" Name="pbOutput" PostLength="pcbResult" />
            <Param Type="DWORD" Name="cbOutput" />
            <Param Type="DWORD*" Name="pcbResult" />
            <Param Type="DWORD" Name="dwFlags" />
            <Return Type="SECURITY_STATUS" />
        </Api>
        <Api Name="SslComputeEapKeyBlock">
            <Param Type="NCRYPT_PROV_HANDLE" Name="hSslProvider" />
            <Param Type="NCRYPT_KEY_HANDLE" Name="hMasterKey" />
            <Param Type="PBYTE" Name="pbRandoms" Length="cbRandoms" />
            <Param Type="DWORD" Name="cbRandoms" />
            <Param Type="PBYTE" Name="pbOutput" PostLength="pcbResult" />
            <Param Type="DWORD" Name="cbOutput" />
            <Param Type="DWORD*" Name="pcbResult" />
            <Param Type="DWORD" Name="dwFlags" />
            <Return Type="SECURITY_STATUS" />
        </Api>
        <Api Name="SslComputeFinishedHash">
            <Param Type="NCRYPT_PROV_HANDLE" Name="hSslProvider" />
            <Param Type="NCRYPT_KEY_HANDLE" Name="hMasterKey" />
            <Param Type="NCRYPT_HASH_HANDLE" Name="hHandshakeHash" />
            <Param Type="PBYTE" Name="pbOutput" Length="cbOutput" />
            <Param Type="DWORD" Name="cbOutput" />
            <Param Type="DWORD" Name="dwFlags" />
            <Return Type="SECURITY_STATUS" />
        </Api>
        <Api Name="SslCreateClientAuthHash">
            <Param Type="NCRYPT_PROV_HANDLE" Name="hSslProvider" />
            <Param Type="NCRYPT_HASH_HANDLE*" Name="phHandshakeHash" />
            <Param Type="DWORD" Name="dwProtocol" />
            <Param Type="DWORD" Name="dwCipherSuite" />
            <Param Type="LPCWSTR" Name="pszHashAlgId" />
            <Param Type="DWORD" Name="dwFlags" />
            <Return Type="SECURITY_STATUS" />
        </Api>
        <Api Name="SslCreateEphemeralKey">
            <Param Type="NCRYPT_PROV_HANDLE" Name="hSslProvider" />
            <Param Type="NCRYPT_KEY_HANDLE*" Name="phEphemeralKey" />
            <Param Type="DWORD" Name="dwProtocol" />
            <Param Type="DWORD" Name="dwCipherSuite" />
            <Param Type="DWORD" Name="dwKeyType" />
            <Param Type="DWORD" Name="dwKeyBitLen" />
            <Param Type="PBYTE" Name="pbParams" Length="cbParams" />
            <Param Type="DWORD" Name="cbParams" />
            <Param Type="DWORD" Name="dwFlags" />
            <Return Type="SECURITY_STATUS" />
        </Api>
        <Api Name="SslCreateHandshakeHash">
            <Param Type="NCRYPT_PROV_HANDLE" Name="hSslProvider" />
            <Param Type="NCRYPT_HASH_HANDLE*" Name="phHandshakeHash" />
            <Param Type="DWORD" Name="dwProtocol" />
            <Param Type="DWORD" Name="dwCipherSuite" />
            <Param Type="DWORD" Name="dwFlags" />
            <Return Type="SECURITY_STATUS" />
        </Api>
        <Api Name="SslDecrementProviderReferenceCount">
            <Param Type="NCRYPT_PROV_HANDLE" Name="hSslProvider" />
            <Return Type="SECURITY_STATUS" />
        </Api>
        <Api Name="SslDecryptPacket">
            <Param Type="NCRYPT_PROV_HANDLE" Name="hSslProvider" />
            <Param Type="NCRYPT_KEY_HANDLE" Name="hKey" />
            <Param Type="PBYTE" Name="pbInput" Length="cbInput" />
            <Param Type="DWORD" Name="cbInput" />
            <Param Type="PBYTE" Name="pbOutput" PostLength="pcbResult" />
            <Param Type="DWORD" Name="cbOutput" />
            <Param Type="DWORD*" Name="pcbResult" />
            <Param Type="ULONGLONG" Name="SequenceNumber" />
            <Param Type="DWORD" Name="dwFlags" />
            <Return Type="SECURITY_STATUS" />
        </Api>
        <Api Name="SslEncryptPacket">
            <Param Type="NCRYPT_PROV_HANDLE" Name="hSslProvider" />
            <Param Type="NCRYPT_KEY_HANDLE" Name="hKey" />
            <Param Type="PBYTE" Name="pbInput" Length="cbInput" />
            <Param Type="DWORD" Name="cbInput" />
            <Param Type="PBYTE" Name="pbOutput" PostLength="pcbResult" />
            <Param Type="DWORD" Name="cbOutput" />
            <Param Type="DWORD*" Name="pcbResult" />
            <Param Type="ULONGLONG" Name="SequenceNumber" />
            <Param Type="[SslContentType]" Name="dwContentType" />
            <Param Type="DWORD" Name="dwFlags" />
            <Return Type="SECURITY_STATUS" />
        </Api>
        <Api Name="SslEnumCipherSuites">
            <Param Type="NCRYPT_PROV_HANDLE" Name="hSslProvider" />
            <Param Type="NCRYPT_KEY_HANDLE" Name="hPrivateKey" />
            <Param Type="NCRYPT_SSL_CIPHER_SUITE**" Name="ppCipherSuite" />
            <Param Type="PVOID*" Name="ppEnumState" />
            <Param Type="DWORD" Name="dwFlags" />
            <Return Type="SECURITY_STATUS" />
        </Api>
        <Api Name="SslEnumProtocolProviders">
            <Param Type="DWORD*" Name="pdwProviderCount" />
            <Param Type="NCryptProviderName**" Name="ppProviderList" />
            <Param Type="DWORD" Name="dwFlags" />
            <Return Type="SECURITY_STATUS" />
        </Api>
        <Api Name="SslExportKey">
            <Param Type="NCRYPT_PROV_HANDLE" Name="hSslProvider" />
            <Param Type="NCRYPT_KEY_HANDLE" Name="hKey" />
            <Param Type="LPCWSTR" Name="pszBlobType" />
            <Param Type="PBYTE" Name="pbOutput" PostLength="pcbResult" />
            <Param Type="DWORD" Name="cbOutput" />
            <Param Type="DWORD*" Name="pcbResult" />
            <Param Type="DWORD" Name="dwFlags" />
            <Return Type="SECURITY_STATUS" />
        </Api>
        <Api Name="SslFreeBuffer">
            <Param Type="PVOID" Name="pvInput" />
            <Return Type="SECURITY_STATUS" />
        </Api>
        <Api Name="SslFreeObject">
            <Param Type="NCRYPT_HANDLE" Name="hObject" />
            <Param Type="DWORD" Name="dwFlags" />
            <Return Type="SECURITY_STATUS" />
        </Api>
        <Api Name="SslGenerateMasterKey">
            <Param Type="NCRYPT_PROV_HANDLE" Name="hSslProvider" />
            <Param Type="NCRYPT_KEY_HANDLE" Name="hPrivateKey" />
            <Param Type="NCRYPT_KEY_HANDLE" Name="hPublicKey" />
            <Param Type="NCRYPT_KEY_HANDLE*" Name="phMasterKey" />
            <Param Type="DWORD" Name="dwProtocol" />
            <Param Type="DWORD" Name="dwCipherSuite" />
            <Param Type="PNCryptBufferDesc" Name="pParameterList" />
            <Param Type="PBYTE" Name="pbOutput" PostLength="pcbResult" />
            <Param Type="DWORD" Name="cbOutput" />
            <Param Type="DWORD*" Name="pcbResult" />
            <Param Type="DWORD" Name="dwFlags" />
            <Return Type="SECURITY_STATUS" />
        </Api>
        <Api Name="SslGenerateSessionKeys">
            <Param Type="NCRYPT_PROV_HANDLE" Name="hSslProvider" />
            <Param Type="NCRYPT_KEY_HANDLE" Name="hMasterKey" />
            <Param Type="NCRYPT_KEY_HANDLE*" Name="phReadKey" />
            <Param Type="NCRYPT_KEY_HANDLE*" Name="phWriteKey" />
            <Param Type="PNCryptBufferDesc" Name="pParameterList" />
            <Param Type="DWORD" Name="dwFlags" />
            <Return Type="SECURITY_STATUS" />
        </Api>
        <Api Name="SslGetCipherSuitePRFHashAlgorithm">
            <Param Type="NCRYPT_PROV_HANDLE" Name="hSslProvider" />
            <Param Type="DWORD" Name="dwProtocol" />
            <Param Type="DWORD" Name="dwCipherSuite" />
            <Param Type="DWORD" Name="dwKeyType" />
            <Param Type="WCHAR[NCRYPT_SSL_MAX_NAME_SIZE]" Name="szPRFHash" />
            <Param Type="DWORD" Name="dwFlags" />
            <Return Type="SECURITY_STATUS" />
        </Api>
        <Api Name="SslGetKeyProperty">
            <Param Type="NCRYPT_KEY_HANDLE" Name="hKey" />
            <Param Type="LPCWSTR" Name="pszProperty" />
            <Param Type="PBYTE" Name="ppbOutput" PostLength="pcbOutput" />
            <Param Type="DWORD*" Name="pcbOutput" />
            <Param Type="DWORD" Name="dwFlags" />
            <Return Type="SECURITY_STATUS" />
        </Api>
        <Api Name="SslGetProviderProperty">
            <Param Type="NCRYPT_PROV_HANDLE" Name="hSslProvider" />
            <Param Type="LPCWSTR" Name="pszProperty" />
            <Param Type="PBYTE" Name="ppbOutput" PostLength="pcbOutput" />
            <Param Type="DWORD*" Name="pcbOutput" />
            <Param Type="PVOID*" Name="ppEnumState" />
            <Param Type="DWORD" Name="dwFlags" />
            <Return Type="SECURITY_STATUS" />
        </Api>
        <Api Name="SslHashHandshake">
            <Param Type="NCRYPT_PROV_HANDLE" Name="hSslProvider" />
            <Param Type="NCRYPT_HASH_HANDLE" Name="hHandshakeHash" />
            <Param Type="PBYTE" Name="pbInput" Length="cbInput" />
            <Param Type="DWORD" Name="cbInput" />
            <Param Type="DWORD" Name="dwFlags" />
            <Return Type="SECURITY_STATUS" />
        </Api>
        <Api Name="SslImportKey">
            <Param Type="NCRYPT_PROV_HANDLE" Name="hSslProvider" />
            <Param Type="NCRYPT_KEY_HANDLE*" Name="phKey" />
            <Param Type="LPCWSTR" Name="pszBlobType" />
            <Param Type="PBYTE" Name="pbKeyBlob" Length="cbKeyBlob" />
            <Param Type="DWORD" Name="cbKeyBlob" />
            <Param Type="DWORD" Name="dwFlags" />
            <Return Type="SECURITY_STATUS" />
        </Api>
        <Api Name="SslImportMasterKey">
            <Param Type="NCRYPT_PROV_HANDLE" Name="hSslProvider" />
            <Param Type="NCRYPT_KEY_HANDLE" Name="hPrivateKey" />
            <Param Type="NCRYPT_KEY_HANDLE*" Name="phMasterKey" />
            <Param Type="DWORD" Name="dwProtocol" />
            <Param Type="DWORD" Name="dwCipherSuite" />
            <Param Type="PNCryptBufferDesc" Name="pParameterList" />
            <Param Type="PBYTE" Name="pbEncryptedKey" Length="cbEncryptedKey" />
            <Param Type="DWORD" Name="cbEncryptedKey" />
            <Param Type="DWORD" Name="dwFlags" />
            <Return Type="SECURITY_STATUS" />
        </Api>
        <Api Name="SslIncrementProviderReferenceCount">
            <Param Type="NCRYPT_PROV_HANDLE" Name="hSslProvider" />
            <Return Type="SECURITY_STATUS" />
        </Api>
        <Api Name="SslLookupCipherLengths">
            <Param Type="NCRYPT_PROV_HANDLE" Name="hSslProvider" />
            <Param Type="DWORD" Name="dwProtocol" />
            <Param Type="DWORD" Name="dwCipherSuite" />
            <Param Type="DWORD" Name="dwKeyType" />
            <Param Type="NCRYPT_SSL_CIPHER_LENGTHS*" Name="pCipherLengths" />
            <Param Type="DWORD" Name="cbCipherLengths" />
            <Param Type="DWORD" Name="dwFlags" />
            <Return Type="SECURITY_STATUS" />
        </Api>
        <Api Name="SslLookupCipherSuiteInfo">
            <Param Type="NCRYPT_PROV_HANDLE" Name="hSslProvider" />
            <Param Type="DWORD" Name="dwProtocol" />
            <Param Type="DWORD" Name="dwCipherSuite" />
            <Param Type="DWORD" Name="dwKeyType" />
            <Param Type="NCRYPT_SSL_CIPHER_SUITE*" Name="pCipherSuite" />
            <Param Type="DWORD" Name="dwFlags" />
            <Return Type="SECURITY_STATUS" />
        </Api>
        <Api Name="SslOpenPrivateKey">
            <Param Type="NCRYPT_PROV_HANDLE" Name="hSslProvider" />
            <Param Type="NCRYPT_KEY_HANDLE*" Name="phPrivateKey" />
            <Param Type="PCCERT_CONTEXT" Name="pCertContext" />
            <Param Type="DWORD" Name="dwFlags" />
            <Return Type="SECURITY_STATUS" />
        </Api>
        <Api Name="SslOpenProvider">
            <Param Type="NCRYPT_PROV_HANDLE*" Name="phSslProvider" />
            <Param Type="LPCWSTR" Name="pszProviderName" />
            <Param Type="DWORD" Name="dwFlags" />
            <Return Type="SECURITY_STATUS" />
        </Api>
        <Api Name="SslSignHash">
            <Param Type="NCRYPT_PROV_HANDLE" Name="hSslProvider" />
            <Param Type="NCRYPT_KEY_HANDLE" Name="hPrivateKey" />
            <Param Type="PBYTE" Name="pbHashValue" Length="cbHashValue" />
            <Param Type="DWORD" Name="cbHashValue" />
            <Param Type="PBYTE" Name="pbSignature" PostLength="pcbResult" />
            <Param Type="DWORD" Name="cbSignature" />
            <Param Type="DWORD*" Name="pcbResult" />
            <Param Type="DWORD" Name="dwFlags" />
            <Return Type="SECURITY_STATUS" />
        </Api>
        <Api Name="SslVerifySignature">
            <Param Type="NCRYPT_PROV_HANDLE" Name="hSslProvider" />
            <Param Type="NCRYPT_KEY_HANDLE" Name="hPublicKey" />
            <Param Type="PBYTE" Name="pbHashValue" Length="cbHashValue" />
            <Param Type="DWORD" Name="cbHashValue" />
            <Param Type="PBYTE" Name="pbSignature" Length="cbSignature" />
            <Param Type="DWORD" Name="cbSignature" />
            <Param Type="DWORD" Name="dwFlags" />
            <Return Type="SECURITY_STATUS" />
        </Api>

        <!-- CNG Data Protection API (DPAPI) -->
        <Category Name="Security and Identity/Cryptography API: Next Generation (CNG)/CNG Data Protection API (DPAPI)" />
        <Api Name="NCryptCreateProtectionDescriptor">
            <Param Type="LPCWSTR" Name="pwszDescriptorString" />
            <Param Type="DWORD" Name="dwFlags" />
            <Param Type="NCRYPT_DESCRIPTOR_HANDLE*" Name="phDescriptor" />
            <Return Type="NTSTATUS" />
        </Api>
        <Api Name="NCryptCloseProtectionDescriptor">
            <Param Type="NCRYPT_DESCRIPTOR_HANDLE" Name="hDescriptor" />
            <Return Type="NTSTATUS" />
        </Api>
        <Api Name="NCryptGetProtectionDescriptorInfo">
            <Param Type="NCRYPT_DESCRIPTOR_HANDLE" Name="hDescriptor" />
            <Param Type="const NCRYPT_ALLOC_PARA*" Name="pMemPara" />
            <Param Type="DWORD" Name="dwInfoType" />
            <Param Type="void*" Name="ppvInfo" />
            <Return Type="NTSTATUS" />
        </Api>
        <Api Name="NCryptProtectSecret">
            <Param Type="NCRYPT_DESCRIPTOR_HANDLE" Name="hDescriptor" />
            <Param Type="DWORD" Name="dwFlags" />
            <Param Type="const BYTE*" Name="pbData" Length="cbData" />
            <Param Type="ULONG" Name="cbData" />
            <Param Type="const NCRYPT_ALLOC_PARA*" Name="pMemPara" />
            <Param Type="HWND" Name="hWnd" />
            <Param Type="BYTE**" Name="ppbProtectedBlob" />
            <!-- TODO: pcbProtectedBlob -->
            <Param Type="ULONG*" Name="pcbProtectedBlob" />
            <Return Type="NTSTATUS" />
        </Api>
        <Api Name="NCryptQueryProtectionDescriptorName">
            <Param Type="LPCWSTR" Name="pwszName" />
            <Param Type="LPWSTR" Name="pwszDescriptorString" />
            <Param Type="SIZE_T*" Name="pcDescriptorString" />
            <Param Type="DWORD" Name="dwFlags" />
            <Return Type="NTSTATUS" />
        </Api>
        <Api Name="NCryptRegisterProtectionDescriptorName">
            <Param Type="LPCWSTR" Name="pwszName" />
            <Param Type="LPCWSTR" Name="pwszDescriptorString" />
            <Param Type="DWORD" Name="dwFlags" />
            <Return Type="NTSTATUS" />
        </Api>
        <Api Name="NCryptStreamClose">
            <Param Type="NCRYPT_STREAM_HANDLE" Name="hStream" />
            <Return Type="NTSTATUS" />
        </Api>
        <Api Name="NCryptStreamOpenToProtect">
            <Param Type="NCRYPT_DESCRIPTOR_HANDLE" Name="hDescriptor" />
            <Param Type="DWORD" Name="dwFlags" />
            <Param Type="HWND" Name="hWnd" />
            <Param Type="NCRYPT_PROTECT_STREAM_INFO*" Name="pStreamInfo" />
            <Param Type="NCRYPT_STREAM_HANDLE*" Name="phStream" />
            <Return Type="NTSTATUS" />
        </Api>
        <Api Name="NCryptStreamOpenToUnprotect">
            <Param Type="NCRYPT_PROTECT_STREAM_INFO*" Name="pStreamInfo" />
            <Param Type="DWORD" Name="dwFlags" />
            <Param Type="HWND" Name="hWnd" />
            <Param Type="NCRYPT_STREAM_HANDLE*" Name="phStream" />
            <Return Type="NTSTATUS" />
        </Api>
        <Api Name="NCryptStreamUpdate">
            <Param Type="NCRYPT_STREAM_HANDLE" Name="hStream" />
            <Param Type="const BYTE*" Name="pbData" Length="cbData" />
            <Param Type="SIZE_T" Name="cbData" />
            <Param Type="BOOL" Name="fFinal" />
            <Return Type="NTSTATUS" />
        </Api>
        <Api Name="NCryptUnprotectSecret">
            <Param Type="NCRYPT_DESCRIPTOR_HANDLE*" Name="phDescriptor" />
            <Param Type="DWORD" Name="dwFlags" />
            <Param Type="const BYTE*" Name="pbProtectedBlob" Length="cbProtectedBlob" />
            <Param Type="ULONG" Name="cbProtectedBlob" />
            <Param Type="const NCRYPT_ALLOC_PARA*" Name="pMemPara" />
            <Param Type="HWND" Name="hWnd" />
            <Param Type="BYTE**" Name="ppbData" />
            <!-- TODO: pcbData -->
            <Param Type="ULONG*" Name="pcbData" />
            <Return Type="NTSTATUS" />
        </Api>

    </Module>
</ApiMonitor>