<!--
    API Monitor Definitions
    (c) 2010-2011, Rohitab Batra <rohitab@rohitab.com>
    http://www.rohitab.com/apimonitor/
-->
<ApiMonitor>
    <Include Filename="Headers\windows.h.xml" />
    <Include Filename="Headers\setup.h.xml" />
    <Module Name="Newdev.dll" CallingConvention="STDCALL" ErrorFunc="GetLastError" OnlineHelp="MSDN">
        <!-- Device Management -->
        <Category Name="Devices/Device Management" />
        <Api Name="InstallNewDevice">
            <Param Type="HWND" Name="hwndParent" />
            <Param Type="LPGUID" Name="ClassGuid" />
            <Param Type="PDWORD" Name="pReboot" />
            <Return Type="BOOL" />
        </Api>
        <!-- Device and Driver Installation -->
        <Category Name="Windows Driver Kit/Device and Driver Installation/SetupAPI/Device Installation" />
        <Api Name="DiInstallDevice">
            <Param Type="HWND" Name="hwndParent" />
            <Param Type="HDEVINFO" Name="DeviceInfoSet" />
            <Param Type="PSP_DEVINFO_DATA" Name="DeviceInfoData" />
            <Param Type="PSP_DRVINFO_DATA" Name="DriverInfoData" />
            <Param Type="DWORD" Name="Flags" />
            <Param Type="PBOOL" Name="NeedReboot" />
            <Return Type="BOOL" />
        </Api>
        <Api Name="DiInstallDriver" BothCharset="True">
            <Param Type="HWND" Name="hwndParent" />
            <Param Type="LPCTSTR" Name="FullInfPath" />
            <Param Type="DWORD" Name="Flags" />
            <Param Type="PBOOL" Name="NeedReboot" />
            <Return Type="BOOL" />
        </Api>
        <Api Name="DiRollbackDriver">
            <Param Type="HDEVINFO" Name="DeviceInfoSet" />
            <Param Type="PSP_DEVINFO_DATA" Name="DeviceInfoData" />
            <Param Type="HWND" Name="hwndParent" />
            <Param Type="DWORD" Name="Flags" />
            <Param Type="PBOOL" Name="NeedReboot" />
            <Return Type="BOOL" />
        </Api>
        <Api Name="DiShowUpdateDevice">
            <Param Type="HWND" Name="hwndParent" />
            <Param Type="HDEVINFO" Name="DeviceInfoSet" />
            <Param Type="PSP_DEVINFO_DATA" Name="DeviceInfoData" />
            <Param Type="DWORD" Name="Flags" />
            <Param Type="PBOOL" Name="NeedReboot" />
            <Return Type="BOOL" />
        </Api>
        <Api Name="DiUninstallDevice">
            <Param Type="HWND" Name="hwndParent" />
            <Param Type="HDEVINFO" Name="DeviceInfoSet" />
            <Param Type="PSP_DEVINFO_DATA" Name="DeviceInfoData" />
            <Param Type="DWORD" Name="Flags" />
            <Param Type="PBOOL" Name="NeedReboot" />
            <Return Type="BOOL" />
        </Api>
        <Api Name="UpdateDriverForPlugAndPlayDevices" BothCharset="True">
            <Param Type="HWND" Name="hwndParent" />
            <Param Type="LPCTSTR" Name="HardwareId" />
            <Param Type="LPCTSTR" Name="FullInfPath" />
            <Param Type="DWORD" Name="InstallFlags" />
            <Param Type="PBOOL" Name="bRebootRequired" />
            <Return Type="BOOL" />
        </Api>
        <Api Name="InstallSelectedDriver" BothCharset="True">
            <Param Type="HWND" Name="hwndParent" />
            <Param Type="HDEVINFO" Name="DeviceInfoSet" />
            <Param Type="LPCTSTR" Name="Reserved" />
            <Param Type="BOOL" Name="Backup" />
            <Param Type="PDWORD" Name="bReboot" />
            <Return Type="BOOL" />
        </Api>
    </Module>
</ApiMonitor>