<!--
    API Monitor Definitions
    (c) 2010-2011, Rohitab Batra <rohitab@rohitab.com>
    http://www.rohitab.com/apimonitor/
-->
<ApiMonitor>
    <Include Filename="Headers\windows.h.xml" />
    <Module Name="Nlsdl.dll" CallingConvention="STDCALL" ErrorFunc="GetLastError" OnlineHelp="MSDN">
        <!-- National Language Support -->
        <Category Name="Windows Application UI Development/Internationalization for Windows Applications/Globalization Services/National Language Support" />
        <Api Name="DownlevelGetParentLocaleLCID">
            <Param Type="LCID" Name="Locale" />
            <Return Type="LCID" />
            <Success Return="NotEqual" Value="0" />
        </Api>
        <Api Name="DownlevelGetParentLocaleName">
            <Param Type="LCID" Name="Locale" />
            <Param Type="LPWSTR" Name="lpName" OutputOnly="True" />
            <Param Type="int" Name="cchName" />
            <Return Type="int" />
            <Success Return="NotEqual" Value="0" />
        </Api>
        <Api Name="DownlevelLCIDToLocaleName">
            <Param Type="LCID" Name="Locale" />
            <Param Type="LPWSTR" Name="lpName" OutputOnly="True" />
            <Param Type="int" Name="cchName" />
            <Param Type="DWORD" Name="dwFlags" />
            <Return Type="int" />
            <Success Return="NotEqual" Value="0" />
        </Api>
        <Api Name="DownlevelLocaleNameToLCID">
            <Param Type="LPWSTR" Name="lpName" />
            <Param Type="DWORD" Name="dwFlags" />
            <Return Type="LCID" />
            <Success Return="NotEqual" Value="0" />
        </Api>
    </Module>
</ApiMonitor>