<!--
    API Monitor Definitions
    (c) 2010-2011, Rohitab Batra <rohitab@rohitab.com>
    http://www.rohitab.com/apimonitor/
-->
<ApiMonitor>
    <Include Filename="Headers\windows.h.xml" />
    <Module Name="Normaliz.dll" CallingConvention="STDCALL" ErrorFunc="GetLastError" OnlineHelp="MSDN">
        <!-- Parameters -->
        <Variable Name="NORM_FORM" Type="Alias" Base="LPVOID" />

        <!-- Flags -->
        <Variable Name="[IdnFlags]" Type="Alias" Base="DWORD">
            <Display Name="DWORD" />
            <Flag>
                <Set Name="IDN_ALLOW_UNASSIGNED"        Value="0x01" />
                <Set Name="IDN_USE_STD3_ASCII_RULES"    Value="0x02" />
            </Flag>
        </Variable>
        <!-- National Language Support -->
        <Category Name="Windows Application UI Development/Internationalization for Windows Applications/Globalization Services/National Language Support" />
        <Api Name="IdnToAscii">
            <Param Type="[IdnFlags]" Name="dwFlags" />
            <Param Type="LPCWSTR" Name="lpUnicodeCharStr" />
            <Param Type="int" Name="cchUnicodeChar" />
            <Param Type="LPWSTR" Name="lpASCIICharStr" />
            <Param Type="int" Name="cchASCIIChar" />
            <Return Type="int" />
            <Success Return="NotEqual" Value="0" />
        </Api>
        <Api Name="IdnToNameprepUnicode">
            <Param Type="[IdnFlags]" Name="dwFlags" />
            <Param Type="LPCWSTR" Name="lpUnicodeCharStr" />
            <Param Type="int" Name="cchUnicodeChar" />
            <Param Type="LPWSTR" Name="lpNameprepCharStr" />
            <Param Type="int" Name="cchNameprepChar" />
            <Return Type="int" />
            <Success Return="NotEqual" Value="0" />
        </Api>
        <Api Name="IdnToUnicode">
            <Param Type="[IdnFlags]" Name="dwFlags" />
            <Param Type="LPCWSTR" Name="lpASCIICharStr" />
            <Param Type="int" Name="cchASCIIChar" />
            <Param Type="LPWSTR" Name="lpUnicodeCharStr" />
            <Param Type="int" Name="cchUnicodeChar" />
            <Return Type="int" />
            <Success Return="NotEqual" Value="0" />
        </Api>
        <Api Name="IsNormalizedString">
            <Param Type="NORM_FORM" Name="NormForm" />
            <Param Type="LPCWSTR" Name="lpString" />
            <Param Type="int" Name="cwLength" />
            <Return Type="BOOL" />
        </Api>
        <Api Name="NormalizeString">
            <Param Type="NORM_FORM" Name="NormForm" />
            <Param Type="LPCWSTR" Name="lpSrcString" />
            <Param Type="int" Name="cwSrcLength" />
            <Param Type="LPWSTR" Name="lpDstString" />
            <Param Type="int" Name="cwDstLength" />
            <Return Type="int" />
            <Success Return="NotEqual" Value="0" />
        </Api>
    </Module>
</ApiMonitor>