<!--
    API Monitor Definitions
    (c) 2010-2011, Rohitab Batra <rohitab@rohitab.com>
    http://www.rohitab.com/apimonitor/
-->
<ApiMonitor>
    <Include Filename="Headers\windows.h.xml" />
    <Module Name="Ntshrui.dll" CallingConvention="STDCALL" ErrorFunc="HRESULT" OnlineHelp="MSDN">
        <!-- Shell -->
        <Category Name="Windows Environment Development/Windows Shell" />
        <Api Name="CanShareFolderW">
            <Param Type="LPCWSTR" Name="pszPath" />
            <Return Type="STDAPI" />
        </Api>
        <Api Name="ShowShareFolderUI">
            <Param Type="HWND" Name="hwndParent" />
            <Param Type="LPCWSTR" Name="pszPath" />
            <Return Type="HRESULT" />
        </Api>
    </Module>
</ApiMonitor>