<!--
    API Monitor Definitions
    (c) 2011, Rohitab Batra <rohitab@rohitab.com>
    http://www.rohitab.com/apimonitor/
-->
<ApiMonitor>
    <Include Filename="Headers\odbc.h.xml" />	
    <Module Name="ODBCCP32.DLL" CallingConvention="STDCALL" ErrorFunc="" OnlineHelp="MSDN">

        <!-- Installer DLL -->
        <Category Name="Data Access and Storage/Windows Data Access Components/Microsoft Open Database Connectivity (ODBC)/Installer DLL" />
        <Api Name="SQLConfigDataSource" BothCharset="True" SuffixA="">
            <Param Type="HWND" Name="hwndParent" />
            <Param Type="[ODBC_DSN_REQUEST]" Name="fRequest" />
            <Param Type="LPCTSTR" Name="lpszDriver" />
            <Param Type="LPCTSTR" Name="lpszAttributes" />
            <Return Type="BOOL" />
        </Api>
        <Api Name="SQLConfigDriver" BothCharset="True" SuffixA="">
            <Param Type="HWND" Name="hwndParent" />
            <Param Type="[ODBC_DRIVER_REQUEST]" Name="fRequest" />
            <Param Type="LPCTSTR" Name="lpszDriver" />
            <Param Type="LPCTSTR" Name="lpszArgs" />
            <Param Type="LPTSTR" Name="lpszMsg" />
            <Param Type="WORD" Name="cbMsgMax" />
            <Param Type="WORD*" Name="pcbMsgOut" />
            <Return Type="BOOL" />
        </Api>
        <Api Name="SQLCreateDataSource" BothCharset="True" SuffixA="">
            <Param Type="HWND" Name="hwnd" />
            <Param Type="LPTSTR" Name="lpszDS" />
            <Return Type="BOOL" />
        </Api>
        <Api Name="SQLGetConfigMode">
            <Param Type="[ODBC_CONFIG_MODE*]" Name="pwConfigMode" />
            <Return Type="BOOL" />
        </Api>
        <Api Name="SQLGetInstalledDrivers" BothCharset="True" SuffixA="">
            <Param Type="LPTSTR" Name="lpszBuf" />
            <Param Type="WORD" Name="cbBufMax" />
            <Param Type="WORD*" Name="pcbBufOut" />
            <Return Type="BOOL" />
        </Api>
        <Api Name="SQLGetPrivateProfileString" BothCharset="True" SuffixA="">
            <Param Type="LPCTSTR" Name="lpszSection" />
            <Param Type="LPCTSTR" Name="lpszEntry" />
            <Param Type="LPCTSTR" Name="lpszDefault" />
            <Param Type="LPCTSTR" Name="RetBuffer" OutputOnly="True" />
            <Param Type="INT" Name="cbRetBuffer" />
            <Param Type="LPCTSTR" Name="lpszFilename" />
            <Return Type="int" />
            <Success Return="NotEqual" Value="0" />
        </Api>
        <Api Name="SQLGetTranslator" BothCharset="True" SuffixA="">
            <Param Type="HWND" Name="hwndParent" />
            <Param Type="LPTSTR" Name="lpszName" />
            <Param Type="WORD" Name="cbNameMax" />
            <Param Type="WORD*" Name="pcbNameOut" />
            <Param Type="LPTSTR" Name="lpszPath" OutputOnly="True" />
            <Param Type="WORD" Name="cbPathMax" />
            <Param Type="WORD*" Name="pcbPathOut" />
            <Param Type="DWORD*" Name="pvOption" />
            <Return Type="BOOL" />
        </Api>
        <Api Name="SQLInstallDriverEx" BothCharset="True" SuffixA="">
            <Param Type="LPCTSTR" Name="lpszDriver" />
            <Param Type="LPCTSTR" Name="lpszPathIn" />
            <Param Type="LPTSTR" Name="lpszPathOut" />
            <Param Type="WORD" Name="cbPathOutMax" />
            <Param Type="WORD*" Name="pcbPathOut" />
            <Param Type="[ODBC_INSTALL_REQUEST]" Name="fRequest" />
            <Param Type="LPDWORD" Name="lpdwUsageCount" />
            <Return Type="BOOL" />
        </Api>
        <Api Name="SQLInstallDriverManager" BothCharset="True" SuffixA="">
            <Param Type="LPTSTR" Name="lpszPath" />
            <Param Type="WORD" Name="cbPathMax" />
            <Param Type="WORD*" Name="pcbPathOut" />
            <Return Type="BOOL" />
        </Api>
        <Api Name="SQLInstallerError" BothCharset="True" SuffixA="">
            <Param Type="WORD" Name="iError" />
            <Param Type="[ODBC_ERROR_CODE*]" Name="pfErrorCode" />
            <Param Type="LPTSTR" Name="lpszErrorMsg" />
            <Param Type="WORD" Name="cbErrorMsgMax" />
            <Param Type="WORD*" Name="pcbErrorMsg" />
            <Return Type="SQLRETURN" />
        </Api>
        <Api Name="SQLInstallTranslator" BothCharset="True" SuffixA="">
            <Param Type="LPCTSTR" Name="lpszInfFile" />
            <Param Type="LPCTSTR" Name="lpszTranslator" />
            <Param Type="LPCTSTR" Name="lpszPathIn" />
            <Param Type="LPTSTR" Name="lpszPathOut" />
            <Param Type="WORD" Name="cbPathOutMax" />
            <Param Type="WORD*" Name="pcbPathOut" />
            <Param Type="WORD" Name="fRequest" />
            <Param Type="LPDWORD" Name="lpdwUsageCount" />
            <Return Type="BOOL" />
        </Api>
        <Api Name="SQLInstallTranslatorEx" BothCharset="True" SuffixA="">
            <Param Type="LPCTSTR" Name="lpszTranslator" />
            <Param Type="LPCTSTR" Name="lpszPathIn" />
            <Param Type="LPTSTR" Name="lpszPathOut" />
            <Param Type="WORD" Name="cbPathOutMax" />
            <Param Type="WORD*" Name="pcbPathOut" />
            <Param Type="WORD" Name="fRequest" />
            <Param Type="LPDWORD" Name="lpdwUsageCount" />
            <Return Type="BOOL" />
        </Api>
        <Api Name="SQLManageDataSources">
            <Param Type="HWND" Name="hwnd" />
            <Return Type="BOOL" />
        </Api>
        <Api Name="SQLPostInstallerError" BothCharset="True" SuffixA="">
            <Param Type="[ODBC_ERROR_CODE]" Name="fErrorCode" />
            <Param Type="LPTSTR" Name="szErrorMsg" />
            <Return Type="SQLRETURN" />
        </Api>
        <Api Name="SQLReadFileDSN" BothCharset="True" SuffixA="">
            <Param Type="LPCTSTR" Name="lpszFileName" />
            <Param Type="LPCTSTR" Name="lpszAppName" />
            <Param Type="LPCTSTR" Name="lpszKeyName" />
            <Param Type="LPTSTR" Name="lpszString" />
            <Param Type="WORD" Name="cbString" />
            <Param Type="WORD*" Name="pcbString" />
            <Return Type="BOOL" />
        </Api>
        <Api Name="SQLRemoveDriver" BothCharset="True" SuffixA="">
            <Param Type="LPCTSTR" Name="lpszDriver" />
            <Param Type="BOOL" Name="fRemoveDSN" />
            <Param Type="LPDWORD" Name="lpdwUsageCount" />
            <Return Type="BOOL" />
        </Api>
        <Api Name="SQLRemoveDriverManager">
            <Param Type="LPDWORD" Name="pdwUsageCount" />
            <Return Type="BOOL" />
        </Api>
        <Api Name="SQLRemoveDSNFromIni" BothCharset="True" SuffixA="">
            <Param Type="LPCTSTR" Name="lpszDSN" />
            <Return Type="BOOL" />
        </Api>
        <Api Name="SQLRemoveTranslator" BothCharset="True" SuffixA="">
            <Param Type="LPCTSTR" Name="lpszTranslator" />
            <Param Type="LPDWORD" Name="lpdwUsageCount" />
            <Return Type="BOOL" />
        </Api>
        <Api Name="SQLSetConfigMode">
            <Param Type="[ODBC_CONFIG_MODE]" Name="wConfigMode" />
            <Return Type="BOOL" />
        </Api>
        <Api Name="SQLValidDSN" BothCharset="True" SuffixA="">
            <Param Type="LPCTSTR" Name="lpszDSN" />
            <Return Type="BOOL" />
        </Api>
        <Api Name="SQLWriteDSNToIni" BothCharset="True" SuffixA="">
            <Param Type="LPCTSTR" Name="lpszDSN" />
            <Param Type="LPCTSTR" Name="lpszDriver" />
            <Return Type="BOOL" />
        </Api>
        <Api Name="SQLWriteFileDSN" BothCharset="True" SuffixA="">
            <Param Type="LPCTSTR" Name="lpszFileName" />
            <Param Type="LPCTSTR" Name="lpszAppName" />
            <Param Type="LPCTSTR" Name="lpszKeyName" />
            <Param Type="LPCTSTR" Name="lpszString" />
            <Return Type="BOOL" />
        </Api>
        <Api Name="SQLWritePrivateProfileString" BothCharset="True" SuffixA="">
            <Param Type="LPCTSTR" Name="lpszSection" />
            <Param Type="LPCTSTR" Name="lpszEntry" />
            <Param Type="LPCTSTR" Name="lpszString" />
            <Param Type="LPCTSTR" Name="lpszFilename" />
            <Return Type="BOOL" />
        </Api>
    </Module>
</ApiMonitor>
