<!--
    API Monitor Definitions
    (c) 2010-2012, Rohitab Batra <rohitab@rohitab.com>
    http://www.rohitab.com/apimonitor/
-->
<ApiMonitor>
    <Include Filename="Headers\windows.h.xml" />
    <Include Filename="Headers\ole.h.xml" />
    <Include Filename="Headers\rpc.h.xml" />
    <Include Filename="Headers\gdi.h.xml" />
    <Module Name="Ole32.dll" CallingConvention="STDCALL" ErrorFunc="HRESULT" OnlineHelp="MSDN">

        <!-- External Interfaces (TODO) -->
        <Variable Name="IMessageDispatcher"             Type="Interface" />
        
        <!-- Interface Aliases -->
        <Variable Name="PMessageDispatcher"             Type="Alias"    Base="IMessageDispatcher*" />

        <!-- Variables -->
        <Variable Name="IMemoryAllocator*"              Type="Alias"    Base="LPVOID" />
        <Variable Name="LPENUMFORMATETC*"               Type="Alias"    Base="IEnumFORMATETC**" />
        <Variable Name="LPENUMOLEVERB*"                 Type="Alias"    Base="IEnumOLEVERB**" />
        <Variable Name="LPPERSISTSTORAGE"               Type="Alias"    Base="IPersistStorage*" />
        <Variable Name="LPPERSISTSTREAM"                Type="Alias"    Base="IPersistStream*" />
        <Variable Name="LPOLEINPLACEFRAME"              Type="Alias"    Base="IOleInPlaceFrame*" />
        <Variable Name="LPOLEINPLACEACTIVEOBJECT"       Type="Alias"    Base="IOleInPlaceActiveObject*" />
        <Variable Name="LPDROPTARGET"                   Type="Alias"    Base="IDropTarget*" />
        <Variable Name="LPDATAADVISEHOLDER"             Type="Alias"    Base="IDataAdviseHolder*" />
        <Variable Name="LPDATAADVISEHOLDER*"            Type="Pointer"  Base="LPDATAADVISEHOLDER" />
        <Variable Name="LPOLEADVISEHOLDER"              Type="Alias"    Base="IOleAdviseHolder*" />
        <Variable Name="LPOLEADVISEHOLDER*"             Type="Pointer"  Base="LPOLEADVISEHOLDER" />
        <Variable Name="LPDROPSOURCE"                   Type="Alias"    Base="IDropSource*" />
        <Variable Name="LPINITIALIZESPY"                Type="Alias"    Base="IInitializeSpy*" />
        <Variable Name="LPMALLOCSPY"                    Type="Alias"    Base="IMallocSpy*" />
        <Variable Name="LPMESSAGEFILTER"                Type="Alias"    Base="IMessageFilter*" />
        <Variable Name="LPMESSAGEFILTER*"               Type="Pointer"  Base="LPMESSAGEFILTER" />
        <Variable Name="LPSURROGATE"                    Type="Alias"    Base="ISurrogate*" />
        <Variable Name="LPRUNNINGOBJECTTABLE"           Type="Alias"    Base="IRunningObjectTable*" />
        <Variable Name="LPRUNNINGOBJECTTABLE*"          Type="Pointer"  Base="LPRUNNINGOBJECTTABLE" />
        <Variable Name="LPMARSHAL"                      Type="Alias"    Base="IMarshal*" />
        <Variable Name="LPMARSHAL*"                     Type="Pointer"  Base="LPMARSHAL" />
        <Variable Name="LPOLESTREAM"                    Type="Alias"    Base="LPVOID" />
        <Variable Name="CO_MTA_USAGE_COOKIE"            Type="Alias"    Base="HANDLE" />
        <Variable Name="CO_MTA_USAGE_COOKIE*"           Type="Pointer"  Base="CO_MTA_USAGE_COOKIE" />
        
        <!-- STGOPTIONS -->
        <Variable Name="STGOPTIONS" Type="Struct">
            <Field Type="USHORT" 	    Name="usVersion" />
            <Field Type="USHORT" 	    Name="reserved" />
            <Field Type="ULONG" 	    Name="ulSectorSize" />
            <Field Type="const WCHAR*"	Name="pwcsTemplateFile" />
        </Variable>
        <Variable Name="STGOPTIONS*" Type="Pointer" Base="STGOPTIONS" />

        <!-- COAUTHIDENTITY -->
        <Variable Name="COAUTHIDENTITY" Type="Struct">
            <Field Type="USHORT*" 	Name="User" Length="UserLength" />
            <Field Type="ULONG" 	Name="UserLength" />
            <Field Type="USHORT*" 	Name="Domain" Length="DomainLength" />
            <Field Type="ULONG" 	Name="DomainLength" />
            <Field Type="USHORT*" 	Name="Password" Length="PasswordLength" />
            <Field Type="ULONG" 	Name="PasswordLength" />
            <Field Type="ULONG" 	Name="Flags" />
        </Variable>
        <Variable Name="COAUTHIDENTITY*" Type="Pointer" Base="COAUTHIDENTITY" />

        <!-- COAUTHINFO -->
        <Variable Name="COAUTHINFO" Type="Struct">
            <Field Type="DWORD" 	        Name="dwAuthnSvc" />
            <Field Type="DWORD" 	        Name="dwAuthzSvc" />
            <Field Type="LPWSTR" 	        Name="pwszServerPrincName" />
            <Field Type="DWORD" 	        Name="dwAuthnLevel" />
            <Field Type="DWORD" 	        Name="dwImpersonationLevel" />
            <Field Type="COAUTHIDENTITY*" 	Name="pAuthIdentityData" />
            <Field Type="DWORD" 	        Name="dwCapabilities" />
        </Variable>
        <Variable Name="COAUTHINFO*" Type="Pointer" Base="COAUTHINFO" />

        <!-- COSERVERINFO -->
        <Variable Name="COSERVERINFO" Type="Struct">
            <Field Type="DWORD" 	    Name="dwReserved1" />
            <Field Type="LPWSTR" 	    Name="pwszName" />
            <Field Type="COAUTHINFO*" 	Name="pAuthInfo" />
            <Field Type="DWORD" 	    Name="dwReserved2" />
        </Variable>
        <Variable Name="COSERVERINFO*" Type="Pointer" Base="COSERVERINFO" />

        <!-- SOLE_AUTHENTICATION_SERVICE -->
        <Variable Name="SOLE_AUTHENTICATION_SERVICE" Type="Struct">
            <Field Type="DWORD" 	Name="dwAuthnSvc" />
            <Field Type="DWORD" 	Name="dwAuthzSvc" />
            <Field Type="OLECHAR*" 	Name="pPrincipalName" />
            <Field Type="HRESULT" 	Name="hr" />
        </Variable>
        <Variable Name="SOLE_AUTHENTICATION_SERVICE*"  Type="Pointer" Base="SOLE_AUTHENTICATION_SERVICE" />
        <Variable Name="SOLE_AUTHENTICATION_SERVICE**" Type="Pointer" Base="SOLE_AUTHENTICATION_SERVICE*" />

        <!-- EOLE_AUTHENTICATION_CAPABILITIES -->
        <Variable Name="EOLE_AUTHENTICATION_CAPABILITIES" Type="Alias" Base="DWORD">
            <Display Name="DWORD" />
            <Flag>
                <Set Name="EOAC_NONE"               Value="0" />
                <Set Name="EOAC_MUTUAL_AUTH"        Value="0x1" />
                <Set Name="EOAC_STATIC_CLOAKING"    Value="0x20" />
                <Set Name="EOAC_DYNAMIC_CLOAKING"   Value="0x40" />
                <Set Name="EOAC_ANY_AUTHORITY"      Value="0x80" />
                <Set Name="EOAC_MAKE_FULLSIC"       Value="0x100" />
                <Set Name="EOAC_DEFAULT"            Value="0x800" />
                <Set Name="EOAC_SECURE_REFS"        Value="0x2" />
                <Set Name="EOAC_ACCESS_CONTROL"     Value="0x4" />
                <Set Name="EOAC_APPID"              Value="0x8" />
                <Set Name="EOAC_DYNAMIC"            Value="0x10" />
                <Set Name="EOAC_REQUIRE_FULLSIC"    Value="0x200" />
                <Set Name="EOAC_AUTO_IMPERSONATE"   Value="0x400" />
                <Set Name="EOAC_NO_CUSTOM_MARSHAL"  Value="0x2000" />
                <Set Name="EOAC_DISABLE_AAA"        Value="0x1000" />
            </Flag>
        </Variable>

        <!-- REGCLS -->
        <Variable Name="REGCLS" Type="Alias" Base="DWORD">
            <Display Name="DWORD" />
            <Flag>
                <Set Name="REGCLS_SINGLEUSE"        Value="0" />
                <Set Name="REGCLS_MULTIPLEUSE"      Value="1" />
                <Set Name="REGCLS_MULTI_SEPARATE"   Value="2" />
                <Set Name="REGCLS_SUSPENDED"        Value="4" />
                <Set Name="REGCLS_SURROGATE"        Value="8" />
            </Flag>
        </Variable>

        <!-- STGFMT -->
        <Variable Name="STGFMT" Type="Alias" Base="DWORD">
            <Enum>
                <Set Name="STGFMT_STORAGE"      Value="0" />
                <Set Name="STGFMT_NATIVE"       Value="1" />
                <Set Name="STGFMT_FILE"         Value="3" />
                <Set Name="STGFMT_ANY"          Value="4" />
                <Set Name="STGFMT_DOCFILE"      Value="5" />
            </Enum>
        </Variable>

        <!-- OLERENDER -->
        <Variable Name="OLERENDER" Type="Alias" Base="DWORD">
            <Display Name="DWORD" />
            <Enum>
                <Set Name="OLERENDER_NONE"      Value="0" />
                <Set Name="OLERENDER_DRAW"      Value="1" />
                <Set Name="OLERENDER_FORMAT"    Value="2" />
                <Set Name="OLERENDER_ASIS"      Value="3" />
            </Enum>
        </Variable>

        <!-- [ASYNC_MODE_FLAGS] -->
        <Variable Name="[ASYNC_MODE_FLAGS]" Type="Alias" Base="DWORD">
            <Display Name="DWORD" />
            <Flag>
                <Set Name="ASYNC_MODE_DEFAULT"          Value="0x00000000" />
                <Set Name="ASYNC_MODE_COMPATIBILITY"    Value="0x00000001" />
            </Flag>
        </Variable>

        <!-- Component Object Model (COM) -->
        <Category Name="Component Object Model (COM)/COM Fundamentals" />
        <Api Name="BindMoniker">
            <Param Type="LPMONIKER" Name="pmk" />
            <Param Type="DWORD" Name="grfOpt" />
            <Param Type="REFIID" Name="iidResult" />
            <Param Type="LPVOID*" Name="ppvResult" />
            <Return Type="HRESULT" />
        </Api>
        <Api Name="CLSIDFromProgID">
            <Param Type="LPCOLESTR" Name="lpszProgID" />
            <Param Type="LPCLSID" Name="lpclsid" />
            <Return Type="HRESULT" />
        </Api>
        <Api Name="CLSIDFromProgIDEx">
            <Param Type="LPCOLESTR" Name="lpszProgID" />
            <Param Type="LPCLSID" Name="lpclsid" />
            <Return Type="HRESULT" />
        </Api>
        <Api Name="CLSIDFromString">
            <Param Type="LPCOLESTR" Name="lpsz" />
            <Param Type="LPCLSID" Name="pclsid" />
            <Return Type="HRESULT" />
        </Api>
        <Api Name="CoAddRefServerProcess">
            <Return Type="ULONG" />
        </Api>
        <Api Name="CoAllowSetForegroundWindow">
            <Param Type="IUnknown*" Name="pUnk" />
            <Param Type="LPVOID" Name="lpvReserved" />
            <Return Type="HRESULT" />
        </Api>
        <Api Name="CoCancelCall">
            <Param Type="DWORD" Name="dwThreadId" />
            <Param Type="ULONG" Name="ulTimeout" />
            <Return Type="HRESULT" />
        </Api>
        <Api Name="CoCopyProxy">
            <Param Type="IUnknown*" Name="pProxy" />
            <Param Type="IUnknown**" Name="ppCopy" />
            <Return Type="HRESULT" />
        </Api>
        <Api Name="CoCreateFreeThreadedMarshaler">
            <Param Type="LPUNKNOWN" Name="punkOuter" />
            <Param Type="LPUNKNOWN*" Name="ppunkMarshal" />
            <Return Type="HRESULT" />
        </Api>
        <Api Name="CoCreateGuid">
            <Param Type="GUID*" Name="pguid" />
            <Return Type="HRESULT" />
        </Api>
        <Api Name="CoCreateInstance">
            <Param Type="REFCLSID" Name="rclsid" />
            <Param Type="LPUNKNOWN" Name="pUnkOuter" />
            <Param Type="[CLSCTX]" Name="dwClsContext" />
            <Param Type="REFIID" Name="riid" />
            <Param Type="LPVOID*" Name="ppv" DISABLED_InterfaceId="riid" />
            <Return Type="HRESULT" />
        </Api>
        <Api Name="CoCreateInstanceEx">
            <Param Type="REFCLSID" Name="rclsid" />
            <Param Type="IUnknown*" Name="punkOuter" />
            <Param Type="[CLSCTX]" Name="dwClsCtx" />
            <Param Type="COSERVERINFO*" Name="pServerInfo" />
            <Param Type="DWORD" Name="dwCount" />
            <Param Type="MULTI_QI*" Name="pResults" Count="dwCount" />
            <Return Type="HRESULT" />
        </Api>
        <Api Name="CoDisableCallCancellation">
            <Param Type="LPVOID" Name="pReserved" />
            <Return Type="HRESULT" />
        </Api>
        <Api Name="CoDisconnectContext">
            <Param Type="DWORD" Name="dwTimeout" />
            <Return Type="HRESULT" />
        </Api>
        <Api Name="CoDisconnectObject">
            <Param Type="LPUNKNOWN" Name="pUnk" />
            <Param Type="DWORD" Name="dwReserved" />
            <Return Type="HRESULT" />
        </Api>
        <Api Name="CoDosDateTimeToFileTime">
            <Param Type="WORD" Name="nDosDate" />
            <Param Type="WORD" Name="nDosTime" />
            <Param Type="FILETIME*" Name="lpFileTime" />
            <Return Type="BOOL" />
        </Api>
        <Api Name="CoEnableCallCancellation">
            <Param Type="LPVOID" Name="pReserved" />
            <Return Type="HRESULT" />
        </Api>
        <Api Name="CoFileTimeNow">
            <Param Type="FILETIME*" Name="lpFileTime" />
            <Return Type="HRESULT" />
        </Api>
        <Api Name="CoFileTimeToDosDateTime">
            <Param Type="FILETIME*" Name="lpFileTime" />
            <Param Type="LPWORD" Name="lpDosDate" />
            <Param Type="LPWORD" Name="lpDosTime" />
            <Return Type="BOOL" />
        </Api>
        <Api Name="CoFreeAllLibraries">
            <Return Type="void" />
        </Api>
        <Api Name="CoFreeLibrary">
            <Param Type="HINSTANCE" Name="hInst" />
            <Return Type="void" />
        </Api>
        <Api Name="CoFreeUnusedLibraries">
            <Return Type="void" />
        </Api>
        <Api Name="CoFreeUnusedLibrariesEx">
            <Param Type="DWORD" Name="dwUnloadDelay" />
            <Param Type="DWORD" Name="dwReserved" />
            <Return Type="void" />
        </Api>
        <Api Name="CoGetApartmentType">
            <Param Type="APTTYPE*" Name="pAptType" />
            <Param Type="APTTYPEQUALIFIER*" Name="pAptQualifier" />
            <Return Type="HRESULT" />
        </Api>
        <Api Name="CoGetCallContext">
            <Param Type="REFIID" Name="riid" />
            <Param Type="void**" Name="ppInterface" InterfaceId="riid" />
            <Return Type="HRESULT" />
        </Api>
        <Api Name="CoGetCallerTID">
            <Param Type="LPDWORD" Name="lpdwTID" />
            <Return Type="HRESULT" />
        </Api>
        <Api Name="CoGetCancelObject">
            <Param Type="DWORD" Name="dwThreadId" />
            <Param Type="REFIID" Name="iid" />
            <Param Type="void**" Name="ppUnk" InterfaceId="iid" />
            <Return Type="HRESULT" />
        </Api>
        <Api Name="CoGetClassObject">
            <Param Type="REFCLSID" Name="rclsid" />
            <Param Type="[CLSCTX]" Name="dwClsContext" />
            <Param Type="COSERVERINFO*" Name="pServerInfo" />
            <Param Type="REFIID" Name="riid" />
            <Param Type="LPVOID*" Name="ppv" DISABLED_InterfaceId="riid" />
            <Return Type="HRESULT" />
        </Api>
        <Api Name="CoGetContextToken">
            <Param Type="ULONG_PTR*" Name="pToken" />
            <Return Type="HRESULT" />
        </Api>
        <Api Name="CoGetCurrentLogicalThreadId">
            <Param Type="GUID*" Name="pguid" />
            <Return Type="HRESULT" />
        </Api>
        <Api Name="CoGetCurrentProcess">
            <Return Type="DWORD" />
        </Api>
        <Api Name="CoGetInstanceFromFile">
            <Param Type="COSERVERINFO*" Name="pServerInfo" />
            <Param Type="CLSID*" Name="pClsid" />
            <Param Type="IUnknown*" Name="punkOuter" />
            <Param Type="[CLSCTX]" Name="dwClsCtx" />
            <Param Type="[STGM_FLAGS]" Name="grfMode" />
            <Param Type="OLECHAR*" Name="pwszName" />
            <Param Type="DWORD" Name="dwCount" />
            <Param Type="MULTI_QI*" Name="pResults" Count="dwCount" />
            <Return Type="HRESULT" />
        </Api>
        <Api Name="CoGetInstanceFromIStorage">
            <Param Type="COSERVERINFO*" Name="pServerInfo" />
            <Param Type="CLSID*" Name="pClsid" />
            <Param Type="IUnknown*" Name="punkOuter" />
            <Param Type="[CLSCTX]" Name="dwClsCtx" />
            <Param Type="struct IStorage*" Name="pstg" />
            <Param Type="DWORD" Name="dwCount" />
            <Param Type="MULTI_QI*" Name="pResults" Count="dwCount" />
            <Return Type="HRESULT" />
        </Api>
        <Api Name="CoGetInterceptor">
            <Param Type="REFIID" Name="iidIntercepted" />
            <Param Type="IUnknown*" Name="punkOuter" />
            <Param Type="REFIID" Name="iid" />
            <Param Type="void**" Name="ppv" InterfaceId="iid" />
            <Return Type="HRESULT" />
        </Api>
        <Api Name="CoGetInterfaceAndReleaseStream">
            <Param Type="LPSTREAM" Name="pStm" />
            <Param Type="REFIID" Name="iid" />
            <Param Type="LPVOID*" Name="ppv" />
            <Return Type="HRESULT" />
        </Api>
        <Api Name="CoGetMalloc">
            <Param Type="DWORD" Name="dwMemContext" />
            <Param Type="LPMALLOC*" Name="ppMalloc" />
            <Return Type="HRESULT" />
        </Api>
        <Api Name="CoGetMarshalSizeMax">
            <Param Type="ULONG*" Name="pulSize" />
            <Param Type="REFIID" Name="riid" />
            <Param Type="LPUNKNOWN" Name="pUnk" />
            <Param Type="DWORD" Name="dwDestContext" />
            <Param Type="LPVOID" Name="pvDestContext" />
            <Param Type="MSHLFLAGS" Name="mshlflags" />
            <Return Type="HRESULT" />
        </Api>
        <Api Name="CoGetObject">
            <Param Type="LPCWSTR" Name="pszName" />
            <Param Type="BIND_OPTS*" Name="pBindOptions" />
            <Param Type="REFIID" Name="riid" />
            <Param Type="void**" Name="ppv" InterfaceId="riid" />
            <Return Type="HRESULT" />
        </Api>
        <Api Name="CoGetObjectContext">
            <Param Type="REFIID" Name="riid" />
            <Param Type="LPVOID*" Name="ppv" InterfaceId="riid" />
            <Return Type="HRESULT" />
        </Api>
        <Api Name="CoGetPSClsid">
            <Param Type="REFIID" Name="riid" />
            <Param Type="CLSID*" Name="pClsid" />
            <Return Type="HRESULT" />
        </Api>
        <Api Name="CoGetStandardMarshal">
            <Param Type="REFIID" Name="riid" />
            <Param Type="LPUNKNOWN" Name="pUnk" />
            <Param Type="DWORD" Name="dwDestContext" />
            <Param Type="LPVOID" Name="pvDestContext" />
            <Param Type="MSHLFLAGS" Name="mshlflags" />
            <Param Type="LPMARSHAL*" Name="ppMarshal" />
            <Return Type="HRESULT" />
        </Api>
        <Api Name="CoGetStdMarshalEx">
            <Param Type="LPUNKNOWN" Name="pUnkOuter" />
            <Param Type="DWORD" Name="smexflags" />
            <Param Type="LPUNKNOWN*" Name="ppUnkInner" />
            <Return Type="HRESULT" />
        </Api>
        <Api Name="CoGetTreatAsClass">
            <Param Type="REFCLSID" Name="clsidOld" />
            <Param Type="LPCLSID" Name="pClsidNew" />
            <Return Type="HRESULT" />
        </Api>
        <Api Name="CoImpersonateClient">
            <Return Type="HRESULT" />
        </Api>
        <Api Name="CoInitialize">
            <Param Type="LPVOID" Name="pvReserved" />
            <Return Type="HRESULT" />
        </Api>
        <Api Name="CoInitializeEx">
            <Param Type="LPVOID" Name="pvReserved" />
            <Param Type="[COINIT_FLAG]" Name="dwCoInit" />
            <Return Type="HRESULT" />
        </Api>
        <Api Name="CoInitializeSecurity">
            <Param Type="PSECURITY_DESCRIPTOR" Name="pSecDesc" />
            <Param Type="LONG" Name="cAuthSvc" />
            <Param Type="SOLE_AUTHENTICATION_SERVICE*" Name="asAuthSvc" />
            <Param Type="void*" Name="pReserved1" />
            <Param Type="[RPC_C_AUTHN_LEVEL]" Display="DWORD" Name="dwAuthnLevel" />
            <Param Type="[RPC_C_IMP_LEVEL]" Name="dwImpLevel" Display="DWORD" />
            <Param Type="void*" Name="pAuthList" />
            <Param Type="EOLE_AUTHENTICATION_CAPABILITIES" Name="dwCapabilities" />
            <Param Type="void*" Name="pReserved3" />
            <Return Type="HRESULT" />
        </Api>
        <Api Name="CoInstall">
            <Param Type="IBindCtx*" Name="pbc" />
            <Param Type="DWORD" Name="dwFlags" />
            <Param Type="uCLSSPEC*" Name="pClassSpec" />
            <Param Type="QUERYCONTEXT*" Name="pQuery" />
            <Param Type="LPWSTR" Name="pszCodeBase" />
            <Return Type="HRESULT" />
        </Api>
        <Api Name="CoInvalidateRemoteMachineBindings">
            <Param Type="LPOLESTR" Name="pszMachineName" />
            <Return Type="HRESULT" />
        </Api>
        <Api Name="CoIsHandlerConnected">
            <Param Type="LPUNKNOWN" Name="pUnk" />
            <Return Type="BOOL" />
        </Api>
        <Api Name="CoIsOle1Class">
            <Param Type="REFCLSID" Name="rclsid" />
            <Return Type="BOOL" />
        </Api>
        <Api Name="CoLoadLibrary">
            <Param Type="LPOLESTR" Name="lpszLibName" />
            <Param Type="BOOL" Name="bAutoFree" />
            <Return Type="HINSTANCE" />
            <Success Return="NotEqual" Value="0" />
        </Api>
        <Api Name="CoLockObjectExternal">
            <Param Type="LPUNKNOWN" Name="pUnk" />
            <Param Type="BOOL" Name="fLock" />
            <Param Type="BOOL" Name="fLastUnlockReleases" />
            <Return Type="HRESULT" />
        </Api>
        <Api Name="CoMarshalHresult">
            <Param Type="LPSTREAM" Name="pstm" />
            <Param Type="HRESULT" Name="hresult" />
            <Return Type="HRESULT" />
        </Api>
        <Api Name="CoMarshalInterface">
            <Param Type="LPSTREAM" Name="pStm" />
            <Param Type="REFIID" Name="riid" />
            <Param Type="LPUNKNOWN" Name="pUnk" />
            <Param Type="DWORD" Name="dwDestContext" />
            <Param Type="LPVOID" Name="pvDestContext" />
            <Param Type="MSHLFLAGS" Name="mshlflags" />
            <Return Type="HRESULT" />
        </Api>
        <Api Name="CoMarshalInterThreadInterfaceInStream">
            <Param Type="REFIID" Name="riid" />
            <Param Type="LPUNKNOWN" Name="pUnk" />
            <Param Type="LPSTREAM*" Name="ppStm" />
            <Return Type="HRESULT" />
        </Api>
        <Api Name="CoQueryAuthenticationServices">
            <Param Type="DWORD*" Name="pcAuthSvc" />
            <Param Type="SOLE_AUTHENTICATION_SERVICE**" Name="asAuthSvc" />
            <Return Type="HRESULT" />
        </Api>
        <Api Name="CoQueryClientBlanket">
            <Param Type="DWORD*" Name="pAuthnSvc" />
            <Param Type="DWORD*" Name="pAuthzSvc" />
            <Param Type="OLECHAR**" Name="pServerPrincName" />
            <Param Type="DWORD*" Name="pAuthnLevel" />
            <Param Type="DWORD*" Name="pImpLevel" />
            <Param Type="RPC_AUTHZ_HANDLE*" Name="pPrivs" />
            <Param Type="DWORD*" Name="pCapabilities" />
            <Return Type="HRESULT" />
        </Api>
        <Api Name="CoQueryProxyBlanket">
            <Param Type="IUnknown*" Name="pProxy" />
            <Param Type="DWORD*" Name="pwAuthnSvc" />
            <Param Type="DWORD*" Name="pAuthzSvc" />
            <Param Type="OLECHAR**" Name="pServerPrincName" />
            <Param Type="DWORD*" Name="pAuthnLevel" />
            <Param Type="DWORD*" Name="pImpLevel" />
            <Param Type="RPC_AUTH_IDENTITY_HANDLE*" Name="pAuthInfo" />
            <Param Type="DWORD*" Name="pCapabilites" />
            <Return Type="HRESULT" />
        </Api>
        <Api Name="CoRegisterClassObject">
            <Param Type="REFCLSID" Name="rclsid" />
            <Param Type="LPUNKNOWN" Name="pUnk" />
            <Param Type="[CLSCTX]" Name="dwClsContext" />
            <Param Type="REGCLS" Name="flags" />
            <Param Type="LPDWORD" Name="lpdwRegister" />
            <Return Type="HRESULT" />
        </Api>
        <Api Name="CoRegisterInitializeSpy">
            <Param Type="LPINITIALIZESPY" Name="pSpy" />
            <Param Type="ULARGE_INTEGER*" Name="puliCookie" />
            <Return Type="HRESULT" />
        </Api>
        <Api Name="CoRegisterMallocSpy">
            <Param Type="LPMALLOCSPY" Name="pMallocSpy" />
            <Return Type="HRESULT" />
        </Api>
        <Api Name="CoRegisterMessageFilter">
            <Param Type="LPMESSAGEFILTER" Name="lpMessageFilter" />
            <Param Type="LPMESSAGEFILTER*" Name="lplpMessageFilter" />
            <Return Type="HRESULT" />
        </Api>
        <Api Name="CoRegisterPSClsid">
            <Param Type="REFIID" Name="riid" />
            <Param Type="REFCLSID" Name="rclsid" />
            <Return Type="HRESULT" />
        </Api>
        <Api Name="CoRegisterSurrogate">
            <Param Type="LPSURROGATE" Name="pSurrogate" />
            <Return Type="HRESULT" />
        </Api>
        <Api Name="CoReleaseMarshalData">
            <Param Type="LPSTREAM" Name="pStm" />
            <Return Type="HRESULT" />
        </Api>
        <Api Name="CoReleaseServerProcess">
            <Return Type="ULONG" />
        </Api>
        <Api Name="CoResumeClassObjects">
            <Return Type="HRESULT" />
        </Api>
        <Api Name="CoRevertToSelf">
            <Return Type="HRESULT" />
        </Api>
        <Api Name="CoRevokeClassObject">
            <Param Type="DWORD" Name="dwRegister" />
            <Return Type="HRESULT" />
        </Api>
        <Api Name="CoRevokeInitializeSpy">
            <Param Type="ULARGE_INTEGER" Name="uliCookie" />
            <Return Type="HRESULT" />
        </Api>
        <Api Name="CoRevokeMallocSpy">
            <Return Type="HRESULT" />
        </Api>
        <Api Name="CoSetCancelObject">
            <Param Type="IUnknown*" Name="pUnk" />
            <Return Type="HRESULT" />
        </Api>
        <Api Name="CoSetProxyBlanket">
            <Param Type="IUnknown*" Name="pProxy" />
            <Param Type="[RPC_C_AUTHN_SVC]" Display="DWORD" Name="dwAuthnSvc" />
            <Param Type="[RPC_C_AUTHZ]" Display="DWORD" Name="dwAuthzSvc" />
            <Param Type="OLECHAR*" Name="pServerPrincName" />
            <Param Type="[RPC_C_AUTHN_LEVEL]" Display="DWORD" Name="dwAuthnLevel" />
            <Param Type="[RPC_C_IMP_LEVEL]" Name="dwImpLevel" Display="DWORD" />
            <Param Type="RPC_AUTH_IDENTITY_HANDLE" Name="pAuthInfo" />
            <Param Type="EOLE_AUTHENTICATION_CAPABILITIES" Name="dwCapabilities" />
            <Return Type="HRESULT" />
        </Api>
        <Api Name="CoSuspendClassObjects">
            <Return Type="HRESULT" />
        </Api>
        <Api Name="CoSwitchCallContext">
            <Param Type="IUnknown*" Name="pNewObject" />
            <Param Type="IUnknown**" Name="ppOldObject" />
            <Return Type="HRESULT" />
        </Api>
        <Api Name="CoTaskMemAlloc">
            <Param Type="SIZE_T" Name="cb" />
            <Return Type="LPVOID" />
            <Success Return="NotEqual" Value="0" />
        </Api>
        <Api Name="CoTaskMemFree">
            <Param Type="LPVOID" Name="pv" />
            <Return Type="void" />
        </Api>
        <Api Name="CoTaskMemRealloc">
            <Param Type="LPVOID" Name="pv" />
            <Param Type="SIZE_T" Name="cb" />
            <Return Type="LPVOID" />
            <Success Return="NotEqual" Value="0" />
        </Api>
        <Api Name="CoTestCancel">
            <Return Type="HRESULT" />
        </Api>
        <Api Name="CoTreatAsClass">
            <Param Type="REFCLSID" Name="clsidOld" />
            <Param Type="REFCLSID" Name="clsidNew" />
            <Return Type="HRESULT" />
        </Api>
        <Api Name="CoUninitialize">
            <Return Type="void" />
        </Api>
        <Api Name="CoUnmarshalHresult">
            <Param Type="LPSTREAM" Name="pstm" />
            <Param Type="HRESULT*" Name="phresult" />
            <Return Type="HRESULT" />
        </Api>
        <Api Name="CoUnmarshalInterface">
            <Param Type="LPSTREAM" Name="pStm" />
            <Param Type="REFIID" Name="riid" />
            <Param Type="LPVOID*" Name="ppv" />
            <Return Type="HRESULT" />
        </Api>
        <Api Name="CoWaitForMultipleHandles">
            <Param Type="DWORD" Name="dwFlags" />
            <Param Type="DWORD" Name="dwTimeout" />
            <Param Type="ULONG" Name="cHandles" />
            <Param Type="LPHANDLE" Name="pHandles" />
            <Param Type="LPDWORD" Name="lpdwindex" />
            <Return Type="HRESULT" />
        </Api>
        <Api Name="CreateAntiMoniker">
            <Param Type="LPMONIKER*" Name="ppmk" />
            <Return Type="HRESULT" />
        </Api>
        <Api Name="CreateBindCtx">
            <Param Type="DWORD" Name="reserved" />
            <Param Type="LPBC*" Name="ppbc" />
            <Return Type="HRESULT" />
        </Api>
        <Api Name="CreateClassMoniker">
            <Param Type="REFCLSID" Name="rclsid" />
            <Param Type="LPMONIKER*" Name="ppmk" />
            <Return Type="HRESULT" />
        </Api>
        <Api Name="CreateFileMoniker">
            <Param Type="LPCOLESTR" Name="lpszPathName" />
            <Param Type="LPMONIKER*" Name="ppmk" />
            <Return Type="HRESULT" />
        </Api>
        <Api Name="CreateGenericComposite">
            <Param Type="LPMONIKER" Name="pmkFirst" />
            <Param Type="LPMONIKER" Name="pmkRest" />
            <Param Type="LPMONIKER*" Name="ppmkComposite" />
            <Return Type="HRESULT" />
        </Api>
        <Api Name="CreateItemMoniker">
            <Param Type="LPCOLESTR" Name="lpszDelim" />
            <Param Type="LPCOLESTR" Name="lpszItem" />
            <Param Type="LPMONIKER*" Name="ppmk" />
            <Return Type="HRESULT" />
        </Api>
        <Api Name="CreateObjrefMoniker">
            <Param Type="LPUNKNOWN" Name="punk" />
            <Param Type="LPMONIKER*" Name="ppmk" />
            <Return Type="HRESULT" />
        </Api>
        <Api Name="CreatePointerMoniker">
            <Param Type="LPUNKNOWN" Name="punk" />
            <Param Type="LPMONIKER*" Name="ppmk" />
            <Return Type="HRESULT" />
        </Api>
        <Api Name="GetClassFile">
            <Param Type="LPCOLESTR" Name="szFilename" />
            <Param Type="CLSID*" Name="pclsid" />
            <Return Type="HRESULT" />
        </Api>
        <Api Name="GetRunningObjectTable">
            <Param Type="DWORD" Name="reserved" />
            <Param Type="LPRUNNINGOBJECTTABLE*" Name="pprot" />
            <Return Type="HRESULT" />
        </Api>
        <Api Name="IIDFromString">
            <Param Type="LPCOLESTR" Name="lpsz" />
            <Param Type="LPIID" Name="lpiid" />
            <Return Type="HRESULT" />
        </Api>
        <Api Name="IsAccelerator">
            <Param Type="HACCEL" Name="hAccel" />
            <Param Type="int" Name="cAccelEntries" />
            <Param Type="LPMSG" Name="lpMsg" />
            <Param Type="WORD*" Name="lpwCmd" />
            <Return Type="BOOL" />
            <Success />
        </Api>
        <!-- IsEqualCLSID is a macro -->
        <Api Name="IsEqualGUID">
            <Param Type="REFGUID" Name="rguid1" />
            <Param Type="REFGUID" Name="rguid2" />
            <Return Type="BOOL" />
            <Success />
        </Api>
        <Api Name="MkParseDisplayName">
            <Param Type="LPBC" Name="pbc" />
            <Param Type="LPCOLESTR" Name="szUserName" />
            <Param Type="ULONG*" Name="pchEaten" />
            <Param Type="LPMONIKER*" Name="ppmk" />
            <Return Type="HRESULT" />
        </Api>
        <Api Name="MonikerCommonPrefixWith">
            <Param Type="LPMONIKER" Name="pmkThis" />
            <Param Type="LPMONIKER" Name="pmkOther" />
            <Param Type="LPMONIKER*" Name="ppmkCommon" />
            <Return Type="HRESULT" />
        </Api>
        <Api Name="MonikerRelativePathTo">
            <Param Type="LPMONIKER" Name="pmkSrc" />
            <Param Type="LPMONIKER" Name="pmkDest" />
            <Param Type="LPMONIKER*" Name="ppmkRelPath" />
            <Param Type="BOOL" Name="dwReserved" />
            <Return Type="HRESULT" />
        </Api>
        <Api Name="OleDoAutoConvert">
            <Param Type="LPSTORAGE" Name="pStg" />
            <Param Type="LPCLSID" Name="pClsidNew" />
            <Return Type="HRESULT" />
        </Api>
        <Api Name="OleGetAutoConvert">
            <Param Type="REFCLSID" Name="clsidOld" />
            <Param Type="LPCLSID" Name="pClsidNew" />
            <Return Type="HRESULT" />
        </Api>
        <Api Name="OleGetIconOfClass">
            <Param Type="REFCLSID" Name="rclsid" />
            <Param Type="LPOLESTR" Name="lpszLabel" />
            <Param Type="BOOL" Name="fUseTypeAsLabel" />
            <Return Type="HGLOBAL" />
            <Success Return="Equal" Value="0" />
        </Api>
        <Api Name="OleGetIconOfFile">
            <Param Type="LPOLESTR" Name="lpszPath" />
            <Param Type="BOOL" Name="fUseFileAsLabel" />
            <Return Type="HGLOBAL" />
            <Success Return="Equal" Value="0" />
        </Api>
        <Api Name="OleRegGetMiscStatus">
            <Param Type="REFCLSID" Name="clsid" />
            <Param Type="DVASPECT" Name="dwAspect" />
            <Param Type="DWORD*" Name="pdwStatus" />
            <Return Type="HRESULT" />
        </Api>
        <Api Name="OleRegGetUserType">
            <Param Type="REFCLSID" Name="clsid" />
            <Param Type="DWORD" Name="dwFormOfType" />
            <Param Type="LPOLESTR*" Name="pszUserType" />
            <Return Type="HRESULT" />
        </Api>
        <Api Name="OleSetAutoConvert">
            <Param Type="REFCLSID" Name="clsidOld" />
            <Param Type="REFCLSID" Name="clsidNew" />
            <Return Type="HRESULT" />
        </Api>
        <Api Name="ProgIDFromCLSID">
            <Param Type="REFCLSID" Name="clsid" />
            <Param Type="LPOLESTR*" Name="lplpszProgID" />
            <Return Type="HRESULT" />
        </Api>
        <Api Name="StringFromCLSID">
            <Param Type="REFCLSID" Name="rclsid" />
            <Param Type="LPOLESTR*" Name="lplpsz" />
            <Return Type="HRESULT" />
        </Api>
        <Api Name="StringFromGUID2">
            <Param Type="REFGUID" Name="rguid" />
            <Param Type="LPOLESTR" Name="lpsz" OutputOnly="True" />
            <Param Type="int" Name="cchMax" />
            <Return Type="int" />
            <Success Return="NotEqual" Value="0" />
        </Api>
        <Api Name="StringFromIID">
            <Param Type="REFIID" Name="rclsid" />
            <Param Type="LPOLESTR*" Name="lplpsz" />
            <Return Type="HRESULT" />
        </Api>
        <Api Name="CoRegisterChannelHook">
            <Param Type="REFGUID" Name="ExtensionUuid" />
            <Param Type="IChannelHook*" Name="pChannelHook" />
            <Return Type="HRESULT" />
        </Api>
        <Api Name="CoCreateInstanceFromApp">
            <Param Type="REFCLSID" Name="rclsid" />
            <Param Type="IUnknown*" Name="punkOuter" />
            <Param Type="DWORD" Name="dwClsCtx" />
            <Param Type="PVOID" Name="reserved" />
            <Param Type="DWORD" Name="dwCount" />
            <Param Type="MULTI_QI*" Name="pResults" Count="dwCount" />
            <Return Type="HRESULT" />
        </Api>
        <Api Name="CoDecrementMTAUsage">
            <Param Type="CO_MTA_USAGE_COOKIE" Name="Cookie" />
            <Return Type="HRESULT" />
        </Api>
        <!-- TODO: Forwared to Combase.dll!CoHandlePriorityEventsFromMessagePump Ordinal 111 -->
        <Api Name="CoHandlePriorityEventsFromMessagePump">
            <Return Type="void" />
        </Api>
        <Api Name="CoIncrementMTAUsage">
            <Param Type="CO_MTA_USAGE_COOKIE*" Name="pCookie" />
            <Return Type="HRESULT" />
        </Api>
        <!-- TODO: Forwared to Combase.dll!CoSetMessageDispatcher Ordinal 110 -->
        <Api Name="CoSetMessageDispatcher">
            <Param Type="PMessageDispatcher" Name="pMessageDispatcher" />
            <Return Type="HRESULT" />
        </Api>

        <!-- OLE and Data Transfer -->
        <Category Name="Component Object Model (COM)/OLE and Data Transfer" />
        <Api Name="CreateDataAdviseHolder">
            <Param Type="LPDATAADVISEHOLDER*" Name="ppDAHolder" />
            <Return Type="HRESULT" />
        </Api>
        <Api Name="CreateDataCache">
            <Param Type="LPUNKNOWN" Name="pUnkOuter" />
            <Param Type="REFCLSID" Name="rclsid" />
            <Param Type="REFIID" Name="iid" />
            <Param Type="LPVOID*" Name="ppv" />
            <Return Type="HRESULT" />
        </Api>
        <Api Name="CreateOleAdviseHolder">
            <Param Type="LPOLEADVISEHOLDER*" Name="ppOAHolder" />
            <Return Type="HRESULT" />
        </Api>
        <Api Name="DoDragDrop">
            <Param Type="LPDATAOBJECT" Name="pDataObj" />
            <Param Type="LPDROPSOURCE" Name="pDropSource" />
            <Param Type="DWORD" Name="dwOKEffects" />
            <Param Type="LPDWORD" Name="pdwEffect" />
            <Return Type="HRESULT" />
        </Api>
        <Api Name="OleCreate">
            <Param Type="REFCLSID" Name="rclsid" />
            <Param Type="REFIID" Name="riid" />
            <Param Type="OLERENDER" Name="renderopt" />
            <Param Type="LPFORMATETC" Name="pFormatEtc" />
            <Param Type="LPOLECLIENTSITE" Name="pClientSite" />
            <Param Type="LPSTORAGE" Name="pStg" />
            <Param Type="LPVOID*" Name="ppvObj" InterfaceId="riid" />
            <Return Type="HRESULT" />
        </Api>
        <Api Name="OleCreateDefaultHandler">
            <Param Type="REFCLSID" Name="clsid" />
            <Param Type="LPUNKNOWN" Name="pUnkOuter" />
            <Param Type="REFIID" Name="riid" />
            <Param Type="LPVOID*" Name="lplpObj" InterfaceId="riid" />
            <Return Type="HRESULT" />
        </Api>
        <Api Name="OleCreateEmbeddingHelper">
            <Param Type="REFCLSID" Name="clsid" />
            <Param Type="LPUNKNOWN" Name="pUnkOuter" />
            <Param Type="DWORD" Name="flags" />
            <Param Type="LPCLASSFACTORY" Name="pCF" />
            <Param Type="REFIID" Name="riid" />
            <Param Type="LPVOID*" Name="lplpObj" InterfaceId="riid" />
            <Return Type="HRESULT" />
        </Api>
        <Api Name="OleCreateEx">
            <Param Type="REFCLSID" Name="rclsid" />
            <Param Type="REFIID" Name="riid" />
            <Param Type="DWORD" Name="dwFlags" />
            <Param Type="OLERENDER" Name="renderopt" />
            <Param Type="ULONG" Name="cFormats" />
            <Param Type="DWORD*" Name="rgAdvf" Count="cFormats" />
            <Param Type="LPFORMATETC" Name="rgFormatEtc" Count="cFormats" />
            <Param Type="IAdviseSink*" Name="lpAdviseSink" />
            <Param Type="DWORD*" Name="rgdwConnection" />
            <Param Type="LPOLECLIENTSITE" Name="pClientSite" />
            <Param Type="LPSTORAGE" Name="pStg" />
            <Param Type="LPVOID*" Name="ppvObj" InterfaceId="riid" />
            <Return Type="HRESULT" />
        </Api>
        <Api Name="OleCreateFromData">
            <Param Type="LPDATAOBJECT" Name="pSrcDataObj" />
            <Param Type="REFIID" Name="riid" />
            <Param Type="OLERENDER" Name="renderopt" />
            <Param Type="LPFORMATETC" Name="pFormatEtc" />
            <Param Type="LPOLECLIENTSITE" Name="pClientSite" />
            <Param Type="LPSTORAGE" Name="pStg" />
            <Param Type="LPVOID*" Name="ppvObj" InterfaceId="riid" />
            <Return Type="HRESULT" />
        </Api>
        <Api Name="OleCreateFromDataEx">
            <Param Type="LPDATAOBJECT" Name="pSrcDataObj" />
            <Param Type="REFIID" Name="riid" />
            <Param Type="DWORD" Name="dwFlags" />
            <Param Type="OLERENDER" Name="renderopt" />
            <Param Type="ULONG" Name="cFormats" />
            <Param Type="DWORD*" Name="rgAdvf" Count="cFormats" />
            <Param Type="LPFORMATETC" Name="rgFormatEtc" Count="cFormats" />
            <Param Type="IAdviseSink*" Name="lpAdviseSink" />
            <Param Type="DWORD*" Name="rgdwConnection" />
            <Param Type="LPOLECLIENTSITE" Name="pClientSite" />
            <Param Type="LPSTORAGE" Name="pStg" />
            <Param Type="LPVOID*" Name="ppvObj" InterfaceId="riid" />
            <Return Type="HRESULT" />
        </Api>
        <Api Name="OleCreateFromFile">
            <Param Type="REFCLSID" Name="rclsid" />
            <Param Type="LPCOLESTR" Name="lpszFileName" />
            <Param Type="REFIID" Name="riid" />
            <Param Type="OLERENDER" Name="renderopt" />
            <Param Type="LPFORMATETC" Name="lpFormatEtc" />
            <Param Type="LPOLECLIENTSITE" Name="pClientSite" />
            <Param Type="LPSTORAGE" Name="pStg" />
            <Param Type="LPVOID*" Name="ppvObj" InterfaceId="riid" />
            <Return Type="HRESULT" />
        </Api>
        <Api Name="OleCreateFromFileEx">
            <Param Type="REFCLSID" Name="rclsid" />
            <Param Type="LPCOLESTR" Name="lpszFileName" />
            <Param Type="REFIID" Name="riid" />
            <Param Type="DWORD" Name="dwFlags" />
            <Param Type="OLERENDER" Name="renderopt" />
            <Param Type="ULONG" Name="cFormats" />
            <Param Type="DWORD*" Name="rgAdvf" Count="cFormats" />
            <Param Type="LPFORMATETC" Name="rgFormatEtc" Count="cFormats" />
            <Param Type="IAdviseSink*" Name="lpAdviseSink" />
            <Param Type="DWORD*" Name="rgdwConnection" />
            <Param Type="LPOLECLIENTSITE" Name="pClientSite" />
            <Param Type="LPSTORAGE" Name="pStg" />
            <Param Type="LPVOID*" Name="ppvObj" InterfaceId="riid" />
            <Return Type="HRESULT" />
        </Api>
        <Api Name="OleCreateLink">
            <Param Type="LPMONIKER" Name="pmkLinkSrc" />
            <Param Type="REFIID" Name="riid" />
            <Param Type="OLERENDER" Name="renderopt" />
            <Param Type="LPFORMATETC" Name="lpFormatEtc" />
            <Param Type="LPOLECLIENTSITE" Name="pClientSite" />
            <Param Type="LPSTORAGE" Name="pStg" />
            <Param Type="LPVOID*" Name="ppvObj" InterfaceId="riid" />
            <Return Type="HRESULT" />
        </Api>
        <Api Name="OleCreateLinkEx">
            <Param Type="LPMONIKER" Name="pmkLinkSrc" />
            <Param Type="REFIID" Name="riid" />
            <Param Type="DWORD" Name="dwFlags" />
            <Param Type="OLERENDER" Name="renderopt" />
            <Param Type="ULONG" Name="cFormats" />
            <Param Type="DWORD*" Name="rgAdvf" Count="cFormats" />
            <Param Type="LPFORMATETC" Name="rgFormatEtc" Count="cFormats" />
            <Param Type="IAdviseSink*" Name="lpAdviseSink" />
            <Param Type="DWORD*" Name="rgdwConnection" />
            <Param Type="LPOLECLIENTSITE" Name="pClientSite" />
            <Param Type="LPSTORAGE" Name="pStg" />
            <Param Type="LPVOID*" Name="ppvObj" InterfaceId="riid" />
            <Return Type="HRESULT" />
        </Api>
        <Api Name="OleCreateLinkFromData">
            <Param Type="LPDATAOBJECT" Name="pSrcDataObj" />
            <Param Type="REFIID" Name="riid" />
            <Param Type="OLERENDER" Name="renderopt" />
            <Param Type="LPFORMATETC" Name="pFormatEtc" />
            <Param Type="LPOLECLIENTSITE" Name="pClientSite" />
            <Param Type="LPSTORAGE" Name="pStg" />
            <Param Type="LPVOID*" Name="ppvObj" InterfaceId="riid" />
            <Return Type="HRESULT" />
        </Api>
        <Api Name="OleCreateLinkFromDataEx">
            <Param Type="LPDATAOBJECT" Name="pSrcDataObj" />
            <Param Type="REFIID" Name="riid" />
            <Param Type="DWORD" Name="dwFlags" />
            <Param Type="OLERENDER" Name="renderopt" />
            <Param Type="ULONG" Name="cFormats" />
            <Param Type="DWORD*" Name="rgAdvf" Count="cFormats" />
            <Param Type="LPFORMATETC" Name="rgFormatEtc" Count="cFormats" />
            <Param Type="IAdviseSink*" Name="lpAdviseSink" />
            <Param Type="DWORD*" Name="rgdwConnection" />
            <Param Type="LPOLECLIENTSITE" Name="pClientSite" />
            <Param Type="LPSTORAGE" Name="pStg" />
            <Param Type="LPVOID*" Name="ppvObj" InterfaceId="riid" />
            <Return Type="HRESULT" />
        </Api>
        <Api Name="OleCreateLinkToFile">
            <Param Type="LPCOLESTR" Name="lpszFileName" />
            <Param Type="REFIID" Name="riid" />
            <Param Type="OLERENDER" Name="renderopt" />
            <Param Type="LPFORMATETC" Name="lpFormatEtc" />
            <Param Type="LPOLECLIENTSITE" Name="pClientSite" />
            <Param Type="LPSTORAGE" Name="pStg" />
            <Param Type="LPVOID*" Name="ppvObj" InterfaceId="riid" />
            <Return Type="HRESULT" />
        </Api>
        <Api Name="OleCreateLinkToFileEx">
            <Param Type="LPCOLESTR" Name="lpszFileName" />
            <Param Type="REFIID" Name="riid" />
            <Param Type="DWORD" Name="dwFlags" />
            <Param Type="OLERENDER" Name="renderopt" />
            <Param Type="ULONG" Name="cFormats" />
            <Param Type="DWORD*" Name="rgAdvf" Count="cFormats" />
            <Param Type="LPFORMATETC" Name="rgFormatEtc" Count="cFormats" />
            <Param Type="IAdviseSink*" Name="lpAdviseSink" />
            <Param Type="DWORD*" Name="rgdwConnection" />
            <Param Type="LPOLECLIENTSITE" Name="pClientSite" />
            <Param Type="LPSTORAGE" Name="pStg" />
            <Param Type="LPVOID*" Name="ppvObj" InterfaceId="riid" />
            <Return Type="HRESULT" />
        </Api>
        <Api Name="OleCreateMenuDescriptor">
            <Param Type="HMENU" Name="hmenuCombined" />
            <Param Type="LPOLEMENUGROUPWIDTHS" Name="lpMenuWidths" />
            <Return Type="HOLEMENU" />
            <Success Return="NotEqual" Value="0" />
        </Api>
        <Api Name="OleCreateStaticFromData">
            <Param Type="LPDATAOBJECT" Name="pSrcDataObj" />
            <Param Type="REFIID" Name="iid" />
            <Param Type="OLERENDER" Name="renderopt" />
            <Param Type="LPFORMATETC" Name="pFormatEtc" />
            <Param Type="LPOLECLIENTSITE" Name="pClientSite" />
            <Param Type="LPSTORAGE" Name="pStg" />
            <Param Type="LPVOID*" Name="ppvObj" />
            <Return Type="HRESULT" />
        </Api>
        <Api Name="OleDestroyMenuDescriptor">
            <Param Type="HOLEMENU" Name="holemenu" />
            <Return Type="VOID" />
        </Api>
        <Api Name="OleDraw">
            <Param Type="LPUNKNOWN" Name="pUnknown" />
            <Param Type="DVASPECT" Name="dwAspect" />
            <Param Type="HDC" Name="hdcDraw" />
            <Param Type="LPCRECT" Name="lprcBounds" />
            <Return Type="HRESULT" />
        </Api>
        <Api Name="OleDuplicateData">
            <Param Type="HANDLE" Name="hSrc" />
            <Param Type="CLIPFORMAT" Name="cfFormat" />
            <Param Type="UINT" Name="uiFlags" />
            <Return Type="HANDLE" />
            <Success Return="NotEqual" Value="0" />
        </Api>
        <Api Name="OleFlushClipboard">
            <Return Type="HRESULT" />
        </Api>
        <Api Name="OleGetClipboard">
            <Param Type="LPDATAOBJECT*" Name="ppDataObj" />
            <Return Type="HRESULT" />
        </Api>
        <Api Name="OleInitialize">
            <Param Type="LPVOID" Name="pvReserved" />
            <Return Type="HRESULT" />
        </Api>
        <Api Name="OleIsCurrentClipboard">
            <Param Type="LPDATAOBJECT" Name="pDataObj" />
            <Return Type="HRESULT" />
        </Api>
        <Api Name="OleIsRunning">
            <Param Type="LPOLEOBJECT" Name="pObject" />
            <Return Type="BOOL" />
        </Api>
        <Api Name="OleLoad">
            <Param Type="LPSTORAGE" Name="pStg" />
            <Param Type="REFIID" Name="riid" />
            <Param Type="REFCLSID" Name="rclsid" />
            <Param Type="LPOLECLIENTSITE" Name="pClientSite" />
            <Param Type="LPVOID*" Name="ppvObj" InterfaceId="riid" />
            <Return Type="HRESULT" />
        </Api>
        <Api Name="OleLoadFromStream">
            <Param Type="LPSTREAM" Name="pStm" />
            <Param Type="REFIID" Name="iidInterface" />
            <Param Type="LPVOID*" Name="ppvObj" />
            <Return Type="HRESULT" />
        </Api>
        <Api Name="OleLockRunning">
            <Param Type="LPUNKNOWN" Name="pUnknown" />
            <Param Type="BOOL" Name="fLock" />
            <Param Type="BOOL" Name="fLastUnlockCloses" />
            <Return Type="HRESULT" />
        </Api>
        <Api Name="OleMetafilePictFromIconAndLabel">
            <Param Type="HICON" Name="hIcon" />
            <Param Type="LPOLESTR" Name="lpszLabel" />
            <Param Type="LPOLESTR" Name="lpszSourceFile" />
            <Param Type="UINT" Name="iIconIndex" />
            <Return Type="HGLOBAL" />
            <Success Return="NotEqual" Value="0" />
        </Api>
        <Api Name="OleNoteObjectVisible">
            <Param Type="LPUNKNOWN" Name="pUnknown" />
            <Param Type="BOOL" Name="fVisible" />
            <Return Type="HRESULT" />
        </Api>
        <Api Name="OleQueryCreateFromData">
            <Param Type="LPDATAOBJECT" Name="pSrcDataObject" />
            <Return Type="HRESULT" />
        </Api>
        <Api Name="OleQueryLinkFromData">
            <Param Type="LPDATAOBJECT" Name="pSrcDataObject" />
            <Return Type="HRESULT" />
        </Api>
        <Api Name="OleRegEnumFormatEtc">
            <Param Type="REFCLSID" Name="clsid" />
            <Param Type="DWORD" Name="dwDirection" />
            <Param Type="LPENUMFORMATETC*" Name="ppenum" />
            <Return Type="HRESULT" />
        </Api>
        <Api Name="OleRegEnumVerbs">
            <Param Type="REFCLSID" Name="clsid" />
            <Param Type="LPENUMOLEVERB*" Name="ppenum" />
            <Return Type="HRESULT" />
        </Api>
        <Api Name="OleRun">
            <Param Type="LPUNKNOWN" Name="pUnknown" />
            <Return Type="HRESULT" />
        </Api>
        <Api Name="OleSave">
            <Param Type="LPPERSISTSTORAGE" Name="pPS" />
            <Param Type="LPSTORAGE" Name="pStg" />
            <Param Type="BOOL" Name="fSameAsLoad" />
            <Return Type="HRESULT" />
        </Api>
        <Api Name="OleSaveToStream">
            <Param Type="LPPERSISTSTREAM" Name="pPStm" />
            <Param Type="LPSTREAM" Name="pStm" />
            <Return Type="HRESULT" />
        </Api>
        <Api Name="OleSetClipboard">
            <Param Type="LPDATAOBJECT" Name="pDataObj" />
            <Return Type="HRESULT" />
        </Api>
        <Api Name="OleSetContainedObject">
            <Param Type="LPUNKNOWN" Name="pUnknown" />
            <Param Type="BOOL" Name="fContained" />
            <Return Type="HRESULT" />
        </Api>
        <Api Name="OleSetMenuDescriptor">
            <Param Type="HOLEMENU" Name="holemenu" />
            <Param Type="HWND" Name="hwndFrame" />
            <Param Type="HWND" Name="hwndActiveObject" />
            <Param Type="LPOLEINPLACEFRAME" Name="lpFrame" />
            <Param Type="LPOLEINPLACEACTIVEOBJECT" Name="lpActiveObj" />
            <Return Type="HRESULT" />
        </Api>
        <Api Name="OleTranslateAccelerator">
            <Param Type="LPOLEINPLACEFRAME" Name="lpFrame" />
            <Param Type="LPOLEINPLACEFRAMEINFO" Name="lpFrameInfo" />
            <Param Type="LPMSG" Name="lpmsg" />
            <Return Type="HRESULT" />
        </Api>
        <Api Name="OleUninitialize">
            <Return Type="void" />
        </Api>
        <Api Name="RegisterDragDrop">
            <Param Type="HWND" Name="hwnd" />
            <Param Type="LPDROPTARGET" Name="pDropTarget" />
            <Return Type="HRESULT" />
        </Api>
        <Api Name="ReleaseStgMedium">
            <Param Type="LPSTGMEDIUM" Name="pMedium" />
            <Return Type="void" />
        </Api>
        <Api Name="RevokeDragDrop">
            <Param Type="HWND" Name="hwnd" />
            <Return Type="HRESULT" />
        </Api>
        
        <!-- Structured Storage -->
        <Category Name="Component Object Model (COM)/Structured Storage" />
        <Api Name="CreateILockBytesOnHGlobal">
            <Param Type="HGLOBAL" Name="hGlobal" />
            <Param Type="BOOL" Name="fDeleteOnRelease" />
            <Param Type="ILockBytes**" Name="ppLkbyt" />
            <Return Type="WINOLEAPI" />
        </Api>
        <Api Name="CreateStreamOnHGlobal">
            <Param Type="HGLOBAL" Name="hGlobal" />
            <Param Type="BOOL" Name="fDeleteOnRelease" />
            <Param Type="LPSTREAM*" Name="ppstm" />
            <Return Type="WINOLEAPI" />
        </Api>
        <Api Name="FmtIdToPropStgName">
            <Param Type="const FMTID*" Name="pfmtid" />
            <Param Type="LPOLESTR" Name="oszName" />
            <Return Type="HRESULT" />
        </Api>
        <Api Name="FreePropVariantArray">
            <Param Type="ULONG" Name="cVariants" />
            <Param Type="PROPVARIANT*" Name="rgvars" Count="cVariants" />
            <Return Type="WINOLEAPI" />
        </Api>
        <Api Name="GetConvertStg">
            <Param Type="IStorage*" Name="pStg" />
            <Return Type="WINOLEAPI" />
        </Api>
        <Api Name="GetHGlobalFromILockBytes">
            <Param Type="ILockBytes*" Name="pLkbyt" />
            <Param Type="HGLOBAL*" Name="phglobal" />
            <Return Type="WINOLEAPI" />
        </Api>
        <Api Name="GetHGlobalFromStream">
            <Param Type="IStream*" Name="pstm" />
            <Param Type="HGLOBAL*" Name="phglobal" />
            <Return Type="WINOLEAPI" />
        </Api>
        <Api Name="OleConvertIStorageToOLESTREAM">
            <Param Type="IStorage*" Name="pStg" />
            <Param Type="LPOLESTREAM" Name="lpolestream" />
            <Return Type="WINOLEAPI" />
        </Api>
        <Api Name="OleConvertIStorageToOLESTREAMEx">
            <Param Type="IStorage*" Name="pStg" />
            <Param Type="CLIPFORMAT" Name="cfFormat" />
            <Param Type="LONG" Name="lWidth" />
            <Param Type="LONG" Name="lHeight" />
            <Param Type="DWORD" Name="dwSize" />
            <Param Type="LPSTGMEDIUM" Name="pmedium" />
            <Param Type="LPOLESTREAM" Name="lpolestm" />
            <Return Type="WINOLEAPI" />
        </Api>
        <Api Name="OleConvertOLESTREAMToIStorage">
            <Param Type="LPOLESTREAM" Name="lpolestream" />
            <Param Type="IStorage*" Name="pstg" />
            <Param Type="const DVTARGETDEVICE*" Name="ptd" />
            <Return Type="WINOLEAPI" />
        </Api>
        <Api Name="OleConvertOLESTREAMToIStorageEx">
            <Param Type="LPOLESTREAM" Name="lpolestm" />
            <Param Type="IStorage*" Name="pstg" />
            <Param Type="CLIPFORMAT*" Name="pcfFormat" />
            <Param Type="LONG*" Name="plWidth" />
            <Param Type="LONG*" Name="plHeight" />
            <Param Type="DWORD*" Name="pdwSize" />
            <Param Type="LPSTGMEDIUM" Name="pmedium" />
            <Return Type="WINOLEAPI" />
        </Api>
        <Api Name="PropStgNameToFmtId">
            <Param Type="const LPOLESTR" Name="oszName" />
            <Param Type="FMTID*" Name="pfmtid" />
            <Return Type="HRESULT" />
        </Api>
        <Api Name="PropVariantClear">
            <Param Type="PROPVARIANT*" Name="pvar" />
            <Return Type="WINOLEAPI" />
        </Api>
        <Api Name="PropVariantCopy">
            <Param Type="PROPVARIANT*" Name="pvarDest" />
            <Param Type="const PROPVARIANT*" Name="pvarSrc" />
            <Return Type="WINOLEAPI" />
        </Api>
        <Api Name="ReadClassStg">
            <Param Type="IStorage*" Name="pStg" />
            <Param Type="CLSID*" Name="pclsid" />
            <Return Type="WINOLEAPI" />
        </Api>
        <Api Name="ReadClassStm">
            <Param Type="IStream*" Name="pStm" />
            <Param Type="CLSID*" Name="pclsid" />
            <Return Type="WINOLEAPI" />
        </Api>
        <Api Name="ReadFmtUserTypeStg">
            <Param Type="IStorage*" Name="pStg" />
            <Param Type="CLIPFORMAT*" Name="pcf" />
            <Param Type="LPWSTR*" Name="lplpszUserType" />
            <Return Type="WINOLEAPI" />
        </Api>
        <Api Name="StgConvertPropertyToVariant">
            <Param Type="SERIALIZEDPROPERTYVALUE*" Name="prop" />
            <Param Type="USHORT" Name="CodePage" />
            <Param Type="PROPVARIANT*" Name="pvar" />
            <Param Type="IMemoryAllocator*" Name="pma" />
            <Return Type="BOOLEAN" />
        </Api>
        <Api Name="SetConvertStg">
            <Param Type="IStorage*" Name="pStg" />
            <Param Type="BOOL" Name="fConvert" />
            <Return Type="WINOLEAPI" />
        </Api>
        <Api Name="StgConvertVariantToProperty">
            <Param Type="PROPVARIANT*" Name="pvar" />
            <Param Type="USHORT" Name="CodePage" />
            <Param Type="SERIALIZEDPROPERTYVALUE*" Name="pprop" />
            <Param Type="ULONG*" Name="pcb" />
            <Param Type="PROPID" Name="pid" />
            <Param Type="BOOLEAN" Name="fReserved" />
            <Param Type="ULONG*" Name="pcIndirect" />
            <Return Type="SERIALIZEDPROPERTYVALUE*" />
            <Success Return="NotEqual" Value="0" />
        </Api>
        <Api Name="StgCreateDocfile">
            <Param Type="const WCHAR*" Name="pwcsName" />
            <Param Type="[STGM_FLAGS]" Name="grfMode" />
            <Param Type="DWORD" Name="reserved" />
            <Param Type="IStorage**" Name="ppstgOpen" />
            <Return Type="HRESULT" />
        </Api>
        <Api Name="StgCreateDocfileOnILockBytes">
            <Param Type="ILockBytes*" Name="plkbyt" />
            <Param Type="[STGM_FLAGS]" Name="grfMode" />
            <Param Type="DWORD" Name="reserved" />
            <Param Type="IStorage**" Name="ppstgOpen" />
            <Return Type="WINOLEAPI" />
        </Api>
        <Api Name="StgCreatePropSetStg">
            <Param Type="IStorage*" Name="pStorage" />
            <Param Type="DWORD" Name="dwReserved" />
            <Param Type="IPropertySetStorage**" Name="ppPropSetStg" />
            <Return Type="HRESULT" />
        </Api>
        <Api Name="StgCreatePropStg">
            <Param Type="IUnknown*" Name="pUnk" />
            <Param Type="REFFMTID" Name="fmtid" />
            <Param Type="const CLSID*" Name="pclsid" />
            <Param Type="[PROPSETFLAG]" Name="grfFlags" />
            <Param Type="DWORD" Name="dwReserved" />
            <Param Type="IPropertyStorage**" Name="ppPropStg" />
            <Return Type="HRESULT" />
        </Api>
        <Api Name="StgCreateStorageEx">
            <Param Type="const WCHAR*" Name="pwcsName" />
            <Param Type="[STGM_FLAGS]" Name="grfMode" />
            <Param Type="STGFMT" Name="stgfmt" />
            <Param Type="DWORD" Name="grfAttrs" />
            <Param Type="STGOPTIONS*" Name="pStgOptions" />
            <Param Type="PSECURITY_DESCRIPTOR*" Name="pSecurityDescriptor" />
            <Param Type="REFIID" Name="riid" />
            <Param Type="void**" Name="ppObjectOpen" InterfaceId="riid" />
            <Return Type="WINOLEAPI" />
        </Api>
        <Api Name="StgGetIFillLockBytesOnFile">
            <Param Type="OLECHAR*" Name="pwcsName" />
            <Param Type="IFillLockBytes**" Name="ppflb" />
            <Return Type="WINOLEAPI" />
        </Api>
        <Api Name="StgGetIFillLockBytesOnILockBytes">
            <Param Type="ILockBytes*" Name="pilb" />
            <Param Type="IFillLockBytes**" Name="ppflb" />
            <Return Type="WINOLEAPI" />
        </Api>
        <Api Name="StgIsStorageFile">
            <Param Type="const WCHAR*" Name="pwcsName" />
            <Return Type="WINOLEAPI" />
        </Api>
        <Api Name="StgIsStorageILockBytes">
            <Param Type="ILockBytes*" Name="plkbyt" />
            <Return Type="WINOLEAPI" />
        </Api>
        <Api Name="StgOpenAsyncDocfileOnIFillLockBytes">
            <Param Type="IFillLockBytes*" Name="ppflb" />
            <Param Type="[STGM_FLAGS]" Name="grfmode" />
            <Param Type="[ASYNC_MODE_FLAGS]" Name="asyncFlags" />
            <Param Type="IStorage**" Name="ppstgOpen" />
            <Return Type="WINOLEAPI" />
        </Api>
        <Api Name="StgOpenPropStg">
            <Param Type="IUnknown*" Name="pUnk" />
            <Param Type="REFFMTID" Name="fmtid" />
            <Param Type="[PROPSETFLAG]" Name="grfFlags" />
            <Param Type="DWORD" Name="dwReserved" />
            <Param Type="IPropertyStorage**" Name="ppPropStg" />
            <Return Type="HRESULT" />
        </Api>
        <Api Name="StgOpenStorage">
            <Param Type="const WCHAR*" Name="pwcsName" />
            <Param Type="IStorage*" Name="pstgPriority" />
            <Param Type="[STGM_FLAGS]" Name="grfMode" />
            <Param Type="SNB" Name="snbExclude" />
            <Param Type="DWORD" Name="reserved" />
            <Param Type="IStorage**" Name="ppstgOpen" />
            <Return Type="HRESULT" />
        </Api>
        <Api Name="StgOpenStorageEx">
            <Param Type="const WCHAR*" Name="pwcsName" />
            <Param Type="[STGM_FLAGS]" Name="grfMode" />
            <Param Type="STGFMT" Name="stgfmt" />
            <Param Type="DWORD" Name="grfAttrs" />
            <Param Type="STGOPTIONS*" Name="pStgOptions" />
            <Param Type="void*" Name="reserved2" />
            <Param Type="REFIID" Name="riid" />
            <Param Type="void**" Name="ppObjectOpen" InterfaceId="riid" />
            <Return Type="HRESULT" />
        </Api>
        <Api Name="StgOpenStorageOnILockBytes">
            <Param Type="ILockBytes*" Name="plkbyt" />
            <Param Type="IStorage*" Name="pStgPriority" />
            <Param Type="[STGM_FLAGS]" Name="grfMode" />
            <Param Type="SNB" Name="snbExclude" />
            <Param Type="DWORD" Name="reserved" />
            <Param Type="IStorage**" Name="ppstgOpen" />
            <Return Type="WINOLEAPI" />
        </Api>
        <Api Name="StgPropertyLengthAsVariant">
            <Param Type="SERIALIZEDPROPERTYVALUE*" Name="pProp" />
            <Param Type="ULONG" Name="cbProp" />
            <Param Type="USHORT" Name="CodePage" />
            <Param Type="BYTE" Name="bReserved" />
            <Return Type="ULONG" />
            <Success Return="NotEqual" Value="0" />
        </Api>
        <Api Name="StgSetTimes">
            <Param Type="WCHAR const*" Name="lpszName" />
            <Param Type="FILETIME const*" Name="pctime" />
            <Param Type="FILETIME const*" Name="patime" />
            <Param Type="FILETIME const*" Name="pmtime" />
            <Return Type="WINOLEAPI" />
        </Api>
        <Api Name="WriteClassStg">
            <Param Type="IStorage*" Name="pStg" />
            <Param Type="REFCLSID" Name="rclsid" />
            <Return Type="WINOLEAPI" />
        </Api>
        <Api Name="WriteClassStm">
            <Param Type="IStream*" Name="pStm" />
            <Param Type="REFCLSID" Name="rclsid" />
            <Return Type="WINOLEAPI" />
        </Api>
        <Api Name="WriteFmtUserTypeStg">
            <Param Type="IStorage*" Name="pStg" />
            <Param Type="CLIPFORMAT" Name="cf" />
            <Param Type="LPWSTR*" Name="lpszUserType" />
            <Return Type="WINOLEAPI" />
        </Api>

        <!-- Undocumented (UnDoc'd) -->
        <Category Name="Undocumented (UnDoc'd)" OnlineHelp="UnDoc'd-ole32" />
        <Api Name="CoGetModuleType">
            <Param Type="LPCWSTR" Name="pwszFile" />
            <Param Type="int*" Name="pModuleType" />
            <Return Type="HRESULT" />
        </Api>

    </Module>
</ApiMonitor>