<!--
    API Monitor Definitions
    (c) 2010-2012, Rohitab Batra <rohitab@rohitab.com>
    http://www.rohitab.com/apimonitor/
-->
<ApiMonitor>
    <Include Filename="Headers\windows.h.xml" />
    <Include Filename="Headers\ole.h.xml" />
    <Include Filename="Headers\gdi.h.xml" />
    
    <Module Name="Oleacc.dll" CallingConvention="STDCALL" ErrorFunc="HRESULT" OnlineHelp="MSDN">
        
        <!-- Variables -->
        <Variable Name="IAccessible" Type="Interface" />

        <!-- Active Accessibility User Interface -->
        <Category Name="Windows Application UI Development/Accessibility/Windows Automation/Microsoft Active Accessibility/Active Accessibility User Interface Services/Client" />
        <Api Name="AccessibleChildren">
            <Param Type="IAccessible*" Name="paccContainer" />
            <Param Type="LONG" Name="iChildStart" />
            <Param Type="LONG" Name="cChildren" />
            <Param Type="VARIANT*" Name="rgvarChildren" PostCount="pcObtained" />
            <Param Type="LONG*" Name="pcObtained" />
            <Return Type="STDAPI" />
        </Api>
        <Api Name="AccessibleObjectFromEvent">
            <Param Type="HWND" Name="hwnd" />
            <Param Type="DWORD" Name="dwObjectID" />
            <Param Type="DWORD" Name="dwChildID" />
            <Param Type="IAccessible**" Name="ppacc" />
            <Param Type="VARIANT*" Name="pvarChild" />
            <Return Type="STDAPI" />
        </Api>
        <Api Name="AccessibleObjectFromPoint">
            <Param Type="POINT" Name="ptScreen" />
            <Param Type="IAccessible**" Name="ppacc" />
            <Param Type="VARIANT*" Name="pvarChild" />
            <Return Type="STDAPI" />
        </Api>
        <Api Name="AccessibleObjectFromWindow">
            <Param Type="HWND" Name="hwnd" />
            <Param Type="DWORD" Name="dwObjectID" />
            <Param Type="REFIID" Name="riid" />
            <Param Type="void**" Name="ppvObject" InterfaceId="riid" />
            <Return Type="STDAPI" />
        </Api>
        <Api Name="GetOleaccVersionInfo">
            <Param Type="DWORD*" Name="pdwVer" />
            <Param Type="DWORD*" Name="pdwBuild" />
            <Return Type="void" />
        </Api>
        <Api Name="GetProcessHandleFromHwnd">
            <Param Type="HWND" Name="hwnd" />
            <Return Type="HANDLE" />
            <Success Return="NotEqual" Value="0" />
        </Api>
        <Api Name="GetRoleText" BothCharset="True">
            <Param Type="DWORD" Name="dwRole" />
            <Param Type="LPTSTR" Name="lpszRole" />
            <Param Type="UINT" Name="cchRoleMax" />
            <Return Type="UINT" />
            <Success Return="NotEqual" Value="0" />
        </Api>
        <Api Name="GetStateText" BothCharset="True">
            <Param Type="DWORD" Name="dwStateBit" />
            <Param Type="LPTSTR" Name="lpszStateBit" />
            <Param Type="UINT" Name="cchStateBitMax" />
            <Return Type="UINT" />
            <Success Return="NotEqual" Value="0" />
        </Api>
        <Api Name="WindowFromAccessibleObject">
            <Param Type="IAccessible*" Name="pacc" />
            <Param Type="HWND*" Name="phwnd" />
            <Return Type="STDAPI" />
        </Api>
        <Category Name="Windows Application UI Development/Accessibility/Windows Automation/Microsoft Active Accessibility/Active Accessibility User Interface Services/Server" />
        <Api Name="CreateStdAccessibleObject">
            <Param Type="HWND" Name="hwnd" />
            <Param Type="LONG" Name="idObject" />
            <Param Type="REFIID" Name="riidInterface" />
            <Param Type="void**" Name="ppvObject" InterfaceId="riidInterface" />
            <Return Type="STDAPI" />
        </Api>
        <Api Name="CreateStdAccessibleProxy">
            <Param Type="HWND" Name="hwnd" />
            <Param Type="LPCTSTR" Name="pszClassName" />
            <Param Type="LONG" Name="idObject" />
            <Param Type="REFIID" Name="riidInterface" />
            <Param Type="void**" Name="ppvObject" InterfaceId="riidInterface" />
            <Return Type="STDAPI" />
        </Api>
        <Api Name="LresultFromObject">
            <Param Type="REFIID" Name="riid" />
            <Param Type="WPARAM" Name="wParam" />
            <Param Type="LPUNKNOWN" Name="pAcc" />
            <Return Type="LRESULT" />
            <Success Return="NotEqual" Value="0" />
        </Api>
        <Api Name="ObjectFromLresult">
            <Param Type="LRESULT" Name="lResult" />
            <Param Type="REFIID" Name="riid" />
            <Param Type="WPARAM" Name="wParam" />
            <Param Type="void**" Name="ppvObject" InterfaceId="riid" />
            <Return Type="STDAPI" />
        </Api>
        <Api Name="AccSetRunningUtilityState">
            <Param Type="HWND" Name="hwndApp" />
            <Param Type="DWORD" Name="dwUtilityStateMask" />
            <Param Type="DWORD" Name="dwUtilityState" />
            <Return Type="STDAPI" />
        </Api>
    </Module>
</ApiMonitor>