<!--
    API Monitor Definitions
    (c) 2010-2011, Rohitab Batra <rohitab@rohitab.com>
    http://www.rohitab.com/apimonitor/
-->
<ApiMonitor>
    <Include Filename="Headers\windows.h.xml" />
    <Include Filename="Headers\gdi.h.xml" />
    
    <Module Name="Opengl32.dll" CallingConvention="STDCALL" ErrorFunc="GetLastError" OnlineHelp="MSDN">
        <!-- Variables -->
        <Variable Name="HGLRC"      Type="Alias"    Base="HANDLE" />
        <Variable Name="PROC"       Type="Alias"    Base="LPVOID" />

        <!-- LAYERPLANEDESCRIPTOR -->
        <Variable Name="LAYERPLANEDESCRIPTOR" Type="Struct">
            <Field Type="WORD"  	Name="nSize" />
            <Field Type="WORD"  	Name="nVersion" />
            <Field Type="DWORD" 	Name="dwFlags" />
            <Field Type="BYTE"  	Name="iPixelType" />
            <Field Type="BYTE"  	Name="cColorBits" />
            <Field Type="BYTE"  	Name="cRedBits" />
            <Field Type="BYTE"  	Name="cRedShift" />
            <Field Type="BYTE"  	Name="cGreenBits" />
            <Field Type="BYTE"  	Name="cGreenShift" />
            <Field Type="BYTE"  	Name="cBlueBits" />
            <Field Type="BYTE"  	Name="cBlueShift" />
            <Field Type="BYTE"  	Name="cAlphaBits" />
            <Field Type="BYTE"  	Name="cAlphaShift" />
            <Field Type="BYTE"  	Name="cAccumBits" />
            <Field Type="BYTE"  	Name="cAccumRedBits" />
            <Field Type="BYTE"  	Name="cAccumGreenBits" />
            <Field Type="BYTE"  	Name="cAccumBlueBits" />
            <Field Type="BYTE"  	Name="cAccumAlphaBits" />
            <Field Type="BYTE"  	Name="cDepthBits" />
            <Field Type="BYTE"  	Name="cStencilBits" />
            <Field Type="BYTE"  	Name="cAuxBuffers" />
            <Field Type="BYTE"  	Name="iLayerPlane" />
            <Field Type="BYTE"  	Name="bReserved" />
            <Field Type="COLORREF" 	Name="crTransparent" />
        </Variable>
        <Variable Name="LPLAYERPLANEDESCRIPTOR" Type="Pointer" Base="LAYERPLANEDESCRIPTOR" />

        <!-- POINTFLOAT -->
        <Variable Name="POINTFLOAT" Type="Struct">
            <Field Type="FLOAT"   	Name="x" />
            <Field Type="FLOAT"     Name="y" />
        </Variable>

        <!-- GLYPHMETRICSFLOAT -->
        <Variable Name="GLYPHMETRICSFLOAT" Type="Struct">
            <Field Type="FLOAT"       	Name="gmfBlackBoxX" />
            <Field Type="FLOAT"       	Name="gmfBlackBoxY" />
            <Field Type="POINTFLOAT"  	Name="gmfptGlyphOrigin" />
            <Field Type="FLOAT"       	Name="gmfCellIncX" />
            <Field Type="FLOAT"       	Name="gmfCellIncY" />
        </Variable>
        <Variable Name="LPGLYPHMETRICSFLOAT" Type="Pointer" Base="GLYPHMETRICSFLOAT" />

        <!-- OpenGL -->
        <Category Name="Graphics and Gaming/Legacy Graphics/OpenGL/Windows Extensions to OpenGL (WGL)" />
        <Api Name="wglCreateContext">
            <Param Type="HDC" Name="hdc" />
            <Return Type="HGLRC" />
            <Success Return="NotEqual" Value="0" />
        </Api>
        <Api Name="wglCreateLayerContext">
            <Param Type="HDC" Name="hdc" />
            <Param Type="int" Name="iLayerPlane" />
            <Return Type="HGLRC" />
            <Success Return="NotEqual" Value="0" />
        </Api>
        <Api Name="wglCopyContext">
            <Param Type="HGLRC" Name="hglrcSrc" />
            <Param Type="HGLRC" Name="hglrcDst" />
            <Param Type="UINT" Name="mask" />
            <Return Type="BOOL" />
        </Api>
        <Api Name="wglDeleteContext">
            <Param Type="HGLRC" Name="hglrc" />
            <Return Type="BOOL" />
        </Api>
        <Api Name="wglDescribeLayerPlane">
            <Param Type="HDC" Name="hdc" />
            <Param Type="int" Name="iPixelFormat" />
            <Param Type="int" Name="iLayerPlane" />
            <Param Type="UINT" Name="nBytes" />
            <Param Type="LPLAYERPLANEDESCRIPTOR" Name="plpd" />
            <Return Type="BOOL" />
        </Api>
        <Api Name="wglGetCurrentContext">
            <Return Type="HGLRC" />
            <Success Return="NotEqual" Value="0" />
        </Api>
        <Api Name="wglGetCurrentDC">
            <Return Type="HDC" />
            <Success Return="NotEqual" Value="0" />
        </Api>
        <Api Name="wglGetLayerPaletteEntries">
            <Param Type="HDC" Name="hdc" />
            <Param Type="int" Name="iLayerPlane" />
            <Param Type="int" Name="iStart" />
            <Param Type="int" Name="cEntries" />
            <Param Type="const COLORREF*" Name="pcr" />
            <Return Type="int" />
            <Success Return="NotEqual" Value="0" />
        </Api>
        <Api Name="wglGetProcAddress">
            <Param Type="LPCSTR" Name="lpszProc" />
            <Return Type="PROC" />
            <Success Return="NotEqual" Value="0" />
        </Api>
        <Api Name="wglMakeCurrent">
            <Param Type="HDC" Name="hdc" />
            <Param Type="HGLRC" Name="hglrc" />
            <Return Type="BOOL" />
        </Api>
        <Api Name="wglRealizeLayerPalette">
            <Param Type="HDC" Name="hdc" />
            <Param Type="int" Name="iLayerPlane" />
            <Param Type="BOOL" Name="bRealize" />
            <Return Type="BOOL" />
        </Api>
        <Api Name="wglSetLayerPaletteEntries">
            <Param Type="HDC" Name="hdc" />
            <Param Type="int" Name="iLayerPlane" />
            <Param Type="int" Name="iStart" />
            <Param Type="int" Name="cEntries" />
            <Param Type="const COLORREF*" Name="pcr" />
            <Return Type="int" />
            <Success Return="NotEqual" Value="0" />
        </Api>
        <Api Name="wglShareLists">
            <Param Type="HGLRC" Name="hglrc1" />
            <Param Type="HGLRC" Name="hglrc2" />
            <Return Type="BOOL" />
        </Api>
        <Api Name="wglSwapLayerBuffers">
            <Param Type="HDC" Name="hdc" />
            <Param Type="UINT" Name="fuPlanes" />
            <Return Type="BOOL" />
        </Api>
        <Api Name="wglUseFontBitmaps" BothCharset="True">
            <Param Type="HDC" Name="hdc" />
            <Param Type="DWORD" Name="first" />
            <Param Type="DWORD" Name="count" />
            <Param Type="DWORD" Name="listBase" />
            <Return Type="BOOL" />
        </Api>
        <Api Name="wglUseFontOutlines" BothCharset="True">
            <Param Type="HDC" Name="hdc" />
            <Param Type="DWORD" Name="first" />
            <Param Type="DWORD" Name="count" />
            <Param Type="DWORD" Name="listBase" />
            <Param Type="FLOAT" Name="deviation" />
            <Param Type="FLOAT" Name="extrusion" />
            <Param Type="int" Name="format" />
            <Param Type="LPGLYPHMETRICSFLOAT" Name="lpgmf" />
            <Return Type="BOOL" />
        </Api>
    </Module>
</ApiMonitor>