<!--
    API Monitor Definitions
    (c) 2010-2011, Rohitab Batra <rohitab@rohitab.com>
    http://www.rohitab.com/apimonitor/
-->
<ApiMonitor>
    <Include Filename="Headers\windows.h.xml" />
    <Include Filename="Headers\power.h.xml" />
    <Include Filename="Headers\registry.h.xml" />

    <Module Name="PowrProf.dll" CallingConvention="STDCALL" ErrorFunc="HRESULT" OnlineHelp="MSDN">

        <!-- Variables -->
        <Variable Name="PWRSCHEMESENUMPROC"     Type="Alias"    Base="LPVOID" />
        <Variable Name="BYTE [3]"               Type="Array"    Base="BYTE"     Count="3" />

        <!-- [POWER_ACTION] -->
        <Variable Name="[POWER_ACTION]" Type="Alias" Base="DWORD">
            <Display Name="DWORD" />
            <Flag>
                <Set Name="POWER_ACTION_QUERY_ALLOWED"          Value="0x00000001" />
                <Set Name="POWER_ACTION_UI_ALLOWED"             Value="0x00000002" />
                <Set Name="POWER_ACTION_OVERRIDE_APPS"          Value="0x00000004" />
                <Set Name="POWER_ACTION_PSEUDO_TRANSITION"      Value="0x08000000" />
                <Set Name="POWER_ACTION_LIGHTEST_FIRST"         Value="0x10000000" />
                <Set Name="POWER_ACTION_LOCK_CONSOLE"           Value="0x20000000" />
                <Set Name="POWER_ACTION_DISABLE_WAKES"          Value="0x40000000" />
                <Set Name="POWER_ACTION_CRITICAL"               Value="0x80000000" />
            </Flag>
        </Variable>

        <!-- [POWER_LEVEL] -->
        <Variable Name="[POWER_LEVEL]" Type="Alias" Base="DWORD">
            <Display Name="DWORD" />
            <Flag>
                <Set Name="POWER_LEVEL_USER_NOTIFY_TEXT"        Value="0x00000001" />
                <Set Name="POWER_LEVEL_USER_NOTIFY_SOUND"       Value="0x00000002" />
                <Set Name="POWER_LEVEL_USER_NOTIFY_EXEC"        Value="0x00000004" />
                <Set Name="POWER_USER_NOTIFY_BUTTON"            Value="0x00000008" />
                <Set Name="POWER_USER_NOTIFY_SHUTDOWN"          Value="0x00000010" />
                <Set Name="POWER_USER_NOTIFY_FORCED_SHUTDOWN"   Value="0x00000020" />
                <Set Name="POWER_FORCE_TRIGGER_RESET"           Value="0x80000000" />
            </Flag>
        </Variable>

        <!-- POWER_ACTION_POLICY -->
        <Variable Name="POWER_ACTION_POLICY" Type="Struct">
            <Field Type="POWER_ACTION"      Name="Action" />
            <Field Type="[POWER_ACTION]"    Name="Flags" />
            <Field Type="[POWER_LEVEL]"     Name="EventCode" />
        </Variable>

        <!-- USER_POWER_POLICY -->
        <Variable Name="USER_POWER_POLICY" Type="Struct">
            <Field Type="ULONG"                     Name="Revision" />
            <Field Type="POWER_ACTION_POLICY"       Name="IdleAc" />
            <Field Type="POWER_ACTION_POLICY"       Name="IdleDc" />
            <Field Type="ULONG"                     Name="IdleTimeoutAc" />
            <Field Type="ULONG"                     Name="IdleTimeoutDc" />
            <Field Type="UCHAR"                     Name="IdleSensitivityAc" />
            <Field Type="UCHAR"                     Name="IdleSensitivityDc" />
            <Field Type="UCHAR"                     Name="ThrottlePolicyAc" />
            <Field Type="UCHAR"                     Name="ThrottlePolicyDc" />
            <Field Type="SYSTEM_POWER_STATE"        Name="MaxSleepAc" />
            <Field Type="SYSTEM_POWER_STATE"        Name="MaxSleepDc" />
            <Field Type="ULONG [2]"                 Name="Reserved" />
            <Field Type="ULONG"                     Name="VideoTimeoutAc" />
            <Field Type="ULONG"                     Name="VideoTimeoutDc" />
            <Field Type="ULONG"                     Name="SpindownTimeoutAc" />
            <Field Type="ULONG"                     Name="SpindownTimeoutDc" />
            <Field Type="BOOLEAN"                   Name="OptimizeForPowerAc" />
            <Field Type="BOOLEAN"                   Name="OptimizeForPowerDc" />
            <Field Type="UCHAR"                     Name="FanThrottleToleranceAc" />
            <Field Type="UCHAR"                     Name="FanThrottleToleranceDc" />
            <Field Type="UCHAR"                     Name="ForcedThrottleAc" />
            <Field Type="UCHAR"                     Name="ForcedThrottleDc" />
        </Variable>

        <!-- MACHINE_POWER_POLICY -->
        <Variable Name="MACHINE_POWER_POLICY" Type="Struct">
            <Field Type="ULONG"                     Name="Revision" />
            <Field Type="SYSTEM_POWER_STATE"        Name="MinSleepAc" />
            <Field Type="SYSTEM_POWER_STATE"        Name="MinSleepDc" />
            <Field Type="SYSTEM_POWER_STATE"        Name="ReducedLatencySleepAc" />
            <Field Type="SYSTEM_POWER_STATE"        Name="ReducedLatencySleepDc" />
            <Field Type="ULONG"                     Name="DozeTimeoutAc" />
            <Field Type="ULONG"                     Name="DozeTimeoutDc" />
            <Field Type="ULONG"                     Name="DozeS4TimeoutAc" />
            <Field Type="ULONG"                     Name="DozeS4TimeoutDc" />
            <Field Type="UCHAR"                     Name="MinThrottleAc" />
            <Field Type="UCHAR"                     Name="MinThrottleDc" />
            <Field Type="UCHAR [2]"                 Name="pad1" />
            <Field Type="POWER_ACTION_POLICY"       Name="OverThrottledAc" />
            <Field Type="POWER_ACTION_POLICY"       Name="OverThrottledDc" />
        </Variable>

        <!-- POWER_POLICY -->
        <Variable Name="POWER_POLICY" Type="Struct">
            <Field Type="USER_POWER_POLICY"     Name="user" />
            <Field Type="MACHINE_POWER_POLICY"  Name="mach" />
        </Variable>
        <Variable Name="PPOWER_POLICY" Type="Pointer" Base="POWER_POLICY" />

        <!-- SYSTEM_POWER_LEVEL -->
        <Variable Name="SYSTEM_POWER_LEVEL" Type="Struct">
            <Field Type="BOOLEAN"                   Name="Enable" />
            <Field Type="BYTE [3]"                  Name="Spare" />
            <Field Type="DWORD"                     Name="BatteryLevel" />
            <Field Type="POWER_ACTION_POLICY"       Name="PowerPolicy" />
            <Field Type="SYSTEM_POWER_STATE"        Name="MinSystemState" />
        </Variable>
        <Variable Name="SYSTEM_POWER_LEVEL [NUM_DISCHARGE_POLICIES]" Type="Array" Base="SYSTEM_POWER_LEVEL" Count="4" />

        <!-- GLOBAL_USER_POWER_POLICY -->
        <Variable Name="GLOBAL_USER_POWER_POLICY" Type="Struct">
            <Field Type="ULONG"                                         Name="Revision" />
            <Field Type="POWER_ACTION_POLICY"                           Name="PowerButtonAc" />
            <Field Type="POWER_ACTION_POLICY"                           Name="PowerButtonDc" />
            <Field Type="POWER_ACTION_POLICY"                           Name="SleepButtonAc" />
            <Field Type="POWER_ACTION_POLICY"                           Name="SleepButtonDc" />
            <Field Type="POWER_ACTION_POLICY"                           Name="LidCloseAc" />
            <Field Type="POWER_ACTION_POLICY"                           Name="LidCloseDc" />
            <Field Type="SYSTEM_POWER_LEVEL [NUM_DISCHARGE_POLICIES]"   Name="DischargePolicy" />
            <Field Type="ULONG"                                         Name="GlobalFlags" />
        </Variable>

        <!-- GLOBAL_MACHINE_POWER_POLICY -->
        <Variable Name="GLOBAL_MACHINE_POWER_POLICY" Type="Struct">
            <Field Type="ULONG"                     Name="Revision" />
            <Field Type="SYSTEM_POWER_STATE"        Name="LidOpenWakeAc" />
            <Field Type="SYSTEM_POWER_STATE"        Name="LidOpenWakeDc" />
            <Field Type="ULONG"                     Name="BroadcastCapacityResolution" />
        </Variable>

        <!-- GLOBAL_POWER_POLICY -->
        <Variable Name="GLOBAL_POWER_POLICY" Type="Struct">
            <Field Type="GLOBAL_USER_POWER_POLICY"      Name="user" />
            <Field Type="GLOBAL_MACHINE_POWER_POLICY"   Name="mach" />
        </Variable>
        <Variable Name="PGLOBAL_POWER_POLICY" Type="Pointer" Base="GLOBAL_POWER_POLICY" />

        <!-- PROCESSOR_POWER_POLICY_INFO -->
        <Variable Name="PROCESSOR_POWER_POLICY_INFO" Type="Struct">
            <Field Type="DWORD"         Name="TimeCheck" />
            <Field Type="DWORD"         Name="DemoteLimit" />
            <Field Type="DWORD"         Name="PromoteLimit" />
            <Field Type="BYTE"          Name="DemotePercent" />
            <Field Type="BYTE"          Name="PromotePercent" />
            <Field Type="BYTE [2]"      Name="Spare" />
            <!-- TODO: Reserved is a BitField -->
            <Field Type="DWORD"         Name="Reserved" />
        </Variable>
        <Variable Name="PROCESSOR_POWER_POLICY_INFO [3]" Type="Array" Base="PROCESSOR_POWER_POLICY_INFO" Count="3" />

        <!-- PROCESSOR_POWER_POLICY -->
        <Variable Name="PROCESSOR_POWER_POLICY" Type="Struct">
            <Field Type="DWORD"                             Name="Revision" />
            <Field Type="BYTE"                              Name="DynamicThrottle" />
            <Field Type="BYTE [3]"                          Name="Spare" />
            <!-- TODO: Reserved is a BitField -->
            <Field Type="DWORD"                             Name="Reserved" />
            <Field Type="DWORD"                             Name="PolicyCount" />
            <Field Type="PROCESSOR_POWER_POLICY_INFO [3]"   Name="Policy" />
        </Variable>

        <!-- MACHINE_PROCESSOR_POWER_POLICY -->
        <Variable Name="MACHINE_PROCESSOR_POWER_POLICY" Type="Struct">
            <Field Type="ULONG"                     Name="Revision" />
            <Field Type="PROCESSOR_POWER_POLICY"    Name="ProcessorPolicyAc" />
            <Field Type="PROCESSOR_POWER_POLICY"    Name="ProcessorPolicyDc" />
        </Variable>
        <Variable Name="PMACHINE_PROCESSOR_POWER_POLICY" Type="Pointer" Base="MACHINE_PROCESSOR_POWER_POLICY" />

        <!-- BATTERY_REPORTING_SCALE -->
        <Variable Name="BATTERY_REPORTING_SCALE" Type="Struct">
            <Field Type="DWORD"     Name="Granularity" />
            <Field Type="DWORD"     Name="Capacity" />
        </Variable>
        <Variable Name="BATTERY_REPORTING_SCALE [3]" Type="Array" Base="BATTERY_REPORTING_SCALE" Count="3" />

        <!-- SYSTEM_POWER_CAPABILITIES -->
        <Variable Name="SYSTEM_POWER_CAPABILITIES" Type="Struct">
            <Field Type="BOOLEAN"                       Name="PowerButtonPresent" />
            <Field Type="BOOLEAN"                       Name="SleepButtonPresent" />
            <Field Type="BOOLEAN"                       Name="LidPresent" />
            <Field Type="BOOLEAN"                       Name="SystemS1" />
            <Field Type="BOOLEAN"                       Name="SystemS2" />
            <Field Type="BOOLEAN"                       Name="SystemS3" />
            <Field Type="BOOLEAN"                       Name="SystemS4" />
            <Field Type="BOOLEAN"                       Name="SystemS5" />
            <Field Type="BOOLEAN"                       Name="HiberFilePresent" />
            <Field Type="BOOLEAN"                       Name="FullWake" />
            <Field Type="BOOLEAN"                       Name="VideoDimPresent" />
            <Field Type="BOOLEAN"                       Name="ApmPresent" />
            <Field Type="BOOLEAN"                       Name="UpsPresent" />
            <Field Type="BOOLEAN"                       Name="ThermalControl" />
            <Field Type="BOOLEAN"                       Name="ProcessorThrottle" />
            <Field Type="BYTE"                          Name="ProcessorMinThrottle" />
            <Field Type="BYTE"                          Name="ProcessorMaxThrottle" />
            <Field Type="BOOLEAN"                       Name="FastSystemS4" />
            <Field Type="BOOLEAN"                       Name="Hiberboot" />
            <Field Type="BOOLEAN"                       Name="WakeAlarmPresent" />
            <Field Type="BOOLEAN"                       Name="AoAc" />
            <Field Type="BOOLEAN"                       Name="DiskSpinDown" />
            <Field Type="BYTE [8]"                      Name="spare3" />
            <Field Type="BOOLEAN"                       Name="SystemBatteriesPresent" />
            <Field Type="BOOLEAN"                       Name="BatteriesAreShortTerm" />
            <Field Type="BATTERY_REPORTING_SCALE [3]"   Name="BatteryScale" />
            <Field Type="SYSTEM_POWER_STATE"            Name="AcOnLineWake" />
            <Field Type="SYSTEM_POWER_STATE"            Name="SoftLidWake" />
            <Field Type="SYSTEM_POWER_STATE"            Name="RtcWake" />
            <Field Type="SYSTEM_POWER_STATE"            Name="MinDeviceWakeState" />
            <Field Type="SYSTEM_POWER_STATE"            Name="DefaultLowLatencyWake" />
        </Variable>
        <Variable Name="PSYSTEM_POWER_CAPABILITIES" Type="Pointer" Base="SYSTEM_POWER_CAPABILITIES" />

        <Variable Name="POWER_PLATFORM_ROLE" Type="Alias" Base="UINT">
            <Enum>
                <Set Name="PlatformRoleUnspecified"         Value="0" />
                <Set Name="PlatformRoleDesktop"             Value="1" />
                <Set Name="PlatformRoleMobile"              Value="2" />
                <Set Name="PlatformRoleWorkstation"         Value="3" />
                <Set Name="PlatformRoleEnterpriseServer"    Value="4" />
                <Set Name="PlatformRoleSOHOServer"          Value="5" />
                <Set Name="PlatformRoleAppliancePC"         Value="6" />
                <Set Name="PlatformRolePerformanceServer"   Value="7" />
                <Set Name="PlatformRoleSlate"               Value="8" />
            </Enum>
        </Variable>

        <!-- [POWER_PLATFORM_ROLE_VERSION] -->
        <Variable Name="[POWER_PLATFORM_ROLE_VERSION]" Type="Alias" Base="ULONG">
            <Display Name="ULONG" />
            <Enum>
                <Set Name="POWER_PLATFORM_ROLE_V1"      Value="0x00000001" />
                <Set Name="POWER_PLATFORM_ROLE_V2"      Value="0x00000002" />
            </Enum>
        </Variable>

        <!-- [DEVICEPOWER_FLAGS] -->
        <Variable Name="[DEVICEPOWER_FLAGS]" Type="Alias" Base="ULONG">
            <Display Name="ULONG" />
            <Flag>
                <Set Name="DEVICEPOWER_SET_WAKEENABLED"     Value="0x00000001" />
                <Set Name="DEVICEPOWER_CLEAR_WAKEENABLED"   Value="0x00000002" />
            </Flag>
        </Variable>

        <!-- Power Management -->
        <Category Name="System Services/Power Management" />
        <Api Name="CallNtPowerInformation">
            <Param Type="POWER_INFORMATION_LEVEL" Name="InformationLevel" />
            <Param Type="PVOID" Name="lpInputBuffer" Length="nInputBufferSize" />
            <Param Type="ULONG" Name="nInputBufferSize" />
            <Param Type="PVOID" Name="lpOutputBuffer" PostLength="nOutputBufferSize" />
            <Param Type="ULONG" Name="nOutputBufferSize" />
            <Return Type="NTSTATUS" />
        </Api>
        <Api Name="DevicePowerClose">
            <Return Type="BOOLEAN" />
        </Api>
        <Api Name="DevicePowerEnumDevices">
            <Param Type="ULONG" Name="QueryIndex" />
            <Param Type="ULONG" Name="QueryInterpretationFlags" />
            <Param Type="ULONG" Name="QueryFlags" />
            <Param Type="PBYTE" Name="pReturnBuffer" />
            <Param Type="PULONG" Name="pBufferSize" />
            <Return Type="BOOLEAN" />
        </Api>
        <Api Name="DevicePowerOpen">
            <Param Type="ULONG" Name="Flags" />
            <Return Type="BOOLEAN" />
        </Api>
        <Api Name="DevicePowerSetDeviceState">
            <Param Type="LPCWSTR" Name="DeviceDescription" />
            <Param Type="[DEVICEPOWER_FLAGS]" Name="SetFlags" />
            <Param Type="PCVOID" Name="SetData" />
            <Return Type="DWORD" />
            <Success Return="NotEqual" Value="0" />
        </Api>
        <Api Name="GetCurrentPowerPolicies">
            <Param Type="PGLOBAL_POWER_POLICY" Name="pGlobalPowerPolicy" />
            <Param Type="PPOWER_POLICY" Name="pPowerPolicy" />
            <Return Type="BOOLEAN" />
        </Api>
        <Api Name="PowerCanRestoreIndividualDefaultPowerScheme">
            <Param Type="const GUID*" Name="SchemeGuid" />
            <Return Type="[ERROR_CODE]" />
        </Api>
        <Api Name="PowerCreatePossibleSetting">
            <Param Type="HKEY" Name="RootSystemPowerKey" />
            <Param Type="const GUID*" Name="SubGroupOfPowerSettingsGuid" />
            <Param Type="const GUID*" Name="PowerSettingGuid" />
            <Param Type="ULONG" Name="PossibleSettingIndex" />
            <Return Type="[ERROR_CODE]" />
        </Api>
        <Api Name="PowerCreateSetting">
            <Param Type="HKEY" Name="RootSystemPowerKey" />
            <Param Type="const GUID*" Name="SubGroupOfPowerSettingsGuid" />
            <Param Type="const GUID*" Name="PowerSettingGuid" />
            <Return Type="[ERROR_CODE]" />
        </Api>
        <Api Name="PowerDeleteScheme">
            <Param Type="HKEY" Name="RootPowerKey" />
            <Param Type="const GUID*" Name="SchemeGuid" />
            <Return Type="[ERROR_CODE]" />
        </Api>
        <Api Name="PowerDeterminePlatformRole">
            <Return Type="POWER_PLATFORM_ROLE" />
        </Api>
        <Api Name="PowerDuplicateScheme">
            <Param Type="HKEY" Name="RootPowerKey" />
            <Param Type="const GUID*" Name="SourceSchemeGuid" />
            <Param Type="GUID**" Name="DestinationSchemeGuid" />
            <Return Type="[ERROR_CODE]" />
        </Api>
        <Api Name="PowerEnumerate">
            <Param Type="HKEY" Name="RootPowerKey" />
            <Param Type="const GUID*" Name="SchemeGuid" />
            <Param Type="const GUID*" Name="SubGroupOfPowerSettingsGuid" />
            <Param Type="POWER_DATA_ACCESSOR" Name="AccessFlags" />
            <Param Type="ULONG" Name="Index" />
            <Param Type="UCHAR*" Name="Buffer" PostLength="BufferSize" />
            <Param Type="DWORD*" Name="BufferSize" />
            <Return Type="[ERROR_CODE]" />
        </Api>
        <Api Name="PowerImportPowerScheme">
            <Param Type="HKEY" Name="RootPowerKey" />
            <Param Type="LPCWSTR" Name="ImportFileNamePath" />
            <Param Type="GUID**" Name="DestinationSchemeGuid" />
            <Return Type="[ERROR_CODE]" />
        </Api>
        <Api Name="PowerIsSettingRangeDefined">
            <Param Type="const GUID*" Name="SubKeyGuid" />
            <Param Type="const GUID*" Name="SettingGuid" />
            <Return Type="BOOLEAN" />
        </Api>
        <Api Name="PowerReadACDefaultIndex">
            <Param Type="HKEY" Name="RootPowerKey" />
            <Param Type="const GUID*" Name="SchemePersonalityGuid" />
            <Param Type="const GUID*" Name="SubGroupOfPowerSettingsGuid" />
            <Param Type="const GUID*" Name="PowerSettingGuid" />
            <Param Type="LPDWORD" Name="AcDefaultIndex" />
            <Return Type="[ERROR_CODE]" />
        </Api>
        <Api Name="PowerReadACValue">
            <Param Type="HKEY" Name="RootPowerKey" />
            <Param Type="const GUID*" Name="SchemeGuid" />
            <Param Type="const GUID*" Name="SubGroupOfPowerSettingsGuid" />
            <Param Type="const GUID*" Name="PowerSettingGuid" />
            <Param Type="[RegType-PULONG]" Name="Type" />
            <Param Type="LPBYTE" Name="Buffer" PostLength="BufferSize" />
            <Param Type="LPDWORD" Name="BufferSize" />
            <Return Type="[ERROR_CODE]" />
        </Api>
        <Api Name="PowerReadACValueIndex">
            <Param Type="HKEY" Name="RootPowerKey" />
            <Param Type="const GUID*" Name="SchemeGuid" />
            <Param Type="const GUID*" Name="SubGroupOfPowerSettingsGuid" />
            <Param Type="const GUID*" Name="PowerSettingGuid" />
            <Param Type="LPDWORD" Name="AcValueIndex" />
            <Return Type="[ERROR_CODE]" />
        </Api>
        <Api Name="PowerReadDCDefaultIndex">
            <Param Type="HKEY" Name="RootPowerKey" />
            <Param Type="const GUID*" Name="SchemePersonalityGuid" />
            <Param Type="const GUID*" Name="SubGroupOfPowerSettingsGuid" />
            <Param Type="const GUID*" Name="PowerSettingGuid" />
            <Param Type="LPDWORD" Name="DcDefaultIndex" />
            <Return Type="[ERROR_CODE]" />
        </Api>
        <Api Name="PowerReadDCValue">
            <Param Type="HKEY" Name="RootPowerKey" />
            <Param Type="const GUID*" Name="SchemeGuid" />
            <Param Type="const GUID*" Name="SubGroupOfPowerSettingsGuid" />
            <Param Type="const GUID*" Name="PowerSettingGuid" />
            <Param Type="[RegType-PULONG]" Name="Type" />
            <Param Type="PUCHAR" Name="Buffer" PostLength="BufferSize" />
            <Param Type="LPDWORD" Name="BufferSize" />
            <Return Type="[ERROR_CODE]" />
        </Api>
        <Api Name="PowerReadDCValueIndex">
            <Param Type="HKEY" Name="RootPowerKey" />
            <Param Type="const GUID*" Name="SchemeGuid" />
            <Param Type="const GUID*" Name="SubGroupOfPowerSettingsGuid" />
            <Param Type="const GUID*" Name="PowerSettingGuid" />
            <Param Type="LPDWORD" Name="DcValueIndex" />
            <Return Type="[ERROR_CODE]" />
        </Api>
        <Api Name="PowerReadDescription">
            <Param Type="HKEY" Name="RootPowerKey" />
            <Param Type="const GUID*" Name="SchemeGuid" />
            <Param Type="const GUID*" Name="SubGroupOfPowerSettingsGuid" />
            <Param Type="const GUID*" Name="PowerSettingGuid" />
            <Param Type="LPWSTR" Display="PUCHAR" Name="Buffer" />
            <Param Type="LPDWORD" Name="BufferSize" />
            <Return Type="[ERROR_CODE]" />
        </Api>
        <Api Name="PowerReadFriendlyName">
            <Param Type="HKEY" Name="RootPowerKey" />
            <Param Type="const GUID*" Name="SchemeGuid" />
            <Param Type="const GUID*" Name="SubGroupOfPowerSettingsGuid" />
            <Param Type="const GUID*" Name="PowerSettingGuid" />
            <Param Type="LPWSTR" Display="PUCHAR" Name="Buffer" />
            <Param Type="LPDWORD" Name="BufferSize" />
            <Return Type="[ERROR_CODE]" />
        </Api>
        <Api Name="PowerReadIconResourceSpecifier">
            <Param Type="HKEY" Name="RootPowerKey" />
            <Param Type="const GUID*" Name="SchemeGuid" />
            <Param Type="const GUID*" Name="SubGroupOfPowerSettingsGuid" />
            <Param Type="const GUID*" Name="PowerSettingGuid" />
            <Param Type="PUCHAR" Name="Buffer" PostLength="BufferSize" />
            <Param Type="LPDWORD" Name="BufferSize" />
            <Return Type="[ERROR_CODE]" />
        </Api>
        <Api Name="PowerReadPossibleDescription">
            <Param Type="HKEY" Name="RootPowerKey" />
            <Param Type="const GUID*" Name="SubGroupOfPowerSettingsGuid" />
            <Param Type="const GUID*" Name="PowerSettingGuid" />
            <Param Type="ULONG" Name="PossibleSettingIndex" />
            <Param Type="PUCHAR" Name="Buffer" />
            <Param Type="LPDWORD" Name="BufferSize" />
            <Return Type="[ERROR_CODE]" />
        </Api>
        <Api Name="PowerReadPossibleFriendlyName">
            <Param Type="HKEY" Name="RootPowerKey" />
            <Param Type="const GUID*" Name="SubGroupOfPowerSettingsGuid" />
            <Param Type="const GUID*" Name="PowerSettingGuid" />
            <Param Type="ULONG" Name="PossibleSettingIndex" />
            <Param Type="PUCHAR" Name="Buffer" />
            <Param Type="LPDWORD" Name="BufferSize" />
            <Return Type="[ERROR_CODE]" />
        </Api>
        <Api Name="PowerReadPossibleValue">
            <Param Type="HKEY" Name="RootPowerKey" />
            <Param Type="const GUID*" Name="SubGroupOfPowerSettingsGuid" />
            <Param Type="const GUID*" Name="PowerSettingGuid" />
            <Param Type="[RegType-PULONG]" Name="Type" />
            <Param Type="ULONG" Name="PossibleSettingIndex" />
            <Param Type="PUCHAR" Name="Buffer" PostLength="BufferSize" />
            <Param Type="LPDWORD" Name="BufferSize" />
            <Return Type="[ERROR_CODE]" />
        </Api>
        <Api Name="PowerReadSettingAttributes">
            <Param Type="const GUID*" Name="SubGroupGuid" />
            <Param Type="const GUID*" Name="PowerSettingGuid" />
            <Return Type="[ERROR_CODE]" />
        </Api>
        <Api Name="PowerReadValueIncrement">
            <Param Type="HKEY" Name="RootPowerKey" />
            <Param Type="const GUID*" Name="SubGroupOfPowerSettingsGuid" />
            <Param Type="const GUID*" Name="PowerSettingGuid" />
            <Param Type="LPDWORD" Name="ValueIncrement" />
            <Return Type="[ERROR_CODE]" />
        </Api>
        <Api Name="PowerReadValueMax">
            <Param Type="HKEY" Name="RootPowerKey" />
            <Param Type="const GUID*" Name="SubGroupOfPowerSettingsGuid" />
            <Param Type="const GUID*" Name="PowerSettingGuid" />
            <Param Type="LPDWORD" Name="ValueMaximum" />
            <Return Type="[ERROR_CODE]" />
        </Api>
        <Api Name="PowerReadValueMin">
            <Param Type="HKEY" Name="RootPowerKey" />
            <Param Type="const GUID*" Name="SubGroupOfPowerSettingsGuid" />
            <Param Type="const GUID*" Name="PowerSettingGuid" />
            <Param Type="LPDWORD" Name="ValueMinimum" />
            <Return Type="[ERROR_CODE]" />
        </Api>
        <Api Name="PowerReadValueUnitsSpecifier">
            <Param Type="HKEY" Name="RootPowerKey" />
            <Param Type="const GUID*" Name="SubGroupOfPowerSettingsGuid" />
            <Param Type="const GUID*" Name="PowerSettingGuid" />
            <Param Type="LPWSTR" Display="UCHAR*" Name="Buffer" />
            <Param Type="LPDWORD" Name="BufferSize" />
            <Return Type="[ERROR_CODE]" />
        </Api>
        <Api Name="PowerRemovePowerSetting">
            <Param Type="const GUID*" Name="PowerSettingSubKeyGuid" />
            <Param Type="const GUID*" Name="PowerSettingGuid" />
            <Return Type="[ERROR_CODE]" />
        </Api>
        <Api Name="PowerReplaceDefaultPowerSchemes">
            <Return Type="[ERROR_CODE]" />
        </Api>
        <Api Name="PowerRestoreDefaultPowerSchemes">
            <Return Type="[ERROR_CODE]" />
        </Api>
        <Api Name="PowerRestoreIndividualDefaultPowerScheme">
            <Param Type="const GUID*" Name="SchemeGuid" />
            <Return Type="[ERROR_CODE]" />
        </Api>
        <Api Name="PowerSetActiveScheme">
            <Param Type="HKEY" Name="UserRootPowerKey" />
            <Param Type="const GUID*" Name="SchemeGuid" />
            <Return Type="[ERROR_CODE]" />
        </Api>
        <Api Name="PowerSettingAccessCheck">
            <Param Type="POWER_DATA_ACCESSOR" Name="AccessFlags" />
            <Param Type="const GUID*" Name="PowerGuid" />
            <Return Type="[ERROR_CODE]" />
        </Api>
        <Api Name="PowerSettingAccessCheckEx">
            <Param Type="POWER_DATA_ACCESSOR" Name="AccessFlags" />
            <Param Type="const GUID*" Name="PowerGuid" />
            <Param Type="REGSAM" Name="AccessType" />
            <Return Type="[ERROR_CODE]" />
        </Api>
        <Api Name="PowerSettingRegisterNotification">
            <Param Type="LPCGUID" Name="SettingGuid" />
            <Param Type="DWORD" Name="Flags" />
            <Param Type="HANDLE" Name="Recipient" />
            <Param Type="PHPOWERNOTIFY" Name="RegistrationHandle" />
            <Return Type="[ERROR_CODE]" />
        </Api>
        <Api Name="PowerSettingUnregisterNotification">
            <Param Type="HPOWERNOTIFY" Name="RegistrationHandle" />
            <Return Type="[ERROR_CODE]" />
        </Api>
        <Api Name="PowerWriteACDefaultIndex">
            <Param Type="HKEY" Name="RootSystemPowerKey" />
            <Param Type="const GUID*" Name="SchemePersonalityGuid" />
            <Param Type="const GUID*" Name="SubGroupOfPowerSettingsGuid" />
            <Param Type="const GUID*" Name="PowerSettingGuid" />
            <Param Type="DWORD" Name="DefaultAcIndex" />
            <Return Type="[ERROR_CODE]" />
        </Api>
        <Api Name="PowerWriteACValueIndex">
            <Param Type="HKEY" Name="RootPowerKey" />
            <Param Type="const GUID*" Name="SchemeGuid" />
            <Param Type="const GUID*" Name="SubGroupOfPowerSettingsGuid" />
            <Param Type="const GUID*" Name="PowerSettingGuid" />
            <Param Type="DWORD" Name="AcValueIndex" />
            <Return Type="[ERROR_CODE]" />
        </Api>
        <Api Name="PowerWriteDCDefaultIndex">
            <Param Type="HKEY" Name="RootSystemPowerKey" />
            <Param Type="const GUID*" Name="SchemePersonalityGuid" />
            <Param Type="const GUID*" Name="SubGroupOfPowerSettingsGuid" />
            <Param Type="const GUID*" Name="PowerSettingGuid" />
            <Param Type="DWORD" Name="DefaultDcIndex" />
            <Return Type="[ERROR_CODE]" />
        </Api>
        <Api Name="PowerWriteDCValueIndex">
            <Param Type="HKEY" Name="RootPowerKey" />
            <Param Type="const GUID*" Name="SchemeGuid" />
            <Param Type="const GUID*" Name="SubGroupOfPowerSettingsGuid" />
            <Param Type="const GUID*" Name="PowerSettingGuid" />
            <Param Type="DWORD" Name="DcValueIndex" />
            <Return Type="[ERROR_CODE]" />
        </Api>
        <Api Name="PowerWriteDescription">
            <Param Type="HKEY" Name="RootPowerKey" />
            <Param Type="const GUID*" Name="SchemeGuid" />
            <Param Type="const GUID*" Name="SubGroupOfPowerSettingsGuid" />
            <Param Type="const GUID*" Name="PowerSettingGuid" />
            <Param Type="UCHAR*" Name="Buffer" />
            <Param Type="DWORD" Name="BufferSize" />
            <Return Type="[ERROR_CODE]" />
        </Api>
        <Api Name="PowerWriteFriendlyName">
            <Param Type="HKEY" Name="RootPowerKey" />
            <Param Type="const GUID*" Name="SchemeGuid" />
            <Param Type="const GUID*" Name="SubGroupOfPowerSettingsGuid" />
            <Param Type="const GUID*" Name="PowerSettingGuid" />
            <Param Type="UCHAR*" Name="Buffer" />
            <Param Type="DWORD" Name="BufferSize" />
            <Return Type="[ERROR_CODE]" />
        </Api>
        <Api Name="PowerWriteIconResourceSpecifier">
            <Param Type="HKEY" Name="RootPowerKey" />
            <Param Type="const GUID*" Name="SchemeGuid" />
            <Param Type="const GUID*" Name="SubGroupOfPowerSettingsGuid" />
            <Param Type="const GUID*" Name="PowerSettingGuid" />
            <Param Type="UCHAR*" Name="Buffer" />
            <Param Type="DWORD" Name="BufferSize" />
            <Return Type="[ERROR_CODE]" />
        </Api>
        <Api Name="PowerWritePossibleDescription">
            <Param Type="HKEY" Name="RootPowerKey" />
            <Param Type="const GUID*" Name="SubGroupOfPowerSettingsGuid" />
            <Param Type="const GUID*" Name="PowerSettingGuid" />
            <Param Type="ULONG" Name="PossibleSettingIndex" />
            <Param Type="UCHAR*" Name="Buffer" />
            <Param Type="DWORD" Name="BufferSize" />
            <Return Type="[ERROR_CODE]" />
        </Api>
        <Api Name="PowerWritePossibleFriendlyName">
            <Param Type="HKEY" Name="RootPowerKey" />
            <Param Type="const GUID*" Name="SubGroupOfPowerSettingsGuid" />
            <Param Type="const GUID*" Name="PowerSettingGuid" />
            <Param Type="ULONG" Name="PossibleSettingIndex" />
            <Param Type="UCHAR*" Name="Buffer" />
            <Param Type="DWORD" Name="BufferSize" />
            <Return Type="[ERROR_CODE]" />
        </Api>
        <Api Name="PowerWritePossibleValue">
            <Param Type="HKEY" Name="RootPowerKey" />
            <Param Type="const GUID*" Name="SubGroupOfPowerSettingsGuid" />
            <Param Type="const GUID*" Name="PowerSettingGuid" />
            <Param Type="ULONG" Name="Type" />
            <Param Type="ULONG" Name="PossibleSettingIndex" />
            <Param Type="UCHAR*" Name="Buffer" />
            <Param Type="DWORD" Name="BufferSize" />
            <Return Type="[ERROR_CODE]" />
        </Api>
        <Api Name="PowerWriteSettingAttributes">
            <Param Type="const GUID*" Name="SubGroupGuid" />
            <Param Type="const GUID*" Name="PowerSettingGuid" />
            <Param Type="DWORD" Name="Attributes" />
            <Return Type="[ERROR_CODE]" />
        </Api>
        <Api Name="PowerWriteValueIncrement">
            <Param Type="HKEY" Name="RootPowerKey" />
            <Param Type="const GUID*" Name="SubGroupOfPowerSettingsGuid" />
            <Param Type="const GUID*" Name="PowerSettingGuid" />
            <Param Type="DWORD" Name="ValueIncrement" />
            <Return Type="[ERROR_CODE]" />
        </Api>
        <Api Name="PowerWriteValueMax">
            <Param Type="HKEY" Name="RootPowerKey" />
            <Param Type="const GUID*" Name="SubGroupOfPowerSettingsGuid" />
            <Param Type="const GUID*" Name="PowerSettingGuid" />
            <Param Type="DWORD" Name="ValueMaximum" />
            <Return Type="[ERROR_CODE]" />
        </Api>
        <Api Name="PowerWriteValueMin">
            <Param Type="HKEY" Name="RootPowerKey" />
            <Param Type="const GUID*" Name="SubGroupOfPowerSettingsGuid" />
            <Param Type="const GUID*" Name="PowerSettingGuid" />
            <Param Type="DWORD" Name="ValueMinimum" />
            <Return Type="[ERROR_CODE]" />
        </Api>
        <Api Name="PowerWriteValueUnitsSpecifier">
            <Param Type="HKEY" Name="RootPowerKey" />
            <Param Type="const GUID*" Name="SubGroupOfPowerSettingsGuid" />
            <Param Type="const GUID*" Name="PowerSettingGuid" />
            <Param Type="UCHAR*" Name="Buffer" />
            <Param Type="DWORD" Name="BufferSize" />
            <Return Type="[ERROR_CODE]" />
        </Api>
        <Api Name="CanUserWritePwrScheme">
            <Return Type="BOOLEAN" />
        </Api>
        <Api Name="DeletePwrScheme">
            <Param Type="UINT" Name="uiIndex" />
            <Return Type="BOOLEAN" />
        </Api>
        <Api Name="EnumPwrSchemes">
            <Param Type="PWRSCHEMESENUMPROC" Name="lpfnPwrSchemesEnumProc" />
            <Param Type="LPARAM" Name="lParam" />
            <Return Type="BOOLEAN" />
        </Api>
        <Api Name="GetActivePwrScheme">
            <Param Type="PUINT" Name="puiID" />
            <Return Type="BOOLEAN" />
        </Api>
        <Api Name="PowerGetActiveScheme">
            <Param Type="HKEY" Name="UserRootPowerKey" />
            <Param Type="GUID**" Name="ActivePolicyGuid" />
            <Return Type="[ERROR_CODE]" />
        </Api>
        <Api Name="GetPwrDiskSpindownRange">
            <Param Type="PUINT" Name="RangeMax" />
            <Param Type="PUINT" Name="RangeMin" />
            <Return Type="BOOLEAN" />
        </Api>
        <Api Name="IsPwrHibernateAllowed">
            <Return Type="BOOLEAN" />
            <Success />
        </Api>
        <Api Name="GetPwrCapabilities">
            <Param Type="PSYSTEM_POWER_CAPABILITIES" Name="lpSystemPowerCapabilities" />
            <Return Type="BOOLEAN" />
        </Api>
        <Api Name="IsPwrShutdownAllowed">
            <Return Type="BOOLEAN" />
            <Success />
        </Api>
        <Api Name="IsPwrSuspendAllowed">
            <Return Type="BOOLEAN" />
            <Success />
        </Api>
        <Api Name="ReadGlobalPwrPolicy">
            <Param Type="PGLOBAL_POWER_POLICY" Name="pGlobalPowerPolicy" />
            <Return Type="BOOLEAN" />
        </Api>
        <Api Name="ReadProcessorPwrScheme">
            <Param Type="UINT" Name="uiID" />
            <Param Type="PMACHINE_PROCESSOR_POWER_POLICY" Name="pMachineProcessorPowerPolicy" />
            <Return Type="BOOLEAN" />
        </Api>
        <Api Name="ReadPwrScheme">
            <Param Type="UINT" Name="uiID" />
            <Param Type="PPOWER_POLICY" Name="pPowerPolicy" />
            <Return Type="BOOLEAN" />
        </Api>
        <Api Name="SetActivePwrScheme">
            <Param Type="UINT" Name="uiID" />
            <Param Type="PGLOBAL_POWER_POLICY" Name="lpGlobalPowerPolicy" />
            <Param Type="PPOWER_POLICY" Name="lpPowerPolicy" />
            <Return Type="BOOLEAN" />
        </Api>
        <Api Name="SetSuspendState">
            <Param Type="BOOLEAN" Name="Hibernate" />
            <Param Type="BOOLEAN" Name="ForceCritical" />
            <Param Type="BOOLEAN" Name="DisableWakeEvent" />
            <Return Type="BOOLEAN" />
        </Api>
        <Api Name="WriteGlobalPwrPolicy">
            <Param Type="PGLOBAL_POWER_POLICY" Name="pGlobalPowerPolicy" />
            <Return Type="BOOLEAN" />
        </Api>
        <Api Name="WriteProcessorPwrScheme">
            <Param Type="UINT" Name="ID" />
            <Param Type="PMACHINE_PROCESSOR_POWER_POLICY" Name="pMachineProcessorPowerPolicy" />
            <Return Type="BOOLEAN" />
        </Api>
        <Api Name="WritePwrScheme">
            <Param Type="PUINT" Name="puiID" />
            <Param Type="LPWSTR" Name="lpszName" />
            <Param Type="LPWSTR" Name="lpszDescription" />
            <Param Type="PPOWER_POLICY" Name="pPowerPolicy" />
            <Return Type="BOOLEAN" />
        </Api>
        <Api Name="PowerDeterminePlatformRoleEx">
            <Param Type="[POWER_PLATFORM_ROLE_VERSION]" Name="Version" />
            <Return Type="POWER_PLATFORM_ROLE" />
        </Api>
        <Api Name="PowerRegisterSuspendResumeNotification">
            <Param Type="[POWER_NOTIFICATION_FLAGS]" Name="Flags" />
            <Param Type="HANDLE" Name="Recipient" />
            <Param Type="PHPOWERNOTIFY" Name="RegistrationHandle" />
            <Return Type="[ERROR_CODE]" />
        </Api>
        <Api Name="PowerUnregisterSuspendResumeNotification">
            <Param Type="HPOWERNOTIFY" Name="RegistrationHandle" />
            <Return Type="[ERROR_CODE]" />
        </Api>

    </Module>
</ApiMonitor>