<!--
    API Monitor Definitions
    (c) 2010-2012, Rohitab Batra <rohitab@rohitab.com>
    http://www.rohitab.com/apimonitor/
-->
<ApiMonitor>
    <Include Filename="Headers\windows.h.xml" />
    <Include Filename="Headers\shell.h.xml" />
    <Include Filename="Headers\ole.h.xml" />
    <Include Filename="Headers\propsys.h.xml" />

    <Module Name="propsys.dll" CallingConvention="STDCALL" ErrorFunc="GetLastError" OnlineHelp="MSDN">
        <!-- Structured Storage -->
        <Category Name="Component Object Model (COM)/Structured Storage" />
        <Api Name="StgDeserializePropVariant">
            <Param Type="SERIALIZEDPROPERTYVALUE*" Name="pprop" />
            <Param Type="SERIALIZEDPROPERTYVALUE*" Name="cbMax" />
            <Param Type="PROPVARIANT*" Name="pvar" />
            <Return Type="WINOLEAPI" />
        </Api>
        <Api Name="StgSerializePropVariant">
            <Param Type="PROPVARIANT*" Name="pVar" />
            <Param Type="SERIALIZEDPROPERTYVALUE**" Name="ppProp" />
            <Param Type="SERIALIZEDPROPERTYVALUE*" Name="pcb" />
            <Return Type="WINOLEAPI" />
        </Api>

        <!-- Windows Environment Development/Windows Property System -->
        <Category Name="Windows Environment Development/Windows Property System" />
        <Api Name="PSCoerceToCanonicalValue">
            <Param Type="REFPROPERTYKEY" Name="key" />
            <Param Type="PROPVARIANT*" Name="ppropvar" />
            <Return Type="HRESULT" />
        </Api>
        <Api Name="PSCreateAdapterFromPropertyStore">
            <Param Type="IPropertyStore*" Name="pps" />
            <Param Type="REFIID" Name="riid" />
            <Param Type="void**" Name="ppv" InterfaceId="riid" />
            <Return Type="HRESULT" />
        </Api>
        <Api Name="PSCreateDelayedMultiplexPropertyStore">
            <Param Type="GETPROPERTYSTOREFLAGS" Name="flags" />
            <Param Type="IDelayedPropertyStoreFactory*" Name="pdpsf" />
            <Param Type="const DWORD*" Name="rgStoreIds" Count="cStores" />
            <Param Type="DWORD" Name="cStores" />
            <Param Type="REFIID" Name="riid" />
            <Param Type="void**" Name="ppv" InterfaceId="riid" />
            <Return Type="HRESULT" />
        </Api>
        <Api Name="PSCreateMemoryPropertyStore">
            <Param Type="REFIID" Name="riid" />
            <Param Type="void**" Name="ppv" InterfaceId="riid" />
            <Return Type="HRESULT" />
        </Api>
        <Api Name="PSCreateMultiplexPropertyStore">
            <Param Type="IUnknown**" Name="prgpunkStores" Count="cStores" />
            <Param Type="DWORD" Name="cStores" />
            <Param Type="REFIID" Name="riid" />
            <Param Type="void**" Name="ppv" InterfaceId="riid" />
            <Return Type="HRESULT" />
        </Api>
        <Api Name="PSCreatePropertyChangeArray">
            <Param Type="const PROPERTYKEY*" Name="rgpropkey" Count="cChanges" />
            <Param Type="const PKA_FLAGS*" Name="rgflags" Count="cChanges" />
            <Param Type="const PROPVARIANT*" Name="rgpropvar" Count="cChanges" />
            <Param Type="UINT" Name="cChanges" />
            <Param Type="REFIID" Name="riid" />
            <Param Type="void**" Name="ppv" InterfaceId="riid" />
            <Return Type="HRESULT" />
        </Api>
        <Api Name="PSCreatePropertyStoreFromObject">
            <Param Type="IUnknown*" Name="punk" />
            <Param Type="[STGM_FLAGS]" Name="grfMode" />
            <Param Type="REFIID" Name="riid" />
            <Param Type="void**" Name="ppv" InterfaceId="riid" />
            <Return Type="HRESULT" />
        </Api>
        <Api Name="PSCreatePropertyStoreFromPropertySetStorage">
            <Param Type="IPropertySetStorage*" Name="ppss" />
            <Param Type="[STGM_FLAGS]" Name="grfMode" />
            <Param Type="REFIID" Name="riid" />
            <Param Type="void**" Name="ppv" InterfaceId="riid" />
            <Return Type="HRESULT" />
        </Api>
        <Api Name="PSCreateSimplePropertyChange">
            <Param Type="PKA_FLAGS" Name="flags" />
            <Param Type="REFPROPERTYKEY" Name="key" />
            <Param Type="REFPROPVARIANT" Name="propvar" />
            <Param Type="REFIID" Name="riid" />
            <Param Type="void**" Name="ppv" InterfaceId="riid" />
            <Return Type="HRESULT" />
        </Api>
        <Api Name="PSEnumeratePropertyDescriptions">
            <Param Type="PROPDESC_ENUMFILTER" Name="filterOn" />
            <Param Type="REFIID" Name="riid" />
            <Param Type="void**" Name="ppv" InterfaceId="riid" />
            <Return Type="PSSTDAPI" />
        </Api>
        <Api Name="PSFormatForDisplay">
            <Param Type="REFPROPERTYKEY" Name="propkey" />
            <Param Type="REFPROPVARIANT" Name="propvar" />
            <Param Type="PROPDESC_FORMAT_FLAGS" Name="pdfFlags" />
            <Param Type="LPWSTR" Name="pwszText" OutputOnly="True" />
            <Param Type="DWORD" Name="cchText" />
            <Return Type="HRESULT" />
        </Api>
        <Api Name="PSFormatForDisplayAlloc">
            <Param Type="REFPROPERTYKEY" Name="key" />
            <Param Type="REFPROPVARIANT" Name="propvar" />
            <Param Type="PROPDESC_FORMAT_FLAGS" Name="pdfFlags" />
            <Param Type="PWSTR*" Name="ppszDisplay" />
            <Return Type="HRESULT" />
        </Api>
        <Api Name="PSFormatPropertyValue">
            <Param Type="IPropertyStore*" Name="pps" />
            <Param Type="IPropertyDescription*" Name="ppd" />
            <Param Type="PROPDESC_FORMAT_FLAGS" Name="pdff" />
            <Param Type="LPWSTR*" Name="ppszDisplay" />
            <Return Type="HRESULT" />
        </Api>
        <Api Name="PSGetItemPropertyHandler">
            <Param Type="IUnknown*" Name="punkItem" />
            <Param Type="BOOL" Name="fReadWrite" />
            <Param Type="REFIID" Name="riid" />
            <Param Type="void**" Name="ppv" InterfaceId="riid" />
            <Return Type="PSSTDAPI" />
        </Api>
        <Api Name="PSGetItemPropertyHandlerWithCreateObject">
            <Param Type="IUnknown*" Name="punkItem" />
            <Param Type="BOOL" Name="fReadWrite" />
            <Param Type="IUnknown*" Name="punkCreateObject" />
            <Param Type="REFIID" Name="riid" />
            <Param Type="void**" Name="ppv" InterfaceId="riid" />
            <Return Type="PSSTDAPI" />
        </Api>
        <Api Name="PSGetNamedPropertyFromPropertyStorage">
            <Param Type="PCUSERIALIZEDPROPSTORAGE" Name="psps" />
            <Param Type="DWORD" Name="cb" />
            <Param Type="LPCWSTR" Name="pszName" />
            <Param Type="PROPVARIANT*" Name="ppropvar" />
            <Return Type="PSSTDAPI" />
        </Api>
        <Api Name="PSGetNameFromPropertyKey">
            <Param Type="REFPROPERTYKEY" Name="propkey" />
            <Param Type="PWSTR*" Name="ppszCanonicalName" />
            <Return Type="HRESULT" />
        </Api>
        <Api Name="PSGetPropertyDescription">
            <Param Type="REFPROPERTYKEY" Name="propkey" />
            <Param Type="REFIID" Name="riid" />
            <Param Type="void**" Name="ppv" InterfaceId="riid" />
            <Return Type="PSSTDAPI" />
        </Api>
        <Api Name="PSGetPropertyDescriptionByName">
            <Param Type="LPCWSTR" Name="pszCanonicalName" />
            <Param Type="REFIID" Name="riid" />
            <Param Type="void**" Name="ppv" InterfaceId="riid" />
            <Return Type="PSSTDAPI" />
        </Api>
        <Api Name="PSGetPropertyDescriptionListFromString">
            <Param Type="LPCWSTR" Name="pszPropList" />
            <Param Type="REFIID" Name="riid" />
            <Param Type="void**" Name="ppv" InterfaceId="riid" />
            <Return Type="PSSTDAPI" />
        </Api>
        <Api Name="PSGetPropertyFromPropertyStorage">
            <Param Type="PCUSERIALIZEDPROPSTORAGE" Name="psps" />
            <Param Type="DWORD" Name="cb" />
            <Param Type="REFPROPERTYKEY" Name="rpkey" />
            <Param Type="PROPVARIANT**" Name="ppropvar" />
            <Return Type="PSSTDAPI" />
        </Api>
        <Api Name="PSGetPropertyKeyFromName">
            <Param Type="PCWSTR" Name="pszName" />
            <Param Type="PROPERTYKEY*" Name="ppropkey" />
            <Return Type="HRESULT" />
        </Api>
        <Api Name="PSGetPropertySystem">
            <Param Type="REFIID" Name="riid" />
            <Param Type="void**" Name="ppv" InterfaceId="riid" />
            <Return Type="PSSTDAPI" />
        </Api>
        <Api Name="PSGetPropertyValue">
            <Param Type="IPropertyStore*" Name="pps" />
            <Param Type="IPropertyDescription*" Name="ppd" />
            <Param Type="PROPVARIANT*" Name="ppropvar" />
            <Return Type="HRESULT" />
        </Api>
        <Api Name="PSLookupPropertyHandlerCLSID">
            <Param Type="PCWSTR" Name="pszFilePath" />
            <Param Type="CLSID*" Name="pclsid" />
            <Return Type="PSSTDAPI" />
        </Api>
        <Api Name="PSPropertyKeyFromString">
            <Param Type="LPCWSTR" Name="pszString" />
            <Param Type="PROPERTYKEY*" Name="pkey" />
            <Return Type="HRESULT" />
        </Api>
        <Api Name="PSRegisterPropertySchema">
            <Param Type="PCWSTR" Name="pszPath" />
            <Return Type="HRESULT" />
        </Api>
        <Api Name="PSSetPropertyValue">
            <Param Type="IPropertyStore*" Name="pps" />
            <Param Type="IPropertyDescription*" Name="ppd" />
            <Param Type="REFPROPVARIANT" Name="propvar" />
            <Return Type="HRESULT" />
        </Api>
        <Api Name="PSStringFromPropertyKey">
            <Param Type="REFPROPERTYKEY" Name="pkey" />
            <Param Type="LPWSTR" Name="psz" OutputOnly="True" />
            <Param Type="UINT" Name="cch" />
            <Return Type="HRESULT" />
        </Api>
        <Api Name="PSUnregisterPropertySchema">
            <Param Type="PCWSTR" Name="pszPath" />
            <Return Type="HRESULT" />
        </Api>

        <!-- Windows Environment Development/Windows Property System/PROPVARIANT and VARIANT -->
        <Category Name="Windows Environment Development/Windows Property System/PROPVARIANT and VARIANT" />
        <Api Name="InitPropVariantFromGUIDAsBuffer">
            <Param Type="REFGUID" Name="guid" />
            <Param Type="PROPVARIANT*" Name="ppropvar" />
            <Return Type="HRESULT" />
        </Api>
        <Api Name="InitPropVariantFromGUIDAsString">
            <Param Type="REFGUID" Name="guid" />
            <Param Type="PROPVARIANT*" Name="ppropvar" />
            <Return Type="HRESULT" />
        </Api>
        <Api Name="InitVariantFromGUIDAsBuffer">
            <Param Type="REFGUID" Name="guid" />
            <Param Type="VARIANT*" Name="pvar" />
            <Return Type="HRESULT" />
        </Api>
        <Api Name="InitVariantFromGUIDAsString">
            <Param Type="REFGUID" Name="guid" />
            <Param Type="VARIANT*" Name="pvar" />
            <Return Type="HRESULT" />
        </Api>

    </Module>
</ApiMonitor>

