<!--
    API Monitor Definitions
    (c) 2010-2012, Rohitab Batra <rohitab@rohitab.com>
    http://www.rohitab.com/apimonitor/
-->
<ApiMonitor>
    <Include Filename="Headers\windows.h.xml" />
    <Include Filename="Headers\processes.h.xml" />
    
    <Module Name="Psapi.dll" CallingConvention="STDCALL" ErrorFunc="GetLastError" OnlineHelp="MSDN">

        <!-- Process Status API (PSAPI) - These API's are also in KERNEL32.DLL (with K32 prefix) -->
        <Category Name="Diagnostics/Process Status API (PSAPI)" />
        <Api Name="EmptyWorkingSet">
            <Param Type="[ProcessHandle]" Name="hProcess" />
            <Return Type="BOOL" />
        </Api>
        <Api Name="EnumDeviceDrivers">
            <Param Type="LPVOID*" Name="lpImageBase" />
            <Param Type="DWORD" Name="cb" />
            <Param Type="LPDWORD" Name="lpcbNeeded" />
            <Return Type="BOOL" />
        </Api>
        <Api Name="EnumPageFiles" BothCharset="True">
            <Param Type="PENUM_PAGE_CALLBACK" Name="pCallbackRoutine" />
            <Param Type="LPVOID" Name="lpContext" />
            <Return Type="BOOL" />
        </Api>
        <Api Name="EnumProcesses">
            <Param Type="DWORD*" Name="pProcessIds" PostLength="pBytesReturned" />
            <Param Type="DWORD" Name="cb" />
            <Param Type="DWORD*" Name="pBytesReturned" />
            <Return Type="BOOL" />
        </Api>
        <Api Name="EnumProcessModules">
            <Param Type="[ProcessHandle]" Name="hProcess" />
            <Param Type="HMODULE*" Name="lphModule" />
            <Param Type="DWORD" Name="cb" />
            <Param Type="LPDWORD" Name="lpcbNeeded" />
            <Return Type="BOOL" />
        </Api>
        <Api Name="EnumProcessModulesEx">
            <Param Type="[ProcessHandle]" Name="hProcess" />
            <Param Type="HMODULE*" Name="lphModule" />
            <Param Type="DWORD" Name="cb" />
            <Param Type="LPDWORD" Name="lpcbNeeded" />
            <Param Type="DWORD" Name="dwFilterFlag" />
            <Return Type="BOOL" />
        </Api>
        <Api Name="GetDeviceDriverBaseName" BothCharset="True">
            <Param Type="LPVOID" Name="ImageBase" />
            <Param Type="LPTSTR" Name="lpBaseName" OutputOnly="True" />
            <Param Type="DWORD" Name="nSize" />
            <Return Type="DWORD" />
            <Success Return="NotEqual" Value="0" />
        </Api>
        <Api Name="GetDeviceDriverFileName" BothCharset="True">
            <Param Type="LPVOID" Name="ImageBase" />
            <Param Type="LPTSTR" Name="lpFilename" OutputOnly="True" />
            <Param Type="DWORD" Name="nSize" />
            <Return Type="DWORD" />
            <Success Return="NotEqual" Value="0" />
        </Api>
        <Api Name="GetMappedFileName" BothCharset="True">
            <Param Type="[ProcessHandle]" Name="hProcess" />
            <Param Type="LPVOID" Name="lpv" />
            <Param Type="LPTSTR" Name="lpFilename" OutputOnly="True" />
            <Param Type="DWORD" Name="nSize" />
            <Return Type="DWORD" />
            <Success Return="NotEqual" Value="0" />
        </Api>
        <Api Name="GetModuleBaseName" BothCharset="True">
            <Param Type="[ProcessHandle]" Name="hProcess" />
            <Param Type="HMODULE" Name="hModule" />
            <Param Type="LPTSTR" Name="lpBaseName" OutputOnly="True" />
            <Param Type="DWORD" Name="nSize" />
            <Return Type="DWORD" />
            <Success Return="NotEqual" Value="0" />
        </Api>
        <Api Name="GetModuleFileNameEx" BothCharset="True">
            <Param Type="[ProcessHandle]" Name="hProcess" />
            <Param Type="HMODULE" Name="hModule" />
            <Param Type="LPTSTR" Name="lpFilename" OutputOnly="True" />
            <Param Type="DWORD" Name="nSize" />
            <Return Type="DWORD" />
            <Success Return="NotEqual" Value="0" />
        </Api>
        <Api Name="GetModuleInformation">
            <Param Type="[ProcessHandle]" Name="hProcess" />
            <Param Type="HMODULE" Name="hModule" />
            <!-- TODO: lpmodinfo PostLength="cb" -->
            <Param Type="LPMODULEINFO" Name="lpmodinfo" />
            <Param Type="DWORD" Name="cb" />
            <Return Type="BOOL" />
        </Api>
        <Api Name="GetPerformanceInfo">
            <Param Type="PPERFORMANCE_INFORMATION" Name="pPerformanceInformation" />
            <Param Type="DWORD" Name="cb" />
            <Return Type="BOOL" />
        </Api>
        <Api Name="GetProcessImageFileName" BothCharset="True">
            <Param Type="[ProcessHandle]" Name="hProcess" />
            <Param Type="LPTSTR" Name="lpImageFileName" OutputOnly="True" />
            <Param Type="DWORD" Name="nSize" />
            <Return Type="DWORD" />
            <Success Return="NotEqual" Value="0" />
        </Api>
        <Api Name="GetProcessMemoryInfo">
            <Param Type="HANDLE" Name="Process" />
            <Param Type="PPROCESS_MEMORY_COUNTERS" Name="ppsmemCounters" />
            <Param Type="DWORD" Name="cb" />
            <Return Type="BOOL" />
        </Api>
        <Api Name="GetWsChanges">
            <Param Type="[ProcessHandle]" Name="hProcess" />
            <Param Type="PPSAPI_WS_WATCH_INFORMATION" Name="lpWatchInfo" />
            <Param Type="DWORD" Name="cb" />
            <Return Type="BOOL" />
        </Api>
        <Api Name="GetWsChangesEx">
            <Param Type="[ProcessHandle]" Name="hProcess" />
            <Param Type="PPSAPI_WS_WATCH_INFORMATION_EX" Name="lpWatchInfoEx" />
            <Param Type="DWORD" Name="cb" />
            <Return Type="BOOL" />
        </Api>
        <Api Name="InitializeProcessForWsWatch">
            <Param Type="[ProcessHandle]" Name="hProcess" />
            <Return Type="BOOL" />
        </Api>
        <Api Name="QueryWorkingSet">
            <Param Type="[ProcessHandle]" Name="hProcess" />
            <Param Type="PVOID" Name="pv" />
            <Param Type="DWORD" Name="cb" />
            <Return Type="BOOL" />
        </Api>
        <Api Name="QueryWorkingSetEx">
            <Param Type="[ProcessHandle]" Name="hProcess" />
            <Param Type="PVOID" Name="pv" />
            <Param Type="DWORD" Name="cb" />
            <Return Type="BOOL" />
        </Api>
        
        <!-- Duplicate - Exported with different names -->
    </Module>
</ApiMonitor>