<!--
    API Monitor Definitions
    (c) 2010-2011, Rohitab Batra <rohitab@rohitab.com>
    http://www.rohitab.com/apimonitor/
-->
<ApiMonitor>
    <Include Filename="Headers\windows.h.xml" />
    <Include Filename="Headers\sockets.h.xml" />
    
    <Module Name="Qosname.dll" CallingConvention="STDCALL" ErrorFunc="GetLastError" OnlineHelp="MSDN">
        <!-- Quality of Service (QOS) -->
        <Category Name="Networking/Quality of Service (QOS)" />
        <Api Name="WPUGetQOSTemplate">
            <Param Type="const LPGUID" Name="lpProviderId" />
            <Param Type="LPWSABUF" Name="lpQOSName" />
            <Param Type="LPQOS" Name="lpQOS" />
            <Return Type="INT" />
            <Success Return="NotEqual" Value="0" />
        </Api>
        <Api Name="WSCInstallQOSTemplate">
            <Param Type="const LPGUID" Name="lpProviderId" />
            <Param Type="LPWSABUF" Name="lpQOSName" />
            <Param Type="LPQOS" Name="lpQOS" />
            <Return Type="BOOL" />
        </Api>
        <Api Name="WSCRemoveQOSTemplate">
            <Param Type="const LPGUID" Name="lpProviderId" />
            <Param Type="LPWSABUF" Name="lpQOSName" />
            <Return Type="BOOL" />
        </Api>
    </Module>
</ApiMonitor>