<!--
    API Monitor Definitions
    (c) 2010-2012, Rohitab Batra <rohitab@rohitab.com>
    http://www.rohitab.com/apimonitor/
-->
<ApiMonitor>
    <Include Filename="Headers\windows.h.xml" />
    <Include Filename="Headers\rpc.h.xml" />
    <Module Name="Rpcdiag.dll" CallingConvention="STDCALL" ErrorFunc="HRESULT" OnlineHelp="MSDN">
        <!-- Remote Procedure Call (RPC) -->
        <Category Name="Networking/Remote Procedure Call (RPC)" />
        <Api Name="RpcDiagnoseError">
            <Param Type="RPC_BINDING_HANDLE" Name="BindingHandle" />
            <Param Type="RPC_IF_HANDLE" Name="IfSpec" />
            <Param Type="RPC_STATUS" Name="RpcStatus" />
            <Param Type="RPC_ERROR_ENUM_HANDLE*" Name="EnumHandle" />
            <Param Type="ULONG" Name="Options" />
            <Param Type="HWND" Name="ParentWindow" />
            <Return Type="RPC_STATUS" />
        </Api>
    </Module>
</ApiMonitor>