<!--
    API Monitor Definitions
    (c) 2010-2012, Rohitab Batra <rohitab@rohitab.com>
    http://www.rohitab.com/apimonitor/
-->
<ApiMonitor>
    <Include Filename="Headers\windows.h.xml" />
    <Include Filename="Headers\rpc.h.xml" />
    <Module Name="RpcNS4.dll" CallingConvention="STDCALL" ErrorFunc="HRESULT" OnlineHelp="MSDN">
        <!-- Remote Procedure Call (RPC) -->
        <Category Name="Networking/Remote Procedure Call (RPC)/Name Service" />
        <Api Name="RpcNsBindingExport" BothCharset="True">
            <Param Type="unsigned long" Name="EntryNameSyntax" />
            <Param Type="unsigned char*" Name="EntryName" />
            <Param Type="RPC_IF_HANDLE" Name="IfSpec" />
            <Param Type="RPC_BINDING_VECTOR*" Name="BindingVec" />
            <Param Type="UUID_VECTOR*" Name="ObjectUuidVec" />
            <Return Type="RPC_STATUS" />
        </Api>
        <Api Name="RpcNsBindingExportPnP" BothCharset="True">
            <Param Type="unsigned long" Name="EntryNameSyntax" />
            <Param Type="unsigned char*" Name="EntryName" />
            <Param Type="RPC_IF_HANDLE" Name="IfSpec" />
            <Param Type="UUID_VECTOR*" Name="ObjectUuidVec" />
            <Return Type="RPC_STATUS" />
        </Api>
        <Api Name="RpcNsBindingImportBegin" BothCharset="True">
            <Param Type="unsigned long" Name="EntryNameSyntax" />
            <Param Type="unsigned char*" Name="EntryName" />
            <Param Type="RPC_IF_HANDLE" Name="IfSpec" />
            <Param Type="UUID*" Name="ObjUuid" />
            <Param Type="RPC_NS_HANDLE*" Name="ImportContext" />
            <Return Type="RPC_STATUS" />
        </Api>
        <Api Name="RpcNsBindingImportDone">
            <Param Type="RPC_NS_HANDLE*" Name="ImportContext" />
            <Return Type="RPC_STATUS" />
        </Api>
        <Api Name="RpcNsBindingImportNext">
            <Param Type="RPC_NS_HANDLE" Name="ImportContext" />
            <Param Type="RPC_BINDING_HANDLE*" Name="Binding" />
            <Return Type="RPC_STATUS" />
        </Api>
        <Api Name="RpcNsBindingLookupBegin" BothCharset="True">
            <Param Type="unsigned long" Name="EntryNameSyntax" />
            <Param Type="unsigned char*" Name="EntryName" />
            <Param Type="RPC_IF_HANDLE" Name="IfSpec" />
            <Param Type="UUID*" Name="ObjUuid" />
            <Param Type="unsigned long" Name="BindingMaxCount" />
            <Param Type="RPC_NS_HANDLE*" Name="LookupContext" />
            <Return Type="RPC_STATUS" />
        </Api>
        <Api Name="RpcNsBindingLookupDone">
            <Param Type="RPC_NS_HANDLE*" Name="LookupContext" />
            <Return Type="RPC_STATUS" />
        </Api>
        <Api Name="RpcNsBindingLookupNext">
            <Param Type="RPC_NS_HANDLE" Name="LookupContext" />
            <Param Type="RPC_BINDING_VECTOR**" Name="BindingVec" />
            <Return Type="RPC_STATUS" />
        </Api>
        <Api Name="RpcNsBindingSelect">
            <Param Type="RPC_BINDING_VECTOR*" Name="BindingVec" />
            <Param Type="RPC_BINDING_HANDLE*" Name="Binding" />
            <Return Type="RPC_STATUS" />
        </Api>
        <Api Name="RpcNsBindingUnexport" BothCharset="True">
            <Param Type="unsigned long" Name="EntryNameSyntax" />
            <Param Type="unsigned char*" Name="EntryName" />
            <Param Type="RPC_IF_HANDLE" Name="IfSpec" />
            <Param Type="UUID_VECTOR*" Name="ObjectUuidVec" />
            <Return Type="RPC_STATUS" />
        </Api>
        <Api Name="RpcNsBindingUnexportPnP" BothCharset="True">
            <Param Type="unsigned long" Name="EntryNameSyntax" />
            <Param Type="unsigned char*" Name="EntryName" />
            <Param Type="RPC_IF_HANDLE" Name="IfSpec" />
            <Param Type="UUID_VECTOR*" Name="ObjectUuidVec" />
            <Return Type="RPC_STATUS" />
        </Api>
        <Api Name="RpcNsEntryExpandName" BothCharset="True">
            <Param Type="unsigned long" Name="EntryNameSyntax" />
            <Param Type="unsigned char*" Name="EntryName" />
            <Param Type="unsigned char**" Name="ExpandedName" />
            <Return Type="RPC_STATUS" />
        </Api>
        <Api Name="RpcNsEntryObjectInqBegin" BothCharset="True">
            <Param Type="unsigned long" Name="EntryNameSyntax" />
            <Param Type="unsigned char*" Name="EntryName" />
            <Param Type="RPC_NS_HANDLE*" Name="InquiryContext" />
            <Return Type="RPC_STATUS" />
        </Api>
        <Api Name="RpcNsEntryObjectInqDone">
            <Param Type="RPC_NS_HANDLE*" Name="InquiryContext" />
            <Return Type="RPC_STATUS" />
        </Api>
        <Api Name="RpcNsEntryObjectInqNext">
            <Param Type="RPC_NS_HANDLE" Name="InquiryContext" />
            <Param Type="UUID*" Name="ObjUuid" />
            <Return Type="RPC_STATUS" />
        </Api>
        <Api Name="RpcNsGroupDelete" BothCharset="True">
            <Param Type="unsigned long" Name="GroupNameSyntax" />
            <Param Type="unsigned char*" Name="GroupName" />
            <Return Type="RPC_STATUS" />
        </Api>
        <Api Name="RpcNsGroupMbrAdd" BothCharset="True">
            <Param Type="unsigned long" Name="GroupNameSyntax" />
            <Param Type="unsigned char*" Name="GroupName" />
            <Param Type="unsigned long" Name="MemberNameSyntax" />
            <Param Type="unsigned char*" Name="MemberName" />
            <Return Type="RPC_STATUS" />
        </Api>
        <Api Name="RpcNsGroupMbrInqBegin" BothCharset="True">
            <Param Type="unsigned long" Name="GroupNameSyntax" />
            <Param Type="unsigned char*" Name="GroupName" />
            <Param Type="unsigned long" Name="MemberNameSyntax" />
            <Param Type="RPC_NS_HANDLE*" Name="InquiryContext" />
            <Return Type="RPC_STATUS" />
        </Api>
        <Api Name="RpcNsGroupMbrInqDone">
            <Param Type="RPC_NS_HANDLE*" Name="InquiryContext" />
            <Return Type="RPC_STATUS" />
        </Api>
        <Api Name="RpcNsGroupMbrInqNext" BothCharset="True">
            <Param Type="RPC_NS_HANDLE" Name="InquiryContext" />
            <Param Type="unsigned char**" Name="MemberName" />
            <Return Type="RPC_STATUS" />
        </Api>
        <Api Name="RpcNsGroupMbrRemove" BothCharset="True">
            <Param Type="unsigned long" Name="GroupNameSyntax" />
            <Param Type="unsigned char*" Name="GroupName" />
            <Param Type="unsigned long" Name="MemberNameSyntax" />
            <Param Type="unsigned char*" Name="MemberName" />
            <Return Type="RPC_STATUS" />
        </Api>
        <Api Name="RpcNsMgmtBindingUnexport" BothCharset="True">
            <Param Type="unsigned long" Name="EntryNameSyntax" />
            <Param Type="unsigned char*" Name="EntryName" />
            <Param Type="RPC_IF_ID*" Name="IfId" />
            <Param Type="unsigned long" Name="VersOption" />
            <Param Type="UUID_VECTOR*" Name="ObjectUuidVec" />
            <Return Type="RPC_STATUS" />
        </Api>
        <Api Name="RpcNsMgmtEntryCreate" BothCharset="True">
            <Param Type="unsigned long" Name="EntryNameSyntax" />
            <Param Type="unsigned char*" Name="EntryName" />
            <Return Type="RPC_STATUS" />
        </Api>
        <Api Name="RpcNsMgmtEntryDelete" BothCharset="True">
            <Param Type="unsigned long" Name="EntryNameSyntax" />
            <Param Type="unsigned char*" Name="EntryName" />
            <Return Type="RPC_STATUS" />
        </Api>
        <Api Name="RpcNsMgmtEntryInqIfIds" BothCharset="True">
            <Param Type="unsigned long" Name="EntryNameSyntax" />
            <Param Type="unsigned char*" Name="EntryName" />
            <Param Type="RPC_IF_ID_VECTOR**" Name="IfIdVec" />
            <Return Type="RPC_STATUS" />
        </Api>
        <Api Name="RpcNsMgmtHandleSetExpAge">
            <Param Type="RPC_NS_HANDLE" Name="NsHandle" />
            <Param Type="unsigned long" Name="ExpirationAge" />
            <Return Type="RPC_STATUS" />
        </Api>
        <Api Name="RpcNsMgmtInqExpAge">
            <Param Type="unsigned long*" Name="ExpirationAge" />
            <Return Type="RPC_STATUS" />
        </Api>
        <Api Name="RpcNsMgmtSetExpAge">
            <Param Type="unsigned long" Name="ExpirationAge" />
            <Return Type="RPC_STATUS" />
        </Api>
        <Api Name="RpcNsProfileDelete" BothCharset="True">
            <Param Type="unsigned long" Name="ProfileNameSyntax" />
            <Param Type="unsigned char*" Name="ProfileName" />
            <Return Type="RPC_STATUS" />
        </Api>
        <Api Name="RpcNsProfileEltAdd" BothCharset="True">
            <Param Type="unsigned long" Name="ProfileNameSyntax" />
            <Param Type="unsigned char*" Name="ProfileName" />
            <Param Type="RPC_IF_ID*" Name="IfId" />
            <Param Type="unsigned long" Name="MemberNameSyntax" />
            <Param Type="unsigned char*" Name="MemberName" />
            <Param Type="unsigned long" Name="Priority" />
            <Param Type="unsigned char*" Name="Annotation" />
            <Return Type="RPC_STATUS" />
        </Api>
        <Api Name="RpcNsProfileEltInqBegin" BothCharset="True">
            <Param Type="unsigned long" Name="ProfileNameSyntax" />
            <Param Type="unsigned char*" Name="ProfileName" />
            <Param Type="unsigned long" Name="InquiryType" />
            <Param Type="RPC_IF_ID*" Name="IfId" />
            <Param Type="unsigned long" Name="VersOption" />
            <Param Type="unsigned long" Name="MemberNameSyntax" />
            <Param Type="unsigned char*" Name="MemberName" />
            <Param Type="RPC_NS_HANDLE*" Name="InquiryContext" />
            <Return Type="RPC_STATUS" />
        </Api>
        <Api Name="RpcNsProfileEltInqDone">
            <Param Type="RPC_NS_HANDLE*" Name="InquiryContext" />
            <Return Type="RPC_STATUS" />
        </Api>
        <Api Name="RpcNsProfileEltInqNext" BothCharset="True">
            <Param Type="RPC_NS_HANDLE" Name="InquiryContext" />
            <Param Type="RPC_IF_ID*" Name="IfId" />
            <Param Type="unsigned char**" Name="MemberName" />
            <Param Type="unsigned long*" Name="Priority" />
            <Param Type="unsigned char**" Name="Annotation" />
            <Return Type="RPC_STATUS" />
        </Api>
        <Api Name="RpcNsProfileEltRemove" BothCharset="True">
            <Param Type="unsigned long" Name="ProfileNameSyntax" />
            <Param Type="unsigned char*" Name="ProfileName" />
            <Param Type="RPC_IF_ID*" Name="IfId" />
            <Param Type="unsigned long" Name="MemberNameSyntax" />
            <Param Type="unsigned char*" Name="MemberName" />
            <Return Type="RPC_STATUS" />
        </Api>
    </Module>
</ApiMonitor>