<!--
    API Monitor Definitions
    (c) 2010-2011, Rohitab Batra <rohitab@rohitab.com>
    http://www.rohitab.com/apimonitor/
-->
<ApiMonitor>
    <Include Filename="Headers\scard.h.xml" />
    <Module Name="SCardDlg.dll" CallingConvention="STDCALL" ErrorFunc="GetLastError" OnlineHelp="MSDN">
        
        <!-- Variables -->
        <Variable Name="LPOCNCHKPROC"           Type="Alias"    Base="LPVOID" />
        <Variable Name="LPOCNCONNPROC"          Type="Alias"    Base="LPVOID" />
        <Variable Name="LPOCNDSCPROC"           Type="Alias"    Base="LPVOID" />

        <!-- [SC_DLG_FLAGS] -->
        <Variable Name="[SC_DLG_FLAGS]" Type="Alias" Base="DWORD">
            <Display Name="DWORD" />
            <Flag>
                <Set Name="SC_DLG_MINIMAL_UI"       Value="0x01" />
                <Set Name="SC_DLG_NO_UI"            Value="0x02" />
                <Set Name="SC_DLG_FORCE_UI"         Value="0x04" />
            </Flag>
        </Variable>

        <!-- OPENCARDNAME -->
        <Variable Name="OPENCARDNAME" Type="Struct">
            <Field Type="DWORD"             Name="dwStructSize" />
            <Field Type="HWND"              Name="hwndOwner" />
            <Field Type="SCARDCONTEXT"      Name="hSCardContext" />
            <Field Type="LPTSTR"            Name="lpstrGroupNames" />
            <Field Type="DWORD"             Name="nMaxGroupNames" />
            <Field Type="LPTSTR"            Name="lpstrCardNames" />
            <Field Type="DWORD"             Name="nMaxCardNames" />
            <Field Type="LPCGUID"           Name="rgguidInterfaces" Count="cguidInterfaces" />
            <Field Type="DWORD"             Name="cguidInterfaces" />
            <Field Type="LPTSTR"            Name="lpstrRdr" />
            <Field Type="DWORD"             Name="nMaxRdr" />
            <Field Type="LPTSTR"            Name="lpstrCard" />
            <Field Type="DWORD"             Name="nMaxCard" />
            <Field Type="LPCTSTR"           Name="lpstrTitle" />
            <Field Type="[SC_DLG_FLAGS]"    Name="dwFlags" />
            <Field Type="LPVOID"            Name="pvUserData" />
            <Field Type="DWORD"             Name="dwShareMode" />
            <Field Type="DWORD"             Name="dwPreferredProtocols" />
            <Field Type="DWORD"             Name="dwActiveProtocol" />
            <Field Type="LPOCNCONNPROC"     Name="lpfnConnect" />
            <Field Type="LPOCNCHKPROC"      Name="lpfnCheck" />
            <Field Type="LPOCNDSCPROC"      Name="lpfnDisconnect" />
            <Field Type="SCARDHANDLE"       Name="hCardHandle" />
        </Variable>
        <Variable Name="LPOPENCARDNAME" Type="Pointer" Base="OPENCARDNAME" />

        <!-- OPENCARD_SEARCH_CRITERIA -->
        <Variable Name="OPENCARD_SEARCH_CRITERIA" Type="Struct">
            <Field Type="DWORD"             Name="dwStructSize" />
            <Field Type="LPTSTR"            Name="lpstrGroupNames" />
            <Field Type="DWORD"             Name="nMaxGroupNames" />
            <Field Type="LPCGUID"           Name="rgguidInterfaces" Count="cguidInterfaces" />
            <Field Type="DWORD"             Name="cguidInterfaces" />
            <Field Type="LPTSTR"            Name="lpstrCardNames" />
            <Field Type="DWORD"             Name="nMaxCardNames" />
            <Field Type="LPOCNCHKPROC"      Name="lpfnCheck" />
            <Field Type="LPOCNCONNPROC"     Name="lpfnConnect" />
            <Field Type="LPOCNDSCPROC"      Name="lpfnDisconnect" />
            <Field Type="LPVOID"            Name="pvUserData" />
            <Field Type="DWORD"             Name="dwShareMode" />
            <Field Type="DWORD"             Name="dwPreferredProtocols" />
        </Variable>
        <Variable Name="POPENCARD_SEARCH_CRITERIA" Type="Pointer" Base="OPENCARD_SEARCH_CRITERIA" />

        <!-- OPENCARDNAME_EX -->
        <Variable Name="OPENCARDNAME_EX" Type="Struct">
            <Field Type="DWORD"                         Name="dwStructSize" />
            <Field Type="SCARDCONTEXT"                  Name="hSCardContext" />
            <Field Type="HWND"                          Name="hwndOwner" />
            <Field Type="[SC_DLG_FLAGS]"                Name="dwFlags" />
            <Field Type="LPCTSTR"                       Name="lpstrTitle" />
            <Field Type="LPCTSTR"                       Name="lpstrSearchDesc" />
            <Field Type="HICON"                         Name="hIcon" />
            <Field Type="POPENCARD_SEARCH_CRITERIA"     Name="pOpenCardSearchCriteria" />
            <Field Type="LPOCNCONNPROC"                 Name="lpfnConnect" />
            <Field Type="LPVOID"                        Name="pvUserData" />
            <Field Type="DWORD"                         Name="dwShareMode" />
            <Field Type="DWORD"                         Name="dwPreferredProtocols" />
            <Field Type="LPTSTR"                        Name="lpstrRdr" />
            <Field Type="DWORD"                         Name="nMaxRdr" />
            <Field Type="LPTSTR"                        Name="lpstrCard" />
            <Field Type="DWORD"                         Name="nMaxCard" />
            <Field Type="DWORD"                         Name="dwActiveProtocol" />
            <Field Type="SCARDHANDLE"                   Name="hCardHandle" />
        </Variable>
        <Variable Name="LPOPENCARDNAME_EX" Type="Pointer" Base="OPENCARDNAME_EX" />

        <!-- Authentication -->
        <Category Name="Security and Identity/Authentication/Smart Card" />
        <Api Name="GetOpenCardName" BothCharset="True" OrdinalA="1" OrdinalW="2">
            <Param Type="LPOPENCARDNAME" Name="pDlgStruc" />
            <Return Type="[SCARD_ERROR]" />
        </Api>
        <Api Name="SCardDlgExtendedError" Ordinal="3">
            <Return Type="[SCARD_ERROR]" />
        </Api>
        <Api Name="SCardUIDlgSelectCard" BothCharset="True" OrdinalA="4" OrdinalW="5">
            <Param Type="LPOPENCARDNAME_EX" Name="pDlgStruc" />
            <Return Type="[SCARD_ERROR]" />
        </Api>
    </Module>
</ApiMonitor>