<!--
    API Monitor Definitions
    (c) 2010-2011, Rohitab Batra <rohitab@rohitab.com>
    http://www.rohitab.com/apimonitor/
-->
<ApiMonitor>
    <Include Filename="Headers\windows.h.xml" />
    <Include Filename="Headers\registry.h.xml" />
    <Include Filename="Windows\SrClient.xml" />

    <Module Name="sfc.dll" CallingConvention="STDCALL" ErrorFunc="GetLastError" OnlineHelp="MSDN">

        <!-- Module Aliases -->
        <ModuleAlias Name="sfc_os.dll" />

        <!-- PROTECTED_FILE_DATA -->
        <Variable Name="PROTECTED_FILE_DATA" Type="Struct">
            <Field Type="WCHAR [MAX_PATH]"  Name="FileName" />
            <Field Type="DWORD"             Name="FileNumber" />
        </Variable>
        <Variable Name="PPROTECTED_FILE_DATA" Type="Pointer" Base="PROTECTED_FILE_DATA" />

        <!-- Api's -->
        <Category Name="System Administration/Windows Resource Protection (WRP)" />
        <Api Name="SfcIsFileProtected">
            <Param Type="HANDLE" Name="RpcHandle" />
            <Param Type="LPCWSTR" Name="ProtFileName" />
            <Return Type="BOOL" />
            <Success />
        </Api>
        <Api Name="SfcIsKeyProtected">
            <Param Type="HKEY" Name="hKey" />
            <Param Type="LPCWSTR" Name="lpSubKey" />
            <Param Type="REGSAM" Name="samDesired" />
            <Return Type="BOOL" />
            <Success />
        </Api>
        <Api Name="SfcGetNextProtectedFile">
            <Param Type="HANDLE" Name="RpcHandle" />
            <Param Type="PPROTECTED_FILE_DATA" Name="ProtFileData" />
            <Return Type="BOOL" />
        </Api>

        <!-- Undocumented -->
        <!-- TODO: No Documentation Available
            SRSetRestorePointA
            SRSetRestorePointW
            SfcClose
            SfcConnectToServer
            SfcInitProt
            SfcInitiateScan
            SfcInstallProtectedFiles
            SfpDeleteCatalog
            SfpInstallCatalog
        -->
        <Api Name="SfcTerminateWatcherThread">
            <Return Type="[ERROR_CODE]" />
        </Api>
        <Api Name="SfcFileException">
            <Param Type="DWORD" Name="dwUnknown0" />
            <Param Type="LPCSTR" Name="lpwszFile" />
            <Param Type="DWORD" Name="dwUnknown1" />
            <Return Type="[ERROR_CODE]" />
        </Api>
        <Api Name="SfpVerifyFile">
            <Param Type="LPCSTR" Name="lpszFileName" />
            <Param Type="LPSTR" Name="lpszError" />
            <Param Type="DWORD" Name="dwErrSize" />
            <Return Type="BOOL" />
        </Api>

        <!-- System Restore -->
        <Category Name="System Administration/System Restore" />
        <Api Name="SRRemoveRestorePoint">
            <Param Type="DWORD" Name="dwRPNum" />
            <Return Type="[ERROR_CODE]" />
        </Api>
        <Api Name="SRSetRestorePointA">
            <Param Type="PRESTOREPOINTINFOA" Name="pRestorePtSpec" />
            <Param Type="PSTATEMGRSTATUS" Name="pSMgrStatus" />
            <Return Type="BOOL" />
        </Api>
        <Api Name="SRSetRestorePointW">
            <Param Type="PRESTOREPOINTINFOW" Name="pRestorePtSpec" />
            <Param Type="PSTATEMGRSTATUS" Name="pSMgrStatus" />
            <Return Type="BOOL" />
        </Api>

    </Module>
</ApiMonitor>