<!--
    API Monitor Definitions
    (c) 2010-2011, Rohitab Batra <rohitab@rohitab.com>
    http://www.rohitab.com/apimonitor/
-->
<ApiMonitor>
    <Include Filename="Headers\windows.h.xml" />
    <Module Name="Sfcfiles.dll" CallingConvention="STDCALL" ErrorFunc="NTSTATUS" OnlineHelp="MSDN">

        <!-- PPROTECT_FILE_ENTRY -->
        <Variable Name="PPROTECT_FILE_ENTRY" Type="Struct">
            <Field Type="PWSTR" 	Name="SourceFileName" />
            <Field Type="PWSTR" 	Name="FileName" />
            <Field Type="PWSTR"     Name="InfName" />
        </Variable>
        <Variable Name="PPROTECT_FILE_ENTRY*" Type="Pointer" Base="PPROTECT_FILE_ENTRY" />

        <Category Name="System Administration/Windows Resource Protection (WRP)" />
        <Api Name="SfcGetFiles">
            <Param Type="PPROTECT_FILE_ENTRY*" Name="ProtFileData" />
            <Param Type="PULONG" Name="FileCount" />
            <Return Type="NTSTATUS" />
        </Api>
    </Module>
</ApiMonitor>