<!--
    API Monitor Definitions
    (c) 2012, Rohitab Batra <rohitab@rohitab.com>
    http://www.rohitab.com/apimonitor/
-->
<ApiMonitor>
    <Include Filename="Headers\windows.h.xml" />
    <Module Name="SHCore.dll" CallingConvention="STDCALL" ErrorFunc="HRESULT" OnlineHelp="MSDN">

        <!-- BSOS_OPTIONS -->
        <Variable Name="BSOS_OPTIONS" Type="Alias" Base="UINT">
            <Enum>
                <Set Name="BSOS_DEFAULT"                    Value="0" />
                <Set Name="BSOS_PREFERDESTINATIONSTREAM"    Value="1" />
            </Enum>
        </Variable>

        <!-- FileAccessMode -->
        <Variable Name="FileAccessMode" Type="Alias" Base="DWORD">
            <Display Name="DWORD" />
            <Enum>
                <Set Name="Read"        Value="0" />
                <Set Name="ReadWrite"   Value="1" />
            </Enum>
        </Variable>

        <!-- DISPLAY_DEVICE_TYPE -->
        <Variable Name="DISPLAY_DEVICE_TYPE" Type="Alias" Base="UINT">
            <Enum>
                <Set Name="DEVICE_PRIMARY"      Value="0" />
                <Set Name="DEVICE_IMMERSIVE"    Value="1" />
            </Enum>
        </Variable>

        <!-- Windows Runtime C++ -->
        <Category Name="Additional Resources/Windows Runtime C++" />
        <Api Name="CreateRandomAccessStreamOnFile">
            <Param Type="PCWSTR" Name="filePath" />
            <Param Type="FileAccessMode" Name="accessMode" />
            <Param Type="REFIID" Name="riid" />
            <Param Type="void**" Name="ppv" InterfaceId="riid" />
            <Return Type="HRESULT" />
        </Api>
        <Api Name="CreateRandomAccessStreamOverStream">
            <Param Type="IStream*" Name="stream" />
            <Param Type="BSOS_OPTIONS" Name="options" />
            <Param Type="REFIID" Name="riid" />
            <Param Type="void**" Name="ppv" InterfaceId="riid" />
            <Return Type="HRESULT" />
        </Api>
        <Api Name="CreateStreamOverRandomAccessStream">
            <Param Type="IUnknown*" Name="randomAccessStream" />
            <Param Type="REFIID" Name="riid" />
            <Param Type="void**" Name="ppv" InterfaceId="riid" />
            <Return Type="HRESULT" />
        </Api>

        <!-- Shell -->
        <Category Name="Windows Environment Development/Windows Shell" />
        <Api Name="GetScaleFactorForDevice">
            <Param Type="DISPLAY_DEVICE_TYPE" Name="deviceType" />
            <Return Type="DEVICE_SCALE_FACTOR" />
        </Api>
        <Api Name="RegisterScaleChangeNotifications">
            <Param Type="DISPLAY_DEVICE_TYPE" Name="displayDevice" />
            <Param Type="HWND" Name="hwndNotify" />
            <Param Type="UINT" Name="uMsgNotify" />
            <Param Type="DWORD*" Name="pdwCookie" />
            <Return Type="STDAPI" />
        </Api>
        <Api Name="RevokeScaleChangeNotifications">
            <Param Type="DISPLAY_DEVICE_TYPE" Name="displayDevice" />
            <Param Type="DWORD" Name="dwCookie" />
            <Return Type="STDAPI" />
        </Api>

        <!-- Shell32.dll -->
        <SourceModule Name="Shell32.dll" Include="Windows\Shell32.xml">
            <Api Name="CommandLineToArgvW" />
            <Api Name="GetCurrentProcessExplicitAppUserModelID" />
            <Api Name="SetCurrentProcessExplicitAppUserModelID" />
        </SourceModule>

        <!-- ShLwApi.dll -->
        <SourceModule Name="ShLwApi.dll" Include="Windows\ShLwApi.xml">
            <Api Name="GetProcessReference" />
            <Api Name="IsOS" />
            <Api Name="IStream_Copy" />
            <Api Name="IStream_Read" />
            <Api Name="IStream_ReadStr" />
            <Api Name="IStream_Reset" />
            <Api Name="IStream_Size" />
            <Api Name="IStream_Write" />
            <Api Name="IStream_WriteStr" />
            <Api Name="IUnknown_AtomicRelease" />
            <Api Name="IUnknown_GetSite" />
            <Api Name="IUnknown_QueryService" />
            <Api Name="IUnknown_Set" />
            <Api Name="IUnknown_SetSite" />
            <Api Name="SetProcessReference" />
            <Api Name="SHAnsiToAnsi" />
            <Api Name="SHAnsiToUnicode" />
            <Api Name="SHCopyKeyA" />
            <Api Name="SHCopyKeyW" />
            <Api Name="SHCreateMemStream" />
            <Api Name="SHCreateStreamOnFileA" />
            <Api Name="SHCreateStreamOnFileEx" />
            <Api Name="SHCreateStreamOnFileW" />
            <Api Name="SHCreateThread" />
            <Api Name="SHCreateThreadRef" />
            <Api Name="SHCreateThreadWithHandle" />
            <Api Name="SHDeleteEmptyKeyA" />
            <Api Name="SHDeleteEmptyKeyW" />
            <Api Name="SHDeleteKeyA" />
            <Api Name="SHDeleteKeyW" />
            <Api Name="SHDeleteValueA" />
            <Api Name="SHDeleteValueW" />
            <Api Name="SHEnumKeyExA" />
            <Api Name="SHEnumKeyExW" />
            <Api Name="SHEnumValueA" />
            <Api Name="SHEnumValueW" />
            <Api Name="SHGetThreadRef" />
            <Api Name="SHGetValueA" />
            <Api Name="SHGetValueW" />
            <Api Name="SHOpenRegStream2A" />
            <Api Name="SHOpenRegStream2W" />
            <Api Name="SHOpenRegStreamA" />
            <Api Name="SHOpenRegStreamW" />
            <Api Name="SHQueryInfoKeyA" />
            <Api Name="SHQueryInfoKeyW" />
            <Api Name="SHQueryValueExA" />
            <Api Name="SHQueryValueExW" />
            <Api Name="SHRegDuplicateHKey" />
            <Api Name="SHRegGetIntW" />
            <Api Name="SHRegGetPathA" />
            <Api Name="SHRegGetPathW" />
            <Api Name="SHRegGetValueA" />
            <Api Name="SHRegGetValueW" />
            <Api Name="SHRegSetPathA" />
            <Api Name="SHRegSetPathW" />
            <Api Name="SHReleaseThreadRef" />
            <Api Name="SHSetThreadRef" />
            <Api Name="SHSetValueA" />
            <Api Name="SHSetValueW" />
            <Api Name="SHStrDupA" />
            <Api Name="SHStrDupW" />
            <Api Name="SHUnicodeToAnsi" />
            <Api Name="SHUnicodeToUnicode" />
        </SourceModule>

    </Module>
</ApiMonitor>