<!--
    API Monitor Definitions
    (c) 2010-2013, Rohitab Batra <rohitab@rohitab.com>
    http://www.rohitab.com/apimonitor/
-->
<ApiMonitor>
    <Include Filename="Headers\windows.h.xml" />
    <Include Filename="Headers\URL.h.xml" />
    <Module Name="Shdocvw.dll" CallingConvention="STDCALL" ErrorFunc="GetLastError" OnlineHelp="MSDN">
        
        <!-- Interfaces -->
        <Variable Name="IEnumPrivacyRecords" Type="Interface" />

        <!-- Shell -->
        <Category Name="Windows Environment Development/Windows Shell" />
        <Api Name="ShellDDEInit" Ordinal="118">
            <Param Type="BOOL" Name="init" />
            <Return Type="void" />
        </Api>
        <Api Name="SoftwareUpdateMessageBox">
            <Param Type="HWND" Name="hWnd" />
            <Param Type="LPCWSTR" Name="pszDistUnit" />
            <Param Type="DWORD" Name="dwFlags" />
            <Param Type="LPSOFTDISTINFO" Name="psdi" />
            <Return Type="DWORD" />
            <Success Return="NotEqual" Value="0" />
        </Api>
        
        <!-- Internet Privacy -->
        <Category Name="Web Development/Internet Explorer Development/Security and Privacy/Internet Privacy" />
        <Api Name="DoPrivacyDlg">
            <Param Type="HWND" Name="hwndParent" />
            <Param Type="LPCWSTR" Name="pszUrl" />
            <Param Type="IEnumPrivacyRecords*" Name="pPrivacyEnum" />
            <Param Type="BOOL" Name="fReportAllSites" />
            <Return Type="HRESULT" />
        </Api>
        <Api Name="ImportPrivacySettings">
            <Param Type="LPCWSTR" Name="szFilename" />
            <Param Type="BOOL*" Name="pfParsePrivacyPreferences" />
            <Param Type="BOOL*" Name="pfParsePerSiteRules" />
            <Return Type="BOOL" />
        </Api>
    </Module>
</ApiMonitor>