<!--
    API Monitor Definitions
    (c) 2010-2011, Rohitab Batra <rohitab@rohitab.com>
    http://www.rohitab.com/apimonitor/
-->
<ApiMonitor>
    <Include Filename="Headers\windows.h.xml" />
    <Include Filename="Headers\ole.h.xml" />
    
    <Module Name="Shsvcs.dll" CallingConvention="STDCALL" ErrorFunc="HRESULT" OnlineHelp="MSDN">
        <!-- Shell -->
        <Category Name="Windows Environment Development/Windows Shell" />
        <Api Name="CreateHardwareEventMoniker">
            <Param Type="REFCLSID" Name="clsid" />
            <Param Type="LPCTSTR" Name="pszEventHandler" />
            <Param Type="IMoniker**" Name="ppmoniker" />
            <Return Type="HRESULT" />
        </Api>
    </Module>
</ApiMonitor>