<!--
    API Monitor Definitions
    (c) 2010-2011, Rohitab Batra <rohitab@rohitab.com>
    http://www.rohitab.com/apimonitor/
-->
<ApiMonitor>
    <Include Filename="Headers\windows.h.xml" />
    <Module Name="Sisbkup.dll" CallingConvention="STDCALL" ErrorFunc="GetLastError" OnlineHelp="MSDN">
        <!-- Backup -->
        <Category Name="Data Access and Storage/Backup" />
        <Api Name="SisCreateBackupStructure">
            <Param Type="PWCHAR" Name="volumeRoot" />
            <Param Type="PVOID*" Name="sisBackupStructure" />
            <Param Type="PWCHAR*" Name="commonStoreRootPathname" />
            <Param Type="PULONG" Name="countOfCommonStoreFilesToBackUp" />
            <Param Type="PWCHAR**" Name="commonStoreFilesToBackUp" />
            <Return Type="BOOL" />
        </Api>
        <Api Name="SisCreateRestoreStructure">
            <Param Type="PWCHAR" Name="volumeRoot" />
            <Param Type="PVOID*" Name="sisRestoreStructure" />
            <Param Type="PWCHAR*" Name="commonStoreRootPathname" />
            <Param Type="PULONG" Name="countOfCommonStoreFilesToRestore" />
            <Param Type="PWCHAR**" Name="commonStoreFilesToRestore" />
            <Return Type="BOOL" />
        </Api>
        <Api Name="SisCSFilesToBackupForLink">
            <Param Type="PVOID" Name="sisBackupStructure" />
            <Param Type="PVOID" Name="reparseData" />
            <Param Type="ULONG" Name="reparseDataSize" />
            <Param Type="PVOID" Name="thisFileContext" />
            <Param Type="PVOID*" Name="matchingFileContext" />
            <Param Type="PULONG" Name="countOfCommonStoreFilesToBackUp" />
            <Param Type="PWCHAR**" Name="commonStoreFilesToBackUp" />
            <Return Type="BOOL" />
        </Api>
        <Api Name="SisFreeAllocatedMemory">
            <Param Type="PVOID" Name="allocatedSpace" />
            <Return Type="void" />
        </Api>
        <Api Name="SisFreeBackupStructure">
            <Param Type="PVOID" Name="sisBackupStructure" />
            <Return Type="BOOL" />
        </Api>
        <Api Name="SisFreeRestoreStructure">
            <Param Type="PVOID" Name="sisRestoreStructure" />
            <Return Type="BOOL" />
        </Api>
        <Api Name="SisRestoredLink">
            <Param Type="PVOID" Name="sisRestoreStructure" />
            <Param Type="PWCHAR" Name="restoredFileName" />
            <Param Type="PVOID" Name="reparseData" />
            <Param Type="ULONG" Name="reparseDataSize" />
            <Param Type="PULONG" Name="countOfCommonStoreFilesToRestore" />
            <Param Type="PWCHAR**" Name="commonStoreFilesToRestore" />
            <Return Type="BOOL" />
        </Api>
    </Module>
</ApiMonitor>