<!--
    API Monitor Definitions
    (c) 2010-2012, Rohitab Batra <rohitab@rohitab.com>
    http://www.rohitab.com/apimonitor/
-->
<ApiMonitor>
    <Include Filename="Headers\windows.h.xml" />
    <Module Name="Slcext.dll" CallingConvention="STDCALL" ErrorFunc="GetLastError" OnlineHelp="MSDN">
        <!-- Software Licensing API (SLAPI) -->
        <Category Name="System Administration/Software Licensing API (SLAPI)" />
        <Api Name="SLAcquireGenuineTicket">
            <Param Type="void**" Name="ppTicketBlob" />
            <Param Type="UINT*" Name="pcbTicketBlob" />
            <Param Type="PCWSTR" Name="pwszTemplateId" />
            <Param Type="PCWSTR" Name="pwszServerUrl" />
            <Param Type="PCWSTR" Name="pwszClientToken" />
            <Return Type="HRESULT" />
        </Api>
    </Module>
</ApiMonitor>