<!--
    API Monitor Definitions
    (c) 2010-2012, Rohitab Batra <rohitab@rohitab.com>
    http://www.rohitab.com/apimonitor/
-->
<ApiMonitor>
    <Include Filename="Headers\windows.h.xml" />
    <Include Filename="Headers\snmp.h.xml" />
    
    <Module Name="Snmpapi.dll" CallingConvention="STDCALL" ErrorFunc="GetLastError" OnlineHelp="MSDN">
        <!-- Simple Network Management Protocol (SNMP) -->
        <Category Name="Networking/Simple Network Management Protocol (SNMP)" />
        <Api Name="SnmpSvcGetUptime">
            <Return Type="DWORD" />
            <Success Return="NotEqual" Value="0" />
        </Api>
        <Api Name="SnmpSvcSetLogLevel">
            <Param Type="INT" Name="nLogLevel" />
            <Return Type="void" />
        </Api>
        <Api Name="SnmpSvcSetLogType">
            <Param Type="INT" Name="nLogType" />
            <Return Type="void" />
        </Api>
        <Api Name="SnmpUtilAsnAnyCpy">
            <Param Type="AsnAny*" Name="pAnyDst" />
            <Param Type="AsnAny*" Name="pAnySrc" />
            <Return Type="SNMPAPI" />
        </Api>
        <Api Name="SnmpUtilAsnAnyFree">
            <Param Type="AsnAny*" Name="pAny" />
            <Return Type="void" />
        </Api>
        <Api Name="SnmpUtilDbgPrint">
            <Param Type="INT" Name="nLogLevel" />
            <Param Type="LPSTR" Name="szFormat" />
            <Return Type="void" />
        </Api>
        <Api Name="SnmpUtilIdsToA">
            <Param Type="UINT*" Name="Ids" />
            <Param Type="UINT" Name="IdLength" />
            <Return Type="LPSTR" />
            <Success Return="NotEqual" Value="0" />
        </Api>
        <Api Name="SnmpUtilMemAlloc">
            <Param Type="UINT" Name="nBytes" />
            <Return Type="LPVOID" />
            <Success Return="NotEqual" Value="0" />
        </Api>
        <Api Name="SnmpUtilMemFree">
            <Param Type="LPVOID" Name="pMem" />
            <Return Type="void" />
        </Api>
        <Api Name="SnmpUtilMemReAlloc">
            <Param Type="LPVOID" Name="pMem" />
            <Param Type="UINT" Name="nBytes" />
            <Return Type="LPVOID" />
            <Success Return="NotEqual" Value="0" />
        </Api>
        <Api Name="SnmpUtilOctetsCmp">
            <Param Type="AsnOctetString*" Name="pOctets1" />
            <Param Type="AsnOctetString*" Name="pOctets2" />
            <Return Type="SNMPAPI" />
        </Api>
        <Api Name="SnmpUtilOctetsCpy">
            <Param Type="AsnOctetString*" Name="pOctetsDst" />
            <Param Type="AsnOctetString*" Name="pOctetsSrc" />
            <Return Type="SNMPAPI" />
        </Api>
        <Api Name="SnmpUtilOctetsFree">
            <Param Type="AsnOctetString*" Name="pOctets" />
            <Return Type="void" />
        </Api>
        <Api Name="SnmpUtilOctetsNCmp">
            <Param Type="AsnOctetString*" Name="pOctets1" />
            <Param Type="AsnOctetString*" Name="pOctets2" />
            <Param Type="UINT" Name="nChars" />
            <Return Type="SNMPAPI" />
        </Api>
        <Api Name="SnmpUtilOidAppend">
            <Param Type="AsnObjectIdentifier*" Name="pOidDst" />
            <Param Type="AsnObjectIdentifier*" Name="pOidSrc" />
            <Return Type="SNMPAPI" />
        </Api>
        <Api Name="SnmpUtilOidCmp">
            <Param Type="AsnObjectIdentifier*" Name="pOid1" />
            <Param Type="AsnObjectIdentifier*" Name="pOid2" />
            <Return Type="SNMPAPI" />
        </Api>
        <Api Name="SnmpUtilOidCpy">
            <Param Type="AsnObjectIdentifier*" Name="pOidDst" />
            <Param Type="AsnObjectIdentifier*" Name="pOidSrc" />
            <Return Type="SNMPAPI" />
        </Api>
        <Api Name="SnmpUtilOidFree">
            <Param Type="AsnObjectIdentifier*" Name="pOid" />
            <Return Type="void" />
        </Api>
        <Api Name="SnmpUtilOidNCmp">
            <Param Type="AsnObjectIdentifier*" Name="pOid1" />
            <Param Type="AsnObjectIdentifier*" Name="pOid2" />
            <Param Type="UINT" Name="nSubIds" />
            <Return Type="SNMPAPI" />
        </Api>
        <Api Name="SnmpUtilOidToA">
            <Param Type="AsnObjectIdentifier*" Name="Oid" />
            <Return Type="LPSTR" />
            <Success Return="NotEqual" Value="0" />
        </Api>
        <Api Name="SnmpUtilPrintAsnAny">
            <Param Type="AsnAny*" Name="pAny" />
            <Return Type="void" />
        </Api>
        <Api Name="SnmpUtilPrintOid">
            <Param Type="AsnObjectIdentifier*" Name="Oid" />
            <Return Type="void" />
        </Api>
        <Api Name="SnmpUtilVarBindCpy">
            <Param Type="SnmpVarBind*" Name="pVbDst" />
            <Param Type="SnmpVarBind*" Name="pVbSrc" />
            <Return Type="SNMPAPI" />
        </Api>
        <Api Name="SnmpUtilVarBindListCpy">
            <Param Type="SnmpVarBindList*" Name="pVblDst" />
            <Param Type="SnmpVarBindList*" Name="pVblSrc" />
            <Return Type="SNMPAPI" />
        </Api>
        <Api Name="SnmpUtilVarBindFree">
            <Param Type="SnmpVarBind*" Name="pVb" />
            <Return Type="void" />
        </Api>
        <Api Name="SnmpUtilVarBindListFree">
            <Param Type="SnmpVarBindList*" Name="pVbl" />
            <Return Type="void" />
        </Api>
    </Module>
</ApiMonitor>