<!--
    API Monitor Definitions
    (c) 2011, Rohitab Batra <rohitab@rohitab.com>
    http://www.rohitab.com/apimonitor/
-->
<ApiMonitor>
    <Include Filename="Headers\odbc.h.xml" />	
    <Module Name="SQLSRV32.DLL" CallingConvention="STDCALL" ErrorFunc="" OnlineHelp="MSDN">

        <!-- Setup DLL -->
        <Category Name="Data Access and Storage/Windows Data Access Components/Microsoft Open Database Connectivity (ODBC)/Setup DLL" />
        <Api Name="ConfigDriver" BothCharset="True" SuffixA="">
            <Param Type="HWND" Name="hwndParent" />
            <Param Type="[ODBC_DRIVER_REQUEST]" Name="fRequest" />
            <Param Type="LPCTSTR" Name="lpszDriver" />
            <Param Type="LPCTSTR" Name="lpszArgs" />
            <Param Type="LPTSTR" Name="lpszMsg" />
            <Param Type="WORD" Name="cbMsgMax" />
            <Param Type="WORD*" Name="pcbMsgOut" />
            <Return Type="BOOL" />
        </Api>
        <Api Name="ConfigDSN" BothCharset="True" SuffixA="">
            <Param Type="HWND" Name="hwndParent" />
            <Param Type="[ODBC_DSN_REQUEST]" Name="fRequest" />
            <Param Type="LPCTSTR" Name="lpszDriver" />
            <Param Type="LPCTSTR" Name="lpszAttributes" />
            <Return Type="BOOL" />
        </Api>
        <Api Name="ConfigTranslator">
            <Param Type="HWND" Name="hwndParent" />
            <Param Type="DWORD*" Name="pvOption" />
            <Return Type="BOOL" />
        </Api>

    </Module>
</ApiMonitor>
