<!--
    API Monitor Definitions
    (c) 2010-2011, Rohitab Batra <rohitab@rohitab.com>
    http://www.rohitab.com/apimonitor/
-->
<ApiMonitor>
    <Include Filename="Headers\windows.h.xml" />
    <Include Filename="Headers\security.h.xml" />

    <Module Name="SspiCli.dll" CallingConvention="STDCALL" ErrorFunc="HRESULT" OnlineHelp="MSDN">

        <!-- Authentication -->
        <Category Name="Security and Identity/Authentication/Security Support Provider Interface (SSPI)" />
        <Api Name="SspiCompareAuthIdentities">
            <Param Type="PSEC_WINNT_AUTH_IDENTITY_OPAQUE" Name="AuthIdentity1" />
            <Param Type="PSEC_WINNT_AUTH_IDENTITY_OPAQUE" Name="AuthIdentity2" />
            <Param Type="PBOOLEAN" Name="SameSuppliedUser" />
            <Param Type="PBOOLEAN" Name="SameSuppliedIdentity" />
            <Return Type="SECURITY_STATUS" />
        </Api>
        <Api Name="SspiCopyAuthIdentity">
            <Param Type="PSEC_WINNT_AUTH_IDENTITY_OPAQUE" Name="AuthData" />
            <Param Type="PSEC_WINNT_AUTH_IDENTITY_OPAQUE*" Name="AuthDataCopy" />
            <Return Type="SECURITY_STATUS" />
        </Api>
        <Api Name="SspiDecryptAuthIdentity">
            <Param Type="PSEC_WINNT_AUTH_IDENTITY_OPAQUE" Name="EncryptedAuthData" />
            <Return Type="SECURITY_STATUS" />
        </Api>
        <Api Name="SspiEncodeAuthIdentityAsStrings">
            <Param Type="PSEC_WINNT_AUTH_IDENTITY_OPAQUE" Name="pAuthIdentity" />
            <Param Type="PCWSTR*" Name="ppszUserName" />
            <Param Type="PCWSTR*" Name="ppszDomainName" />
            <Param Type="PCWSTR*" Name="ppszPackedCredentialsString" />
            <Return Type="SECURITY_STATUS" />
        </Api>
        <Api Name="SspiEncodeStringsAsAuthIdentity">
            <Param Type="PCWSTR" Name="pszUserName" />
            <Param Type="PCWSTR" Name="pszDomainName" />
            <Param Type="PCWSTR" Name="pszPackedCredentialsString" />
            <Param Type="PSEC_WINNT_AUTH_IDENTITY_OPAQUE*" Name="ppAuthIdentity" />
            <Return Type="SECURITY_STATUS" />
        </Api>
        <Api Name="SspiEncryptAuthIdentity">
            <Param Type="PSEC_WINNT_AUTH_IDENTITY_OPAQUE" Name="AuthData" />
            <Return Type="SECURITY_STATUS" />
        </Api>
        <Api Name="SspiExcludePackage">
            <Param Type="PSEC_WINNT_AUTH_IDENTITY_OPAQUE" Name="AuthIdentity" />
            <Param Type="PCWSTR" Name="pszPackageName" />
            <Param Type="PSEC_WINNT_AUTH_IDENTITY_OPAQUE*" Name="ppNewAuthIdentity" />
            <Return Type="SECURITY_STATUS" />
        </Api>
        <Api Name="SspiFreeAuthIdentity">
            <Param Type="PSEC_WINNT_AUTH_IDENTITY_OPAQUE" Name="AuthData" />
            <Return Type="SECURITY_STATUS" />
        </Api>
        <Api Name="SspiGetTargetHostName">
            <Param Type="PCWSTR" Name="pszTargetName" />
            <Param Type="PWSTR*" Name="pszHostName" />
            <Return Type="SECURITY_STATUS" />
        </Api>
        <Api Name="SspiIsAuthIdentityEncrypted">
            <Param Type="PSEC_WINNT_AUTH_IDENTITY_OPAQUE" Name="EncryptedAuthData" />
            <Return Type="BOOLEAN" />
        </Api>
        <Api Name="SspiLocalFree">
            <Param Type="PVOID" Name="DataBuffer" />
            <Return Type="VOID" />
        </Api>
        <Api Name="SspiMarshalAuthIdentity">
            <Param Type="PSEC_WINNT_AUTH_IDENTITY_OPAQUE" Name="AuthIdentity" />
            <Param Type="unsigned long*" Name="AuthIdentityLength" />
            <Param Type="unsigned long*" Name="AuthIdentityByteArray" />
            <Return Type="SECURITY_STATUS" />
        </Api>
        <Api Name="SspiPrepareForCredRead">
            <Param Type="PSEC_WINNT_AUTH_IDENTITY_OPAQUE" Name="AuthIdentity" />
            <Param Type="PCWSTR" Name="pszTargetName" />
            <Param Type="PULONG" Name="pCredmanCredentialType" />
            <Param Type="PCWSTR*" Name="ppszCredmanTargetName" />
            <Return Type="SECURITY_STATUS" />
        </Api>
        <Api Name="SspiPrepareForCredWrite">
            <Param Type="PSEC_WINNT_AUTH_IDENTITY_OPAQUE" Name="AuthIdentity" />
            <Param Type="PCWSTR" Name="pszTargetName" />
            <Param Type="PULONG" Name="pCredmanCredentialType" />
            <Param Type="PCWSTR*" Name="ppszCredmanTargetName" />
            <Param Type="PCWSTR*" Name="ppszCredmanUserName" />
            <Param Type="PUCHAR*" Name="ppCredentialBlob" />
            <Param Type="PULONG" Name="pCredentialBlobSize" />
            <Return Type="SECURITY_STATUS" />
        </Api>
        <Api Name="SspiUnmarshalAuthIdentity">
            <Param Type="unsigned long" Name="AuthIdentityLength" />
            <Param Type="char*" Name="AuthIdentityByteArray" />
            <Param Type="PSEC_WINNT_AUTH_IDENTITY_OPAQUE*" Name="ppAuthIdentity" />
            <Return Type="SECURITY_STATUS" />
        </Api>
        <Api Name="SspiValidateAuthIdentity">
            <Param Type="PSEC_WINNT_AUTH_IDENTITY_OPAQUE" Name="AuthData" />
            <Return Type="SECURITY_STATUS" />
        </Api>
        <Api Name="SspiZeroAuthIdentity">
            <Param Type="PSEC_WINNT_AUTH_IDENTITY_OPAQUE" Name="AuthData" />
            <Return Type="SECURITY_STATUS" />
        </Api>
    </Module>
</ApiMonitor>