<!--
    API Monitor Definitions
    (c) 2010-2012, Rohitab Batra <rohitab@rohitab.com>
    http://www.rohitab.com/apimonitor/
-->
<ApiMonitor>
    <Include Filename="Headers\windows.h.xml" />
    <Module Name="Storprop.dll" CallingConvention="STDCALL" ErrorFunc="GetLastError" OnlineHelp="MSDN">

        <!-- [ERROR_CODE|LONG] -->
        <Variable Name="[ERROR_CODE|LONG]" Type="Alias" Base="[ERROR_CODE]">
            <Display Name="LONG" />
        </Variable>

        <!-- Device Management -->
        <Category Name="Devices/Device Management" />
        <Api Name="CdromDisableDigitalPlayback">
            <Param Type="HDEVINFO" Name="DevInfo" />
            <Param Type="PSP_DEVINFO_DATA" Name="DevInfoData" />
            <Return Type="[ERROR_CODE|LONG]" />
        </Api>
        <Api Name="CdromEnableDigitalPlayback">
            <Param Type="HDEVINFO" Name="DevInfo" />
            <Param Type="PSP_DEVINFO_DATA" Name="DevInfoData" />
            <Param Type="BOOLEAN" Name="ForceUnknown" />
            <Return Type="[ERROR_CODE|LONG]" />
        </Api>
        <Api Name="CdromIsDigitalPlaybackEnabled">
            <Param Type="HDEVINFO" Name="DevInfo" />
            <Param Type="PSP_DEVINFO_DATA" Name="DevInfoData" />
            <Param Type="PBOOLEAN" Name="Enabled" />
            <Return Type="[ERROR_CODE|LONG]" />
        </Api>
        <Api Name="CdromKnownGoodDigitalPlayback">
            <Param Type="HDEVINFO" Name="DevInfo" />
            <Param Type="PSP_DEVINFO_DATA" Name="DevInfoData" />
            <Return Type="BOOL" />
        </Api>
        <Api Name="DvdLauncher">
            <Param Type="HWND" Name="HWnd" />
            <Param Type="CHAR" Name="DriveLetter" />
            <Return Type="BOOL" />
        </Api>
    </Module>
</ApiMonitor>