<!--
    API Monitor Definitions
    (c) 2010-2011, Rohitab Batra <rohitab@rohitab.com>
    http://www.rohitab.com/apimonitor/
-->
<ApiMonitor>
    <Include Filename="Headers\windows.h.xml" />
    <Module Name="url.dll" CallingConvention="STDCALL" ErrorFunc="GetLastError" OnlineHelp="MSDN">
        <!-- Shell -->
        <Category Name="Windows Environment Development/Windows Shell" />
        <Api Name="InetIsOffline">
            <Param Type="DWORD" Name="dwFlags" />
            <Return Type="BOOL" />
        </Api>
        <Api Name="MIMEAssociationDialog" BothCharset="True">
            <Param Type="HWND" Name="hwndParent" />
            <Param Type="DWORD" Name="dwInFlags" />
            <Param Type="LPCTSTR" Name="pcszFile" />
            <Param Type="LPCTSTR" Name="pcszMIMEContentType" />
            <Param Type="LPTSTR" Name="pszAppBuf" />
            <Param Type="UINT" Name="ucAppBufLen" />
            <Return Type="HRESULT" />
        </Api>
        <Api Name="TranslateURL" BothCharset="True">
            <Param Type="LPCSTR" Name="pcszURL" />
            <Param Type="DWORD" Name="dwInFlags" />
            <Param Type="LPSTR*" Name="ppszTranslatedURL" />
            <Return Type="HRESULT" />
        </Api>
        <Api Name="URLAssociationDialog" BothCharset="True">
            <Param Type="HWND" Name="hwndParent" />
            <Param Type="DWORD" Name="dwInFlags" />
            <Param Type="LPCTSTR" Name="pcszFile" />
            <Param Type="LPCTSTR" Name="pcszURL" />
            <Param Type="LPTSTR" Name="pszAppBuf" />
            <Param Type="UINT" Name="ucAppBufLen" />
            <Return Type="HRESULT" />
        </Api>
    </Module>
</ApiMonitor>