<!--
    API Monitor Definitions
    (c) 2010-2013, Rohitab Batra <rohitab@rohitab.com>
    http://www.rohitab.com/apimonitor/
-->
<ApiMonitor>
    <Include Filename="Headers\windows.h.xml" />
    <Include Filename="Headers\shell.h.xml" />
    <Include Filename="Headers\ole.h.xml" />
    <Include Filename="Headers\URL.h.xml" />

    <Module Name="urlmon.dll" CallingConvention="STDCALL" ErrorFunc="HRESULT" OnlineHelp="MSDN">

        <!-- External Interfaces -->
        <Variable Name="IServiceProvider" Type="Interface" />

        <!-- [Uri_ENCODING_FLAGS] -->
        <Variable Name="[Uri_ENCODING_FLAGS]" Type="Alias" Base="DWORD">
            <Display Name="DWORD" />
            <Flag>
                <Set Name="Uri_ENCODING_USER_INFO_AND_PATH_IS_PERCENT_ENCODED_UTF8"     Value="0x00000001" />
                <Set Name="Uri_ENCODING_USER_INFO_AND_PATH_IS_CP"                       Value="0x00000002" />
                <Set Name="Uri_ENCODING_HOST_IS_IDN"                                    Value="0x00000004" />
                <Set Name="Uri_ENCODING_HOST_IS_PERCENT_ENCODED_UTF8"                   Value="0x00000008" />
                <Set Name="Uri_ENCODING_HOST_IS_PERCENT_ENCODED_CP"                     Value="0x00000010" />
                <Set Name="Uri_ENCODING_QUERY_AND_FRAGMENT_IS_PERCENT_ENCODED_UTF8"     Value="0x00000020" />
                <Set Name="Uri_ENCODING_QUERY_AND_FRAGMENT_IS_CP"                       Value="0x00000040" />
                <Set Name="Uri_ENCODING_RFC"                                            Value="0x00000029" />
            </Flag>
        </Variable>

        <!-- INTERNETFEATURELIST -->
        <Variable Name="INTERNETFEATURELIST" Type="Alias" Base="UINT">
            <Enum>
                <Set Name="FEATURE_OBJECT_CACHING"                  Value="0" />
                <Set Name="FEATURE_ZONE_ELEVATION"                  Value="1" />
                <Set Name="FEATURE_MIME_HANDLING"                   Value="2" />
                <Set Name="FEATURE_MIME_SNIFFING"                   Value="3" />
                <Set Name="FEATURE_WINDOW_RESTRICTIONS"             Value="4" />
                <Set Name="FEATURE_WEBOC_POPUPMANAGEMENT"           Value="5" />
                <Set Name="FEATURE_BEHAVIORS"                       Value="6" />
                <Set Name="FEATURE_DISABLE_MK_PROTOCOL"             Value="7" />
                <Set Name="FEATURE_LOCALMACHINE_LOCKDOWN"           Value="8" />
                <Set Name="FEATURE_SECURITYBAND"                    Value="9" />
                <Set Name="FEATURE_RESTRICT_ACTIVEXINSTALL"         Value="10" />
                <Set Name="FEATURE_VALIDATE_NAVIGATE_URL"           Value="11" />
                <Set Name="FEATURE_RESTRICT_FILEDOWNLOAD"           Value="12" />
                <Set Name="FEATURE_ADDON_MANAGEMENT"                Value="13" />
                <Set Name="FEATURE_PROTOCOL_LOCKDOWN"               Value="14" />
                <Set Name="FEATURE_HTTP_USERNAME_PASSWORD_DISABLE"  Value="15" />
                <Set Name="FEATURE_SAFE_BINDTOOBJECT"               Value="16" />
                <Set Name="FEATURE_UNC_SAVEDFILECHECK"              Value="17" />
                <Set Name="FEATURE_GET_URL_DOM_FILEPATH_UNENCODED"  Value="18" />
                <Set Name="FEATURE_TABBED_BROWSING"                 Value="19" />
                <Set Name="FEATURE_SSLUX"                           Value="20" />
                <Set Name="FEATURE_DISABLE_NAVIGATION_SOUNDS"       Value="21" />
                <Set Name="FEATURE_DISABLE_LEGACY_COMPRESSION"      Value="22" />
                <Set Name="FEATURE_FORCE_ADDR_AND_STATUS"           Value="23" />
                <Set Name="FEATURE_XMLHTTP"                         Value="24" />
                <Set Name="FEATURE_DISABLE_TELNET_PROTOCOL"         Value="25" />
                <Set Name="FEATURE_FEEDS"                           Value="26" />
                <Set Name="FEATURE_BLOCK_INPUT_PROMPTS"             Value="27" />
            </Enum>
        </Variable>

        <!-- [GetFeatureFlag] -->
        <Variable Name="[GetFeatureFlag]" Type="Alias" Base="DWORD">
            <Display Name="DWORD" />
            <Flag>
                <Set Name="GET_FEATURE_FROM_THREAD"                 Value="0x00000001" />
                <Set Name="GET_FEATURE_FROM_PROCESS"                Value="0x00000002" />
                <Set Name="GET_FEATURE_FROM_REGISTRY"               Value="0x00000004" />
                <Set Name="GET_FEATURE_FROM_THREAD_LOCALMACHINE"    Value="0x00000008" />
                <Set Name="GET_FEATURE_FROM_THREAD_INTRANET"        Value="0x00000010" />
                <Set Name="GET_FEATURE_FROM_THREAD_TRUSTED"         Value="0x00000020" />
                <Set Name="GET_FEATURE_FROM_THREAD_INTERNET"        Value="0x00000040" />
                <Set Name="GET_FEATURE_FROM_THREAD_RESTRICTED"      Value="0x00000080" />
            </Flag>
        </Variable>

        <!-- [UrlFlags] -->
        <Variable Name="[UrlFlags]" Type="Alias" Base="DWORD">
            <Display Name="DWORD" />
            <Flag>
                <Set Name="URL_UNESCAPE"                        Value="0x10000000" />
                <Set Name="URL_ESCAPE_UNSAFE"                   Value="0x20000000" />
                <Set Name="URL_PLUGGABLE_PROTOCOL"              Value="0x40000000" />
                <Set Name="URL_WININET_COMPATIBILITY"           Value="0x80000000" />
                <Set Name="URL_BROWSER_MODE"                    Value="0x02000000" />
                <Set Name="URL_ESCAPE_SPACES_ONLY"              Value="0x04000000" />
                <Set Name="URL_DONT_SIMPLIFY"                   Value="0x08000000" />
                <Set Name="URL_UNESCAPE_INPLACE"                Value="0x00100000" />
                <Set Name="URL_CONVERT_IF_DOSPATH"              Value="0x00200000" />
                <Set Name="URL_UNESCAPE_HIGH_ANSI_ONLY"         Value="0x00400000" />
                <Set Name="URL_INTERNAL_PATH"                   Value="0x00800000" />
                <Set Name="URL_FILE_USE_PATHURL"                Value="0x00010000" />
                <Set Name="URL_DONT_UNESCAPE"                   Value="0x00020000" />
                <Set Name="URL_ESCAPE_AS_UTF8"                  Value="0x00040000" />
                <Set Name="URL_ESCAPE_ASCII_URI_COMPONENT"      Value="0x00080000" />
                <Set Name="URL_ESCAPE_URI_COMPONENT"            Value="0x000C0000" />
                <Set Name="URL_ESCAPE_PERCENT"                  Value="0x00001000" />
                <Set Name="URL_ESCAPE_SEGMENT_ONLY"             Value="0x00002000" />
            </Flag>
        </Variable>

        <!-- PSUACTION -->
        <Variable Name="PSUACTION" Type="Alias" Base="UINT">
            <Enum>
                <Set Name="PSU_DEFAULT"             Value="1" />
                <Set Name="PSU_SECURITY_URL_ONLY"   Value="2" />
            </Enum>
        </Variable>

        <!-- [UrlMkSessionOption] -->
        <Variable Name="[UrlMkSessionOption]" Type="Alias" Base="DWORD">
            <Display Name="DWORD" />
            <Enum>
                <Set Name="URLMON_OPTION_USERAGENT"                 Value="0x10000001" />
                <Set Name="URLMON_OPTION_USERAGENT_REFRESH"         Value="0x10000002" />
                <Set Name="URLMON_OPTION_URL_ENCODING"              Value="0x10000004" />
                <Set Name="URLMON_OPTION_USE_BINDSTRINGCREDS"       Value="0x10000008" />
                <Set Name="URLMON_OPTION_USE_BROWSERAPPSDOCUMENTS"  Value="0x10000010" />
            </Enum>
        </Variable>

        <!-- [FIEF_FLAGS] -->
        <Variable Name="[FIEF_FLAGS]" Type="Alias" Base="DWORD">
            <Display Name="DWORD" />
            <Flag>
                <Set Name="FIEF_FLAG_FORCE_JITUI"                   Value="0x1" />
                <Set Name="FIEF_FLAG_PEEK"                          Value="0x2" />
                <Set Name="FIEF_FLAG_SKIP_INSTALLED_VERSION_CHECK"  Value="0x4" />
            </Flag>
        </Variable>

        <!-- OLE and Data Transfer -->
        <Category Name="Component Object Model (COM)/OLE and Data Transfer" />
        <Api Name="CreateFormatEnumerator">
            <Param Type="UINT" Name="cfmtetc" />
            <Param Type="FORMATETC*" Name="rgfmtetc" Count="cfmtetc" />
            <Param Type="IEnumFORMATETC**" Name="ppenumfmtetc" />
            <Return Type="HRESULT" />
        </Api>
        <!-- Security Zones -->
        <Category Name="Web Development/Internet Explorer Development/Security and Privacy/Security Zones" />
        <Api Name="CoInternetCreateSecurityManager">
            <Param Type="IServiceProvider*" Name="pSP" />
            <Param Type="IInternetSecurityManager**" Name="ppSM" />
            <Param Type="DWORD" Name="dwReserved" />
            <Return Type="HRESULT" />
        </Api>
        <Api Name="CoInternetCreateZoneManager">
            <Param Type="IServiceProvider*" Name="pSP" />
            <Param Type="IInternetZoneManager**" Name="ppZM" />
            <Param Type="DWORD" Name="dwReserved" />
            <Return Type="HRESULT" />
        </Api>
        <Api Name="CoInternetGetSecurityUrl">
            <Param Type="LPCWSTR" Name="pwzUrl" />
            <Param Type="LPWSTR*" Name="ppwzSecUrl" />
            <Param Type="PSUACTION" Name="psuAction" />
            <Param Type="DWORD" Name="dwReserved" />
            <Return Type="HRESULT" />
        </Api>
        <Api Name="CoInternetGetSecurityUrlEx">
            <Param Type="IUri*" Name="pUri" />
            <Param Type="IUri**" Name="ppSecUri" />
            <Param Type="PSUACTION" Name="psuAction" />
            <Param Type="DWORD_PTR" Name="dwReserved" />
            <Return Type="HRESULT" />
        </Api>
        <Api Name="CoInternetIsFeatureEnabled">
            <Param Type="INTERNETFEATURELIST" Name="FeatureEntry" />
            <Param Type="[GetFeatureFlag]" Name="dwFlags" />
            <Return Type="HRESULT" />
        </Api>
        <Api Name="CoInternetIsFeatureEnabledForIUri">
            <Param Type="INTERNETFEATURELIST" Name="FeatureEntry" />
            <Param Type="[GetFeatureFlag]" Name="dwFlags" />
            <Param Type="IUri*" Name="pIUri" />
            <Param Type="IInternetSecurityManagerEx2*" Name="pSecMgr" />
            <Return Type="STDAPI" />
        </Api>
        <Api Name="CoInternetIsFeatureEnabledForUrl">
            <Param Type="INTERNETFEATURELIST" Name="FeatureEntry" />
            <Param Type="[GetFeatureFlag]" Name="dwFlags" />
            <Param Type="LPCWSTR" Name="szURL" />
            <Param Type="IInternetSecurityManager*" Name="pSecMgr" />
            <Return Type="HRESULT" />
        </Api>
        <Api Name="CoInternetIsFeatureZoneElevationEnabled">
            <Param Type="LPCWSTR" Name="szFromURL" />
            <Param Type="LPCWSTR" Name="szToURL" />
            <Param Type="IInternetSecurityManager*" Name="pSecMgr" />
            <Param Type="DWORD" Name="dwFlags" />
            <Return Type="HRESULT" />
        </Api>
        <Api Name="CoInternetSetFeatureEnabled">
            <Param Type="INTERNETFEATURELIST" Name="FeatureEntry" />
            <Param Type="DWORD" Name="dwFlags" />
            <Param Type="BOOL" Name="fEnable" />
            <Return Type="HRESULT" />
        </Api>
        <!-- Url Monikers -->
        <Category Name="Web Development/Internet Explorer Development/URL Monikers" />
        <Api Name="AsyncInstallDistributionUnit">
            <Param Type="LPCWSTR" Name="szDistUnit" />
            <Param Type="LPCWSTR" Name="szTYPE" />
            <Param Type="LPCWSTR" Name="szExt" />
            <Param Type="DWORD" Name="dwFileVersionMS" />
            <Param Type="DWORD" Name="dwFileVersionLS" />
            <Param Type="LPCWSTR" Name="szURL" />
            <Param Type="IBindCtx*" Name="pbc" />
            <Param Type="LPVOID" Name="pvReserved" />
            <Param Type="DWORD" Name="flags" />
            <Return Type="HRESULT" />
        </Api>
        <Api Name="CoGetClassObjectFromURL">
            <Param Type="REFCLSID" Name="rclsid" />
            <Param Type="LPCWSTR" Name="szCodeURL" />
            <Param Type="DWORD" Name="dwFileVersionMS" />
            <Param Type="DWORD" Name="dwFileVersionLS" />
            <Param Type="LPCWSTR" Name="szContentType" />
            <Param Type="LPBINDCTX" Name="pBindCtx" />
            <Param Type="DWORD" Name="dwClsContext" />
            <Param Type="LPVOID" Name="pvReserved" />
            <Param Type="REFIID" Name="riid" />
            <Param Type="VOID**" Name="ppv" InterfaceId="riid" />
            <Return Type="HRESULT" />
        </Api>
        <Api Name="CoInternetCombineIUri">
            <Param Type="IUri*" Name="pBaseUri" />
            <Param Type="IUri*" Name="pRelativeUri" />
            <Param Type="[UrlFlags]" Name="dwCombineFlags" />
            <Param Type="IUri**" Name="ppCombinedUri" />
            <Param Type="DWORD_PTR" Name="dwReserved" />
            <Return Type="HRESULT" />
        </Api>
        <Api Name="CoInternetCombineUrl">
            <Param Type="LPCWSTR" Name="pwzBaseUrl" />
            <Param Type="LPCWSTR" Name="pwzRelativeUrl" />
            <Param Type="[UrlFlags]" Name="dwCombineFlags" />
            <Param Type="LPWSTR" Name="pwzResult" />
            <Param Type="DWORD" Name="cchResult" />
            <Param Type="DWORD*" Name="pcchResult" />
            <Param Type="DWORD" Name="dwReserved" />
            <Return Type="HRESULT" />
        </Api>
        <Api Name="CoInternetCombineUrlEx">
            <Param Type="IUri*" Name="pBaseUri" />
            <Param Type="LPCWSTR" Name="pwzRelativeUrl" />
            <Param Type="[UrlFlags]" Name="dwCombineFlags" />
            <Param Type="IUri**" Name="ppCombinedUri" />
            <Param Type="DWORD_PTR" Name="dwReserved" />
            <Return Type="HRESULT" />
        </Api>
        <Api Name="CoInternetCompareUrl">
            <Param Type="LPCWSTR" Name="pwzUrl1" />
            <Param Type="LPCWSTR" Name="pwzUrl2" />
            <Param Type="DWORD" Name="dwCompareFlags" />
            <Return Type="HRESULT" />
        </Api>
        <Api Name="CoInternetGetProtocolFlags">
            <Param Type="LPCWSTR" Name="pwzUrl" />
            <Param Type="DWORD*" Name="pdwFlags" />
            <Param Type="DWORD" Name="dwReserved" />
            <Return Type="HRESULT" />
        </Api>
        <Api Name="CoInternetGetSession">
            <Param Type="DWORD" Name="dwSessionMode" />
            <Param Type="IInternetSession**" Name="ppIInternetSession" />
            <Param Type="DWORD" Name="dwReserved" />
            <Return Type="HRESULT" />
        </Api>
        <Api Name="CoInternetParseIUri">
            <Param Type="IUri*" Name="pIUri" />
            <Param Type="PARSEACTION" Name="ParseAction" />
            <Param Type="DWORD" Name="dwFlags" />
            <Param Type="LPWSTR" Name="pwzResult" />
            <Param Type="DWORD" Name="cchResult" />
            <Param Type="DWORD*" Name="pcchResult" />
            <Param Type="DWORD_PTR" Name="dwReserved" />
            <Return Type="STDAPI" />
        </Api>
        <Api Name="CoInternetParseUrl">
            <Param Type="LPCWSTR" Name="pwzUrl" />
            <Param Type="PARSEACTION" Name="ParseAction" />
            <Param Type="DWORD" Name="dwFlags" />
            <Param Type="LPWSTR" Name="pszResult" />
            <Param Type="DWORD" Name="cchResult" />
            <Param Type="DWORD*" Name="pcchResult" />
            <Param Type="DWORD" Name="dwReserved" />
            <Return Type="STDAPI" />
        </Api>
        <Api Name="CoInternetQueryInfo">
            <Param Type="LPCWSTR" Name="pwzUrl" />
            <Param Type="QUERYOPTION" Name="QueryOption" />
            <Param Type="DWORD" Name="dwQueryFlags" />
            <Param Type="LPVOID" Name="pvBuffer" PostLength="pcbBuffer" />
            <Param Type="DWORD" Name="cbBuffer" />
            <Param Type="DWORD*" Name="pcbBuffer" />
            <Param Type="DWORD" Name="dwReserved" />
            <Return Type="HRESULT" />
        </Api>
        <Api Name="CompareSecurityIds">
            <Param Type="BYTE*" Name="pbSecurityId1" />
            <Param Type="DWORD" Name="dwLen1" />
            <Param Type="BYTE*" Name="pbSecurityId2" />
            <Param Type="DWORD" Name="dwLen2" />
            <Param Type="DWORD" Name="dwReserved" />
            <Return Type="HRESULT" />
        </Api>
        <Api Name="CopyBindInfo">
            <Param Type="const BINDINFO*" Name="pcbiSrc" />
            <Param Type="BINDINFO*" Name="pcbiDest" />
            <Return Type="HRESULT" />
        </Api>
        <Api Name="CopyStgMedium">
            <Param Type="const STGMEDIUM*" Name="pcstgmedSrc" />
            <Param Type="STGMEDIUM*" Name="pstgmedDest" />
            <Return Type="HRESULT" />
        </Api>
        <Api Name="CreateAsyncBindCtx">
            <Param Type="DWORD" Name="dwReserved" />
            <Param Type="IBindStatusCallback*" Name="pbsc" />
            <Param Type="IEnumFORMATETC*" Name="penumfmtetc" />
            <Param Type="IBindCtx**" Name="ppbc" />
            <Return Type="HRESULT" />
        </Api>
        <Api Name="CreateAsyncBindCtxEx">
            <Param Type="IBindCtx*" Name="pbc" />
            <Param Type="DWORD" Name="dwOptions" />
            <Param Type="IBindStatusCallback*" Name="pBSCb" />
            <Param Type="IEnumFORMATETC*" Name="pEnum" />
            <Param Type="IBindCtx**" Name="ppBC" />
            <Param Type="DWORD" Name="reserved" />
            <Return Type="HRESULT" />
        </Api>
        <Api Name="CreateIUriBuilder">
            <Param Type="IUri*" Name="pIUri" />
            <Param Type="DWORD" Name="dwFlags" />
            <Param Type="DWORD_PTR" Name="dwReserved" />
            <Param Type="IUriBuilder**" Name="ppIUriBuilder" />
            <Return Type="STDAPI" />
        </Api>
        <Api Name="CreateUri">
            <Param Type="LPCWSTR" Name="pwzURI" />
            <Param Type="[Uri_CREATE_FLAGS]" Name="dwFlags" />
            <Param Type="DWORD_PTR" Name="dwReserved" />
            <Param Type="IUri**" Name="ppURI" />
            <Return Type="STDAPI" />
        </Api>
        <Api Name="CreateUriFromMultiByteString">
            <Param Type="LPCSTR" Name="pszANSIInputUri" />
            <Param Type="[Uri_ENCODING_FLAGS]" Name="dwEncodingFlags" />
            <Param Type="DWORD" Name="dwCodePage" />
            <Param Type="[Uri_CREATE_FLAGS]" Name="dwCreateFlags" />
            <Param Type="DWORD_PTR" Name="dwReserved" />
            <Param Type="IUri**" Name="ppURI" />
            <Return Type="HRESULT" />
        </Api>
        <Api Name="CreateUriWithFragment">
            <Param Type="LPCWSTR" Name="pwzURI" />
            <Param Type="LPCWSTR" Name="pwzFragment" />
            <Param Type="[Uri_CREATE_FLAGS]" Name="dwFlags" />
            <Param Type="DWORD_PTR" Name="dwReserved" />
            <Param Type="IUri**" Name="ppURI" />
            <Return Type="STDAPI" />
        </Api>
        <Api Name="CreateURLBinding">
            <Param Type="LPCWSTR" Name="lpszUrl" />
            <Param Type="IBindCtx*" Name="pbc" />
            <Param Type="IBinding**" Name="ppBdg" />
            <Return Type="STDAPI" />
        </Api>
        <Api Name="CreateURLMoniker">
            <Param Type="IMoniker*" Name="pMkCtx" />
            <Param Type="LPCWSTR" Name="szURL" />
            <Param Type="IMoniker**" Name="ppmk" />
            <Return Type="HRESULT" />
        </Api>
        <Api Name="CreateURLMonikerEx">
            <Param Type="IMoniker*" Name="pMkCtx" />
            <Param Type="LPCWSTR" Name="szURL" />
            <Param Type="IMoniker**" Name="ppmk" />
            <Param Type="DWORD" Name="dwFlags" />
            <Return Type="HRESULT" />
        </Api>
        <Api Name="CreateURLMonikerEx2">
            <Param Type="IMoniker*" Name="pMkCtx" />
            <Param Type="IUri*" Name="pUri" />
            <Param Type="IMoniker**" Name="ppmk" />
            <Param Type="DWORD" Name="dwFlags" />
            <Return Type="HRESULT" />
        </Api>
        <Api Name="FaultInIEFeature">
            <Param Type="HWND" Name="hWnd" />
            <Param Type="uCLSSPEC*" Name="pClassSpec" />
            <Param Type="QUERYCONTEXT*" Name="pQuery" />
            <Param Type="[FIEF_FLAGS]" Name="dwFlags" />
            <Return Type="HRESULT" />
        </Api>
        <Api Name="FindMediaType">
            <Param Type="LPCSTR" Name="rgszTypes" />
            <Param Type="CLIPFORMAT*" Name="rgcfTypes" />
            <Return Type="HRESULT" />
        </Api>
        <Api Name="FindMediaTypeClass">
            <Param Type="LPBC" Name="pbc" />
            <Param Type="LPCSTR" Name="szType" />
            <Param Type="CLSID*" Name="pclsID" />
            <Param Type="DWORD" Name="dwReserved" />
            <Return Type="HRESULT" />
        </Api>
        <Api Name="FindMimeFromData">
            <Param Type="LPBC" Name="pBC" />
            <Param Type="LPCWSTR" Name="pwzUrl" />
            <Param Type="LPVOID" Name="pBuffer" />
            <Param Type="DWORD" Name="cbSize" />
            <Param Type="LPCWSTR" Name="pwzMimeProposed" />
            <Param Type="DWORD" Name="dwMimeFlags" />
            <Param Type="LPWSTR*" Name="ppwzMimeOut" />
            <Param Type="DWORD" Name="dwReserved" />
            <Return Type="HRESULT" />
        </Api>
        <Api Name="GetClassFileOrMime">
            <Param Type="LPBC" Name="pBC" />
            <Param Type="LPCWSTR" Name="szFilename" />
            <Param Type="LPVOID" Name="pBuffer" />
            <Param Type="DWORD" Name="cbSize" />
            <Param Type="LPCWSTR" Name="szMime" />
            <Param Type="DWORD" Name="dwReserved" />
            <Param Type="CLSID*" Name="pclsid" />
            <Return Type="HRESULT" />
        </Api>
        <Api Name="GetClassURL">
            <Param Type="LPCWSTR" Name="szURL" />
            <Param Type="CLSID*" Name="pClsID" />
            <Return Type="HRESULT" />
        </Api>
        <Api Name="GetComponentIDFromCLSSPEC">
            <Param Type="uCLSSPEC*" Name="pClassSpec" />
            <Param Type="LPSTR*" Name="ppszComponentID" />
            <Return Type="HRESULT" />
        </Api>
        <Api Name="IEInstallScope">
            <Param Type="LPDWORD*" Name="pdwScope" />
            <Return Type="HRESULT" />
        </Api>
        <Api Name="IsAsyncMoniker">
            <Param Type="IMoniker*" Name="pmk" />
            <Return Type="HRESULT" />
        </Api>
        <Api Name="IsValidURL">
            <Param Type="LPBC" Name="pBC" />
            <Param Type="LPCWSTR" Name="szURL" />
            <Param Type="DWORD" Name="dwReserved" />
            <Return Type="HRESULT" />
        </Api>
        <Api Name="MkParseDisplayNameEx">
            <Param Type="IBindCtx*" Name="pbc" />
            <Param Type="LPWSTR" Name="szDisplayName" />
            <Param Type="ULONG*" Name="pcchEaten" />
            <Param Type="IMoniker**" Name="ppmk" />
            <Return Type="HRESULT" />
        </Api>
        <Api Name="ObtainUserAgentString">
            <Param Type="DWORD" Name="dwOption" />
            <Param Type="LPCSTR*" Name="pcszUAOut" />
            <Param Type="DWORD*" Name="cbSize" />
            <Return Type="HRESULT" />
        </Api>
        <Api Name="RegisterBindStatusCallback">
            <Param Type="IBindCtx*" Name="pbc" />
            <Param Type="IBindStatusCallback*" Name="pbsc" />
            <Param Type="IBindStatusCallback**" Name="ppbscPrevious" />
            <Param Type="DWORD" Name="dwReserved" />
            <Return Type="HRESULT" />
        </Api>
        <Api Name="RegisterFormatEnumerator">
            <Param Type="LPBC" Name="pBC" />
            <Param Type="IEnumFORMATETC*" Name="pEFetc" />
            <Param Type="DWORD" Name="reserved" />
            <Return Type="HRESULT" />
        </Api>
        <Api Name="RegisterMediaTypeClass">
            <Param Type="LPBC" Name="pbc" />
            <Param Type="UINT" Name="ctypes" />
            <Param Type="LPCSTR*" Name="rgszTypes" Count="ctypes" />
            <Param Type="CLSID*" Name="rgclsID" Count="ctypes" />
            <Param Type="DWORD" Name="dwReserved" />
            <Return Type="HRESULT" />
        </Api>
        <Api Name="RegisterMediaTypes">
            <Param Type="UINT" Name="ctypes" />
            <Param Type="LPCSTR*" Name="rgszTypes" Count="ctypes" />
            <Param Type="CLIPFORMAT*" Name="rgcfTypes" PostCount="ctypes" />
            <Return Type="HRESULT" />
        </Api>
        <Api Name="ReleaseBindInfo">
            <Param Type="BINDINFO*" Name="pbindinfo" />
            <Return Type="void" />
        </Api>
        <Api Name="RevokeBindStatusCallback">
            <Param Type="IBindCtx*" Name="pbc" />
            <Param Type="IBindStatusCallback*" Name="pbsc" />
            <Return Type="HRESULT" />
        </Api>
        <Api Name="RevokeFormatEnumerator">
            <Param Type="LPBC" Name="pbc" />
            <Param Type="IEnumFORMATETC*" Name="pEFetc" />
            <Return Type="HRESULT" />
        </Api>
        <Api Name="URLDownloadToCacheFile" BothCharset="True">
            <Param Type="LPUNKNOWN" Name="lpUnkcaller" />
            <Param Type="LPCSTR" Name="szURL" />
            <Param Type="LPTSTR" Name="szFileName" />
            <Param Type="DWORD" Name="cchFileName" />
            <Param Type="DWORD" Name="dwReserved" />
            <Param Type="IBindStatusCallback*" Name="pBSC" />
            <Return Type="HRESULT" />
        </Api>
        <Api Name="URLDownloadToFile" BothCharset="True">
            <Param Type="LPUNKNOWN" Name="pCaller" />
            <Param Type="LPCTSTR" Name="szURL" />
            <Param Type="LPCTSTR" Name="szFileName" />
            <Param Type="DWORD" Name="dwReserved" />
            <Param Type="LPBINDSTATUSCALLBACK" Name="lpfnCB" />
            <Return Type="HRESULT" />
        </Api>
        <Api Name="UrlMkGetSessionOption">
            <Param Type="[UrlMkSessionOption]" Name="dwOption" />
            <Param Type="LPVOID" Name="pBuffer" PostLength="pdwBufferLengthOut" />
            <Param Type="DWORD" Name="dwBufferLength" />
            <Param Type="DWORD*" Name="pdwBufferLengthOut" />
            <Param Type="DWORD" Name="dwReserved" />
            <Return Type="HRESULT" />
        </Api>
        <Api Name="UrlMkSetSessionOption">
            <Param Type="[UrlMkSessionOption]" Name="dwOption" />
            <Param Type="LPVOID" Name="pBuffer" Length="dwBufferLength" />
            <Param Type="DWORD" Name="dwBufferLength" />
            <Param Type="DWORD" Name="dwReserved" />
            <Return Type="HRESULT" />
        </Api>
        <Api Name="URLOpenBlockingStream" BothCharset="True">
            <Param Type="LPUNKNOWN" Name="pCaller" />
            <Param Type="LPCSTR" Name="szURL" />
            <Param Type="LPSTREAM*" Name="ppStream" />
            <Param Type="DWORD" Name="dwReserved" />
            <Param Type="LPBINDSTATUSCALLBACK" Name="lpfnCB" />
            <Return Type="HRESULT" />
        </Api>
        <Api Name="URLOpenPullStream" BothCharset="True">
            <Param Type="LPUNKNOWN" Name="pCaller" />
            <Param Type="LPCSTR" Name="szURL" />
            <Param Type="DWORD" Name="dwReserved" />
            <Param Type="LPBINDSTATUSCALLBACK" Name="lpfnCB" />
            <Return Type="HRESULT" />
        </Api>
        <Api Name="URLOpenStream" BothCharset="True">
            <Param Type="LPUNKNOWN" Name="pCaller" />
            <Param Type="LPCSTR" Name="szURL" />
            <Param Type="DWORD" Name="dwReserved" />
            <Param Type="LPBINDSTATUSCALLBACK" Name="lpfnCB" />
            <Return Type="HRESULT" />
        </Api>
        <Api Name="CompatFlagsFromClsid">
            <Param Type="CLSID*" Name="pclsid" />
            <Param Type="LPDWORD" Name="pdwCompatFlags" />
            <Param Type="LPDWORD" Name="pdwMiscStatusFlags" />
            <Return Type="HRESULT" />
        </Api>
    </Module>
</ApiMonitor>