<!--
    API Monitor Definitions
    (c) 2010-2011, Rohitab Batra <rohitab@rohitab.com>
    http://www.rohitab.com/apimonitor/
-->
<ApiMonitor>
    <Include Filename="Headers\windows.h.xml" />
    <Include Filename="Headers\security.h.xml" />
    
    <Module Name="Userenv.dll" CallingConvention="STDCALL" ErrorFunc="GetLastError" OnlineHelp="MSDN">
        
        <!-- Variables -->
        <Variable Name="IWbemServices"              Type="Interface" />
        <Variable Name="IWbemClassObject"           Type="Interface" />
        <Variable Name="REFGPEXTENSIONID"           Type="Alias"    Base="GUID*" />
        <Variable Name="ASYNCCOMPLETIONHANDLE"      Type="Alias"    Base="UINT_PTR" />
        <Variable Name="PRSOPTOKEN"                 Type="Alias"    Base="PVOID" />
        <Variable Name="TCHAR [50]"                 Type="Array"    Base="TCHAR" Count="50" />

        <!-- GPO_LINK -->
        <Variable Name="GPO_LINK" Type="Alias" Base="UINT">
            <Enum>
                <Set Name="GPLinkUnknown"               Value="0" />
                <Set Name="GPLinkMachine"               Value="1" />
                <Set Name="GPLinkSite"                  Value="2" />
                <Set Name="GPLinkDomain"                Value="3" />
                <Set Name="GPLinkOrganizationalUnit"    Value="4" />
            </Enum>
        </Variable>

        <!-- [GPO_FLAG] -->
        <Variable Name="[GPO_FLAG]" Type="Alias" Base="DWORD">
            <Display Name="DWORD" />
            <Flag>
                <Set Name="GPO_FLAG_DISABLE"    Value="0x00000001" />
                <Set Name="GPO_FLAG_FORCE"      Value="0x00000002" />
            </Flag>
        </Variable>

        <!-- GROUP_POLICY_OBJECT -->
        <Variable Name="GROUP_POLICY_OBJECT" Type="Struct">
            <Field Type="[GPO_FLAG]"            Name="dwOptions" />
            <Field Type="DWORD"                 Name="dwVersion" />
            <Field Type="LPTSTR"                Name="lpDSPath" />
            <Field Type="LPTSTR"                Name="lpFileSysPath" />
            <Field Type="LPTSTR"                Name="lpDisplayName" />
            <Field Type="TCHAR [50]"            Name="szGPOName" />
            <Field Type="GPO_LINK"              Name="GPOLink" />
            <Field Type="LPARAM"                Name="lParam" />
            <!-- TODO: Self-Referencing - pNext and pPrev are GROUP_POLICY_OBJECT* -->
            <Field Type="LPVOID"                Name="pNext" Display="GROUP_POLICY_OBJECT*" />
            <Field Type="LPVOID"                Name="pPrev" Display="GROUP_POLICY_OBJECT*" />
            <Field Type="LPTSTR"                Name="lpExtensions" />
            <Field Type="LPARAM"                Name="lParam2" />
            <Field Type="LPTSTR"                Name="lpLink" />
        </Variable>
        <Variable Name="PGROUP_POLICY_OBJECT"   Type="Pointer" Base="GROUP_POLICY_OBJECT" />
        <Variable Name="PGROUP_POLICY_OBJECT*"  Type="Pointer" Base="PGROUP_POLICY_OBJECT" />

        <!-- SETTINGSTATUS -->
        <Variable Name="SETTINGSTATUS" Type="Alias" Base="UINT">
            <Enum>
                <Set Name="RSOPUnspecified"         Value="0" />
                <Set Name="RSOPApplied"             Value="1" />
                <Set Name="RSOPIgnored"             Value="2" />
                <Set Name="RSOPFailed"              Value="3" />
                <Set Name="RSOPSubsettingFailed"    Value="4" />
            </Enum>
        </Variable>

        <!-- POLICYSETTINGSTATUSINFO -->
        <Variable Name="POLICYSETTINGSTATUSINFO" Type="Struct">
            <Field Type="LPWSTR"            Name="szKey" />
            <Field Type="LPWSTR"            Name="szEventSource" />
            <Field Type="LPWSTR"            Name="szEventLogName" />
            <Field Type="DWORD"             Name="dwEventID" />
            <Field Type="DWORD"             Name="dwErrorCode" />
            <Field Type="SETTINGSTATUS"     Name="status" />
            <Field Type="SYSTEMTIME"        Name="timeLogged" />
        </Variable>
        <Variable Name="POLICYSETTINGSTATUSINFO*" Type="Pointer" Base="POLICYSETTINGSTATUSINFO" />

        <!-- PROFILEINFO -->
        <Variable Name="PROFILEINFO" Type="Struct">
            <Field Type="DWORD"       	Name="dwSize" />
            <Field Type="DWORD"       	Name="dwFlags" />
            <Field Type="LPTSTR"      	Name="lpUserName" />
            <Field Type="LPTSTR"      	Name="lpProfilePath" />
            <Field Type="LPTSTR"      	Name="lpDefaultPath" />
            <Field Type="LPTSTR"      	Name="lpServerName" />
            <Field Type="LPTSTR"      	Name="lpPolicyPath" />
            <Field Type="HANDLE"      	Name="hProfile" />
        </Variable>
        <Variable Name="LPPROFILEINFO" Type="Pointer" Base="PROFILEINFO" />

        <Variable Name="[ProfileType]" Type="Alias" Base="DWORD">
            <Flag>
                <Set Name="PT_TEMPORARY"        Value="0x00000001" />
                <Set Name="PT_ROAMING"          Value="0x00000002" />
                <Set Name="PT_MANDATORY"        Value="0x00000004" />
            </Flag>
        </Variable>
        <Variable Name="[ProfileType*]" Type="Pointer" Base="[ProfileType]">
            <Display Name="DWORD*" />
        </Variable>
        
        <!-- Group Policy -->
        <Category Name="System Administration/Group Policy" />
        <Api Name="EnterCriticalPolicySection">
            <Param Type="BOOL" Name="bMachine" />
            <Return Type="HANDLE" />
            <Success Return="NotEqual" Value="0" />
        </Api>
        <Api Name="FreeGPOList" BothCharset="True">
            <Param Type="PGROUP_POLICY_OBJECT" Name="pGPOList" />
            <Return Type="BOOL" />
        </Api>
        <Api Name="GetAppliedGPOList" BothCharset="True">
            <Param Type="DWORD" Name="dwFlags" />
            <Param Type="LPCTSTR" Name="pMachineName" />
            <Param Type="PSID" Name="pSidUser" />
            <Param Type="GUID*" Name="pGuidExtension" />
            <Param Type="PGROUP_POLICY_OBJECT*" Name="ppGPOList" />
            <Return Type="[ERROR_CODE]" />
        </Api>
        <Api Name="GetGPOList" BothCharset="True">
            <Param Type="HANDLE" Name="hToken" />
            <Param Type="LPCTSTR" Name="lpName" />
            <Param Type="LPCTSTR" Name="lpHostName" />
            <Param Type="LPCTSTR" Name="lpComputerName" />
            <Param Type="DWORD" Name="dwFlags" />
            <Param Type="PGROUP_POLICY_OBJECT*" Name="pGPOList" />
            <Return Type="BOOL" />
        </Api>
        <Api Name="LeaveCriticalPolicySection">
            <Param Type="HANDLE" Name="hSection" />
            <Return Type="BOOL" />
        </Api>
        <Api Name="ProcessGroupPolicyCompleted">
            <Param Type="REFGPEXTENSIONID" Name="extensionId" />
            <Param Type="ASYNCCOMPLETIONHANDLE" Name="pAsyncHandle" />
            <Param Type="DWORD" Name="dwStatus" />
            <Return Type="[ERROR_CODE]" />
        </Api>
        <Api Name="ProcessGroupPolicyCompletedEx">
            <Param Type="REFGPEXTENSIONID" Name="extensionId" />
            <Param Type="ASYNCCOMPLETIONHANDLE" Name="pAsyncHandle" />
            <Param Type="DWORD" Name="dwStatus" />
            <Param Type="HRESULT" Name="RsopStatus" />
            <Return Type="[ERROR_CODE]" />
        </Api>
        <Api Name="RefreshPolicy">
            <Param Type="BOOL" Name="bMachine" />
            <Return Type="BOOL" />
        </Api>
        <Api Name="RefreshPolicyEx">
            <Param Type="BOOL" Name="bMachine" />
            <Param Type="DWORD" Name="dwOptions" />
            <Return Type="BOOL" />
        </Api>
        <Api Name="RegisterGPNotification">
            <Param Type="HANDLE" Name="hEvent" />
            <Param Type="BOOL" Name="bMachine" />
            <Return Type="BOOL" />
        </Api>
        <Api Name="RsopAccessCheckByType">
            <Param Type="PSECURITY_DESCRIPTOR" Name="pSecurityDescriptor" />
            <Param Type="PSID" Name="pPrincipalSelfSid" />
            <Param Type="PRSOPTOKEN" Name="pRsopToken" />
            <Param Type="[ACCESS_MASK_DWORD]" Name="dwDesiredAccessMask" />
            <Param Type="POBJECT_TYPE_LIST" Name="pObjectTypeList" />
            <Param Type="DWORD" Name="ObjectTypeListLength" />
            <Param Type="PGENERIC_MAPPING" Name="pGenericMapping" />
            <Param Type="PPRIVILEGE_SET" Name="pPrivilegeSet" />
            <Param Type="LPDWORD" Name="pdwPrivilegeSetLength" />
            <Param Type="[ACCESS_MASK_LPDWORD]" Name="pdwGrantedAccessMask" />
            <Param Type="LPBOOL" Name="pbAccessStatus" />
            <Return Type="HRESULT" />
        </Api>
        <Api Name="RsopFileAccessCheck">
            <Param Type="LPWSTR" Name="pszFileName" />
            <Param Type="PRSOPTOKEN" Name="pRsopToken" />
            <Param Type="[ACCESS_MASK_DWORD]" Name="dwDesiredAccessMask" />
            <Param Type="[ACCESS_MASK_LPDWORD]" Name="pdwGrantedAccessMask" />
            <Param Type="LPBOOL" Name="pbAccessStatus" />
            <Return Type="HRESULT" />
        </Api>
        <Api Name="RsopResetPolicySettingStatus">
            <Param Type="DWORD" Name="dwFlags" />
            <Param Type="IWbemServices*" Name="pServices" />
            <Param Type="IWbemClassObject*" Name="pSettingInstance" />
            <Return Type="HRESULT" />
        </Api>
        <Api Name="RsopSetPolicySettingStatus">
            <Param Type="DWORD" Name="dwFlags" />
            <Param Type="IWbemServices*" Name="pServices" />
            <Param Type="IWbemClassObject*" Name="pSettingInstance" />
            <Param Type="DWORD" Name="nInfo" />
            <Param Type="POLICYSETTINGSTATUSINFO*" Name="pStatus" />
            <Return Type="HRESULT" />
        </Api>
        <Api Name="UnregisterGPNotification">
            <Param Type="HANDLE" Name="hEvent" />
            <Return Type="BOOL" />
        </Api>
        <!-- Shell -->
        <Category Name="Windows Environment Development/Windows Shell" />
        <Api Name="CreateEnvironmentBlock">
            <Param Type="LPVOID*" Name="lpEnvironment" />
            <Param Type="HANDLE" Name="hToken" />
            <Param Type="BOOL" Name="bInherit" />
            <Return Type="BOOL" />
        </Api>
        <Api Name="CreateProfile">
            <Param Type="LPCWSTR" Name="pszUserSid" />
            <Param Type="LPCWSTR" Name="pszUserName" />
            <Param Type="LPWSTR" Name="pszProfilePath" />
            <Param Type="DWORD" Name="cchProfilePath" />
            <Return Type="HRESULT" />
        </Api>
        <Api Name="CreateUserProfileEx" BothCharset="True" OrdinalA="153" OrdinalW="154">
            <Param Type="PSID" Name="pSid" />
            <Param Type="LPCTSTR" Name="lpUserName" />
            <Param Type="LPCTSTR" Name="lpUserHive" />
            <Param Type="LPTSTR" Name="lpProfileDir" />
            <Param Type="DWORD" Name="dwDirSize" />
            <Param Type="BOOL" Name="bWin9xUpg" />
            <Return Type="BOOL" />
        </Api>
        <Api Name="DeleteProfile" BothCharset="True">
            <Param Type="LPCTSTR" Name="lpSidString" />
            <Param Type="LPCTSTR" Name="lpProfilePath" />
            <Param Type="LPCTSTR" Name="lpComputerName" />
            <Return Type="BOOL" />
        </Api>
        <Api Name="DestroyEnvironmentBlock">
            <Param Type="LPVOID" Name="lpEnvironment" />
            <Return Type="BOOL" />
        </Api>
        <Api Name="ExpandEnvironmentStringsForUser" BothCharset="True">
            <Param Type="HANDLE" Name="hToken" />
            <Param Type="LPCTSTR" Name="lpSrc" />
            <Param Type="LPTSTR" Name="lpDest" OutputOnly="True" />
            <Param Type="DWORD" Name="dwSize" />
            <Return Type="BOOL" />
        </Api>
        <Api Name="GetAllUsersProfileDirectory" BothCharset="True">
            <Param Type="LPTSTR" Name="lpProfileDir" />
            <Param Type="LPDWORD" Name="lpcchSize" />
            <Return Type="BOOL" />
        </Api>
        <Api Name="GetDefaultUserProfileDirectory" BothCharset="True">
            <Param Type="LPTSTR" Name="lpProfileDir" />
            <Param Type="LPDWORD" Name="lpcchSize" />
            <Return Type="BOOL" />
        </Api>
        <Api Name="GetProfilesDirectory" BothCharset="True">
            <Param Type="LPTSTR" Name="lpProfilesDir" OutputOnly="True" />
            <Param Type="LPDWORD" Name="lpcchSize" />
            <Return Type="BOOL" />
        </Api>
        <Api Name="GetProfileType">
            <Param Type="[ProfileType*]" Name="pdwFlags" />
            <Return Type="BOOL" />
        </Api>
        <Api Name="GetUserProfileDirectory" BothCharset="True">
            <Param Type="HANDLE" Name="hToken" />
            <Param Type="LPTSTR" Name="lpProfileDir" />
            <Param Type="LPDWORD" Name="lpcchSize" />
            <Return Type="BOOL" />
        </Api>
        <Api Name="LoadUserProfile" BothCharset="True">
            <Param Type="HANDLE" Name="hToken" />
            <Param Type="LPPROFILEINFO" Name="lpProfileInfo" />
            <Return Type="BOOL" />
        </Api>
        <Api Name="UnloadUserProfile">
            <Param Type="HANDLE" Name="hToken" />
            <Param Type="HANDLE" Name="hProfile" />
            <Return Type="BOOL" />
        </Api>
        <Api Name="CreateAppContainerProfile">
            <Param Type="PCWSTR" Name="pszAppContainerName" />
            <Param Type="PCWSTR" Name="pszDisplayName" />
            <Param Type="PCWSTR" Name="pszDescription" />
            <Param Type="PSID_AND_ATTRIBUTES" Name="pCapabilities" />
            <Param Type="DWORD" Name="dwCapabilityCount" />
            <Param Type="PSID*" Name="ppSidAppContainerSid" />
            <Return Type="HRESULT" />
        </Api>
        <Api Name="DeleteAppContainerProfile">
            <Param Type="PCWSTR" Name="pszAppContainerName" />
            <Return Type="HRESULT" />
        </Api>
        <Api Name="DeriveAppContainerSidFromAppContainerName">
            <Param Type="PCWSTR" Name="pszAppContainerName" />
            <Param Type="PSID*" Name="ppsidAppContainerSid" />
            <Return Type="HRESULT" />
        </Api>
        <Api Name="GetAppContainerFolderPath">
            <Param Type="PCWSTR" Name="pszAppContainerSid" />
            <Param Type="PWSTR*" Name="ppszPath" />
            <Return Type="HRESULT" />
        </Api>
        <Api Name="GetAppContainerRegistryLocation">
            <Param Type="REGSAM" Name="desiredAccess" />
            <Param Type="PHKEY" Name="phAppContainerKey" />
            <Return Type="HRESULT" />
        </Api>

    </Module>
</ApiMonitor>