<!--
    API Monitor Definitions
    (c) 2010-2011, Rohitab Batra <rohitab@rohitab.com>
    http://www.rohitab.com/apimonitor/
-->
<ApiMonitor>
    <Include Filename="Headers\windows.h.xml" />
    <Include Filename="Headers\shell.h.xml" />
    <Include Filename="Headers\gdi.h.xml" />

    <Module Name="UxTheme.dll" CallingConvention="STDCALL" ErrorFunc="HRESULT" OnlineHelp="MSDN">
        
        <!-- Variables -->
        <Variable Name="HANIMATIONBUFFER"       Type="Alias"    Base="HANDLE" />
        <Variable Name="HPAINTBUFFER"           Type="Alias"    Base="HANDLE" />
        <Variable Name="DTT_CALLBACK_PROC"      Type="Alias"    Base="LPVOID" />
        
        <!-- TODO: Structures (OS Dependent) -->
        <Variable Name="INTLIST*"               Type="Alias"    Base="LPVOID" />

        <!-- [BPPF_Flags] -->
        <Variable Name="[BPPF_Flags]" Type="Alias" Base="DWORD">
            <Display Name="DWORD" />
            <Flag>
                <Set Name="BPPF_ERASE"      Value="0x0001" />
                <Set Name="BPPF_NOCLIP"     Value="0x0002" />
                <Set Name="BPPF_NONCLIENT"  Value="0x0004" />
            </Flag>
        </Variable>

        <!-- BP_PAINTPARAMS -->
        <Variable Name="BP_PAINTPARAMS" Type="Struct">
            <Field Type="DWORD"                 Name="cbSize" />
            <Field Type="[BPPF_Flags]"          Name="dwFlags" />
            <Field Type="const RECT*"           Name="prcExclude" />
            <Field Type="const BLENDFUNCTION*"  Name="pBlendFunction" />
        </Variable>
        <Variable Name="BP_PAINTPARAMS*" Type="Pointer" Base="BP_PAINTPARAMS" />

        <!-- BP_ANIMATIONSTYLE -->
        <Variable Name="BP_ANIMATIONSTYLE" Type="Alias" Base="UINT">
            <Enum>
                <Set Name="BPAS_NONE"       Value="0" />
                <Set Name="BPAS_LINEAR"     Value="1" />
                <Set Name="BPAS_CUBIC"      Value="2" />
                <Set Name="BPAS_SINE"       Value="3" />
            </Enum>
        </Variable>

        <!-- BP_ANIMATIONPARAMS -->
        <Variable Name="BP_ANIMATIONPARAMS" Type="Struct">
            <Field Type="DWORD"               	Name="cbSize" />
            <Field Type="DWORD"               	Name="dwFlags" />
            <Field Type="BP_ANIMATIONSTYLE"   	Name="style" />
            <Field Type="DWORD"               	Name="dwDuration" />
        </Variable>
        <Variable Name="BP_ANIMATIONPARAMS*" Type="Pointer" Base="BP_ANIMATIONPARAMS" />

        <!-- [DTBG_Flags] -->
        <Variable Name="[DTBG_Flags]" Type="Alias" Base="DWORD">
            <Display Name="DWORD" />
            <Flag>
                <Set Name="DTBG_CLIPRECT"           Value="0x00000001" />
                <Set Name="DTBG_DRAWSOLID"          Value="0x00000002" />
                <Set Name="DTBG_OMITBORDER"         Value="0x00000004" />
                <Set Name="DTBG_OMITCONTENT"        Value="0x00000008" />
                <Set Name="DTBG_COMPUTINGREGION"    Value="0x00000010" />
                <Set Name="DTBG_MIRRORDC"           Value="0x00000020" />
                <Set Name="DTBG_NOMIRROR"           Value="0x00000040" />
            </Flag>
        </Variable>

        <!-- DTBGOPTS -->
        <Variable Name="DTBGOPTS" Type="Struct">
            <Field Type="DWORD" 	    Name="dwSize" />
            <Field Type="[DTBG_Flags]"  Name="dwFlags" />
            <Field Type="RECT" 	        Name="rcClip" />
        </Variable>
        <Variable Name="const DTBGOPTS*" Type="Pointer" Base="DTBGOPTS" />

        <!-- [DTT_Flags] -->
        <Variable Name="[DTT_Flags]" Type="Alias" Base="DWORD">
            <Display Name="DWORD" />
            <Flag>
                <Set Name="DTT_TEXTCOLOR"       Value="0x1" />
                <Set Name="DTT_BORDERCOLOR"     Value="0x2" />
                <Set Name="DTT_SHADOWCOLOR"     Value="0x4" />
                <Set Name="DTT_SHADOWTYPE"      Value="0x8" />
                <Set Name="DTT_SHADOWOFFSET"    Value="0x10" />
                <Set Name="DTT_BORDERSIZE"      Value="0x20" />
                <Set Name="DTT_FONTPROP"        Value="0x40" />
                <Set Name="DTT_COLORPROP"       Value="0x80" />
                <Set Name="DTT_STATEID"         Value="0x100" />
                <Set Name="DTT_CALCRECT"        Value="0x200" />
                <Set Name="DTT_APPLYOVERLAY"    Value="0x400" />
                <Set Name="DTT_GLOWSIZE"        Value="0x800" />
                <Set Name="DTT_CALLBACK"        Value="0x1000" />
                <Set Name="DTT_COMPOSITED"      Value="0x1000" />
            </Flag>
        </Variable>

        <!-- TEXTSHADOWTYPE -->
        <Variable Name="TEXTSHADOWTYPE" Type="Alias" Base="int">
            <Display Name="int" />
            <Enum>
                <Set Name="TST_NONE"        Value="0" />
                <Set Name="TST_SINGLE"      Value="1" />
                <Set Name="TST_CONTINUOUS"  Value="2" />
            </Enum>
        </Variable>

        <!-- DTTOPTS -->
        <Variable Name="DTTOPTS" Type="Struct">
            <Field Type="DWORD"             	Name="dwSize" />
            <Field Type="[DTT_Flags]"             	Name="dwFlags" />
            <Field Type="COLORREF"          	Name="crText" />
            <Field Type="COLORREF"          	Name="crBorder" />
            <Field Type="COLORREF"          	Name="crShadow" />
            <Field Type="TEXTSHADOWTYPE"        Name="iTextShadowType" />
            <Field Type="POINT"             	Name="ptShadowOffset" />
            <Field Type="int"               	Name="iBorderSize" />
            <Field Type="int"               	Name="iFontPropId" />
            <Field Type="int"               	Name="iColorPropId" />
            <Field Type="int"               	Name="iStateId" />
            <Field Type="BOOL"              	Name="fApplyOverlay" />
            <Field Type="int"               	Name="iGlowSize" />
            <Field Type="DTT_CALLBACK_PROC" 	Name="pfnDrawTextCallback" />
            <Field Type="LPARAM"            	Name="lParam" />
        </Variable>
        <Variable Name="const DTTOPTS*" Type="Pointer" Base="DTTOPTS" />

        <!-- THEMESIZE -->
        <Variable Name="THEMESIZE" Type="Alias" Base="UINT">
            <Enum>
                <Set Name="TS_MIN"      Value="0" />
                <Set Name="TS_TRUE"     Value="1" />
                <Set Name="TS_DRAW"     Value="2" />
            </Enum>
        </Variable>

        <!-- PROPERTYORIGIN -->
        <Variable Name="PROPERTYORIGIN" Type="Alias" Base="UINT">
            <Enum>
                <Set Name="PO_STATE"    Value="0" />
                <Set Name="PO_PART"     Value="1" />
                <Set Name="PO_CLASS"    Value="2" />
                <Set Name="PO_GLOBAL"   Value="3" />
                <Set Name="PO_NOTFOUND" Value="4" />
            </Enum>
        </Variable>
        <Variable Name="PROPERTYORIGIN*" Type="Pointer" Base="PROPERTYORIGIN" />

        <!-- [EnableThemeDialogTextureFlags] -->
        <Variable Name="[EnableThemeDialogTextureFlags]" Type="Alias" Base="DWORD">
            <Display Name="DWORD" />
            <Flag>
                <Set Name="ETDT_DISABLE"                    Value="0x00000001" />
                <Set Name="ETDT_ENABLE"                     Value="0x00000002" />
                <Set Name="ETDT_USETABTEXTURE"              Value="0x00000004" />
                <Set Name="ETDT_USEAEROWIZARDTABTEXTURE"    Value="0x00000008" />
                <Set Name="ETDT_ENABLETAB"                  Value="0x00000006" />
                <Set Name="ETDT_ENABLEAEROWIZARDTAB"        Value="0x0000000a" />
            </Flag>
        </Variable>

        <!-- [HitTestThemeBackgroundOptions] -->
        <Variable Name="[HitTestThemeBackgroundOptions]" Type="Alias" Base="DWORD">
            <Display Name="DWORD" />
            <Flag>
                <Set Name="HTTB_BACKGROUNDSEG"          Value="0x00000000" />
                <Set Name="HTTB_FIXEDBORDER"            Value="0x00000002" />
                <Set Name="HTTB_CAPTION"                Value="0x00000004" />
                <Set Name="HTTB_RESIZINGBORDER_LEFT"    Value="0x00000010" />
                <Set Name="HTTB_RESIZINGBORDER_TOP"     Value="0x00000020" />
                <Set Name="HTTB_RESIZINGBORDER_RIGHT"   Value="0x00000040" />
                <Set Name="HTTB_RESIZINGBORDER_BOTTOM"  Value="0x00000080" />
                <Set Name="HTTB_RESIZINGBORDER"         Value="0x000000f0" />
                <Set Name="HTTB_SIZINGTEMPLATE"         Value="0x00000100" />
                <Set Name="HTTB_SYSTEMSIZINGMARGINS"    Value="0x00000200" />
            </Flag>
        </Variable>

        <!-- [HitTestReturnCode] -->
        <Variable Name="[HitTestReturnCode]" Type="Alias" Base="WORD">
            <Display Name="WORD" />
            <Enum>
                <Set Name="HTERROR"         Value="-2" />
                <Set Name="HTTRANSPARENT"   Value="-1" />
                <Set Name="HTNOWHERE"       Value="0" />
                <Set Name="HTCLIENT"        Value="1" />
                <Set Name="HTCAPTION"       Value="2" />
                <Set Name="HTSYSMENU"       Value="3" />
                <Set Name="HTGROWBOX"       Value="4" />
                <Set Name="HTMENU"          Value="5" />
                <Set Name="HTHSCROLL"       Value="6" />
                <Set Name="HTVSCROLL"       Value="7" />
                <Set Name="HTMINBUTTON"     Value="8" />
                <Set Name="HTMAXBUTTON"     Value="9" />
                <Set Name="HTLEFT"          Value="10" />
                <Set Name="HTRIGHT"         Value="11" />
                <Set Name="HTTOP"           Value="12" />
                <Set Name="HTTOPLEFT"       Value="13" />
                <Set Name="HTTOPRIGHT"      Value="14" />
                <Set Name="HTBOTTOM"        Value="15" />
                <Set Name="HTBOTTOMLEFT"    Value="16" />
                <Set Name="HTBOTTOMRIGHT"   Value="17" />
                <Set Name="HTBORDER"        Value="18" />
                <Set Name="HTOBJECT"        Value="19" />
                <Set Name="HTCLOSE"         Value="20" />
                <Set Name="HTHELP"          Value="21" />
            </Enum>
        </Variable>
        <Variable Name="[HitTestReturnCode*]" Type="Pointer" Base="[HitTestReturnCode]">
            <Display Name="WORD*" />
        </Variable>

        <!-- [DrawThemeParentBackgroundFlags] -->
        <Variable Name="[DrawThemeParentBackgroundFlags]" Type="Alias" Base="DWORD">
            <Display Name="DWORD" />
            <Flag>
                <Set Name="DTPB_WINDOWDC"           Value="0x00000001" />
                <Set Name="DTPB_USECTLCOLORSTATIC"  Value="0x00000002" />
                <Set Name="DTPB_USEERASEBKGND"      Value="0x00000004" />
            </Flag>
        </Variable>

        <!-- BP_BUFFERFORMAT -->
        <Variable Name="BP_BUFFERFORMAT" Type="Alias" Base="DWORD">
            <Enum>
                <Set Name="BPBF_COMPATIBLEBITMAP"   Value="0" />
                <Set Name="BPBF_DIB"                Value="1" />
                <Set Name="BPBF_TOPDOWNDIB"         Value="2" />
                <Set Name="BPBF_TOPDOWNMONODIB"     Value="3" />
            </Enum>
        </Variable>

        <!-- WINDOWTHEMEATTRIBUTETYPE -->
        <Variable Name="WINDOWTHEMEATTRIBUTETYPE" Type="Alias" Base="DWORD">
            <Enum>
                <Set Name="WTA_NONCLIENT" Value="1" />
            </Enum>
        </Variable>

        <!-- TA_TRANSFORM_TYPE -->
        <Variable Name="TA_TRANSFORM_TYPE" Type="Alias" Base="UINT">
            <Enum>
                <Set Name="TATT_TRANSLATE_2D"   Value="0" />
                <Set Name="TATT_SCALE_2D"    	Value="1" />
                <Set Name="TATT_OPACITY"    	Value="2" />
                <Set Name="TATT_CLIP"           Value="3" />
            </Enum>
        </Variable>

        <!-- TA_PROPERTY -->
        <Variable Name="TA_PROPERTY" Type="Alias" Base="UINT">
            <Enum>
                <Set Name="TAP_FLAGS"    		    Value="0" />
                <Set Name="TAP_TRANSFORMCOUNT"    	Value="1" />
                <Set Name="TAP_STAGGERDELAY"    	Value="2" />
                <Set Name="TAP_STAGGERDELAYCAP"    	Value="3" />
                <Set Name="TAP_STAGGERDELAYFACTOR"  Value="4" />
                <Set Name="TAP_ZORDER"    		    Value="5" />
            </Enum>
        </Variable>

        <!-- TA_TRANSFORM_FLAG -->
        <Variable Name="TA_TRANSFORM_FLAG" Type="Alias" Base="UINT">
            <Flag>
                <Set Name="TATF_NONE"                   Value="0x0" />
                <Set Name="TATF_TARGETVALUES_USER"      Value="0x1" />
                <Set Name="TATF_HASINITIALVALUES"       Value="0x2" />
                <Set Name="TATF_HASORIGINVALUES"        Value="0x4" />
            </Flag>
        </Variable>
        
        <!-- TA_TRANSFORM -->
        <Variable Name="TA_TRANSFORM" Type="Struct" Pack="8">
            <Field Type="TA_TRANSFORM_TYPE"     Name="eTransformType" />
            <Field Type="DWORD"                 Name="dwTimingFunctionId" />
            <Field Type="DWORD"                 Name="dwStartTime" />
            <Field Type="DWORD"                 Name="dwDurationTime" />
            <Field Type="TA_TRANSFORM_FLAG"     Name="eFlags" />
        </Variable>
        <Variable Name="TA_TRANSFORM*" Type="Pointer" Base="TA_TRANSFORM" />

        <!-- TA_TIMINGFUNCTION_TYPE -->
        <Variable Name="TA_TIMINGFUNCTION_TYPE" Type="Alias" Base="UINT">
            <Enum>
                <Set Name="TTFT_UNDEFINED"    	Value="0" />
                <Set Name="TTFT_CUBIC_BEZIER"   Value="1" />
            </Enum>
        </Variable>

        <!-- TA_TIMINGFUNCTION -->
        <Variable Name="TA_TIMINGFUNCTION" Type="Struct" Pack="8">
            <Field Type="TA_TIMINGFUNCTION_TYPE" Name="eTimingFunctionType" />
        </Variable>
        <Variable Name="TA_TIMINGFUNCTION*" Type="Pointer" Base="TA_TIMINGFUNCTION" />

        <!-- Visual Styles -->
        <Category Name="Windows Application UI Development/Windows Controls/Visual Styles" />
        <Api Name="BeginBufferedAnimation">
            <Param Type="HWND" Name="hwnd" />
            <Param Type="HDC" Name="hdcTarget" />
            <Param Type="const RECT*" Name="rcTarget" />
            <Param Type="BP_BUFFERFORMAT" Name="dwFormat" />
            <Param Type="BP_PAINTPARAMS*" Name="pPaintParams" />
            <Param Type="BP_ANIMATIONPARAMS*" Name="pAnimationParams" />
            <Param Type="HDC*" Name="phdcFrom" />
            <Param Type="HDC*" Name="phdcTo" />
            <Return Type="HANIMATIONBUFFER" />
            <Success Return="NotEqual" Value="0" />
        </Api>
        <Api Name="BeginBufferedPaint">
            <Param Type="HDC" Name="hdcTarget" />
            <Param Type="const RECT*" Name="prcTarget" />
            <Param Type="BP_BUFFERFORMAT" Name="dwFormat" />
            <Param Type="BP_PAINTPARAMS*" Name="pPaintParams" />
            <Param Type="HDC*" Name="phdc" />
            <Return Type="HPAINTBUFFER" />
            <Success Return="NotEqual" Value="0" />
        </Api>
        <Api Name="BufferedPaintClear">
            <Param Type="HPAINTBUFFER" Name="hBufferedPaint" />
            <Param Type="const RECT*" Name="prc" />
            <Return Type="HRESULT" />
        </Api>
        <Api Name="BufferedPaintInit">
            <Return Type="HRESULT" />
        </Api>
        <Api Name="BufferedPaintRenderAnimation">
            <Param Type="HWND" Name="hwnd" />
            <Param Type="HDC" Name="hdcTarget" />
            <Return Type="BOOL" />
            <Success />
        </Api>
        <Api Name="BufferedPaintSetAlpha">
            <Param Type="HPAINTBUFFER" Name="hBufferedPaint" />
            <Param Type="const RECT*" Name="prc" />
            <Param Type="BYTE" Name="alpha" />
            <Return Type="HRESULT" />
        </Api>
        <Api Name="BufferedPaintStopAllAnimations">
            <Param Type="HWND" Name="hwnd" />
            <Return Type="HRESULT" />
        </Api>
        <Api Name="BufferedPaintUnInit">
            <Return Type="HRESULT" />
        </Api>
        <Api Name="CloseThemeData">
            <Param Type="HTHEME" Name="hTheme" />
            <Return Type="HRESULT" />
        </Api>
        <Api Name="DrawThemeBackground">
            <Param Type="HTHEME" Name="hTheme" />
            <Param Type="HDC" Name="hdc" />
            <Param Type="int" Name="iPartId" />
            <Param Type="int" Name="iStateId" />
            <Param Type="const RECT*" Name="pRect" />
            <Param Type="const RECT*" Name="pClipRect" />
            <Return Type="HRESULT" />
        </Api>
        <Api Name="DrawThemeBackgroundEx" Ordinal="47">
            <Param Type="HTHEME" Name="hTheme" />
            <Param Type="HDC" Name="hdc" />
            <Param Type="int" Name="iPartId" />
            <Param Type="int" Name="iStateId" />
            <Param Type="const RECT*" Name="pRect" />
            <Param Type="const DTBGOPTS*" Name="pOptions" />
            <Return Type="HRESULT" />
        </Api>
        <Api Name="DrawThemeEdge">
            <Param Type="HTHEME" Name="hTheme" />
            <Param Type="HDC" Name="hdc" />
            <Param Type="int" Name="iPartId" />
            <Param Type="int" Name="iStateId" />
            <Param Type="LPCRECT" Name="pDestRect" />
            <Param Type="[BorderEdge]" Name="uEdge" />
            <Param Type="[BorderFlag]" Name="uFlags" />
            <Param Type="LPRECT" Name="pContentRect" />
            <Return Type="HRESULT" />
        </Api>
        <Api Name="DrawThemeIcon">
            <Param Type="HTHEME" Name="hTheme" />
            <Param Type="HDC" Name="hdc" />
            <Param Type="int" Name="iPartId" />
            <Param Type="int" Name="iStateId" />
            <Param Type="LPCRECT" Name="pRect" />
            <Param Type="HIMAGELIST" Name="himl" />
            <Param Type="int" Name="iImageIndex" />
            <Return Type="HRESULT" />
        </Api>
        <Api Name="DrawThemeParentBackground">
            <Param Type="HWND" Name="hwnd" />
            <Param Type="HDC" Name="hdc" />
            <Param Type="const RECT*" Name="prc" />
            <Return Type="HRESULT" />
        </Api>
        <Api Name="DrawThemeParentBackgroundEx">
            <Param Type="HWND" Name="hwnd" />
            <Param Type="HDC" Name="hdc" />
            <Param Type="[DrawThemeParentBackgroundFlags]" Name="dwFlags" />
            <Param Type="const RECT*" Name="prc" />
            <Return Type="HRESULT" />
        </Api>
        <Api Name="DrawThemeText">
            <Param Type="HTHEME" Name="hTheme" />
            <Param Type="HDC" Name="hdc" />
            <Param Type="int" Name="iPartId" />
            <Param Type="int" Name="iStateId" />
            <Param Type="LPCWSTR" Name="pszText" />
            <Param Type="int" Name="iCharCount" />
            <Param Type="[DrawTextFlags]" Name="dwTextFlags" />
            <Param Type="DWORD" Name="dwTextFlags2" />
            <Param Type="LPCRECT" Name="pRect" />
            <Return Type="HRESULT" />
        </Api>
        <Api Name="DrawThemeTextEx">
            <Param Type="HTHEME" Name="hTheme" />
            <Param Type="HDC" Name="hdc" />
            <Param Type="int" Name="iPartId" />
            <Param Type="int" Name="iStateId" />
            <Param Type="LPCWSTR" Name="pszText" />
            <Param Type="int" Name="iCharCount" />
            <Param Type="[DrawTextFlags]" Name="dwFlags" />
            <Param Type="LPRECT" Name="pRect" />
            <Param Type="const DTTOPTS*" Name="pOptions" />
            <Return Type="HRESULT" />
        </Api>
        <Api Name="EnableThemeDialogTexture">
            <Param Type="HWND" Name="hwnd" />
            <Param Type="[EnableThemeDialogTextureFlags]" Name="dwFlags" />
            <Return Type="HRESULT" />
        </Api>
        <Api Name="EnableTheming">
            <Param Type="BOOL" Name="fEnable" />
            <Return Type="HRESULT" />
        </Api>
        <Api Name="EndBufferedAnimation">
            <Param Type="HANIMATIONBUFFER" Name="hbpAnimation" />
            <Param Type="BOOL" Name="fUpdateTarget" />
            <Return Type="HRESULT" />
        </Api>
        <Api Name="EndBufferedPaint">
            <Param Type="HPAINTBUFFER" Name="hBufferedPaint" />
            <Param Type="BOOL" Name="fUpdateTarget" />
            <Return Type="HRESULT" />
        </Api>
        <Api Name="GetBufferedPaintBits">
            <Param Type="HPAINTBUFFER" Name="hBufferedPaint" />
            <Param Type="RGBQUAD**" Name="ppbBuffer" />
            <Param Type="int*" Name="pcxRow" />
            <Return Type="HRESULT" />
        </Api>
        <Api Name="GetBufferedPaintDC">
            <Param Type="HPAINTBUFFER" Name="hBufferedPaint" />
            <Return Type="HDC" />
            <Success Return="NotEqual" Value="0" />
        </Api>
        <Api Name="GetBufferedPaintTargetDC">
            <Param Type="HPAINTBUFFER" Name="hBufferedPaint" />
            <Return Type="HDC" />
            <Success Return="NotEqual" Value="0" />
        </Api>
        <Api Name="GetBufferedPaintTargetRect">
            <Param Type="HPAINTBUFFER" Name="hBufferedPaint" />
            <Param Type="RECT*" Name="prc" />
            <Return Type="HRESULT" />
        </Api>
        <Api Name="GetCurrentThemeName">
            <Param Type="LPWSTR" Name="pszThemeFileName" OutputOnly="True" />
            <Param Type="int" Name="dwMaxNameChars" />
            <Param Type="LPWSTR" Name="pszColorBuff" OutputOnly="True" />
            <Param Type="int" Name="cchMaxColorChars" />
            <Param Type="LPWSTR" Name="pszSizeBuff" OutputOnly="True" />
            <Param Type="int" Name="cchMaxSizeChars" />
            <Return Type="HRESULT" />
        </Api>
        <Api Name="GetThemeAnimationTransform">
            <Param Type="HTHEME" Name="hTheme" />
            <Param Type="int" Name="iStoryboardId" />
            <Param Type="int" Name="iTargetId" />
            <Param Type="DWORD" Name="dwTransformIndex" />
            <Param Type="TA_TRANSFORM*" Name="pTransform" />
            <Param Type="DWORD" Name="cbSize" />
            <Param Type="DWORD" Name="pcbSizeOut" />
            <Return Type="HRESULT" />
        </Api>
        <Api Name="GetThemeAppProperties">
            <Return Type="DWORD" />
        </Api>
        <Api Name="GetThemeBackgroundContentRect">
            <Param Type="HTHEME" Name="hTheme" />
            <Param Type="HDC" Name="hdc" />
            <Param Type="int" Name="iPartId" />
            <Param Type="int" Name="iStateId" />
            <Param Type="LPCRECT" Name="pBoundingRect" />
            <Param Type="LPRECT" Name="pContentRect" />
            <Return Type="HRESULT" />
        </Api>
        <Api Name="GetThemeBackgroundExtent">
            <Param Type="HTHEME" Name="hTheme" />
            <Param Type="HDC" Name="hdc" />
            <Param Type="int" Name="iPartId" />
            <Param Type="int" Name="iStateId" />
            <Param Type="LPCRECT" Name="pContentRect" />
            <Param Type="LPRECT" Name="pExtentRect" />
            <Return Type="HRESULT" />
        </Api>
        <Api Name="GetThemeBackgroundRegion">
            <Param Type="HTHEME" Name="hTheme" />
            <Param Type="HDC" Name="hdc" />
            <Param Type="int" Name="iPartId" />
            <Param Type="int" Name="iStateId" />
            <Param Type="LPCRECT" Name="pRect" />
            <Param Type="HRGN*" Name="pRegion" />
            <Return Type="HRESULT" />
        </Api>
        <Api Name="GetThemeBitmap">
            <Param Type="HTHEME" Name="hTheme" />
            <Param Type="int" Name="iPartId" />
            <Param Type="int" Name="iStateId" />
            <Param Type="int" Name="iPropId" />
            <Param Type="ULONG" Name="dwFlags" />
            <Param Type="HBITMAP*" Name="phBitmap" />
            <Return Type="HRESULT" />
        </Api>
        <Api Name="GetThemeBool">
            <Param Type="HTHEME" Name="hTheme" />
            <Param Type="int" Name="iPartId" />
            <Param Type="int" Name="iStateId" />
            <Param Type="int" Name="iPropId" />
            <Param Type="BOOL*" Name="pfVal" />
            <Return Type="HRESULT" />
        </Api>
        <Api Name="GetThemeColor">
            <Param Type="HTHEME" Name="hTheme" />
            <Param Type="int" Name="iPartId" />
            <Param Type="int" Name="iStateId" />
            <Param Type="int" Name="iPropId" />
            <Param Type="COLORREF*" Name="pColor" />
            <Return Type="HRESULT" />
        </Api>
        <Api Name="GetThemeDocumentationProperty">
            <Param Type="LPCWSTR" Name="pszThemeName" />
            <Param Type="LPCWSTR" Name="pszPropertyName" />
            <Param Type="LPWSTR" Name="pszValueBuff" />
            <Param Type="int" Name="cchMaxValChars" />
            <Return Type="HRESULT" />
        </Api>
        <Api Name="GetThemeEnumValue">
            <Param Type="HTHEME" Name="hTheme" />
            <Param Type="int" Name="iPartId" />
            <Param Type="int" Name="iStateId" />
            <Param Type="int" Name="iPropId" />
            <Param Type="int*" Name="piVal" />
            <Return Type="HRESULT" />
        </Api>
        <Api Name="GetThemeFilename">
            <Param Type="HTHEME" Name="hTheme" />
            <Param Type="int" Name="iPartId" />
            <Param Type="int" Name="iStateId" />
            <Param Type="int" Name="iPropId" />
            <Param Type="LPWSTR" Name="pszThemeFilename" />
            <Param Type="int" Name="cchMaxBuffChars" />
            <Return Type="HRESULT" />
        </Api>
        <Api Name="GetThemeFont">
            <Param Type="HTHEME" Name="hTheme" />
            <Param Type="HDC" Name="hdc" />
            <Param Type="int" Name="iPartId" />
            <Param Type="int" Name="iStateId" />
            <Param Type="int" Name="iPropId" />
            <Param Type="LOGFONTW*" Name="pFont" />
            <Return Type="HRESULT" />
        </Api>
        <Api Name="GetThemeInt">
            <Param Type="HTHEME" Name="hTheme" />
            <Param Type="int" Name="iPartId" />
            <Param Type="int" Name="iStateId" />
            <Param Type="int" Name="iPropId" />
            <Param Type="int*" Name="piVal" />
            <Return Type="HRESULT" />
        </Api>
        <Api Name="GetThemeIntList">
            <Param Type="HTHEME" Name="hTheme" />
            <Param Type="int" Name="iPartId" />
            <Param Type="int" Name="iStateId" />
            <Param Type="int" Name="iPropId" />
            <Param Type="INTLIST*" Name="pIntList" />
            <Return Type="HRESULT" />
        </Api>
        <Api Name="GetThemeMargins">
            <Param Type="HTHEME" Name="hTheme" />
            <Param Type="HDC" Name="hdc" />
            <Param Type="int" Name="iPartId" />
            <Param Type="int" Name="iStateId" />
            <Param Type="int" Name="iPropId" />
            <Param Type="LPRECT" Name="prc" />
            <Param Type="MARGINS*" Name="pMargins" />
            <Return Type="HRESULT" />
        </Api>
        <Api Name="GetThemeMetric">
            <Param Type="HTHEME" Name="hTheme" />
            <Param Type="HDC" Name="hdc" />
            <Param Type="int" Name="iPartId" />
            <Param Type="int" Name="iStateId" />
            <Param Type="int" Name="iPropId" />
            <Param Type="int*" Name="piVal" />
            <Return Type="HRESULT" />
        </Api>
        <Api Name="GetThemePartSize">
            <Param Type="HTHEME" Name="hTheme" />
            <Param Type="HDC" Name="hdc" />
            <Param Type="int" Name="iPartId" />
            <Param Type="int" Name="iStateId" />
            <Param Type="LPCRECT" Name="prc" />
            <Param Type="THEMESIZE" Name="eSize" />
            <Param Type="SIZE*" Name="psz" />
            <Return Type="HRESULT" />
        </Api>
        <Api Name="GetThemePosition">
            <Param Type="HTHEME" Name="hTheme" />
            <Param Type="int" Name="iPartId" />
            <Param Type="int" Name="iStateId" />
            <Param Type="int" Name="iPropId" />
            <Param Type="POINT*" Name="pPoint" />
            <Return Type="HRESULT" />
        </Api>
        <Api Name="GetThemePropertyOrigin">
            <Param Type="HTHEME" Name="hTheme" />
            <Param Type="int" Name="iPartId" />
            <Param Type="int" Name="iStateId" />
            <Param Type="int" Name="iPropId" />
            <Param Type="PROPERTYORIGIN*" Name="pOrigin" />
            <Return Type="HRESULT" />
        </Api>
        <Api Name="GetThemeRect">
            <Param Type="HTHEME" Name="hTheme" />
            <Param Type="int" Name="iPartId" />
            <Param Type="int" Name="iStateId" />
            <Param Type="int" Name="iPropId" />
            <Param Type="LPRECT" Name="pRect" />
            <Return Type="HRESULT" />
        </Api>
        <Api Name="GetThemeStream">
            <Param Type="HTHEME" Name="hTheme" />
            <Param Type="int" Name="iPartId" />
            <Param Type="int" Name="iStateId" />
            <Param Type="int" Name="iPropId" />
            <Param Type="VOID**" Name="ppvStream" />
            <Param Type="DWORD*" Name="pcbStream" />
            <Param Type="HINSTANCE" Name="hInst" />
            <Return Type="HRESULT" />
        </Api>
        <Api Name="GetThemeString">
            <Param Type="HTHEME" Name="hTheme" />
            <Param Type="int" Name="iPartId" />
            <Param Type="int" Name="iStateId" />
            <Param Type="int" Name="iPropId" />
            <Param Type="LPWSTR" Name="pszBuff" />
            <Param Type="int" Name="cchMaxBuffChars" />
            <Return Type="HRESULT" />
        </Api>
        <Api Name="GetThemeSysBool">
            <Param Type="HTHEME" Name="hTheme" />
            <Param Type="int" Name="iBoolID" />
            <Return Type="BOOL" />
        </Api>
        <Api Name="GetThemeSysColor">
            <Param Type="HTHEME" Name="hTheme" />
            <Param Type="[SysColorIndex]" Name="iColorID" />
            <Return Type="COLORREF" />
        </Api>
        <Api Name="GetThemeSysColorBrush">
            <Param Type="HTHEME" Name="hTheme" />
            <Param Type="int" Name="iColorID" />
            <Return Type="HBRUSH" />
            <Success Return="NotEqual" Value="0" />
        </Api>
        <Api Name="GetThemeSysFont">
            <Param Type="HTHEME" Name="hTheme" />
            <Param Type="int" Name="iFontID" />
            <Param Type="LOGFONTW*" Name="plf" />
            <Return Type="HRESULT" />
        </Api>
        <Api Name="GetThemeSysInt">
            <Param Type="HTHEME" Name="hTheme" />
            <Param Type="int" Name="iIntID" />
            <Param Type="int*" Name="piValue" />
            <Return Type="HRESULT" />
        </Api>
        <Api Name="GetThemeSysSize">
            <Param Type="HTHEME" Name="hTheme" />
            <Param Type="int" Name="iSizeID" />
            <Return Type="int" />
        </Api>
        <Api Name="GetThemeSysString">
            <Param Type="HTHEME" Name="hTheme" />
            <Param Type="int" Name="iStringID" />
            <Param Type="LPWSTR" Name="pszStringBuff" />
            <Param Type="int" Name="cchMaxStringChars" />
            <Return Type="HRESULT" />
        </Api>
        <Api Name="GetThemeTextExtent">
            <Param Type="HTHEME" Name="hTheme" />
            <Param Type="HDC" Name="hdc" />
            <Param Type="int" Name="iPartId" />
            <Param Type="int" Name="iStateId" />
            <Param Type="LPCWSTR" Name="pszText" />
            <Param Type="int" Name="iCharCount" />
            <Param Type="[DrawTextFlags]" Name="dwTextFlags" />
            <Param Type="LPCRECT" Name="pBoundingRect" />
            <Param Type="LPRECT" Name="pExtentRect" />
            <Return Type="HRESULT" />
        </Api>
        <Api Name="GetThemeTextMetrics">
            <Param Type="HTHEME" Name="hTheme" />
            <Param Type="HDC" Name="hdc" />
            <Param Type="int" Name="iPartId" />
            <Param Type="int" Name="iStateId" />
            <Param Type="TEXTMETRIC*" Name="ptm" />
            <Return Type="HRESULT" />
        </Api>
        <Api Name="GetThemeTimingFunction">
            <Param Type="HTHEME" Name="hTheme" />
            <Param Type="int" Name="iTimingFunctionId" />
            <Param Type="TA_TIMINGFUNCTION*" Name="pTimingFunction" />
            <Param Type="DWORD" Name="cbSize" />
            <Param Type="DWORD" Name="pcbSizeOut" />
            <Return Type="HRESULT" />
        </Api>
        <Api Name="GetThemeTransitionDuration">
            <Param Type="HTHEME" Name="hTheme" />
            <Param Type="int" Name="iPartId" />
            <Param Type="int" Name="iStateIdFrom" />
            <Param Type="int" Name="iStateIdTo" />
            <Param Type="int" Name="iPropId" />
            <Param Type="DWORD*" Name="pdwDuration" />
            <Return Type="HRESULT" />
        </Api>
        <Api Name="GetWindowTheme">
            <Param Type="HWND" Name="hWnd" />
            <Return Type="HTHEME" />
            <Success Return="NotEqual" Value="0" />
        </Api>
        <Api Name="HitTestThemeBackground">
            <Param Type="HTHEME" Name="hTheme" />
            <Param Type="HDC" Name="hdc" />
            <Param Type="int" Name="iPartId" />
            <Param Type="int" Name="iStateId" />
            <Param Type="[HitTestThemeBackgroundOptions]" Name="dwOptions" />
            <Param Type="LPCRECT" Name="pRect" />
            <Param Type="HRGN" Name="hrgn" />
            <Param Type="POINT" Name="ptTest" />
            <Param Type="[HitTestReturnCode*]" Name="pwHitTestCode" />
            <Return Type="HRESULT" />
        </Api>
        <Api Name="IsAppThemed">
            <Return Type="BOOL" />
            <Success />
        </Api>
        <Api Name="IsCompositionActive">
            <Return Type="BOOL" />
            <Success />
        </Api>
        <Api Name="IsThemeActive">
            <Return Type="BOOL" />
            <Success />
        </Api>
        <Api Name="IsThemeBackgroundPartiallyTransparent">
            <Param Type="HTHEME" Name="hTheme" />
            <Param Type="int" Name="iPartId" />
            <Param Type="int" Name="iStateId" />
            <Return Type="BOOL" />
            <Success />
        </Api>
        <Api Name="IsThemeDialogTextureEnabled">
            <Param Type="HWND" Name="hwnd" />
            <Return Type="BOOL" />
            <Success />
        </Api>
        <Api Name="IsThemePartDefined">
            <Param Type="HTHEME" Name="hTheme" />
            <Param Type="int" Name="iPartId" />
            <Param Type="int" Name="iStateId" />
            <Return Type="BOOL" />
            <Success />
        </Api>
        <Api Name="OpenThemeData">
            <Param Type="HWND" Name="hwnd" />
            <Param Type="LPCWSTR" Name="pszClassList" />
            <Return Type="HTHEME" />
            <Success Return="NotEqual" Value="0" />
        </Api>
        <Api Name="OpenThemeDataEx" Ordinal="61">
            <Param Type="HWND" Name="hwnd" />
            <Param Type="LPCWSTR" Name="pszClassIdList" />
            <Param Type="DWORD" Name="dwFlags" />
            <Return Type="HTHEME" />
            <Success Return="NotEqual" Value="0" />
        </Api>
        <Api Name="SetThemeAppProperties">
            <Param Type="DWORD" Name="dwFlags" />
            <Return Type="void" />
        </Api>
        <Api Name="SetWindowTheme">
            <Param Type="HWND" Name="hwnd" />
            <Param Type="LPCWSTR" Name="pszSubAppName" />
            <Param Type="LPCWSTR" Name="pszSubIdList" />
            <Return Type="HRESULT" />
        </Api>
        <Api Name="SetWindowThemeAttribute">
            <Param Type="HWND" Name="hwnd" />
            <Param Type="WINDOWTHEMEATTRIBUTETYPE" Name="eAttribute" />
            <Param Type="PVOID" Name="pvAttribute" Length="cbAttribute" />
            <Param Type="DWORD" Name="cbAttribute" />
            <Return Type="HRESULT" />
        </Api>
        <!-- SetWindowThemeNonClientAttributes is an inline function -->
        <Api Name="GetThemeAnimationProperty">
            <Param Type="HTHEME" Name="hTheme" />
            <Param Type="int" Name="iStoryboardId" />
            <Param Type="int" Name="iTargetId" />
            <Param Type="TA_PROPERTY" Name="eProperty" />
            <Param Type="VOID*" Name="pvProperty" />
            <Param Type="DWORD" Name="cbSize" />
            <Param Type="DWORD" Name="pcbSizeOut" />
            <Return Type="HRESULT" />
        </Api>

        <!-- Boundary Feedback -->
        <Category Name="Windows Application UI Development/User Interaction/Windows Touch/Boundary Feedback" />
        <Api Name="BeginPanningFeedback">
            <Param Type="HWND" Name="hwnd" />
            <Return Type="BOOL" />
        </Api>
        <Api Name="EndPanningFeedback">
            <Param Type="HWND" Name="hwnd" />
            <Param Type="BOOL" Name="fAnimateBack" />
            <Return Type="BOOL" />
        </Api>
        <Api Name="UpdatePanningFeedback">
            <Param Type="HWND" Name="hwnd" />
            <Param Type="LONG" Name="lTotalOverpanOffsetX" />
            <Param Type="LONG" Name="lTotalOverpanOffsetY" />
            <Param Type="BOOL" Name="fInInertia" />
            <Return Type="BOOL" />
        </Api>
    </Module>
</ApiMonitor>