<!--
    API Monitor Definitions
    (c) 2010-2011, Rohitab Batra <rohitab@rohitab.com>
    http://www.rohitab.com/apimonitor/
-->
<ApiMonitor>
    <Include Filename="Headers\windows.h.xml" />
    <Module Name="WdsClientAPI.dll" CallingConvention="STDCALL" ErrorFunc="HRESULT" OnlineHelp="MSDN">
        <!-- Variables -->
        <Variable Name="PFN_WdsCliTraceFunction"    Type="Alias" Base="LPVOID" />
        <Variable Name="PFN_WdsCliCallback"         Type="Alias" Base="LPVOID" />

        <!-- WDS_CLI_CRED -->
        <Variable Name="WDS_CLI_CRED" Type="Struct">
            <Field Type="PCWSTR" 	Name="pwszUserName" />
            <Field Type="PCWSTR"    Name="pwszDomain" />
            <Field Type="PCWSTR"    Name="pwszPassword" />
        </Variable>
        <Variable Name="PWDS_CLI_CRED" Type="Pointer" Base="WDS_CLI_CRED" />

        <!-- Windows Deployment Services -->
        <Category Name="System Administration/Windows Deployment Services (WDS)/Client" />
        <Api Name="WdsCliAuthorizeSession">
            <Param Type="HANDLE" Name="hSession" />
            <Param Type="PWDS_CLI_CRED" Name="pCred" />
            <Return Type="HRESULT" />
        </Api>
        <Api Name="WdsCliCancelTransfer">
            <Param Type="HANDLE" Name="hTransfer" />
            <Return Type="HRESULT" />
        </Api>
        <Api Name="WdsCliClose">
            <Param Type="HANDLE" Name="Handle" />
            <Return Type="HRESULT" />
        </Api>
        <Api Name="WdsCliCreateSession">
            <Param Type="PWSTR" Name="pwszServer" />
            <Param Type="PWDS_CLI_CRED" Name="pCred" />
            <Param Type="PHANDLE" Name="phSession" />
            <Return Type="HRESULT" />
        </Api>
        <Api Name="WdsCliFindFirstImage">
            <Param Type="HANDLE" Name="hSession" />
            <Param Type="PHANDLE" Name="phFindHandle" />
            <Return Type="HRESULT" />
        </Api>
        <Api Name="WdsCliFindNextImage">
            <Param Type="HANDLE" Name="Handle" />
            <Return Type="HRESULT" />
        </Api>
        <Api Name="WdsCliFreeStringArray">
            <Param Type="PWSTR*" Name="ppwszArray" />
            <Param Type="ULONG" Name="ulCount" />
            <Return Type="HRESULT" />
        </Api>
        <Api Name="WdsCliObtainDriverPackages">
            <Param Type="HANDLE" Name="hImage" />
            <Param Type="PWSTR*" Name="ppwszServerName" />
            <Param Type="PWSTR**" Name="pppwszDriverPackages" />
            <Param Type="ULONG*" Name="pulCount" />
            <Return Type="HRESULT" />
        </Api>
        <Api Name="WdsCliGetEnumerationFlags">
            <Param Type="HANDLE" Name="Handle" />
            <Param Type="PDWORD" Name="pdwFlags" />
            <Return Type="HRESULT" />
        </Api>
        <Api Name="WdsCliGetImageArchitecture">
            <Param Type="HANDLE" Name="hIfh" />
            <Param Type="PDWORD" Name="pdwValue" />
            <Return Type="HRESULT" />
        </Api>
        <Api Name="WdsCliGetImageDescription">
            <Param Type="HANDLE" Name="hIfh" />
            <Param Type="PWSTR*" Name="ppwszValue" />
            <Return Type="HRESULT" />
        </Api>
        <Api Name="WdsCliGetImageGroup">
            <Param Type="HANDLE" Name="hIfh" />
            <Param Type="PWSTR*" Name="ppwszValue" />
            <Return Type="HRESULT" />
        </Api>
        <Api Name="WdsCliGetImageHalName">
            <Param Type="HANDLE" Name="hIfh" />
            <Param Type="PWSTR*" Name="ppwszValue" />
            <Return Type="HRESULT" />
        </Api>
        <Api Name="WdsCliGetImageHandleFromFindHandle">
            <Param Type="HANDLE" Name="FindHandle" />
            <Param Type="PHANDLE" Name="phImageHandle" />
            <Return Type="HRESULT" />
        </Api>
        <Api Name="WdsCliGetImageHandleFromTransferHandle">
            <Param Type="HANDLE" Name="hTransfer" />
            <Param Type="PHANDLE" Name="phImageHandle" />
            <Return Type="HRESULT" />
        </Api>
        <Api Name="WdsCliGetImageIndex">
            <Param Type="HANDLE" Name="hIfh" />
            <Param Type="PDWORD" Name="pdwValue" />
            <Return Type="HRESULT" />
        </Api>
        <Api Name="WdsCliGetImageLanguage">
            <Param Type="HANDLE" Name="hIfh" />
            <Param Type="PWSTR*" Name="ppwszValue" />
            <Return Type="HRESULT" />
        </Api>
        <Api Name="WdsCliGetImageLanguages">
            <Param Type="HANDLE" Name="hIfh" />
            <Param Type="PTSTR**" Name="pppszValues" />
            <Param Type="PDWORD" Name="pdwNumValues" />
            <Return Type="HRESULT" />
        </Api>
        <Api Name="WdsCliGetImageLastModifiedTime">
            <Param Type="HANDLE" Name="hIfh" />
            <Param Type="PSYSTEMTIME*" Name="ppSysTimeValue" />
            <Return Type="HRESULT" />
        </Api>
        <Api Name="WdsCliGetImageName">
            <Param Type="HANDLE" Name="hIfh" />
            <Param Type="PWSTR*" Name="ppwszValue" />
            <Return Type="HRESULT" />
        </Api>
        <Api Name="WdsCliGetImageNamespace">
            <Param Type="HANDLE" Name="hIfh" />
            <Param Type="PWSTR*" Name="ppwszValue" />
            <Return Type="HRESULT" />
        </Api>
        <Api Name="WdsCliGetImagePath">
            <Param Type="HANDLE" Name="hIfh" />
            <Param Type="PWSTR*" Name="ppwszValue" />
            <Return Type="HRESULT" />
        </Api>
        <Api Name="WdsCliGetImageSize">
            <Param Type="HANDLE" Name="hIfh" />
            <Param Type="PULONGLONG" Name="pullValue" />
            <Return Type="HRESULT" />
        </Api>
        <Api Name="WdsCliGetImageVersion">
            <Param Type="HANDLE" Name="hIfh" />
            <Param Type="PWSTR*" Name="ppwszValue" />
            <Return Type="HRESULT" />
        </Api>
        <Api Name="WdsCliGetTransferSize">
            <Param Type="HANDLE" Name="hIfh" />
            <Param Type="PULONGLONG" Name="pullValue" />
            <Return Type="HRESULT" />
        </Api>
        <Api Name="WdsCliInitializeLog">
            <Param Type="HANDLE" Name="hSession" />
            <Param Type="ULONG" Name="ulClientArchitecture" />
            <Param Type="PWSTR" Name="pwszClientId" />
            <Param Type="PWSTR" Name="pwszClientAddress" />
            <Return Type="HRESULT" />
        </Api>
        <Api Name="WdsCliLog" VarArgs="True">
            <Param Type="HANDLE" Name="hSession" />
            <Param Type="ULONG" Name="ulLogLevel" />
            <Param Type="ULONG" Name="ulMessageCode" />
            <Return Type="HRESULT" />
        </Api>
        <Api Name="WdsCliRegisterTrace">
            <Param Type="PFN_WdsCliTraceFunction" Name="pfn" />
            <Return Type="HRESULT" />
        </Api>
        <Api Name="WdsCliTransferFile">
            <Param Type="PCWSTR" Name="pwszServer" />
            <Param Type="PCWSTR" Name="pwszNamespace" />
            <Param Type="PCWSTR" Name="pwszRemoteFilePath" />
            <Param Type="PCWSTR" Name="pwszLocalFilePath" />
            <Param Type="DWORD" Name="dwFlags" />
            <Param Type="DWORD" Name="dwReserved" />
            <Param Type="PFN_WdsCliCallback" Name="pfnWdsCliCallback" />
            <Param Type="PVOID" Name="pvUserData" />
            <Param Type="PHANDLE" Name="phTransfer" />
            <Return Type="HRESULT" />
        </Api>
        <Api Name="WdsCliTransferImage">
            <Param Type="HANDLE" Name="hImage" />
            <Param Type="PWSTR" Name="pwszLocalPath" />
            <Param Type="DWORD" Name="dwFlags" />
            <Param Type="DWORD" Name="dwReserved" />
            <Param Type="PFN_WdsCliCallback" Name="pfnWdsCliCallback" />
            <Param Type="PVOID" Name="pvUserData" />
            <Param Type="PHANDLE" Name="phTransfer" />
            <Return Type="HRESULT" />
        </Api>
        <Api Name="WdsCliWaitForTransfer">
            <Param Type="HANDLE" Name="hTransfer" />
            <Return Type="HRESULT" />
        </Api>
        <Api Name="WdsCliGetDriverQueryXml">
            <Param Type="PWSTR" Name="pwszWinDirPath" />
            <Param Type="PWSTR*" Name="ppwszDriverQuery" />
            <Return Type="HRESULT" />
        </Api>
        <Api Name="WdsCliObtainDriverPackagesEx">
            <Param Type="HANDLE" Name="hSession" />
            <Param Type="PWSTR" Name="pwszDriverQuery" />
            <Param Type="PWSTR*" Name="ppwszServerName" />
            <Param Type="PWSTR**" Name="pppwszDriverPackages" />
            <Param Type="ULONG*" Name="pulCount" />
            <Return Type="HRESULT" />
        </Api>

    </Module>
</ApiMonitor>