<!--
    API Monitor Definitions
    (c) 2010-2011, Rohitab Batra <rohitab@rohitab.com>
    http://www.rohitab.com/apimonitor/
-->
<ApiMonitor>
    <Include Filename="Headers\windows.h.xml" />
    <Module Name="Wdstptc.dll" CallingConvention="STDCALL" ErrorFunc="GetLastError" OnlineHelp="MSDN">
        <!-- Variables -->

        <!-- [WdsAuthLevel] -->
        <Variable Name="[WdsAuthLevel]" Type="Alias" Base="ULONG">
            <Display Name="ULONG" />
            <Enum>
                <Set Name="WDS_TRANSPORTCLIENT_AUTH"    Value="0x1" />
                <Set Name="WDS_TRANSPORTCLIENT_NO_AUTH" Value="0x2" />
            </Enum>
        </Variable>

        <!-- WDS_TRANSPORTCLIENT_REQUEST -->
        <Variable Name="WDS_TRANSPORTCLIENT_REQUEST" Type="Struct">
            <Field Type="ULONG" 	        Name="ulLength" />
            <Field Type="ULONG" 	        Name="ulApiVersion" />
            <Field Type="[WdsAuthLevel]" 	Name="ulAuthLevel" />
            <Field Type="LPCWSTR" 	        Name="pwszServer" />
            <Field Type="LPCWSTR" 	        Name="pwszNamespace" />
            <Field Type="LPCWSTR" 	        Name="pwszObjectName" />
            <Field Type="ULONG" 	        Name="ulCacheSize" />
            <Field Type="ULONG" 	        Name="ulProtocol" />
            <Field Type="PVOID" 	        Name="pvProtocolData" Length="ulProtocolDataLength" />
            <Field Type="ULONG" 	        Name="ulProtocolDataLength" />
        </Variable>
        <Variable Name="PWDS_TRANSPORTCLIENT_REQUEST" Type="Pointer" Base="WDS_TRANSPORTCLIENT_REQUEST" />

        <!-- TRANSPORTCLIENT_CALLBACK_ID -->
        <Variable Name="TRANSPORTCLIENT_CALLBACK_ID" Type="Alias" Base="UINT">
            <Enum>
                <Set Name="WDS_TRANSPORTCLIENT_SESSION_START"       Value="0" />
                <Set Name="WDS_TRANSPORTCLIENT_RECEIVE_CONTENTS"    Value="1" />
                <Set Name="WDS_TRANSPORTCLIENT_SESSION_COMPLETE"    Value="2" />
                <Set Name="WDS_TRANSPORTCLIENT_RECEIVE_METADATA"    Value="3" />
                <Set Name="WDS_TRANSPORTCLIENT_SESSION_STARTEX"     Value="4" />
            </Enum>
        </Variable>

        <Category Name="System Administration/Windows Deployment Services (WDS)/Transport Client" />
        <Api Name="WdsTransportClientAddRefBuffer">
            <Param Type="PVOID" Name="pvBuffer" />
            <Return Type="[ERROR_CODE]" />
        </Api>
        <Api Name="WdsTransportClientCancelSession">
            <Param Type="HANDLE" Name="hSessionKey" />
            <Return Type="[ERROR_CODE]" />
        </Api>
        <Api Name="WdsTransportClientCloseSession">
            <Param Type="HANDLE" Name="hSessionKey" />
            <Return Type="[ERROR_CODE]" />
        </Api>
        <Api Name="WdsTransportClientCompleteReceive">
            <Param Type="HANDLE" Name="hSessionKey" />
            <Param Type="HANDLE" Name="ulSize" />
            <Param Type="PULARGE_INTEGER" Name="pullOffset" />
            <Return Type="[ERROR_CODE]" />
        </Api>
        <Api Name="WdsTransportClientInitialize">
            <Return Type="[ERROR_CODE]" />
        </Api>
        <Api Name="WdsTransportClientInitializeSession">
            <Param Type="PWDS_TRANSPORTCLIENT_REQUEST" Name="pSessionRequest" />
            <Param Type="PVOID" Name="pCallerData" />
            <Param Type="PHANDLE" Name="hSessionKey" />
            <Return Type="[ERROR_CODE]" />
        </Api>
        <Api Name="WdsTransportClientQueryStatus">
            <Param Type="HANDLE" Name="hSessionKey" />
            <Param Type="PULONG" Name="puStatus" />
            <Param Type="PULONG" Name="puErrorCode" />
            <Return Type="[ERROR_CODE]" />
        </Api>
        <Api Name="WdsTransportClientRegisterCallback">
            <Param Type="HANDLE" Name="hSessionKey" />
            <Param Type="TRANSPORTCLIENT_CALLBACK_ID" Name="CallbackId" />
            <Param Type="PVOID" Name="pfnCallback" />
            <Return Type="[ERROR_CODE]" />
        </Api>
        <Api Name="WdsTransportClientReleaseBuffer">
            <Param Type="PVOID" Name="pvBuffer" />
            <Return Type="[ERROR_CODE]" />
        </Api>
        <Api Name="WdsTransportClientShutdown">
            <Return Type="[ERROR_CODE]" />
        </Api>
        <Api Name="WdsTransportClientStartSession">
            <Param Type="HANDLE" Name="hSessionKey" />
            <Return Type="[ERROR_CODE]" />
        </Api>
        <Api Name="WdsTransportClientWaitForCompletion">
            <Param Type="HANDLE" Name="hSessionKey" />
            <Param Type="ULONG" Name="uTimeout" />
            <Return Type="[ERROR_CODE]" />
        </Api>
    </Module>
</ApiMonitor>