<!--
    API Monitor Definitions
    (c) 2010-2011, Rohitab Batra <rohitab@rohitab.com>
    http://www.rohitab.com/apimonitor/
-->
<ApiMonitor>
    <Include Filename="Headers\windows.h.xml" />
    <Module Name="Wer.dll" CallingConvention="STDCALL" ErrorFunc="GetLastError" OnlineHelp="MSDN">
        
        <!-- Variables -->
        <Variable Name="HREPORT"                                    Type="Alias"    Base="HANDLE" />
        <Variable Name="HREPORT*"                                   Type="Pointer"  Base="HREPORT" />
        <Variable Name="WCHAR [WER_MAX_PREFERRED_MODULES_BUFFER]"   Type="Array"    Base="WCHAR" Count="256" />
        <Variable Name="WCHAR [64]"                                 Type="Array"    Base="WCHAR" Count="64" />
        <Variable Name="WCHAR [512]"                                Type="Array"    Base="WCHAR" Count="512" />

        <!-- [WER_DUMP_MASK] -->
        <Variable Name="[WER_DUMP_MASK]" Type="Alias" Base="DWORD">
            <Display Name="DWORD" />
            <Flag>
                <Set Name="WER_DUMP_MASK_DUMPTYPE"                  Value="0x1" />
                <Set Name="WER_DUMP_MASK_ONLY_THISTHREAD"           Value="0x2" />
                <Set Name="WER_DUMP_MASK_THREADFLAGS"               Value="0x4" />
                <Set Name="WER_DUMP_MASK_THREADFLAGS_EX"            Value="0x8" />
                <Set Name="WER_DUMP_MASK_OTHERTHREADFLAGS"          Value="0x10" />
                <Set Name="WER_DUMP_MASK_OTHERTHREADFLAGS_EX"       Value="0x20" />
                <Set Name="WER_DUMP_MASK_PREFERRED_MODULESFLAGS"    Value="0x40" />
                <Set Name="WER_DUMP_MASK_OTHER_MODULESFLAGS"        Value="0x80" />
                <Set Name="WER_DUMP_MASK_PREFERRED_MODULE_LIST"     Value="0x100" />
            </Flag>
        </Variable>

        <!-- WER_DUMP_CUSTOM_OPTIONS -->
        <Variable Name="WER_DUMP_CUSTOM_OPTIONS" Type="Struct">
            <Field Type="DWORD"                                     Name="dwSize" />
            <Field Type="[WER_DUMP_MASK]"                           Name="dwMask" />
            <Field Type="MINIDUMP_TYPE"                             Name="dwDumpFlags" Display="DWORD" />
            <Field Type="BOOL"                                      Name="bOnlyThisThread" />
            <Field Type="THREAD_WRITE_FLAGS"                        Name="dwExceptionThreadFlags" />
            <Field Type="THREAD_WRITE_FLAGS"                        Name="dwOtherThreadFlags" />
            <Field Type="THREAD_WRITE_FLAGS"                        Name="dwExceptionThreadExFlags" />
            <Field Type="THREAD_WRITE_FLAGS"                        Name="dwOtherThreadExFlags" />
            <Field Type="MODULE_WRITE_FLAGS"                        Name="dwPreferredModuleFlags" />
            <Field Type="MODULE_WRITE_FLAGS"                        Name="dwOtherModuleFlags" />
            <Field Type="WCHAR [WER_MAX_PREFERRED_MODULES_BUFFER]"  Name="wzPreferredModuleList" />
        </Variable>
        <Variable Name="PWER_DUMP_CUSTOM_OPTIONS" Type="Pointer" Base="WER_DUMP_CUSTOM_OPTIONS" />

        <!-- WER_REPORT_INFORMATION -->
        <Variable Name="WER_REPORT_INFORMATION" Type="Struct">
            <Field Type="DWORD"             Name="dwSize" />
            <Field Type="HANDLE"            Name="hProcess" />
            <Field Type="WCHAR [64]"        Name="wzConsentKey" />
            <Field Type="WCHAR [128]"       Name="wzFriendlyEventName" />
            <Field Type="WCHAR [128]"       Name="wzApplicationName" />
            <Field Type="WCHAR [MAX_PATH]"  Name="wzApplicationPath" />
            <Field Type="WCHAR [512]"       Name="wzDescription" />
            <Field Type="HWND"              Name="hwndParent" />
        </Variable>
        <Variable Name="PWER_REPORT_INFORMATION" Type="Pointer" Base="WER_REPORT_INFORMATION" />

        <!-- WER_EXCEPTION_INFORMATION -->
        <Variable Name="WER_EXCEPTION_INFORMATION" Type="Struct">
            <Field Type="PEXCEPTION_POINTERS" 	Name="pExceptionPointers" />
            <Field Type="BOOL" 	                Name="bClientPointers" />
        </Variable>
        <Variable Name="PWER_EXCEPTION_INFORMATION" Type="Pointer" Base="WER_EXCEPTION_INFORMATION" />

        <Variable Name="WER_DUMP_TYPE" Type="Alias" Base="UINT">
            <Enum>
                <Set Name="WerDumpTypeMicroDump"    Value="1" />
                <Set Name="WerDumpTypeMiniDump"     Value="2" />
                <Set Name="WerDumpTypeHeapDump"     Value="3" />
                <Set Name="WerDumpTypeMax"          Value="4" />
            </Enum>
        </Variable>

        <Variable Name="WER_FILE_TYPE" Type="Alias" Base="UINT">
            <Enum>
                <Set Name="WerFileTypeMicrodump"        Value="1" />
                <Set Name="WerFileTypeMinidump"         Value="2" />
                <Set Name="WerFileTypeHeapdump"         Value="3" />
                <Set Name="WerFileTypeUserDocument"     Value="4" />
                <Set Name="WerFileTypeOther"            Value="5" />
            </Enum>
        </Variable>

        <Variable Name="WER_REPORT_TYPE" Type="Alias" Base="UINT">
            <Enum>
                <Set Name="WerReportNonCritical"        Value="0" />
                <Set Name="WerReportCritical"           Value="1" />
                <Set Name="WerReportApplicationCrash"   Value="2" />
                <Set Name="WerReportApplicationHang"    Value="3" />
                <Set Name="WerReportKernel"             Value="4" />
            </Enum>
        </Variable>

        <Variable Name="WER_REPORT_UI" Type="Alias" Base="UINT">
            <Enum>
                <Set Name="WerUIAdditionalDataDlgHeader"    Value="1" />
                <Set Name="WerUIIconFilePath"               Value="2" />
                <Set Name="WerUIConsentDlgHeader"           Value="3" />
                <Set Name="WerUIConsentDlgBody"             Value="4" />
                <Set Name="WerUIOnlineSolutionCheckText"    Value="5" />
                <Set Name="WerUIOfflineSolutionCheckText"   Value="6" />
                <Set Name="WerUICloseText"                  Value="7" />
                <Set Name="WerUICloseDlgHeader"             Value="8" />
                <Set Name="WerUICloseDlgBody"               Value="9" />
                <Set Name="WerUICloseDlgButtonText"         Value="10" />
            </Enum>
        </Variable>

        <Variable Name="WER_CONSENT" Type="Alias" Base="UINT">
            <Enum>
                <Set Name="WerConsentNotAsked"  Value="1" />
                <Set Name="WerConsentApproved"  Value="2" />
                <Set Name="WerConsentDenied"    Value="3" />
            </Enum>
        </Variable>

        <Variable Name="WER_SUBMIT_RESULT" Type="Alias" Base="UINT">
            <Enum>
                <Set Name="WerReportQueued"     Value="1" />
                <Set Name="WerReportUploaded"   Value="2" />
                <Set Name="WerReportDebug"      Value="3" />
                <Set Name="WerReportFailed"     Value="4" />
                <Set Name="WerDisabled"         Value="5" />
                <Set Name="WerReportCancelled"  Value="6" />
                <Set Name="WerDisabledQueue"    Value="7" />
                <Set Name="WerReportAsync"      Value="8" />
                <Set Name="WerCustomAction"     Value="9" />
                <Set Name="WerThrottled"        Value="10" />
            </Enum>
        </Variable>
        <Variable Name="PWER_SUBMIT_RESULT" Type="Pointer" Base="WER_SUBMIT_RESULT" />

        <!-- Windows Error Reporting -->
        <Category Name="Diagnostics/Windows Error Reporting" />
        <Api Name="WerAddExcludedApplication">
            <Param Type="PCWSTR" Name="pwzExeName" />
            <Param Type="BOOL" Name="bAllUsers" />
            <Return Type="HRESULT" />
        </Api>
        <Api Name="WerRemoveExcludedApplication">
            <Param Type="PCWSTR" Name="pwzExeName" />
            <Param Type="BOOL" Name="bAllUsers" />
            <Return Type="HRESULT" />
        </Api>
        <Api Name="WerReportAddDump">
            <Param Type="HREPORT" Name="hReportHandle" />
            <Param Type="[ProcessHandle]" Name="hProcess" />
            <Param Type="[ThreadHandle]" Name="hThread" />
            <Param Type="WER_DUMP_TYPE" Name="dumpType" />
            <Param Type="PWER_EXCEPTION_INFORMATION" Name="pExceptionParam" />
            <Param Type="PWER_DUMP_CUSTOM_OPTIONS" Name="pDumpCustomOptions" />
            <Param Type="DWORD" Name="dwFlags" />
            <Return Type="HRESULT" />
        </Api>
        <Api Name="WerReportAddFile">
            <Param Type="HREPORT" Name="hReportHandle" />
            <Param Type="PCWSTR" Name="pwzPath" />
            <Param Type="WER_FILE_TYPE" Name="repFileType" />
            <Param Type="DWORD" Name="dwFileFlags" />
            <Return Type="HRESULT" />
        </Api>
        <Api Name="WerReportCloseHandle">
            <Param Type="HREPORT" Name="hReportHandle" />
            <Return Type="HRESULT" />
        </Api>
        <Api Name="WerReportCreate">
            <Param Type="PCWSTR" Name="pwzEventType" />
            <Param Type="WER_REPORT_TYPE" Name="repType" />
            <Param Type="PWER_REPORT_INFORMATION" Name="pReportInformation" />
            <Param Type="HREPORT*" Name="phReportHandle" />
            <Return Type="HRESULT" />
        </Api>
        <Api Name="WerReportSetParameter">
            <Param Type="HREPORT" Name="hReportHandle" />
            <Param Type="DWORD" Name="dwparamID" />
            <Param Type="PCWSTR" Name="pwzName" />
            <Param Type="PCWSTR" Name="pwzValue" />
            <Return Type="HRESULT" />
        </Api>
        <Api Name="WerReportSetUIOption">
            <Param Type="HREPORT" Name="hReportHandle" />
            <Param Type="WER_REPORT_UI" Name="repUITypeID" />
            <Param Type="PCWSTR" Name="pwzValue" />
            <Return Type="HRESULT" />
        </Api>
        <Api Name="WerReportSubmit">
            <Param Type="HREPORT" Name="hReportHandle" />
            <Param Type="WER_CONSENT" Name="consent" />
            <Param Type="DWORD" Name="dwFlags" />
            <Param Type="PWER_SUBMIT_RESULT" Name="pSubmitResult" />
            <Return Type="HRESULT" />
        </Api>
    </Module>
</ApiMonitor>