<!--
    API Monitor Definitions
    (c) 2010-2011, Rohitab Batra <rohitab@rohitab.com>
    http://www.rohitab.com/apimonitor/
-->
<ApiMonitor>
    <Include Filename="Headers\windows.h.xml" />
    <Module Name="Wevtapi.dll" CallingConvention="STDCALL" ErrorFunc="GetLastError" OnlineHelp="MSDN">

        <!-- TODO: Unions (Very Complex) -->
        <Variable Name="PEVT_VARIANT"                       Type="Alias"    Base="LPVOID" />

        <!-- Variables -->
        <Variable Name="EVT_HANDLE"                         Type="Alias"    Base="HANDLE" />
        <Variable Name="EVT_HANDLE*"                        Type="Pointer"  Base="EVT_HANDLE" />
        <Variable Name="EVT_SUBSCRIBE_CALLBACK"             Type="Alias"    Base="LPVOID" />
        <Variable Name="EVT_OBJECT_ARRAY_PROPERTY_HANDLE"   Type="Alias"    Base="HANDLE" />

        <!-- EVT_CHANNEL_CONFIG_PROPERTY_ID -->
        <Variable Name="EVT_CHANNEL_CONFIG_PROPERTY_ID" Type="Alias" Base="UINT">
            <Enum>
                <Set Name="EvtChannelConfigEnabled"                 Value="0" />
                <Set Name="EvtChannelConfigIsolation"               Value="1" />
                <Set Name="EvtChannelConfigType"                    Value="2" />
                <Set Name="EvtChannelConfigOwningPublisher"         Value="3" />
                <Set Name="EvtChannelConfigClassicEventlog"         Value="4" />
                <Set Name="EvtChannelConfigAccess"                  Value="5" />
                <Set Name="EvtChannelLoggingConfigRetention"        Value="6" />
                <Set Name="EvtChannelLoggingConfigAutoBackup"       Value="7" />
                <Set Name="EvtChannelLoggingConfigMaxSize"          Value="8" />
                <Set Name="EvtChannelLoggingConfigLogFilePath"      Value="9" />
                <Set Name="EvtChannelPublishingConfigLevel"         Value="10" />
                <Set Name="EvtChannelPublishingConfigKeywords"      Value="11" />
                <Set Name="EvtChannelPublishingConfigControlGuid"   Value="12" />
                <Set Name="EvtChannelPublishingConfigBufferSize"    Value="13" />
                <Set Name="EvtChannelPublishingConfigMinBuffers"    Value="14" />
                <Set Name="EvtChannelPublishingConfigMaxBuffers"    Value="15" />
                <Set Name="EvtChannelPublishingConfigLatency"       Value="16" />
                <Set Name="EvtChannelPublishingConfigClockType"     Value="17" />
                <Set Name="EvtChannelPublishingConfigSidType"       Value="18" />
                <Set Name="EvtChannelPublisherList"                 Value="19" />
                <Set Name="EvtChannelPublishingConfigFileMax"       Value="20" />
            </Enum>
        </Variable>

        <Variable Name="EVT_PUBLISHER_METADATA_PROPERTY_ID" Type="Alias" Base="UINT">
            <Enum>
                <Set Name="EvtPublisherMetadataPublisherGuid"               Value="0" />
                <Set Name="EvtPublisherMetadataResourceFilePath"            Value="1" />
                <Set Name="EvtPublisherMetadataParameterFilePath"           Value="2" />
                <Set Name="EvtPublisherMetadataMessageFilePath"             Value="3" />
                <Set Name="EvtPublisherMetadataHelpLink"                    Value="4" />
                <Set Name="EvtPublisherMetadataPublisherMessageID"          Value="5" />
                <Set Name="EvtPublisherMetadataChannelReferences"           Value="6" />
                <Set Name="EvtPublisherMetadataChannelReferencePath"        Value="7" />
                <Set Name="EvtPublisherMetadataChannelReferenceIndex"       Value="8" />
                <Set Name="EvtPublisherMetadataChannelReferenceID"          Value="9" />
                <Set Name="EvtPublisherMetadataChannelReferenceFlags"       Value="10" />
                <Set Name="EvtPublisherMetadataChannelReferenceMessageID"   Value="11" />
                <Set Name="EvtPublisherMetadataLevels"                      Value="12" />
                <Set Name="EvtPublisherMetadataLevelName"                   Value="13" />
                <Set Name="EvtPublisherMetadataLevelValue"                  Value="14" />
                <Set Name="EvtPublisherMetadataLevelMessageID"              Value="15" />
                <Set Name="EvtPublisherMetadataTasks"                       Value="16" />
                <Set Name="EvtPublisherMetadataTaskName"                    Value="17" />
                <Set Name="EvtPublisherMetadataTaskEventGuid"               Value="18" />
                <Set Name="EvtPublisherMetadataTaskValue"                   Value="19" />
                <Set Name="EvtPublisherMetadataTaskMessageID"               Value="20" />
                <Set Name="EvtPublisherMetadataOpcodes"                     Value="21" />
                <Set Name="EvtPublisherMetadataOpcodeName"                  Value="22" />
                <Set Name="EvtPublisherMetadataOpcodeValue"                 Value="23" />
                <Set Name="EvtPublisherMetadataOpcodeMessageID"             Value="24" />
                <Set Name="EvtPublisherMetadataKeywords"                    Value="25" />
                <Set Name="EvtPublisherMetadataKeywordName"                 Value="26" />
                <Set Name="EvtPublisherMetadataKeywordValue"                Value="27" />
                <Set Name="EvtPublisherMetadataKeywordMessageID"            Value="28" />
            </Enum>
        </Variable>

        <!-- [EvtFormatMessageFlags] -->
        <Variable Name="[EvtFormatMessageFlags]" Type="Alias" Base="DWORD">
            <Display Name="DWORD" />
            <Enum>
                <Set Name="EvtFormatMessageEvent"       Value="1" />
                <Set Name="EvtFormatMessageLevel"       Value="2" />
                <Set Name="EvtFormatMessageTask"        Value="3" />
                <Set Name="EvtFormatMessageOpcode"      Value="4" />
                <Set Name="EvtFormatMessageKeyword"     Value="5" />
                <Set Name="EvtFormatMessageChannel"     Value="6" />
                <Set Name="EvtFormatMessageProvider"    Value="7" />
                <Set Name="EvtFormatMessageId"          Value="8" />
                <Set Name="EvtFormatMessageXml"         Value="9" />
            </Enum>
        </Variable>

        <Variable Name="[EvtOpenFlags]" Type="Alias" Base="DWORD">
            <Display Name="DWORD" />
            <Flag>
                <Set Name="EvtOpenChannelPath"      Value="0x1" />
                <Set Name="EvtOpenFilePath"         Value="0x2" />
            </Flag>
        </Variable>

        <!-- EVT_LOG_PROPERTY_ID -->
        <Variable Name="EVT_LOG_PROPERTY_ID" Type="Alias" Base="UINT">
            <Enum>
                <Set Name="EvtLogCreationTime"          Value="0" />
                <Set Name="EvtLogLastAccessTime"        Value="1" />
                <Set Name="EvtLogLastWriteTime"         Value="2" />
                <Set Name="EvtLogFileSize"              Value="3" />
                <Set Name="EvtLogAttributes"            Value="4" />
                <Set Name="EvtLogNumberOfLogRecords"    Value="5" />
                <Set Name="EvtLogOldestRecordNumber"    Value="6" />
                <Set Name="EvtLogFull"                  Value="7" />
            </Enum>
        </Variable>

        <!-- [EvtRenderFlags] -->
        <Variable Name="[EvtRenderFlags]" Type="Alias" Base="DWORD">
            <Display Name="DWORD" />
            <Enum>
                <Set Name="EvtRenderEventValues"        Value="0" />
                <Set Name="EvtRenderEventXml"           Value="1" />
                <Set Name="EvtRenderBookmark"           Value="2" />
            </Enum>
        </Variable>

        <!-- [EvtQueryFlags] -->
        <Variable Name="[EvtQueryFlags]" Type="Alias" Base="DWORD">
            <Display Name="DWORD" />
            <Flag>
                <Set Name="EvtQueryChannelPath"         Value="0x1" />
                <Set Name="EvtQueryFilePath"            Value="0x2" />
                <Set Name="EvtQueryForwardDirection"    Value="0x100" />
                <Set Name="EvtQueryReverseDirection"    Value="0x200" />
                <Set Name="EvtQueryTolerateQueryErrors" Value="0x1000" />
            </Flag>
        </Variable>

        <!-- [EvtRenderContextFlags] -->
        <Variable Name="[EvtRenderContextFlags]" Type="Alias" Base="DWORD">
            <Display Name="DWORD" />
            <Enum>
                <Set Name="EvtRenderContextValues"      Value="0" />
                <Set Name="EvtRenderContextSystem"      Value="1" />
                <Set Name="EvtRenderContextUser"        Value="2" />
            </Enum>
        </Variable>

        <!-- EVT_QUERY_PROPERTY_ID -->
        <Variable Name="EVT_QUERY_PROPERTY_ID" Type="Alias" Base="UINT">
            <Enum>
                <Set Name="EvtQueryNames"           Value="0" />
                <Set Name="EvtQueryStatuses"        Value="1" />
            </Enum>
        </Variable>

        <!-- [EvtSubscribeFlags] -->
        <Variable Name="[EvtSubscribeFlags]" Type="Alias" Base="DWORD">
            <Display Name="DWORD" />
            <Flag>
                <Set Name="EvtSubscribeToFutureEvents"          Value="1" />
                <Set Name="EvtSubscribeStartAtOldestRecord"     Value="2" />
                <Set Name="EvtSubscribeStartAfterBookmark"      Value="3" />
                <Set Name="EvtSubscribeTolerateQueryErrors"     Value="0x1000" />
                <Set Name="EvtSubscribeStrict"                  Value="0x10000" />
            </Flag>
        </Variable>

        <!-- EVT_EVENT_PROPERTY_ID -->
        <Variable Name="EVT_EVENT_PROPERTY_ID" Type="Alias" Base="UINT">
            <Enum>
                <Set Name="EvtEventQueryIDs"    Value="0" />
                <Set Name="EvtEventPath"        Value="1" />
            </Enum>
        </Variable>

        <!-- [EvtSeekFlags] -->
        <Variable Name="[EvtSeekFlags]" Type="Alias" Base="DWORD">
            <Display Name="DWORD" />
            <Flag>
                <Set Name="EvtSeekRelativeToFirst"      Value="1" />
                <Set Name="EvtSeekRelativeToLast"       Value="2" />
                <Set Name="EvtSeekRelativeToCurrent"    Value="3" />
                <Set Name="EvtSeekRelativeToBookmark"   Value="4" />
                <Set Name="EvtSeekStrict"               Value="0x10000" />
            </Flag>
        </Variable>

        <!-- [EvtExportLogFlags] -->
        <Variable Name="[EvtExportLogFlags]" Type="Alias" Base="DWORD">
            <Display Name="DWORD" />
            <Flag>
                <Set Name="EvtExportLogChannelPath"         Value="0x1" />
                <Set Name="EvtExportLogFilePath"            Value="0x2" />
                <Set Name="EvtExportLogTolerateQueryErrors" Value="0x1000" />
            </Flag>
        </Variable>

        <!-- EVT_LOGIN_CLASS -->
        <Variable Name="EVT_LOGIN_CLASS" Type="Alias" Base="UINT">
            <Enum>
                <Set Name="EvtRpcLogin" Value="1" />
            </Enum>
        </Variable>

        <!-- EVT_EVENT_METADATA_PROPERTY_ID -->
        <Variable Name="EVT_EVENT_METADATA_PROPERTY_ID" Type="Alias" Base="UINT">
            <Enum>
                <Set Name="EventMetadataEventID"            Value="0" />
                <Set Name="EventMetadataEventVersion"       Value="1" />
                <Set Name="EventMetadataEventChannel"       Value="2" />
                <Set Name="EventMetadataEventLevel"         Value="3" />
                <Set Name="EventMetadataEventOpcode"        Value="4" />
                <Set Name="EventMetadataEventTask"          Value="5" />
                <Set Name="EventMetadataEventKeyword"       Value="6" />
                <Set Name="EventMetadataEventMessageID"     Value="7" />
                <Set Name="EventMetadataEventTemplate"      Value="8" />
            </Enum>
        </Variable>

        <!-- Windows Event Log -->
        <Category Name="Diagnostics/Windows Events/Windows Event Log" />
        <Api Name="EvtOpenSession">
            <Param Type="EVT_LOGIN_CLASS" Name="LoginClass" />
            <Param Type="PVOID" Name="Login" />
            <Param Type="DWORD" Name="Timeout" />
            <Param Type="DWORD" Name="Flags" />
            <Return Type="EVT_HANDLE" />
            <Success Return="NotEqual" Value="0" />
        </Api>
        <Api Name="EvtClose">
            <Param Type="EVT_HANDLE" Name="Object" />
            <Return Type="BOOL" />
        </Api>
        <Api Name="EvtGetExtendedStatus">
            <Param Type="DWORD" Name="BufferSize" />
            <Param Type="LPWSTR" Name="Buffer" />
            <Param Type="PDWORD" Name="BufferUsed" />
            <Return Type="BOOL" />
        </Api>
        <Api Name="EvtGetQueryInfo">
            <Param Type="EVT_HANDLE" Name="QueryOrSubscription" />
            <Param Type="EVT_QUERY_PROPERTY_ID" Name="PropertyId" />
            <Param Type="DWORD" Name="PropertyValueBufferSize" />
            <Param Type="PEVT_VARIANT" Name="PropertyValueBuffer" PostLength="PropertyValueBufferUsed" />
            <Param Type="PDWORD" Name="PropertyValueBufferUsed" />
            <Return Type="BOOL" />
        </Api>
        <Api Name="EvtQuery">
            <Param Type="EVT_HANDLE" Name="Session" />
            <Param Type="LPCWSTR" Name="Path" />
            <Param Type="LPCWSTR" Name="Query" />
            <Param Type="[EvtQueryFlags]" Name="Flags" />
            <Return Type="EVT_HANDLE" />
            <Success Return="NotEqual" Value="0" />
        </Api>
        <Api Name="EvtNext">
            <Param Type="EVT_HANDLE" Name="ResultSet" />
            <Param Type="DWORD" Name="EventArraySize" />
            <Param Type="EVT_HANDLE*" Name="EventArray" />
            <Param Type="[WaitTimeout]" Name="Timeout" />
            <Param Type="DWORD" Name="Flags" />
            <Param Type="PDWORD" Name="Returned" />
            <Return Type="BOOL" />
        </Api>
        <Api Name="EvtSeek">
            <Param Type="EVT_HANDLE" Name="ResultSet" />
            <Param Type="LONGLONG" Name="Position" />
            <Param Type="EVT_HANDLE" Name="Bookmark" />
            <Param Type="DWORD" Name="Timeout" />
            <Param Type="[EvtSeekFlags]" Name="Flags" />
            <Return Type="BOOL" />
        </Api>
        <Api Name="EvtSubscribe">
            <Param Type="EVT_HANDLE" Name="Session" />
            <Param Type="HANDLE" Name="SignalEvent" />
            <Param Type="LPCWSTR" Name="ChannelPath" />
            <Param Type="LPCWSTR" Name="Query" />
            <Param Type="EVT_HANDLE" Name="Bookmark" />
            <Param Type="PVOID" Name="context" />
            <Param Type="EVT_SUBSCRIBE_CALLBACK" Name="Callback" />
            <Param Type="[EvtSubscribeFlags]" Name="Flags" />
            <Return Type="EVT_HANDLE" />
            <Success Return="NotEqual" Value="0" />
        </Api>
        <Api Name="EvtCreateBookmark">
            <Param Type="LPCWSTR" Name="BookmarkXml" />
            <Return Type="EVT_HANDLE" />
            <Success Return="NotEqual" Value="0" />
        </Api>
        <Api Name="EvtUpdateBookmark">
            <Param Type="EVT_HANDLE" Name="Bookmark" />
            <Param Type="EVT_HANDLE" Name="Event" />
            <Return Type="BOOL" />
        </Api>
        <Api Name="EvtGetEventInfo">
            <Param Type="EVT_HANDLE" Name="Event" />
            <Param Type="EVT_EVENT_PROPERTY_ID" Name="PropertyId" />
            <Param Type="DWORD" Name="PropertyValueBufferSize" />
            <Param Type="PEVT_VARIANT" Name="PropertyValueBuffer" PostLength="PropertyValueBufferUsed" />
            <Param Type="PDWORD" Name="PropertyValueBufferUsed" />
            <Return Type="BOOL" />
        </Api>
        <Api Name="EvtCreateRenderContext">
            <Param Type="DWORD" Name="ValuePathsCount" />
            <Param Type="LPCWSTR*" Name="ValuePaths" Count="ValuePathsCount" />
            <Param Type="[EvtRenderContextFlags]" Name="Flags" />
            <Return Type="EVT_HANDLE" />
            <Success Return="NotEqual" Value="0" />
        </Api>
        <Api Name="EvtRender">
            <Param Type="EVT_HANDLE" Name="Context" />
            <Param Type="EVT_HANDLE" Name="Fragment" />
            <Param Type="[EvtRenderFlags]" Name="Flags" />
            <Param Type="DWORD" Name="BufferSize" />
            <Param Type="PVOID" Name="Buffer" PostLength="BufferUsed" />
            <Param Type="PDWORD" Name="BufferUsed" />
            <Param Type="PDWORD" Name="PropertyCount" />
            <Return Type="BOOL" />
        </Api>
        <Api Name="EvtFormatMessage">
            <Param Type="EVT_HANDLE" Name="PublisherMetadata" />
            <Param Type="EVT_HANDLE" Name="Event" />
            <Param Type="DWORD" Name="MessageId" />
            <Param Type="DWORD" Name="ValueCount" />
            <Param Type="PEVT_VARIANT" Name="Values" Count="ValueCount" />
            <Param Type="[EvtFormatMessageFlags]" Name="Flags" />
            <Param Type="DWORD" Name="BufferSize" />
            <Param Type="LPWSTR" Name="Buffer" />
            <Param Type="PDWORD" Name="BufferUsed" />
            <Return Type="BOOL" />
        </Api>
        <Api Name="EvtOpenLog">
            <Param Type="EVT_HANDLE" Name="Session" />
            <Param Type="LPCWSTR" Name="Path" />
            <Param Type="[EvtOpenFlags]" Name="Flags" />
            <Return Type="EVT_HANDLE" />
            <Success Return="NotEqual" Value="0" />
        </Api>
        <Api Name="EvtGetLogInfo">
            <Param Type="EVT_HANDLE" Name="Log" />
            <Param Type="EVT_LOG_PROPERTY_ID" Name="PropertyId" />
            <Param Type="DWORD" Name="PropertyValueBufferSize" />
            <Param Type="PEVT_VARIANT" Name="PropertyValueBuffer" PostLength="PropertyValueBufferUsed" />
            <Param Type="PDWORD" Name="PropertyValueBufferUsed" />
            <Return Type="BOOL" />
        </Api>
        <Api Name="EvtClearLog">
            <Param Type="EVT_HANDLE" Name="Session" />
            <Param Type="LPCWSTR" Name="ChannelPath" />
            <Param Type="LPCWSTR" Name="TargetFilePath" />
            <Param Type="DWORD" Name="Flags" />
            <Return Type="BOOL" />
        </Api>
        <Api Name="EvtExportLog">
            <Param Type="EVT_HANDLE" Name="Session" />
            <Param Type="LPCWSTR" Name="Path" />
            <Param Type="LPCWSTR" Name="Query" />
            <Param Type="LPCWSTR" Name="TargetFilePath" />
            <Param Type="[EvtExportLogFlags]" Name="Flags" />
            <Return Type="BOOL" />
        </Api>
        <Api Name="EvtArchiveExportedLog">
            <Param Type="EVT_HANDLE" Name="Session" />
            <Param Type="LPCWSTR" Name="LogFilePath" />
            <Param Type="LCID" Name="Locale" />
            <Param Type="DWORD" Name="Flags" />
            <Return Type="BOOL" />
        </Api>
        <Api Name="EvtOpenChannelEnum">
            <Param Type="EVT_HANDLE" Name="Session" />
            <Param Type="DWORD" Name="Flags" />
            <Return Type="EVT_HANDLE" />
            <Success Return="NotEqual" Value="0" />
        </Api>
        <Api Name="EvtNextChannelPath">
            <Param Type="EVT_HANDLE" Name="ChannelEnum" />
            <Param Type="DWORD" Name="ChannelPathBufferSize" />
            <Param Type="LPWSTR" Name="ChannelPathBuffer" />
            <Param Type="PDWORD" Name="ChannelPathBufferUsed" />
            <Return Type="BOOL" />
        </Api>
        <Api Name="EvtOpenChannelConfig">
            <Param Type="EVT_HANDLE" Name="Session" />
            <Param Type="LPCWSTR" Name="ChannelPath" />
            <Param Type="DWORD" Name="Flags" />
            <Return Type="EVT_HANDLE" />
            <Success Return="NotEqual" Value="0" />
        </Api>
        <Api Name="EvtSaveChannelConfig">
            <Param Type="EVT_HANDLE" Name="ChannelConfig" />
            <Param Type="DWORD" Name="Flags" />
            <Return Type="BOOL" />
        </Api>
        <Api Name="EvtSetChannelConfigProperty">
            <Param Type="EVT_HANDLE" Name="ChannelConfig" />
            <Param Type="EVT_CHANNEL_CONFIG_PROPERTY_ID" Name="PropertyId" />
            <Param Type="DWORD" Name="Flags" />
            <Param Type="PEVT_VARIANT" Name="PropertyValue" />
            <Return Type="BOOL" />
        </Api>
        <Api Name="EvtGetChannelConfigProperty">
            <Param Type="EVT_HANDLE" Name="ChannelConfig" />
            <Param Type="EVT_CHANNEL_CONFIG_PROPERTY_ID" Name="PropertyId" />
            <Param Type="DWORD" Name="Flags" />
            <Param Type="DWORD" Name="PropertyValueBufferSize" />
            <Param Type="PEVT_VARIANT" Name="PropertyValueBuffer" PostLength="PropertyValueBufferUsed" />
            <Param Type="PDWORD" Name="PropertyValueBufferUsed" />
            <Return Type="BOOL" />
        </Api>
        <Api Name="EvtNextPublisherId">
            <Param Type="EVT_HANDLE" Name="PublisherEnum" />
            <Param Type="DWORD" Name="PublisherIdBufferSize" />
            <Param Type="LPWSTR" Name="PublisherIdBuffer" />
            <Param Type="PDWORD" Name="PublisherIdBufferUsed" />
            <Return Type="BOOL" />
        </Api>
        <Api Name="EvtOpenPublisherEnum">
            <Param Type="EVT_HANDLE" Name="Session" />
            <Param Type="DWORD" Name="Flags" />
            <Return Type="EVT_HANDLE" />
            <Success Return="NotEqual" Value="0" />
        </Api>
        <Api Name="EvtOpenPublisherMetadata">
            <Param Type="EVT_HANDLE" Name="Session" />
            <Param Type="LPCWSTR" Name="PublisherIdentity" />
            <Param Type="LPCWSTR" Name="LogFilePath" />
            <Param Type="LCID" Name="Locale" />
            <Param Type="DWORD" Name="Flags" />
            <Return Type="EVT_HANDLE" />
            <Success Return="NotEqual" Value="0" />
        </Api>
        <Api Name="EvtGetPublisherMetadataProperty">
            <Param Type="EVT_HANDLE" Name="PublisherMetadata" />
            <Param Type="EVT_PUBLISHER_METADATA_PROPERTY_ID" Name="PropertyId" />
            <Param Type="DWORD" Name="Flags" />
            <Param Type="DWORD" Name="PublisherMetadataPropertyBufferSize" />
            <Param Type="PEVT_VARIANT" Name="PublisherMetadataPropertyBuffer" PostLength="PublisherMetadataPropertyBufferUsed" />
            <Param Type="PDWORD" Name="PublisherMetadataPropertyBufferUsed" />
            <Return Type="BOOL" />
        </Api>
        <Api Name="EvtOpenEventMetadataEnum">
            <Param Type="EVT_HANDLE" Name="PublisherMetadata" />
            <Param Type="DWORD" Name="Flags" />
            <Return Type="EVT_HANDLE" />
            <Success Return="NotEqual" Value="0" />
        </Api>
        <Api Name="EvtNextEventMetadata">
            <Param Type="EVT_HANDLE" Name="EventMetadataEnum" />
            <Param Type="DWORD" Name="Flags" />
            <Return Type="EVT_HANDLE" />
            <Success Return="NotEqual" Value="0" />
        </Api>
        <Api Name="EvtGetEventMetadataProperty">
            <Param Type="EVT_HANDLE" Name="EventMetadata" />
            <Param Type="EVT_EVENT_METADATA_PROPERTY_ID" Name="PropertyId" />
            <Param Type="DWORD" Name="Flags" />
            <Param Type="DWORD" Name="EventMetadataPropertyBufferSize" />
            <Param Type="PEVT_VARIANT" Name="EventMetadataPropertyBuffer" />
            <Param Type="PDWORD" Name="EventMetadataPropertyBufferUsed" />
            <Return Type="BOOL" />
        </Api>
        <Api Name="EvtGetObjectArraySize">
            <Param Type="EVT_OBJECT_ARRAY_PROPERTY_HANDLE" Name="ObjectArray" />
            <Param Type="PDWORD" Name="ObjectArraySize" />
            <Return Type="BOOL" />
        </Api>
        <Api Name="EvtGetObjectArrayProperty">
            <Param Type="EVT_OBJECT_ARRAY_PROPERTY_HANDLE" Name="ObjectArray" />
            <Param Type="DWORD" Name="PropertyId" />
            <Param Type="DWORD" Name="ArrayIndex" />
            <Param Type="DWORD" Name="Flags" />
            <Param Type="DWORD" Name="PropertyValueBufferSize" />
            <Param Type="PEVT_VARIANT" Name="PropertyValueBuffer" PostLength="PropertyValueBufferUsed" />
            <Param Type="PDWORD" Name="PropertyValueBufferUsed" />
            <Return Type="BOOL" />
        </Api>
    </Module>
</ApiMonitor>