<!--
    API Monitor Definitions
    (c) 2010-2011, Rohitab Batra <rohitab@rohitab.com>
    http://www.rohitab.com/apimonitor/
-->
<ApiMonitor>
    <Include Filename="Headers\windows.h.xml" />
    <Include Filename="Headers\registry.h.xml" />
    <Include Filename="Headers\events.h.xml" />
    <Include Filename="Headers\services.h.xml" />
    <Include Filename="Headers\cryptography.h.xml" />
    <Include Filename="Headers\security.h.xml" />
    <Include Filename="Headers\native.h.xml" />
    <Include Filename="Headers\network.h.xml" />
    <Module Name="Winbio.dll" CallingConvention="STDCALL" OnlineHelp="MSDN" ErrorFunc="HRESULT">
        
        <!-- Variables -->
        <Variable Name="WINBIO_SESSION_HANDLE"              Type="Alias"    Base="ULONG" />
        <Variable Name="WINBIO_SESSION_HANDLE*"             Type="Pointer"  Base="WINBIO_SESSION_HANDLE" />
        <Variable Name="WINBIO_UNIT_ID"                     Type="Alias"    Base="ULONG" />
        <Variable Name="WINBIO_UNIT_ID*"                    Type="Pointer"  Base="WINBIO_UNIT_ID" />
        <Variable Name="PWINBIO_ENROLL_CAPTURE_CALLBACK"    Type="Alias"    Base="LPVOID" />
        <Variable Name="PWINBIO_IDENTIFY_CALLBACK"          Type="Alias"    Base="LPVOID" />
        <Variable Name="PWINBIO_LOCATE_SENSOR_CALLBACK"     Type="Alias"    Base="LPVOID" />
        <Variable Name="PWINBIO_EVENT_CALLBACK"             Type="Alias"    Base="LPVOID" />
        <Variable Name="PWINBIO_CAPTURE_CALLBACK"           Type="Alias"    Base="LPVOID" />
        <Variable Name="PWINBIO_VERIFY_CALLBACK"            Type="Alias"    Base="LPVOID" />
        <Variable Name="WINBIO_UUID"                        Type="Alias"    Base="UUID" />
        <Variable Name="WINBIO_BIOMETRIC_SENSOR_SUBTYPE"    Type="Alias"    Base="ULONG" />
        <Variable Name="WINBIO_FRAMEWORK_HANDLE"            Type="Alias"    Base="WINBIO_SESSION_HANDLE" />
        <Variable Name="WINBIO_FRAMEWORK_HANDLE*"           Type="Pointer"  Base="WINBIO_FRAMEWORK_HANDLE" />
        <Variable Name="WINBIO_FRAMEWORK_CHANGE_TYPE"       Type="Alias"    Base="ULONG" />
        <Variable Name="PWINBIO_ASYNC_COMPLETION_CALLBACK"  Type="Alias"    Base="LPVOID" />
        
        <!-- Arrays -->
        <Variable Name="WINBIO_STRING"                      Type="Array"    Base="WCHAR" Count="256" />
        <Variable Name="UCHAR [SECURITY_MAX_SID_SIZE]"      Type="Array"    Base="UCHAR" Count="68" />

        <!-- WINBIO_BIOMETRIC_TYPE -->
        <Variable Name="WINBIO_BIOMETRIC_TYPE" Type="Alias" Base="ULONG">
            <Flag>
                <Set Name="WINBIO_NO_TYPE_AVAILABLE"            	Value="0x00000000" />
                <Set Name="WINBIO_TYPE_MULTIPLE"                	Value="0x00000001" />
                <Set Name="WINBIO_TYPE_FACIAL_FEATURES"         	Value="0x00000002" />
                <Set Name="WINBIO_TYPE_VOICE"                   	Value="0x00000004" />
                <Set Name="WINBIO_TYPE_FINGERPRINT"             	Value="0x00000008" />
                <Set Name="WINBIO_TYPE_IRIS"                    	Value="0x00000010" />
                <Set Name="WINBIO_TYPE_RETINA"                  	Value="0x00000020" />
                <Set Name="WINBIO_TYPE_HAND_GEOMETRY"           	Value="0x00000040" />
                <Set Name="WINBIO_TYPE_SIGNATURE_DYNAMICS"      	Value="0x00000080" />
                <Set Name="WINBIO_TYPE_KEYSTROKE_DYNAMICS"      	Value="0x00000100" />
                <Set Name="WINBIO_TYPE_LIP_MOVEMENT"            	Value="0x00000200" />
                <Set Name="WINBIO_TYPE_THERMAL_FACE_IMAGE"      	Value="0x00000400" />
                <Set Name="WINBIO_TYPE_THERMAL_HAND_IMAGE"      	Value="0x00000800" />
                <Set Name="WINBIO_TYPE_GAIT"                    	Value="0x00001000" />
                <Set Name="WINBIO_TYPE_SCENT"                   	Value="0x00002000" />
                <Set Name="WINBIO_TYPE_DNA"                     	Value="0x00004000" />
                <Set Name="WINBIO_TYPE_EAR_SHAPE"               	Value="0x00008000" />
                <Set Name="WINBIO_TYPE_FINGER_GEOMETRY"         	Value="0x00010000" />
                <Set Name="WINBIO_TYPE_PALM_PRINT"              	Value="0x00020000" />
                <Set Name="WINBIO_TYPE_VEIN_PATTERN"            	Value="0x00040000" />
                <Set Name="WINBIO_TYPE_FOOT_PRINT"              	Value="0x00080000" />
                <Set Name="WINBIO_TYPE_OTHER"                   	Value="0x40000000" />
                <Set Name="WINBIO_TYPE_PASSWORD"                	Value="0x80000000" />
                <Set Name="WINBIO_TYPE_ANY"                         Value="0xC0FFFFFF" />
            </Flag>
        </Variable>

        <!-- WINBIO_POOL_TYPE -->
        <Variable Name="WINBIO_POOL_TYPE" Type="Alias" Base="ULONG">
            <Enum>
                <Set Name="WINBIO_POOL_UNKNOWN"     Value="0" />
                <Set Name="WINBIO_POOL_SYSTEM"      Value="1" />
                <Set Name="WINBIO_POOL_PRIVATE"     Value="2" />
                <Set Name="WINBIO_POOL_UNASSIGNED"  Value="3" />
            </Enum>
        </Variable>

        <!-- WINBIO_VERSION -->
        <Variable Name="WINBIO_VERSION" Type="Struct">
            <Field Type="DWORD"     Name="MajorVersion" />
            <Field Type="DWORD"     Name="MinorVersion" />
        </Variable>

        <!-- WINBIO_IDENTITY_TYPE -->
        <Variable Name="WINBIO_IDENTITY_TYPE" Type="Alias" Base="UINT">
            <Enum>
                <Set Name="WINBIO_ID_TYPE_NULL"         Value="0" />
                <Set Name="WINBIO_ID_TYPE_WILDCARD"     Value="1" />
                <Set Name="WINBIO_ID_TYPE_GUID"         Value="2" />
                <Set Name="WINBIO_ID_TYPE_SID"          Value="3" />
            </Enum>
        </Variable>

        <!-- [WINBIO_IDENTITY_u_s] -->
        <Variable Name="[WINBIO_IDENTITY_u_s]" Type="Struct">
            <Display Name="struct" />
            <Field Type="ULONG"                             Name="Size" />
            <Field Type="UCHAR [SECURITY_MAX_SID_SIZE]"     Name="Data" />
        </Variable>

        <!-- [WINBIO_IDENTITY_u] -->
        <Variable Name="[WINBIO_IDENTITY_u]" Type="Union">
            <Display Name="union" />
            <Field Type="ULONG"                     Name="Null" />
            <Field Type="ULONG"                     Name="Wildcard" />
            <Field Type="GUID"                      Name="TemplateGuid" />
            <Field Type="[WINBIO_IDENTITY_u_s]"     Name="AccountSid" />
        </Variable>

        <!-- WINBIO_IDENTITY -->
        <Variable Name="WINBIO_IDENTITY" Type="Struct">
            <Field Type="WINBIO_IDENTITY_TYPE"  Name="Type" />
            <Field Type="[WINBIO_IDENTITY_u]"   Name="Value" />
        </Variable>
        <Variable Name="WINBIO_IDENTITY*" Type="Pointer" Base="WINBIO_IDENTITY" />

        <!-- WINBIO_CAPABILITIES -->
        <Variable Name="WINBIO_CAPABILITIES" Type="Alias" Base="ULONG">
            <Flag>
                <Set Name="WINBIO_CAPABILITY_SENSOR"            Value="0x00000001" />
                <Set Name="WINBIO_CAPABILITY_MATCHING"          Value="0x00000002" />
                <Set Name="WINBIO_CAPABILITY_DATABASE"          Value="0x00000004" />
                <Set Name="WINBIO_CAPABILITY_PROCESSING"        Value="0x00000008" />
                <Set Name="WINBIO_CAPABILITY_ENCRYPTION"        Value="0x00000010" />
                <Set Name="WINBIO_CAPABILITY_NAVIGATION"        Value="0x00000020" />
                <Set Name="WINBIO_CAPABILITY_INDICATOR"         Value="0x00000040" />
            </Flag>
        </Variable>

        <!-- WINBIO_UNIT_SCHEMA -->
        <Variable Name="WINBIO_UNIT_SCHEMA" Type="Struct">
            <Field Type="WINBIO_UNIT_ID"                    Name="UnitId" />
            <Field Type="WINBIO_POOL_TYPE"                  Name="PoolType" />
            <Field Type="WINBIO_BIOMETRIC_TYPE"             Name="BiometricFactor" />
            <Field Type="WINBIO_BIOMETRIC_SENSOR_SUBTYPE"   Name="SensorSubType" />
            <Field Type="WINBIO_CAPABILITIES"               Name="Capabilities" />
            <Field Type="WINBIO_STRING"                     Name="DeviceInstanceId" />
            <Field Type="WINBIO_STRING"                     Name="Description" />
            <Field Type="WINBIO_STRING"                     Name="Manufacturer" />
            <Field Type="WINBIO_STRING"                     Name="Model" />
            <Field Type="WINBIO_STRING"                     Name="SerialNumber" />
            <Field Type="WINBIO_VERSION"                    Name="FirmwareVersion" />
        </Variable>
        <Variable Name="WINBIO_UNIT_SCHEMA*"    Type="Pointer" Base="WINBIO_UNIT_SCHEMA" />
        <Variable Name="WINBIO_UNIT_SCHEMA**"   Type="Pointer" Base="WINBIO_UNIT_SCHEMA*" />

        <!-- [WINBIO_DATABASE_ATTRIBUTES] -->
        <Variable Name="[WINBIO_DATABASE_ATTRIBUTES]" Type="Alias" Base="ULONG">
            <Display Name="ULONG" />
            <Flag>
                <Set Name="WINBIO_DATABASE_TYPE_FILE"       Value="0x00000001" />
                <Set Name="WINBIO_DATABASE_TYPE_DBMS"       Value="0x00000002" />
                <Set Name="WINBIO_DATABASE_TYPE_ONCHIP"     Value="0x00000003" />
                <Set Name="WINBIO_DATABASE_TYPE_SMARTCARD"  Value="0x00000004" />
                <Set Name="WINBIO_DATABASE_FLAG_REMOVABLE"  Value="0x00010000" />
                <Set Name="WINBIO_DATABASE_FLAG_REMOTE"     Value="0x00020000" />
            </Flag>
        </Variable>

        <!-- WINBIO_STORAGE_SCHEMA -->
        <Variable Name="WINBIO_STORAGE_SCHEMA" Type="Struct">
            <Field Type="WINBIO_BIOMETRIC_TYPE"         Name="BiometricFactor" />
            <Field Type="WINBIO_UUID"                   Name="DatabaseId" />
            <Field Type="WINBIO_UUID"                   Name="DataFormat" />
            <Field Type="[WINBIO_DATABASE_ATTRIBUTES]"  Name="Attributes" />
            <Field Type="WINBIO_STRING"                 Name="FilePath" />
            <Field Type="WINBIO_STRING"                 Name="ConnectionString" />
        </Variable>
        <Variable Name="WINBIO_STORAGE_SCHEMA*"     Type="Pointer" Base="WINBIO_STORAGE_SCHEMA" />
        <Variable Name="WINBIO_STORAGE_SCHEMA**"    Type="Pointer" Base="WINBIO_STORAGE_SCHEMA*" />

        <!-- WINBIO_BSP_SCHEMA -->
        <Variable Name="WINBIO_BSP_SCHEMA" Type="Struct">
            <Field Type="WINBIO_BIOMETRIC_TYPE"     Name="BiometricFactor" />
            <Field Type="WINBIO_UUID"               Name="BspId" />
            <Field Type="WINBIO_STRING"             Name="Description" />
            <Field Type="WINBIO_STRING"             Name="Vendor" />
            <Field Type="WINBIO_VERSION"            Name="Version" />
        </Variable>
        <Variable Name="WINBIO_BSP_SCHEMA*"     Type="Pointer" Base="WINBIO_BSP_SCHEMA" />
        <Variable Name="WINBIO_BSP_SCHEMA**"    Type="Pointer" Base="WINBIO_BSP_SCHEMA*" />

        <!-- WINBIO_BIR_DATA -->
        <Variable Name="WINBIO_BIR_DATA" Type="Struct">
            <Field Type="ULONG" 	Name="Size" />
            <Field Type="ULONG"     Name="Offset" />
        </Variable>

        <!-- WINBIO_BIR -->
        <Variable Name="WINBIO_BIR" Type="Struct">
            <Field Type="WINBIO_BIR_DATA" 	Name="HeaderBlock" />
            <Field Type="WINBIO_BIR_DATA" 	Name="StandardDataBlock" />
            <Field Type="WINBIO_BIR_DATA" 	Name="VendorDataBlock" />
            <Field Type="WINBIO_BIR_DATA" 	Name="SignatureBlock" />
        </Variable>
        <Variable Name="PWINBIO_BIR"    Type="Pointer"  Base="WINBIO_BIR" />
        <Variable Name="PWINBIO_BIR*"   Type="Pointer"  Base="PWINBIO_BIR" />

        <!-- WINBIO_PROPERTY_TYPE -->
        <Variable Name="WINBIO_PROPERTY_TYPE" Type="Alias" Base="ULONG">
            <Enum>
                <Set Name="WINBIO_PROPERTY_TYPE_SESSION"        Value="1" />
                <Set Name="WINBIO_PROPERTY_TYPE_UNIT"       	Value="2" />
                <Set Name="WINBIO_PROPERTY_TYPE_TEMPLATE"   	Value="3" />
            </Enum>
        </Variable>

        <!-- WINBIO_CREDENTIAL_FORMAT -->
        <Variable Name="WINBIO_CREDENTIAL_FORMAT" Type="Alias" Base="UINT">
            <Enum>
                <Set Name="WINBIO_PASSWORD_GENERIC"		Value="0x00000001" />
                <Set Name="WINBIO_PASSWORD_PACKED"      Value="0x00000002" />
            </Enum>
        </Variable>

        <!-- WINBIO_COMPONENT -->
        <Variable Name="WINBIO_COMPONENT" Type="Alias" Base="ULONG">
            <Enum>
                <Set Name="WINBIO_COMPONENT_SENSOR"     Value="1" />
                <Set Name="WINBIO_COMPONENT_ENGINE"     Value="2" />
                <Set Name="WINBIO_COMPONENT_STORAGE"    Value="3" />
            </Enum>
        </Variable>

        <!-- WINBIO_BIR_PURPOSE -->
        <Variable Name="WINBIO_BIR_PURPOSE" Type="Alias" Base="UCHAR">
            <Flag>
                <Set Name="WINBIO_NO_PURPOSE_AVAILABLE"                     Value="0x00" />
                <Set Name="WINBIO_PURPOSE_VERIFY"                           Value="0x01" />
                <Set Name="WINBIO_PURPOSE_IDENTIFY"                         Value="0x02" />
                <Set Name="WINBIO_PURPOSE_ENROLL"                           Value="0x04" />
                <Set Name="WINBIO_PURPOSE_ENROLL_FOR_VERIFICATION"          Value="0x08" />
                <Set Name="WINBIO_PURPOSE_ENROLL_FOR_IDENTIFICATION"        Value="0x10" />
                <Set Name="WINBIO_PURPOSE_AUDIT"                            Value="0x80" />
            </Flag>
        </Variable>

        <!-- WINBIO_BIR_DATA_FLAGS -->
        <Variable Name="WINBIO_BIR_DATA_FLAGS" Type="Alias" Base="UCHAR">
            <Flag>
                <Set Name="WINBIO_DATA_FLAG_PRIVACY"            Value="0x02" />
                <Set Name="WINBIO_DATA_FLAG_INTEGRITY"          Value="0x01" />
                <Set Name="WINBIO_DATA_FLAG_SIGNED"             Value="0x04" />
                <Set Name="WINBIO_DATA_FLAG_RAW"                Value="0x20" />
                <Set Name="WINBIO_DATA_FLAG_INTERMEDIATE"       Value="0x40" />
                <Set Name="WINBIO_DATA_FLAG_PROCESSED"          Value="0x80" />
            </Flag>
        </Variable>

        <!-- WINBIO_BIOMETRIC_SUBTYPE -->
        <Variable Name="WINBIO_BIOMETRIC_SUBTYPE" Type="Alias" Base="UCHAR">
            <Enum>
                <Set Name="WINBIO_SUBTYPE_NO_INFORMATION"   Value="0x00" />
                <Set Name="WINBIO_SUBTYPE_ANY"              Value="0xFF" />
            </Enum>
        </Variable>
        <Variable Name="WINBIO_BIOMETRIC_SUBTYPE*"  Type="Pointer" Base="WINBIO_BIOMETRIC_SUBTYPE" />
        <Variable Name="WINBIO_BIOMETRIC_SUBTYPE**" Type="Pointer" Base="WINBIO_BIOMETRIC_SUBTYPE*" />

        <!-- WINBIO_REJECT_DETAIL -->
        <Variable Name="WINBIO_REJECT_DETAIL" Type="Alias" Base="ULONG">
            <Enum>
                <Set Name="WINBIO_FP_TOO_HIGH"          Value="1" />
                <Set Name="WINBIO_FP_TOO_LOW"           Value="2" />
                <Set Name="WINBIO_FP_TOO_LEFT"          Value="3" />
                <Set Name="WINBIO_FP_TOO_RIGHT"         Value="4" />
                <Set Name="WINBIO_FP_TOO_FAST"          Value="5" />
                <Set Name="WINBIO_FP_TOO_SLOW"          Value="6" />
                <Set Name="WINBIO_FP_POOR_QUALITY"      Value="7" />
                <Set Name="WINBIO_FP_TOO_SKEWED"        Value="8" />
                <Set Name="WINBIO_FP_TOO_SHORT"         Value="9" />
                <Set Name="WINBIO_FP_MERGE_FAILURE"     Value="10" />
            </Enum>
        </Variable>
        <Variable Name="WINBIO_REJECT_DETAIL*" Type="Pointer" Base="WINBIO_REJECT_DETAIL" />

        <!-- WINBIO_EVENT_TYPE -->
        <Variable Name="WINBIO_EVENT_TYPE" Type="Alias" Base="ULONG">
            <Enum>
                <Set Name="WINBIO_EVENT_ERROR"                  Value="0xFFFFFFFF" />
                <Set Name="WINBIO_EVENT_FP_UNCLAIMED"		    Value="0x00000001" />
                <Set Name="WINBIO_EVENT_FP_UNCLAIMED_IDENTIFY"	Value="0x00000002" />
            </Enum>
        </Variable>

        <!-- WINBIO_SESSION_FLAGS -->
        <Variable Name="WINBIO_SESSION_FLAGS" Type="Alias" Base="ULONG">
            <Flag>
                <Set Name="WINBIO_FLAG_DEFAULT"         Value="0x00000000" />
                <Set Name="WINBIO_FLAG_BASIC"           Value="0x10000" />
                <Set Name="WINBIO_FLAG_ADVANCED"        Value="0x20000" />
                <Set Name="WINBIO_FLAG_RAW"             Value="1" />
                <Set Name="WINBIO_FLAG_MAINTENANCE"     Value="2" />
            </Flag>
        </Variable>

        <!-- WINBIO_CREDENTIAL_TYPE -->
        <Variable Name="WINBIO_CREDENTIAL_TYPE" Type="Alias" Base="UINT">
            <Flag>
                <Set Name="WINBIO_CREDENTIAL_PASSWORD"	    Value="0x00000001" />
                <Set Name="WINBIO_CREDENTIAL_ALL"           Value="0xffffffff" />
            </Flag>
        </Variable>

        <!-- WINBIO_SETTING_SOURCE_TYPE -->
        <Variable Name="WINBIO_SETTING_SOURCE_TYPE" Type="Alias" Base="ULONG">
            <Enum>
                <Set Name="WINBIO_SETTING_SOURCE_INVALID"   Value="0" />
                <Set Name="WINBIO_SETTING_SOURCE_DEFAULT"   Value="1" />
                <Set Name="WINBIO_SETTING_SOURCE_POLICY"    Value="2" />
                <Set Name="WINBIO_SETTING_SOURCE_LOCAL"     Value="3" />
            </Enum>
        </Variable>
        <Variable Name="PWINBIO_SETTING_SOURCE_TYPE" Type="Pointer" Base="WINBIO_SETTING_SOURCE_TYPE" />

        <!-- WINBIO_PROPERTY_ID -->
        <Variable Name="WINBIO_PROPERTY_ID" Type="Alias" Base="ULONG">
            <Enum>
                <Set Name="WINBIO_PROPERTY_SAMPLE_HINT" Value="1" />
            </Enum>
        </Variable>

        <!-- WINBIO_CREDENTIAL_STATE -->
        <Variable Name="WINBIO_CREDENTIAL_STATE" Type="Alias" Base="UINT">
            <Enum>
                <Set Name="WINBIO_CREDENTIAL_NOT_SET"   Value="0x00000001" />
                <Set Name="WINBIO_CREDENTIAL_SET"       Value="0x00000002" />
            </Enum>
        </Variable>
        <Variable Name="WINBIO_CREDENTIAL_STATE*" Type="Pointer" Base="WINBIO_CREDENTIAL_STATE" />

        <!-- WINBIO_ASYNC_NOTIFICATION_METHOD -->
        <Variable Name="WINBIO_ASYNC_NOTIFICATION_METHOD" Type="Alias" Base="UINT">
            <Enum>
                <Set Name="WINBIO_ASYNC_NOTIFY_NONE"    	Value="0" />
                <Set Name="WINBIO_ASYNC_NOTIFY_CALLBACK"    Value="1" />
                <Set Name="WINBIO_ASYNC_NOTIFY_MESSAGE"     Value="2" />
            </Enum>
        </Variable>

        <!-- APIs -->
        <Category Name="Security and Identity/Windows Biometric Framework" />
        <Api Name="WinBioAcquireFocus">
            <Return Type="HRESULT" />
        </Api>
        <Api Name="WinBioAsyncEnumBiometricUnits">
            <Param Type="WINBIO_FRAMEWORK_HANDLE" Name="FrameworkHandle" />
            <Param Type="WINBIO_BIOMETRIC_TYPE" Name="Factor" />
            <Return Type="HRESULT" />
        </Api>
        <Api Name="WinBioAsyncEnumDatabases">
            <Param Type="WINBIO_FRAMEWORK_HANDLE" Name="FrameworkHandle" />
            <Param Type="WINBIO_BIOMETRIC_TYPE" Name="Factor" />
            <Return Type="HRESULT" />
        </Api>
        <Api Name="WinBioAsyncEnumServiceProviders">
            <Param Type="WINBIO_FRAMEWORK_HANDLE" Name="FrameworkHandle" />
            <Param Type="WINBIO_BIOMETRIC_TYPE" Name="Factor" />
            <Return Type="HRESULT" />
        </Api>
        <Api Name="WinBioAsyncMonitorFrameworkChanges">
            <Param Type="WINBIO_FRAMEWORK_HANDLE" Name="FrameworkHandle" />
            <Param Type="WINBIO_FRAMEWORK_CHANGE_TYPE" Name="ChangeTypes" />
            <Return Type="HRESULT" />
        </Api>
        <Api Name="WinBioAsyncOpenFramework">
            <Param Type="WINBIO_ASYNC_NOTIFICATION_METHOD" Name="NotificationMethod" />
            <Param Type="HWND" Name="TargetWindow" />
            <Param Type="UINT" Name="MessageCode" />
            <Param Type="PWINBIO_ASYNC_COMPLETION_CALLBACK" Name="CallbackRoutine" />
            <Param Type="PVOID" Name="UserData" />
            <Param Type="BOOL" Name="AsynchronousOpen" />
            <Param Type="WINBIO_FRAMEWORK_HANDLE*" Name="FrameworkHandle" />
            <Return Type="HRESULT" />
        </Api>
        <Api Name="WinBioAsyncOpenSession">
            <Param Type="WINBIO_BIOMETRIC_TYPE" Name="Factor" />
            <Param Type="WINBIO_POOL_TYPE" Name="PoolType" />
            <Param Type="WINBIO_SESSION_FLAGS" Name="Flags" />
            <Param Type="WINBIO_UNIT_ID*" Name="UnitArray" />
            <Param Type="SIZE_T" Name="UnitCount" />
            <Param Type="GUID*" Name="DatabaseId" />
            <Param Type="WINBIO_ASYNC_NOTIFICATION_METHOD" Name="NotificationMethod" />
            <Param Type="HWND" Name="TargetWindow" />
            <Param Type="UINT" Name="MessageCode" />
            <Param Type="PWINBIO_ASYNC_COMPLETION_CALLBACK" Name="CallbackRoutine" />
            <Param Type="PVOID" Name="UserData" />
            <Param Type="BOOL" Name="AsynchronousOpen" />
            <Param Type="WINBIO_SESSION_HANDLE*" Name="SessionHandle" />
            <Return Type="HRESULT" />
        </Api>
        <Api Name="WinBioCancel">
            <Param Type="WINBIO_SESSION_HANDLE" Name="SessionHandle" />
            <Return Type="HRESULT" />
        </Api>
        <Api Name="WinBioCaptureSample">
            <Param Type="WINBIO_SESSION_HANDLE" Name="SessionHandle" />
            <Param Type="WINBIO_BIR_PURPOSE" Name="Purpose" />
            <Param Type="WINBIO_BIR_DATA_FLAGS" Name="Flags" />
            <Param Type="WINBIO_UNIT_ID*" Name="UnitId" />
            <Param Type="PWINBIO_BIR*" Name="Sample" />
            <Param Type="SIZE_T*" Name="SampleSize" />
            <Param Type="WINBIO_REJECT_DETAIL*" Name="RejectDetail" />
            <Return Type="HRESULT" />
        </Api>
        <Api Name="WinBioCaptureSampleWithCallback">
            <Param Type="WINBIO_SESSION_HANDLE" Name="SessionHandle" />
            <Param Type="WINBIO_BIR_PURPOSE" Name="Purpose" />
            <Param Type="WINBIO_BIR_DATA_FLAGS" Name="Flags" />
            <Param Type="PWINBIO_CAPTURE_CALLBACK" Name="CaptureCallback" />
            <Param Type="PVOID" Name="CaptureCallbackContext" />
            <Return Type="HRESULT" />
        </Api>
        <Api Name="WinBioCloseFramework">
            <Param Type="WINBIO_FRAMEWORK_HANDLE" Name="FrameworkHandle" />
            <Return Type="HRESULT" />
        </Api>
        <Api Name="WinBioCloseSession">
            <Param Type="WINBIO_SESSION_HANDLE" Name="SessionHandle" />
            <Return Type="HRESULT" />
        </Api>
        <Api Name="WinBioControlUnit">
            <Param Type="WINBIO_SESSION_HANDLE" Name="SessionHandle" />
            <Param Type="WINBIO_UNIT_ID" Name="UnitId" />
            <Param Type="WINBIO_COMPONENT" Name="Component" />
            <Param Type="ULONG" Name="ControlCode" />
            <Param Type="PUCHAR" Name="SendBuffer" />
            <Param Type="SIZE_T" Name="SendBufferSize" />
            <Param Type="PUCHAR" Name="ReceiveBuffer" />
            <Param Type="SIZE_T" Name="ReceiveBufferSize" />
            <Param Type="SIZE_T*" Name="ReceiveDataSize" />
            <Param Type="ULONG*" Name="OperationStatus" />
            <Return Type="HRESULT" />
        </Api>
        <Api Name="WinBioControlUnitPrivileged">
            <Param Type="WINBIO_SESSION_HANDLE" Name="SessionHandle" />
            <Param Type="WINBIO_UNIT_ID" Name="UnitId" />
            <Param Type="WINBIO_COMPONENT" Name="Component" />
            <Param Type="ULONG" Name="ControlCode" />
            <Param Type="PUCHAR" Name="SendBuffer" />
            <Param Type="SIZE_T" Name="SendBufferSize" />
            <Param Type="PUCHAR" Name="ReceiveBuffer" />
            <Param Type="SIZE_T" Name="ReceiveBufferSize" />
            <Param Type="SIZE_T*" Name="ReceiveDataSize" />
            <Param Type="ULONG*" Name="OperationStatus" />
            <Return Type="HRESULT" />
        </Api>
        <Api Name="WinBioDeleteTemplate">
            <Param Type="WINBIO_SESSION_HANDLE" Name="SessionHandle" />
            <Param Type="WINBIO_UNIT_ID" Name="UnitId" />
            <Param Type="WINBIO_IDENTITY*" Name="Identity" />
            <Param Type="WINBIO_BIOMETRIC_SUBTYPE" Name="SubFactor" />
            <Return Type="HRESULT" />
        </Api>
        <Api Name="WinBioEnrollBegin">
            <Param Type="WINBIO_SESSION_HANDLE" Name="SessionHandle" />
            <Param Type="WINBIO_BIOMETRIC_SUBTYPE" Name="SubFactor" />
            <Param Type="WINBIO_UNIT_ID" Name="UnitId" />
            <Return Type="HRESULT" />
        </Api>
        <Api Name="WinBioEnrollCapture">
            <Param Type="WINBIO_SESSION_HANDLE" Name="SessionHandle" />
            <Param Type="WINBIO_REJECT_DETAIL*" Name="RejectDetail" />
            <Return Type="HRESULT" />
        </Api>
        <Api Name="WinBioEnrollCaptureWithCallback">
            <Param Type="WINBIO_SESSION_HANDLE" Name="SessionHandle" />
            <Param Type="PWINBIO_ENROLL_CAPTURE_CALLBACK" Name="EnrollCallback" />
            <Param Type="PVOID" Name="EnrollCallbackContext" />
            <Return Type="HRESULT" />
        </Api>
        <Api Name="WinBioEnrollCommit">
            <Param Type="WINBIO_SESSION_HANDLE" Name="SessionHandle" />
            <Param Type="WINBIO_IDENTITY*" Name="Identity" />
            <Param Type="BOOLEAN*" Name="IsNewTemplate" />
            <Return Type="HRESULT" />
        </Api>
        <Api Name="WinBioEnrollDiscard">
            <Param Type="WINBIO_SESSION_HANDLE" Name="SessionHandle" />
            <Return Type="HRESULT" />
        </Api>
        <Api Name="WinBioEnumBiometricUnits">
            <Param Type="WINBIO_BIOMETRIC_TYPE" Name="Factor" />
            <Param Type="WINBIO_UNIT_SCHEMA**" Name="UnitSchemaArray" />
            <Param Type="SIZE_T*" Name="UnitCount" />
            <Return Type="HRESULT" />
        </Api>
        <Api Name="WinBioEnumDatabases">
            <Param Type="WINBIO_BIOMETRIC_TYPE" Name="Factor" />
            <Param Type="WINBIO_STORAGE_SCHEMA**" Name="StorageSchemaArray" />
            <Param Type="SIZE_T*" Name="StorageCount" />
            <Return Type="HRESULT" />
        </Api>
        <Api Name="WinBioEnumEnrollments">
            <Param Type="WINBIO_SESSION_HANDLE" Name="SessionHandle" />
            <Param Type="WINBIO_UNIT_ID" Name="UnitId" />
            <Param Type="WINBIO_IDENTITY*" Name="Identity" />
            <Param Type="WINBIO_BIOMETRIC_SUBTYPE**" Name="SubFactorArray" />
            <Param Type="SIZE_T*" Name="SubFactorCount" />
            <Return Type="HRESULT" />
        </Api>
        <Api Name="WinBioEnumServiceProviders">
            <Param Type="WINBIO_BIOMETRIC_TYPE" Name="Factor" />
            <Param Type="WINBIO_BSP_SCHEMA**" Name="BspSchemaArray" />
            <Param Type="SIZE_T*" Name="BspCount" />
            <Return Type="HRESULT" />
        </Api>
        <Api Name="WinBioFree">
            <Param Type="PVOID" Name="Address" />
            <Return Type="HRESULT" />
        </Api>
        <Api Name="WinBioGetCredentialState">
            <Param Type="WINBIO_IDENTITY" Name="Identity" />
            <Param Type="WINBIO_CREDENTIAL_TYPE" Name="Type" />
            <Param Type="WINBIO_CREDENTIAL_STATE*" Name="CredentialState" />
            <Return Type="HRESULT" />
        </Api>
        <!-- TODO: WinBioGetDomainLogonSetting, WinBioGetEnabledSetting and WinBioGetLogonSetting have HRESULT as the
        return type in MSDN, but have a VOID return type in WinBio.h-->
        <Api Name="WinBioGetDomainLogonSetting">
            <Param Type="BOOLEAN*" Name="Value" />
            <Param Type="PWINBIO_SETTING_SOURCE_TYPE" Name="Source" />
            <Return Type="HRESULT" />
        </Api>
        <Api Name="WinBioGetEnabledSetting">
            <Param Type="BOOLEAN*" Name="Value" />
            <Param Type="PWINBIO_SETTING_SOURCE_TYPE" Name="Source" />
            <Return Type="HRESULT" />
        </Api>
        <Api Name="WinBioGetLogonSetting">
            <Param Type="BOOLEAN*" Name="Value" />
            <Param Type="PWINBIO_SETTING_SOURCE_TYPE" Name="Source" />
            <Return Type="HRESULT" />
        </Api>
        <Api Name="WinBioGetProperty">
            <Param Type="WINBIO_SESSION_HANDLE" Name="SessionHandle" />
            <Param Type="WINBIO_PROPERTY_TYPE" Name="PropertyType" />
            <Param Type="WINBIO_PROPERTY_ID" Name="PropertyId" />
            <Param Type="WINBIO_UNIT_ID" Name="UnitId" />
            <Param Type="WINBIO_IDENTITY*" Name="Identity" />
            <Param Type="WINBIO_BIOMETRIC_SUBTYPE" Name="SubFactor" />
            <Param Type="PVOID*" Name="PropertyBuffer" />
            <Param Type="SIZE_T*" Name="PropertyBufferSize" />
            <Return Type="HRESULT" />
        </Api>
        <Api Name="WinBioIdentify">
            <Param Type="WINBIO_SESSION_HANDLE" Name="SessionHandle" />
            <Param Type="WINBIO_UNIT_ID*" Name="UnitId" />
            <Param Type="WINBIO_IDENTITY*" Name="Identity" />
            <Param Type="WINBIO_BIOMETRIC_SUBTYPE*" Name="SubFactor" />
            <Param Type="WINBIO_REJECT_DETAIL*" Name="RejectDetail" />
            <Return Type="HRESULT" />
        </Api>
        <Api Name="WinBioIdentifyWithCallback">
            <Param Type="WINBIO_SESSION_HANDLE" Name="SessionHandle" />
            <Param Type="PWINBIO_IDENTIFY_CALLBACK" Name="IdentifyCallback" />
            <Param Type="PVOID" Name="IdentifyCallbackContext" />
            <Return Type="HRESULT" />
        </Api>
        <Api Name="WinBioLocateSensor">
            <Param Type="WINBIO_SESSION_HANDLE" Name="SessionHandle" />
            <Param Type="WINBIO_UNIT_ID*" Name="UnitId" />
            <Return Type="HRESULT" />
        </Api>
        <Api Name="WinBioLocateSensorWithCallback">
            <Param Type="WINBIO_SESSION_HANDLE" Name="SessionHandle" />
            <Param Type="PWINBIO_LOCATE_SENSOR_CALLBACK" Name="LocateCallback" />
            <Param Type="PVOID" Name="LocateCallbackContext" />
            <Return Type="HRESULT" />
        </Api>
        <Api Name="WinBioLockUnit">
            <Param Type="WINBIO_SESSION_HANDLE" Name="SessionHandle" />
            <Param Type="WINBIO_UNIT_ID" Name="UnitId" />
            <Return Type="HRESULT" />
        </Api>
        <Api Name="WinBioLogonIdentifiedUser">
            <Param Type="WINBIO_SESSION_HANDLE" Name="SessionHandle" />
            <Return Type="HRESULT" />
        </Api>
        <Api Name="WinBioOpenSession">
            <Param Type="WINBIO_BIOMETRIC_TYPE" Name="Factor" />
            <Param Type="WINBIO_POOL_TYPE" Name="PoolType" />
            <Param Type="WINBIO_SESSION_FLAGS" Name="Flags" />
            <Param Type="WINBIO_UNIT_ID*" Name="UnitArray" />
            <Param Type="SIZE_T" Name="UnitCount" />
            <Param Type="GUID*" Name="DatabaseId" />
            <Param Type="WINBIO_SESSION_HANDLE*" Name="SessionHandle" />
            <Return Type="HRESULT" />
        </Api>
        <Api Name="WinBioRegisterEventMonitor">
            <Param Type="WINBIO_SESSION_HANDLE" Name="SessionHandle" />
            <Param Type="WINBIO_EVENT_TYPE" Name="EventMask" />
            <Param Type="PWINBIO_EVENT_CALLBACK" Name="EventCallback" />
            <Param Type="PVOID" Name="EventCallbackContext" />
            <Return Type="HRESULT" />
        </Api>
        <Api Name="WinBioReleaseFocus">
            <Return Type="HRESULT" />
        </Api>
        <Api Name="WinBioRemoveAllCredentials">
            <Return Type="HRESULT" />
        </Api>
        <Api Name="WinBioRemoveAllDomainCredentials">
            <Return Type="HRESULT" />
        </Api>
        <Api Name="WinBioRemoveCredential">
            <Param Type="WINBIO_IDENTITY" Name="Identity" />
            <Param Type="WINBIO_CREDENTIAL_TYPE" Name="Type" />
            <Return Type="HRESULT" />
        </Api>
        <Api Name="WinBioSetCredential">
            <Param Type="WINBIO_CREDENTIAL_TYPE" Name="Type" />
            <Param Type="PUCHAR" Name="Credential" />
            <Param Type="SIZE_T" Name="CredentialSize" />
            <Param Type="WINBIO_CREDENTIAL_FORMAT" Name="Format" />
            <Return Type="HRESULT" />
        </Api>
        <Api Name="WinBioUnlockUnit">
            <Param Type="WINBIO_SESSION_HANDLE" Name="SessionHandle" />
            <Param Type="WINBIO_UNIT_ID" Name="UnitId" />
            <Return Type="HRESULT" />
        </Api>
        <Api Name="WinBioUnregisterEventMonitor">
            <Param Type="WINBIO_SESSION_HANDLE" Name="SessionHandle" />
            <Return Type="HRESULT" />
        </Api>
        <Api Name="WinBioVerify">
            <Param Type="WINBIO_SESSION_HANDLE" Name="SessionHandle" />
            <Param Type="WINBIO_IDENTITY*" Name="Identity" />
            <Param Type="WINBIO_BIOMETRIC_SUBTYPE" Name="SubFactor" />
            <Param Type="WINBIO_UNIT_ID*" Name="UnitId" />
            <Param Type="BOOLEAN*" Name="Match" />
            <Param Type="WINBIO_REJECT_DETAIL*" Name="RejectDetail" />
            <Return Type="HRESULT" />
        </Api>
        <Api Name="WinBioVerifyWithCallback">
            <Param Type="WINBIO_SESSION_HANDLE" Name="SessionHandle" />
            <Param Type="WINBIO_IDENTITY*" Name="Identity" />
            <Param Type="WINBIO_BIOMETRIC_SUBTYPE" Name="SubFactor" />
            <Param Type="PWINBIO_VERIFY_CALLBACK" Name="VerifyCallback" />
            <Param Type="PVOID" Name="VerifyCallbackContext" />
            <Return Type="HRESULT" />
        </Api>
        <Api Name="WinBioWait">
            <Param Type="WINBIO_SESSION_HANDLE" Name="SessionHandle" />
            <Return Type="HRESULT" />
        </Api>

    </Module>
</ApiMonitor>