<!--
    API Monitor Definitions
    (c) 2012, Rohitab Batra <rohitab@rohitab.com>
    http://www.rohitab.com/apimonitor/
-->
<ApiMonitor>
    <Include Filename="Headers\windows.h.xml" />
    <Module Name="Windows.UI.Xaml.dll" CallingConvention="STDCALL" ErrorFunc="HRESULT" OnlineHelp="MSDN">
        
        <!-- TODO: Interfaces-->
        <Variable Name="IViewObjectPresentNotifySite"                   Type="Interface" />
        <Variable Name="Windows::UI::Xaml::Hosting::IXamlUIPresenter"   Type="Interface" />
        
        <!-- Windows Runtime C++ -->
        <Category Name="Additional Resources/Windows Runtime C++" />
        <Api Name="CreateXamlUIPresenter">
            <Param Type="IViewObjectPresentNotifySite*" Name="pPresentSite" />
            <Param Type="Windows::UI::Xaml::Hosting::IXamlUIPresenter**" Name="ppPresenter" />
            <Return Type="HRESULT" />
        </Api>
    </Module>
</ApiMonitor>