<!--
    API Monitor Definitions
    (c) 2010-2011, Rohitab Batra <rohitab@rohitab.com>
    http://www.rohitab.com/apimonitor/
-->
<ApiMonitor>
    <!-- File is identical to FxsApi.xml -->
    <Include Filename="Headers\fax.h.xml" />
    <Module Name="WinFax.dll" CallingConvention="STDCALL" ErrorFunc="GetLastError" OnlineHelp="MSDN">

        <!-- Fax Service -->
        <Category Name="Networking/Fax Service/Fax Service Client" />
        <Api Name="FaxOpenPort">
            <Param Type="HANDLE" Name="FaxHandle" />
            <Param Type="DWORD" Name="DeviceId" />
            <Param Type="DWORD" Name="Flags" />
            <Param Type="LPHANDLE" Name="FaxPortHandle" />
            <Return Type="BOOL" />
        </Api>
        <Api Name="FaxGetConfiguration" BothCharset="True">
            <Param Type="HANDLE" Name="FaxHandle" />
            <Param Type="PFAX_CONFIGURATION*" Name="FaxConfig" />
            <Return Type="BOOL" />
        </Api>
        <Api Name="FaxSetConfiguration" BothCharset="True">
            <Param Type="HANDLE" Name="FaxHandle" />
            <Param Type="const FAX_CONFIGURATION*" Name="FaxConfig" />
            <Return Type="BOOL" />
        </Api>
        <Api Name="FaxSetGlobalRoutingInfo" BothCharset="True">
            <Param Type="HANDLE" Name="FaxHandle" />
            <Param Type="const FAX_GLOBAL_ROUTING_INFO*" Name="RoutingInfo" />
            <Return Type="BOOL" />
        </Api>
        <Api Name="FaxSetLoggingCategories" BothCharset="True">
            <Param Type="HANDLE" Name="FaxHandle" />
            <Param Type="const FAX_LOG_CATEGORY*" Name="Categories" />
            <Param Type="DWORD" Name="NumberCategories" />
            <Return Type="BOOL" />
        </Api>
        <Api Name="FaxGetDeviceStatus" BothCharset="True">
            <Param Type="HANDLE" Name="FaxPortHandle" />
            <Param Type="PFAX_DEVICE_STATUS*" Name="DeviceStatus" />
            <Return Type="BOOL" />
        </Api>
        <Api Name="FaxGetPort" BothCharset="True">
            <Param Type="HANDLE" Name="FaxPortHandle" />
            <Param Type="PFAX_PORT_INFO*" Name="PortInfo" />
            <Return Type="BOOL" />
        </Api>
        <Api Name="FaxSetPort" BothCharset="True">
            <Param Type="HANDLE" Name="FaxPortHandle" />
            <Param Type="const FAX_PORT_INFO*" Name="PortInfo" />
            <Return Type="BOOL" />
        </Api>
        <Api Name="FaxSendDocumentForBroadcast" BothCharset="True">
            <Param Type="HANDLE" Name="FaxHandle" />
            <Param Type="LPCTSTR" Name="FileName" />
            <Param Type="LPDWORD" Name="FaxJobId" />
            <Param Type="PFAX_RECIPIENT_CALLBACK" Name="FaxRecipientCallback" />
            <Param Type="LPVOID" Name="Context" />
            <Return Type="BOOL" />
        </Api>
        <Api Name="FaxPrintCoverPage" BothCharset="True">
            <Param Type="const FAX_CONTEXT_INFO*" Name="FaxContextInfo" />
            <Param Type="const FAX_COVERPAGE_INFO*" Name="CoverPageInfo" />
            <Return Type="BOOL" />
        </Api>
        <Api Name="FaxStartPrintJob" BothCharset="True">
            <Param Type="LPCTSTR" Name="PrinterName" />
            <Param Type="const FAX_PRINT_INFO*" Name="PrintInfo" />
            <Param Type="LPDWORD" Name="FaxJobId" />
            <Param Type="PFAX_CONTEXT_INFO" Name="FaxContextInfo" />
            <Return Type="BOOL" />
        </Api>
        <Api Name="FaxAbort">
            <Param Type="HANDLE" Name="FaxHandle" />
            <Param Type="DWORD" Name="JobId" />
            <Return Type="BOOL" />
        </Api>
        <Api Name="FaxEnumJobs" BothCharset="True">
            <Param Type="HANDLE" Name="FaxHandle" />
            <Param Type="PFAX_JOB_ENTRY*" Name="JobEntry" />
            <Param Type="LPDWORD" Name="JobsReturned" />
            <Return Type="BOOL" />
        </Api>
        <Api Name="FaxGetJob" BothCharset="True">
            <Param Type="HANDLE" Name="FaxHandle" />
            <Param Type="DWORD" Name="JobId" />
            <Param Type="PFAX_JOB_ENTRY*" Name="JobEntry" />
            <Return Type="BOOL" />
        </Api>
        <Api Name="FaxSetJob" BothCharset="True">
            <Param Type="HANDLE" Name="FaxHandle" />
            <Param Type="DWORD" Name="JobId" />
            <Param Type="DWORD" Name="Command" />
            <Param Type="const FAX_JOB_ENTRY*" Name="JobEntry" />
            <Return Type="BOOL" />
        </Api>
        <Api Name="FaxAccessCheck">
            <Param Type="HANDLE" Name="FaxHandle" />
            <Param Type="DWORD" Name="AccessMask" />
            <Return Type="BOOL" />
        </Api>
        <Api Name="FaxCompleteJobParams" BothCharset="True">
            <Param Type="PFAX_JOB_PARAM*" Name="JobParams" />
            <Param Type="PFAX_COVERPAGE_INFO*" Name="CoverpageInfo" />
            <Return Type="BOOL" />
        </Api>
        <Api Name="FaxFreeBuffer">
            <Param Type="LPVOID" Name="Buffer" />
            <Return Type="void" />
        </Api>
        <Api Name="FaxRegisterRoutingExtensionW">
            <Param Type="HANDLE" Name="FaxHandle" />
            <Param Type="LPCWSTR" Name="ExtensionName" />
            <Param Type="LPCWSTR" Name="FriendlyName" />
            <Param Type="LPCWSTR" Name="ImageName" />
            <Param Type="PFAX_ROUTING_INSTALLATION_CALLBACK" Name="CallBack" />
            <Param Type="LPVOID" Name="Context" />
            <Return Type="BOOL" />
        </Api>
        <Api Name="FaxRegisterServiceProviderW">
            <Param Type="LPCWSTR" Name="DeviceProvider" />
            <Param Type="LPCWSTR" Name="FriendlyName" />
            <Param Type="LPCWSTR" Name="ImageName" />
            <Param Type="LPCWSTR" Name="TspName" />
            <Return Type="BOOL" />
        </Api>
        <Api Name="FaxClose">
            <Param Type="HANDLE" Name="FaxHandle" />
            <Return Type="BOOL" />
        </Api>
        <Api Name="FaxConnectFaxServer" BothCharset="True">
            <Param Type="LPCTSTR" Name="MachineName" />
            <Param Type="LPHANDLE" Name="FaxHandle" />
            <Return Type="BOOL" />
        </Api>
        <Api Name="FaxEnableRoutingMethod" BothCharset="True">
            <Param Type="HANDLE" Name="FaxPortHandle" />
            <Param Type="LPCTSTR" Name="RoutingGuid" />
            <Param Type="BOOL" Name="Enabled" />
            <Return Type="BOOL" />
        </Api>
        <Api Name="FaxEnumGlobalRoutingInfo" BothCharset="True">
            <Param Type="HANDLE" Name="FaxHandle" />
            <Param Type="PFAX_GLOBAL_ROUTING_INFO*" Name="RoutingInfo" />
            <Param Type="LPDWORD" Name="MethodsReturned" />
            <Return Type="BOOL" />
        </Api>
        <Api Name="FaxEnumPorts" BothCharset="True">
            <Param Type="HANDLE" Name="FaxHandle" />
            <Param Type="PFAX_PORT_INFO*" Name="PortInfo" />
            <Param Type="LPDWORD" Name="PortsReturned" />
            <Return Type="BOOL" />
        </Api>
        <Api Name="FaxEnumRoutingMethods" BothCharset="True">
            <Param Type="HANDLE" Name="FaxPortHandle" />
            <Param Type="PFAX_ROUTING_METHOD*" Name="RoutingMethod" />
            <Param Type="LPDWORD" Name="MethodsReturned" />
            <Return Type="BOOL" />
        </Api>
        <Api Name="FaxGetLoggingCategories" BothCharset="True">
            <Param Type="HANDLE" Name="FaxHandle" />
            <Param Type="PFAX_LOG_CATEGORY*" Name="Categories" />
            <Param Type="LPDWORD" Name="NumberCategories" />
            <Return Type="BOOL" />
        </Api>
        <Api Name="FaxGetPageData">
            <Param Type="HANDLE" Name="FaxHandle" />
            <Param Type="DWORD" Name="JobId" />
            <Param Type="LPBYTE*" Name="Buffer" />
            <Param Type="LPDWORD" Name="BufferSize" />
            <Param Type="LPDWORD" Name="ImageWidth" />
            <Param Type="LPDWORD" Name="ImageHeight" />
            <Return Type="BOOL" />
        </Api>
        <Api Name="FaxGetRoutingInfo" BothCharset="True">
            <Param Type="HANDLE" Name="FaxPortHandle" />
            <Param Type="LPCTSTR" Name="RoutingGuid" />
            <Param Type="LPBYTE*" Name="RoutingInfoBuffer" />
            <Param Type="LPDWORD" Name="RoutingInfoBufferSize" />
            <Return Type="BOOL" />
        </Api>
        <Api Name="FaxInitializeEventQueue">
            <Param Type="HANDLE" Name="FaxHandle" />
            <Param Type="HANDLE" Name="CompletionPort" />
            <Param Type="ULONG_PTR" Name="CompletionKey" />
            <Param Type="HWND" Name="hWnd" />
            <Param Type="UINT" Name="MessageStart" />
            <Return Type="BOOL" />
        </Api>
        <Api Name="FaxSendDocument" BothCharset="True">
            <Param Type="HANDLE" Name="FaxHandle" />
            <Param Type="LPCTSTR" Name="FileName" />
            <Param Type="PFAX_JOB_PARAM" Name="JobParams" />
            <Param Type="const FAX_COVERPAGE_INFO*" Name="CoverpageInfo" />
            <Param Type="LPDWORD" Name="FaxJobId" />
            <Return Type="BOOL" />
        </Api>
        <Api Name="FaxSetRoutingInfo" BothCharset="True">
            <Param Type="HANDLE" Name="FaxPortHandle" />
            <Param Type="LPCTSTR" Name="RoutingGuid" />
            <Param Type="const BYTE*" Name="RoutingInfoBuffer" />
            <Param Type="DWORD" Name="RoutingInfoBufferSize" />
            <Return Type="BOOL" />
        </Api>
    </Module>
</ApiMonitor>