<!--
    API Monitor Definitions
    (c) 2010-2011, Rohitab Batra <rohitab@rohitab.com>
    http://www.rohitab.com/apimonitor/
-->
<ApiMonitor>
    <Include Filename="Headers\windows.h.xml" />
    <Include Filename="Headers\internet.h.xml" />
    <Module Name="Winhttp.dll" CallingConvention="STDCALL" ErrorFunc="GetLastError" OnlineHelp="MSDN">
        
        <!-- CallbackNotificationFlags -->
        <Variable Name="[CallbackNotificationFlags]" Type="Alias" Base="DWORD">
            <Display Name="DWORD" />
            <Flag>
                <Set Name="WINHTTP_CALLBACK_FLAG_RESOLVE_NAME"          Value="0x00000003" />
                <Set Name="WINHTTP_CALLBACK_FLAG_CONNECT_TO_SERVER"     Value="0x0000000c" />
                <Set Name="WINHTTP_CALLBACK_FLAG_SEND_REQUEST"          Value="0x00000030" />
                <Set Name="WINHTTP_CALLBACK_FLAG_RECEIVE_RESPONSE"      Value="0x000000c0" />
                <Set Name="WINHTTP_CALLBACK_FLAG_CLOSE_CONNECTION"      Value="0x00000300" />
                <Set Name="WINHTTP_CALLBACK_FLAG_HANDLES"               Value="0x00000c00" />
                <Set Name="WINHTTP_CALLBACK_FLAG_DETECTING_PROXY"       Value="0x00001000" />
                <Set Name="WINHTTP_CALLBACK_FLAG_REDIRECT"              Value="0x00004000" />
                <Set Name="WINHTTP_CALLBACK_FLAG_INTERMEDIATE_RESPONSE" Value="0x00008000" />
                <Set Name="WINHTTP_CALLBACK_FLAG_SECURE_FAILURE"        Value="0x00010000" />
                <Set Name="WINHTTP_CALLBACK_FLAG_SENDREQUEST_COMPLETE"  Value="0x00400000" />
                <Set Name="WINHTTP_CALLBACK_FLAG_HEADERS_AVAILABLE"     Value="0x00020000" />
                <Set Name="WINHTTP_CALLBACK_FLAG_DATA_AVAILABLE"        Value="0x00040000" />
                <Set Name="WINHTTP_CALLBACK_FLAG_READ_COMPLETE"         Value="0x00080000" />
                <Set Name="WINHTTP_CALLBACK_FLAG_WRITE_COMPLETE"        Value="0x00100000" />
                <Set Name="WINHTTP_CALLBACK_FLAG_REQUEST_ERROR"         Value="0x00200000" />
                <Set Name="WINHTTP_CALLBACK_FLAG_ALL_COMPLETIONS"       Value="0x007e0000" />
                <Set Name="WINHTTP_CALLBACK_FLAG_ALL_NOTIFICATIONS"     Value="0xffffffff" />
            </Flag>
        </Variable>

        <!-- [HttpOpenAccessType] -->
        <Variable Name="[HttpOpenAccessType]" Type="Alias" Base="DWORD">
            <Display Name="DWORD" />
            <Enum>
                <Set Name="WINHTTP_ACCESS_TYPE_DEFAULT_PROXY"   Value="0" />
                <Set Name="WINHTTP_ACCESS_TYPE_NO_PROXY"        Value="1" />
                <Set Name="WINHTTP_ACCESS_TYPE_NAMED_PROXY"     Value="3" />
            </Enum>
        </Variable>

        <!-- [WinHttpOpenFlags] -->
        <Variable Name="[WinHttpOpenFlags]" Type="Alias" Base="DWORD">
            <Display Name="DWORD" />
            <Enum>
                <Set Name="WINHTTP_FLAG_ASYNC"  Value="0x10000000" />
            </Enum>
        </Variable>

        <!-- [WinHttpOpenRequestFlags] -->
        <Variable Name="[WinHttpOpenRequestFlags]" Type="Alias" Base="DWORD">
            <Display Name="DWORD" />
            <Flag>
                <Set Name="WINHTTP_FLAG_SECURE"                 Value="0x00800000" />
                <Set Name="WINHTTP_FLAG_ESCAPE_PERCENT"         Value="0x00000004" />
                <Set Name="WINHTTP_FLAG_NULL_CODEPAGE"          Value="0x00000008" />
                <Set Name="WINHTTP_FLAG_BYPASS_PROXY_CACHE"     Value="0x00000100" />
                <Set Name="WINHTTP_FLAG_ESCAPE_DISABLE"         Value="0x00000040" />
                <Set Name="WINHTTP_FLAG_ESCAPE_DISABLE_QUERY"   Value="0x00000080" />
            </Flag>
        </Variable>

        <!-- [WinHttpOption] -->
        <Variable Name="[WinHttpOption]" Type="Alias" Base="DWORD">
            <Display Name="DWORD" />
            <Enum>
                <Set Name="WINHTTP_OPTION_CALLBACK"                         Value="1" />
                <Set Name="WINHTTP_OPTION_RESOLVE_TIMEOUT"                  Value="2" />
                <Set Name="WINHTTP_OPTION_CONNECT_TIMEOUT"                  Value="3" />
                <Set Name="WINHTTP_OPTION_CONNECT_RETRIES"                  Value="4" />
                <Set Name="WINHTTP_OPTION_SEND_TIMEOUT"                     Value="5" />
                <Set Name="WINHTTP_OPTION_RECEIVE_TIMEOUT"                  Value="6" />
                <Set Name="WINHTTP_OPTION_RECEIVE_RESPONSE_TIMEOUT"         Value="7" />
                <Set Name="WINHTTP_OPTION_HANDLE_TYPE"                      Value="9" />
                <Set Name="WINHTTP_OPTION_READ_BUFFER_SIZE"                 Value="12" />
                <Set Name="WINHTTP_OPTION_WRITE_BUFFER_SIZE"                Value="13" />
                <Set Name="WINHTTP_OPTION_PARENT_HANDLE"                    Value="21" />
                <Set Name="WINHTTP_OPTION_EXTENDED_ERROR"                   Value="24" />
                <Set Name="WINHTTP_OPTION_SECURITY_FLAGS"                   Value="31" />
                <Set Name="WINHTTP_OPTION_SECURITY_CERTIFICATE_STRUCT"      Value="32" />
                <Set Name="WINHTTP_OPTION_URL"                              Value="34" />
                <Set Name="WINHTTP_OPTION_SECURITY_KEY_BITNESS"             Value="36" />
                <Set Name="WINHTTP_OPTION_PROXY"                            Value="38" />
                <Set Name="WINHTTP_OPTION_USER_AGENT"                       Value="41" />
                <Set Name="WINHTTP_OPTION_CONTEXT_VALUE"                    Value="45" />
                <Set Name="WINHTTP_OPTION_CLIENT_CERT_CONTEXT"              Value="47" />
                <Set Name="WINHTTP_OPTION_REQUEST_PRIORITY"                 Value="58" />
                <Set Name="WINHTTP_OPTION_HTTP_VERSION"                     Value="59" />
                <Set Name="WINHTTP_OPTION_DISABLE_FEATURE"                  Value="63" />
                <Set Name="WINHTTP_OPTION_CODEPAGE"                         Value="68" />
                <Set Name="WINHTTP_OPTION_MAX_CONNS_PER_SERVER"             Value="73" />
                <Set Name="WINHTTP_OPTION_MAX_CONNS_PER_1_0_SERVER"         Value="74" />
                <Set Name="WINHTTP_OPTION_AUTOLOGON_POLICY"                 Value="77" />
                <Set Name="WINHTTP_OPTION_SERVER_CERT_CONTEXT"              Value="78" />
                <Set Name="WINHTTP_OPTION_ENABLE_FEATURE"                   Value="79" />
                <Set Name="WINHTTP_OPTION_WORKER_THREAD_COUNT"              Value="80" />
                <Set Name="WINHTTP_OPTION_PASSPORT_COBRANDING_TEXT"         Value="81" />
                <Set Name="WINHTTP_OPTION_PASSPORT_COBRANDING_URL"          Value="82" />
                <Set Name="WINHTTP_OPTION_CONFIGURE_PASSPORT_AUTH"          Value="83" />
                <Set Name="WINHTTP_OPTION_SECURE_PROTOCOLS"                 Value="84" />
                <Set Name="WINHTTP_OPTION_ENABLETRACING"                    Value="85" />
                <Set Name="WINHTTP_OPTION_PASSPORT_SIGN_OUT"                Value="86" />
                <Set Name="WINHTTP_OPTION_PASSPORT_RETURN_URL"              Value="87" />
                <Set Name="WINHTTP_OPTION_REDIRECT_POLICY"                  Value="88" />
                <Set Name="WINHTTP_OPTION_MAX_HTTP_AUTOMATIC_REDIRECTS"     Value="89" />
                <Set Name="WINHTTP_OPTION_MAX_HTTP_STATUS_CONTINUE"         Value="90" />
                <Set Name="WINHTTP_OPTION_MAX_RESPONSE_HEADER_SIZE"         Value="91" />
                <Set Name="WINHTTP_OPTION_MAX_RESPONSE_DRAIN_SIZE"          Value="92" />
                <Set Name="WINHTTP_OPTION_CONNECTION_INFO"                  Value="93" />
                <Set Name="WINHTTP_OPTION_CLIENT_CERT_ISSUER_LIST"          Value="94" />
                <Set Name="WINHTTP_OPTION_SPN"                              Value="96" />
                <Set Name="WINHTTP_OPTION_GLOBAL_PROXY_CREDS"               Value="97" />
                <Set Name="WINHTTP_OPTION_GLOBAL_SERVER_CREDS"              Value="98" />
                <Set Name="WINHTTP_OPTION_UNLOAD_NOTIFY_EVENT"              Value="99" />
                <Set Name="WINHTTP_OPTION_REJECT_USERPWD_IN_URL"            Value="100" />
                <Set Name="WINHTTP_OPTION_USE_GLOBAL_SERVER_CREDENTIALS"    Value="101" />
                <Set Name="WINHTTP_OPTION_USERNAME"                         Value="0x1000" />
                <Set Name="WINHTTP_OPTION_PASSWORD"                         Value="0x1001" />
                <Set Name="WINHTTP_OPTION_PROXY_USERNAME"                   Value="0x1002" />
                <Set Name="WINHTTP_OPTION_PROXY_PASSWORD"                   Value="0x1003" />
            </Enum>
        </Variable>

        <!-- [WinHttpAddReqFlag] -->
        <Variable Name="[WinHttpAddReqFlag]" Type="Alias" Base="DWORD">
            <Display Name="DWORD" />
            <Flag>
                <Set Name="WINHTTP_ADDREQ_FLAG_ADD_IF_NEW"              Value="0x10000000" />
                <Set Name="WINHTTP_ADDREQ_FLAG_ADD"                     Value="0x20000000" />
                <Set Name="WINHTTP_ADDREQ_FLAG_COALESCE_WITH_COMMA"     Value="0x40000000" />
                <Set Name="WINHTTP_ADDREQ_FLAG_COALESCE_WITH_SEMICOLON" Value="0x01000000" />
                <Set Name="WINHTTP_ADDREQ_FLAG_REPLACE"                 Value="0x80000000" />
            </Flag>
        </Variable>

        <!-- [WinHttpQueryLevelFlags] -->
        <Variable Name="[WinHttpQueryLevelFlags]" Type="Alias" Base="DWORD">
            <Display Name="DWORD" />
            <Flag>
                <Set Name="WINHTTP_QUERY_MIME_VERSION"                  Value="0" />
                <Set Name="WINHTTP_QUERY_CONTENT_TYPE"                  Value="1" />
                <Set Name="WINHTTP_QUERY_CONTENT_TRANSFER_ENCODING"     Value="2" />
                <Set Name="WINHTTP_QUERY_CONTENT_ID"                    Value="3" />
                <Set Name="WINHTTP_QUERY_CONTENT_DESCRIPTION"           Value="4" />
                <Set Name="WINHTTP_QUERY_CONTENT_LENGTH"                Value="5" />
                <Set Name="WINHTTP_QUERY_CONTENT_LANGUAGE"              Value="6" />
                <Set Name="WINHTTP_QUERY_ALLOW"                         Value="7" />
                <Set Name="WINHTTP_QUERY_PUBLIC"                        Value="8" />
                <Set Name="WINHTTP_QUERY_DATE"                          Value="9" />
                <Set Name="WINHTTP_QUERY_EXPIRES"                       Value="10" />
                <Set Name="WINHTTP_QUERY_LAST_MODIFIED"                 Value="11" />
                <Set Name="WINHTTP_QUERY_MESSAGE_ID"                    Value="12" />
                <Set Name="WINHTTP_QUERY_URI"                           Value="13" />
                <Set Name="WINHTTP_QUERY_DERIVED_FROM"                  Value="14" />
                <Set Name="WINHTTP_QUERY_COST"                          Value="15" />
                <Set Name="WINHTTP_QUERY_LINK"                          Value="16" />
                <Set Name="WINHTTP_QUERY_PRAGMA"                        Value="17" />
                <Set Name="WINHTTP_QUERY_VERSION"                       Value="18" />
                <Set Name="WINHTTP_QUERY_STATUS_CODE"                   Value="19" />
                <Set Name="WINHTTP_QUERY_STATUS_TEXT"                   Value="20" />
                <Set Name="WINHTTP_QUERY_RAW_HEADERS"                   Value="21" />
                <Set Name="WINHTTP_QUERY_RAW_HEADERS_CRLF"              Value="22" />
                <Set Name="WINHTTP_QUERY_CONNECTION"                    Value="23" />
                <Set Name="WINHTTP_QUERY_ACCEPT"                        Value="24" />
                <Set Name="WINHTTP_QUERY_ACCEPT_CHARSET"                Value="25" />
                <Set Name="WINHTTP_QUERY_ACCEPT_ENCODING"               Value="26" />
                <Set Name="WINHTTP_QUERY_ACCEPT_LANGUAGE"               Value="27" />
                <Set Name="WINHTTP_QUERY_AUTHORIZATION"                 Value="28" />
                <Set Name="WINHTTP_QUERY_CONTENT_ENCODING"              Value="29" />
                <Set Name="WINHTTP_QUERY_FORWARDED"                     Value="30" />
                <Set Name="WINHTTP_QUERY_FROM"                          Value="31" />
                <Set Name="WINHTTP_QUERY_IF_MODIFIED_SINCE"             Value="32" />
                <Set Name="WINHTTP_QUERY_LOCATION"                      Value="33" />
                <Set Name="WINHTTP_QUERY_ORIG_URI"                      Value="34" />
                <Set Name="WINHTTP_QUERY_REFERER"                       Value="35" />
                <Set Name="WINHTTP_QUERY_RETRY_AFTER"                   Value="36" />
                <Set Name="WINHTTP_QUERY_SERVER"                        Value="37" />
                <Set Name="WINHTTP_QUERY_TITLE"                         Value="38" />
                <Set Name="WINHTTP_QUERY_USER_AGENT"                    Value="39" />
                <Set Name="WINHTTP_QUERY_WWW_AUTHENTICATE"              Value="40" />
                <Set Name="WINHTTP_QUERY_PROXY_AUTHENTICATE"            Value="41" />
                <Set Name="WINHTTP_QUERY_ACCEPT_RANGES"                 Value="42" />
                <Set Name="WINHTTP_QUERY_SET_COOKIE"                    Value="43" />
                <Set Name="WINHTTP_QUERY_COOKIE"                        Value="44" />
                <Set Name="WINHTTP_QUERY_REQUEST_METHOD"                Value="45" />
                <Set Name="WINHTTP_QUERY_REFRESH"                       Value="46" />
                <Set Name="WINHTTP_QUERY_CONTENT_DISPOSITION"           Value="47" />
                <Set Name="WINHTTP_QUERY_AGE"                           Value="48" />
                <Set Name="WINHTTP_QUERY_CACHE_CONTROL"                 Value="49" />
                <Set Name="WINHTTP_QUERY_CONTENT_BASE"                  Value="50" />
                <Set Name="WINHTTP_QUERY_CONTENT_LOCATION"              Value="51" />
                <Set Name="WINHTTP_QUERY_CONTENT_MD5"                   Value="52" />
                <Set Name="WINHTTP_QUERY_CONTENT_RANGE"                 Value="53" />
                <Set Name="WINHTTP_QUERY_ETAG"                          Value="54" />
                <Set Name="WINHTTP_QUERY_HOST"                          Value="55" />
                <Set Name="WINHTTP_QUERY_IF_MATCH"                      Value="56" />
                <Set Name="WINHTTP_QUERY_IF_NONE_MATCH"                 Value="57" />
                <Set Name="WINHTTP_QUERY_IF_RANGE"                      Value="58" />
                <Set Name="WINHTTP_QUERY_IF_UNMODIFIED_SINCE"           Value="59" />
                <Set Name="WINHTTP_QUERY_MAX_FORWARDS"                  Value="60" />
                <Set Name="WINHTTP_QUERY_PROXY_AUTHORIZATION"           Value="61" />
                <Set Name="WINHTTP_QUERY_RANGE"                         Value="62" />
                <Set Name="WINHTTP_QUERY_TRANSFER_ENCODING"             Value="63" />
                <Set Name="WINHTTP_QUERY_UPGRADE"                       Value="64" />
                <Set Name="WINHTTP_QUERY_VARY"                          Value="65" />
                <Set Name="WINHTTP_QUERY_VIA"                           Value="66" />
                <Set Name="WINHTTP_QUERY_WARNING"                       Value="67" />
                <Set Name="WINHTTP_QUERY_EXPECT"                        Value="68" />
                <Set Name="WINHTTP_QUERY_PROXY_CONNECTION"              Value="69" />
                <Set Name="WINHTTP_QUERY_UNLESS_MODIFIED_SINCE"         Value="70" />
                <Set Name="WINHTTP_QUERY_PROXY_SUPPORT"                 Value="75" />
                <Set Name="WINHTTP_QUERY_AUTHENTICATION_INFO"           Value="76" />
                <Set Name="WINHTTP_QUERY_PASSPORT_URLS"                 Value="77" />
                <Set Name="WINHTTP_QUERY_PASSPORT_CONFIG"               Value="78" />
                <Set Name="WINHTTP_QUERY_CUSTOM"                        Value="65535" />
                <Set Name="WINHTTP_QUERY_FLAG_REQUEST_HEADERS"          Value="0x80000000" />
                <Set Name="WINHTTP_QUERY_FLAG_SYSTEMTIME"               Value="0x40000000" />
                <Set Name="WINHTTP_QUERY_FLAG_NUMBER"                   Value="0x20000000" />
            </Flag>
        </Variable>

        <!-- WINHTTP_PROXY_RESULT_ENTRY -->
        <Variable Name="WINHTTP_PROXY_RESULT_ENTRY" Type="Struct">
            <Field Type="BOOL"                  Name="fProxy" />
            <Field Type="BOOL"                  Name="fBypass" />
            <Field Type="INTERNET_SCHEME"       Name="ProxyScheme" />
            <Field Type="PWSTR"                 Name="pwszProxy" />
            <Field Type="INTERNET_PORT"         Name="ProxyPort" />
        </Variable>
        <Variable Name="WINHTTP_PROXY_RESULT_ENTRY*" Type="Pointer" Base="WINHTTP_PROXY_RESULT_ENTRY" />

        <!-- WINHTTP_PROXY_RESULT -->
        <Variable Name="WINHTTP_PROXY_RESULT" Type="Struct">
            <Field Type="DWORD"                         Name="cEntries" />
            <Field Type="WINHTTP_PROXY_RESULT_ENTRY*"   Name="pEntries" Count="cEntries" />
        </Variable>
        <Variable Name="WINHTTP_PROXY_RESULT*" Type="Pointer" Base="WINHTTP_PROXY_RESULT" />

        <!-- WINHTTP_WEB_SOCKET_BUFFER_TYPE -->
        <Variable Name="WINHTTP_WEB_SOCKET_BUFFER_TYPE" Type="Alias" Base="UINT">
            <Enum>
                <Set Name="WINHTTP_WEB_SOCKET_BINARY_MESSAGE_BUFFER_TYPE"       Value="0" />
                <Set Name="WINHTTP_WEB_SOCKET_BINARY_FRAGMENT_BUFFER_TYPE"      Value="1" />
                <Set Name="WINHTTP_WEB_SOCKET_UTF8_MESSAGE_BUFFER_TYPE"         Value="2" />
                <Set Name="WINHTTP_WEB_SOCKET_UTF8_FRAGMENT_BUFFER_TYPE"        Value="3" />
                <Set Name="WINHTTP_WEB_SOCKET_CLOSE_BUFFER_TYPE"                Value="4" />
            </Enum>
        </Variable>
        <Variable Name="WINHTTP_WEB_SOCKET_BUFFER_TYPE*" Type="Pointer" Base="WINHTTP_WEB_SOCKET_BUFFER_TYPE" />

        <!-- WINHTTP_WEB_SOCKET_CLOSE_STATUS -->
        <Variable Name="WINHTTP_WEB_SOCKET_CLOSE_STATUS" Type="Alias" Base="USHORT">
            <Display Name="USHORT" />
            <Enum>
                <Set Name="WINHTTP_WEB_SOCKET_SUCCESS_CLOSE_STATUS"                    	Value="1000" />
                <Set Name="WINHTTP_WEB_SOCKET_ENDPOINT_TERMINATED_CLOSE_STATUS"        	Value="1001" />
                <Set Name="WINHTTP_WEB_SOCKET_PROTOCOL_ERROR_CLOSE_STATUS"             	Value="1002" />
                <Set Name="WINHTTP_WEB_SOCKET_INVALID_DATA_TYPE_CLOSE_STATUS"          	Value="1003" />
                <Set Name="WINHTTP_WEB_SOCKET_EMPTY_CLOSE_STATUS"                      	Value="1005" />
                <Set Name="WINHTTP_WEB_SOCKET_ABORTED_CLOSE_STATUS"                    	Value="1006" />
                <Set Name="WINHTTP_WEB_SOCKET_INVALID_PAYLOAD_CLOSE_STATUS"            	Value="1007" />
                <Set Name="WINHTTP_WEB_SOCKET_POLICY_VIOLATION_CLOSE_STATUS"           	Value="1008" />
                <Set Name="WINHTTP_WEB_SOCKET_MESSAGE_TOO_BIG_CLOSE_STATUS"            	Value="1009" />
                <Set Name="WINHTTP_WEB_SOCKET_UNSUPPORTED_EXTENSIONS_CLOSE_STATUS"     	Value="1010" />
                <Set Name="WINHTTP_WEB_SOCKET_SERVER_ERROR_CLOSE_STATUS"               	Value="1011" />
                <Set Name="WINHTTP_WEB_SOCKET_SECURE_HANDSHAKE_ERROR_CLOSE_STATUS"      Value="1015" />
            </Enum>
        </Variable>
        <Variable Name="WINHTTP_WEB_SOCKET_CLOSE_STATUS*" Type="Pointer" Base="WINHTTP_WEB_SOCKET_CLOSE_STATUS">
            <Display Name="USHORT*" />
        </Variable>

        <!-- Windows HTTP Services (WinHTTP) -->
        <Category Name="Internet/Windows HTTP Services (WinHTTP)" />
        <Api Name="WinHttpAddRequestHeaders">
            <Param Type="HINTERNET" Name="hRequest" />
            <Param Type="LPCWSTR" Name="pwszHeaders" />
            <Param Type="DWORD" Name="dwHeadersLength" />
            <Param Type="[WinHttpAddReqFlag]" Name="dwModifiers" />
            <Return Type="BOOL" />
        </Api>
        <Api Name="WinHttpCheckPlatform">
            <Return Type="BOOL" />
        </Api>
        <Api Name="WinHttpCloseHandle">
            <Param Type="HINTERNET" Name="hInternet" />
            <Return Type="BOOL" />
        </Api>
        <Api Name="WinHttpConnect">
            <Param Type="HINTERNET" Name="hSession" />
            <Param Type="LPCWSTR" Name="pswzServerName" />
            <Param Type="INTERNET_PORT" Name="nServerPort" />
            <Param Type="DWORD" Name="dwReserved" />
            <Return Type="HINTERNET" />
        </Api>
        <Api Name="WinHttpCrackUrl">
            <Param Type="LPCWSTR" Name="pwszUrl" />
            <Param Type="DWORD" Name="dwUrlLength" />
            <Param Type="[InternetCrackUrlFlags]" Name="dwFlags" />
            <Param Type="LPURL_COMPONENTSW" Name="lpUrlComponents" OutputOnly="True" />
            <Return Type="BOOL" />
        </Api>
        <Api Name="WinHttpCreateProxyResolver">
            <Param Type="HINTERNET" Name="hSession" />
            <Param Type="HINTERNET*" Name="phResolver" />
            <Return Type="[ERROR_CODE]" />
        </Api>
        <Api Name="WinHttpCreateUrl">
            <Param Type="LPURL_COMPONENTSW" Name="lpUrlComponents" />
            <Param Type="[InternetCrackUrlFlags]" Name="dwFlags" />
            <Param Type="LPWSTR" Name="pwszUrl" />
            <Param Type="LPDWORD" Name="lpdwUrlLength" />
            <Return Type="BOOL" />
        </Api>
        <Api Name="WinHttpDetectAutoProxyConfigUrl">
            <Param Type="DWORD" Name="dwAutoDetectFlags" />
            <Param Type="LPWSTR*" Name="ppwszAutoConfigUrl" />
            <Return Type="BOOL" />
        </Api>
        <Api Name="WinHttpFreeProxyResult">
            <Param Type="WINHTTP_PROXY_RESULT*" Name="pProxyResult" />
            <Return Type="VOID" />
        </Api>
        <Api Name="WinHttpGetDefaultProxyConfiguration">
            <Param Type="WINHTTP_PROXY_INFO*" Name="pProxyInfo" />
            <Return Type="BOOL" />
        </Api>
        <Api Name="WinHttpGetIEProxyConfigForCurrentUser">
            <Param Type="WINHTTP_CURRENT_USER_IE_PROXY_CONFIG*" Name="pProxyConfig" />
            <Return Type="BOOL" />
        </Api>
        <Api Name="WinHttpGetProxyForUrl">
            <Param Type="HINTERNET" Name="hSession" />
            <Param Type="LPCWSTR" Name="lpcwszUrl" />
            <Param Type="WINHTTP_AUTOPROXY_OPTIONS*" Name="pAutoProxyOptions" />
            <Param Type="WINHTTP_PROXY_INFO*" Name="pProxyInfo" />
            <Return Type="BOOL" />
        </Api>
        <Api Name="WinHttpGetProxyForUrlEx">
            <Param Type="HINTERNET" Name="hResolver" />
            <Param Type="PCWSTR" Name="pcwszUrl" />
            <Param Type="WINHTTP_AUTOPROXY_OPTIONS*" Name="pAutoProxyOptions" />
            <Param Type="DWORD_PTR" Name="pContext" />
            <Return Type="[ERROR_CODE]" />
        </Api>
        <Api Name="WinHttpGetProxyResult">
            <Param Type="HINTERNET" Name="hResolver" />
            <Param Type="WINHTTP_PROXY_RESULT*" Name="pProxyResult" />
            <Return Type="[ERROR_CODE]" />
        </Api>
        <Api Name="WinHttpOpen">
            <Param Type="LPCWSTR" Name="pwszUserAgent" />
            <Param Type="[HttpOpenAccessType]" Name="dwAccessType" />
            <Param Type="LPCWSTR" Name="pwszProxyName" />
            <Param Type="LPCWSTR" Name="pwszProxyBypass" />
            <Param Type="[WinHttpOpenFlags]" Name="dwFlags" />
            <Return Type="HINTERNET" />
        </Api>
        <Api Name="WinHttpOpenRequest">
            <Param Type="HINTERNET" Name="hConnect" />
            <Param Type="LPCWSTR" Name="pwszVerb" />
            <Param Type="LPCWSTR" Name="pwszObjectName" />
            <Param Type="LPCWSTR" Name="pwszVersion" />
            <Param Type="LPCWSTR" Name="pwszReferrer" />
            <Param Type="LPCWSTR*" Name="ppwszAcceptTypes" />
            <Param Type="[WinHttpOpenRequestFlags]" Name="dwFlags" />
            <Return Type="HINTERNET" />
        </Api>
        <Api Name="WinHttpQueryAuthSchemes">
            <Param Type="HINTERNET" Name="hRequest" />
            <Param Type="LPDWORD" Name="lpdwSupportedSchemes" />
            <Param Type="LPDWORD" Name="lpdwFirstScheme" />
            <Param Type="LPDWORD" Name="pdwAuthTarget" />
            <Return Type="BOOL" />
        </Api>
        <Api Name="WinHttpQueryDataAvailable">
            <Param Type="HINTERNET" Name="hRequest" />
            <Param Type="LPDWORD" Name="lpdwNumberOfBytesAvailable" />
            <Return Type="BOOL" />
        </Api>
        <Api Name="WinHttpQueryHeaders">
            <Param Type="HINTERNET" Name="hRequest" />
            <Param Type="[WinHttpQueryLevelFlags]" Name="dwInfoLevel" />
            <Param Type="LPCWSTR" Name="pwszName" />
            <Param Type="LPVOID" Name="lpBuffer" PostLength="lpdwBufferLength" />
            <Param Type="LPDWORD" Name="lpdwBufferLength" />
            <Param Type="LPDWORD" Name="lpdwIndex" />
            <Return Type="BOOL" />
        </Api>
        <Api Name="WinHttpQueryOption">
            <Param Type="HINTERNET" Name="hInternet" />
            <Param Type="[WinHttpOption]" Name="dwOption" />
            <Param Type="LPVOID" Name="lpBuffer" PostLength="lpdwBufferLength" />
            <Param Type="LPDWORD" Name="lpdwBufferLength" />
            <Return Type="BOOL" />
        </Api>
        <Api Name="WinHttpReadData">
            <Param Type="HINTERNET" Name="hRequest" />
            <Param Type="LPVOID" Name="lpBuffer" PostLength="lpdwNumberOfBytesRead" />
            <Param Type="DWORD" Name="dwNumberOfBytesToRead" />
            <Param Type="LPDWORD" Name="lpdwNumberOfBytesRead" />
            <Return Type="BOOL" />
        </Api>
        <Api Name="WinHttpReceiveResponse">
            <Param Type="HINTERNET" Name="hRequest" />
            <Param Type="LPVOID" Name="lpReserved" />
            <Return Type="BOOL" />
        </Api>
        <Api Name="WinHttpResetAutoProxy">
            <Param Type="HINTERNET" Name="hSession" />
            <Param Type="DWORD" Name="dwFlags" />
            <Return Type="[ERROR_CODE]" />
        </Api>
        <Api Name="WinHttpSendRequest">
            <Param Type="HINTERNET" Name="hRequest" />
            <Param Type="LPCWSTR" Name="pwszHeaders" />
            <Param Type="DWORD" Name="dwHeadersLength" />
            <Param Type="LPVOID" Name="lpOptional" Length="dwOptionalLength" />
            <Param Type="DWORD" Name="dwOptionalLength" />
            <Param Type="DWORD" Name="dwTotalLength" />
            <Param Type="DWORD_PTR" Name="dwContext" />
            <Return Type="BOOL" />
        </Api>
        <Api Name="WinHttpSetCredentials">
            <Param Type="HINTERNET" Name="hRequest" />
            <Param Type="DWORD" Name="AuthTargets" />
            <Param Type="DWORD" Name="AuthScheme" />
            <Param Type="LPCWSTR" Name="pwszUserName" />
            <Param Type="LPCWSTR" Name="pwszPassword" />
            <Param Type="LPVOID" Name="pAuthParams" />
            <Return Type="BOOL" />
        </Api>
        <Api Name="WinHttpSetDefaultProxyConfiguration">
            <Param Type="WINHTTP_PROXY_INFO*" Name="pProxyInfo" />
            <Return Type="BOOL" />
        </Api>
        <Api Name="WinHttpSetOption">
            <Param Type="HINTERNET" Name="hInternet" />
            <Param Type="[WinHttpOption]" Name="dwOption" />
            <Param Type="LPVOID" Name="lpBuffer" Length="dwBufferLength" />
            <Param Type="DWORD" Name="dwBufferLength" />
            <Return Type="BOOL" />
        </Api>
        <Api Name="WinHttpSetStatusCallback">
            <Param Type="HINTERNET" Name="hInternet" />
            <Param Type="WINHTTP_STATUS_CALLBACK" Name="lpfnInternetCallback" />
            <Param Type="[CallbackNotificationFlags]" Name="dwNotificationFlags" />
            <Param Type="DWORD_PTR" Name="dwReserved" />
            <Return Type="WINHTTP_STATUS_CALLBACK" />
            <Success Return="NotEqual" Value="0" />
        </Api>
        <Api Name="WinHttpSetTimeouts">
            <Param Type="HINTERNET" Name="hInternet" />
            <Param Type="int" Name="dwResolveTimeout" />
            <Param Type="int" Name="dwConnectTimeout" />
            <Param Type="int" Name="dwSendTimeout" />
            <Param Type="int" Name="dwReceiveTimeout" />
            <Return Type="BOOL" />
        </Api>
        <Api Name="WinHttpTimeFromSystemTime">
            <Param Type="SYSTEMTIME*" Name="pst" />
            <Param Type="LPWSTR" Name="pwszTime" />
            <Return Type="BOOL" />
        </Api>
        <Api Name="WinHttpTimeToSystemTime">
            <Param Type="LPCWSTR" Name="pwszTime" />
            <Param Type="SYSTEMTIME*" Name="pst" />
            <Return Type="BOOL" />
        </Api>
        <Api Name="WinHttpWriteData">
            <Param Type="HINTERNET" Name="hRequest" />
            <Param Type="LPCVOID" Name="lpBuffer" Length="dwNumberOfBytesToWrite" />
            <Param Type="DWORD" Name="dwNumberOfBytesToWrite" />
            <Param Type="LPDWORD" Name="lpdwNumberOfBytesWritten" />
            <Return Type="BOOL" />
        </Api>

        <!-- WebSocket -->
        <Category Name="Internet/Windows HTTP Services (WinHTTP)/WebSocket" />
        <Api Name="WinHttpWebSocketClose">
            <Param Type="HINTERNET" Name="hWebSocket" />
            <Param Type="WINHTTP_WEB_SOCKET_CLOSE_STATUS" Name="usStatus" />
            <Param Type="PVOID" Name="pvReason" Length="dwReasonLength" />
            <Param Type="DWORD" Name="dwReasonLength" />
            <Return Type="[ERROR_CODE]" />
        </Api>
        <Api Name="WinHttpWebSocketCompleteUpgrade">
            <Param Type="HINTERNET" Name="hRequest" />
            <Param Type="DWORD_PTR" Name="pContext" />
            <Return Type="HINTERNET" />
        </Api>
        <Api Name="WinHttpWebSocketQueryCloseStatus">
            <Param Type="HINTERNET" Name="hWebSocket" />
            <Param Type="WINHTTP_WEB_SOCKET_CLOSE_STATUS*" Name="pusStatus" />
            <Param Type="PVOID" Name="pvReason" PostLength="pdwReasonLengthConsumed" />
            <Param Type="DWORD" Name="dwReasonLength" />
            <Param Type="DWORD*" Name="pdwReasonLengthConsumed" />
            <Return Type="[ERROR_CODE]" />
        </Api>
        <Api Name="WinHttpWebSocketReceive">
            <Param Type="HINTERNET" Name="hWebSocket" />
            <Param Type="PVOID" Name="pvBuffer" PostLength="pdwBytesRead" />
            <Param Type="DWORD" Name="dwBufferLength" />
            <Param Type="DWORD*" Name="pdwBytesRead" />
            <Param Type="WINHTTP_WEB_SOCKET_BUFFER_TYPE*" Name="peBufferType" />
            <Return Type="[ERROR_CODE]" />
        </Api>
        <Api Name="WinHttpWebSocketSend">
            <Param Type="HINTERNET" Name="hWebSocket" />
            <Param Type="WINHTTP_WEB_SOCKET_BUFFER_TYPE" Name="eBufferType" />
            <Param Type="PVOID" Name="pvBuffer" Length="dwBufferLength" />
            <Param Type="DWORD" Name="dwBufferLength" />
            <Return Type="[ERROR_CODE]" />
        </Api>
        <Api Name="WinHttpWebSocketShutdown">
            <Param Type="HINTERNET" Name="hWebSocket" />
            <Param Type="WINHTTP_WEB_SOCKET_CLOSE_STATUS" Name="usStatus" />
            <Param Type="PVOID" Name="pvReason" Length="dwReasonLength" />
            <Param Type="DWORD" Name="dwReasonLength" />
            <Return Type="[ERROR_CODE]" />
        </Api>

    </Module>
</ApiMonitor>