<!--
    API Monitor Definitions
    (c) 2010-2011, Rohitab Batra <rohitab@rohitab.com>
    http://www.rohitab.com/apimonitor/
-->
<ApiMonitor>
    <Include Filename="Headers\windows.h.xml" />
    <Module Name="winshfhc.dll" CallingConvention="STDCALL" ErrorFunc="HRESULT" OnlineHelp="MSDN">
        
        <!-- FILE_RISK_LEVEL -->
        <Variable Name="FILE_RISK_LEVEL" Type="Alias" Base="UINT">
            <Enum>
                <Set Name="FRL_NO_OPINION"  Value="0" />
                <Set Name="FRL_LOW"         Value="1" />
                <Set Name="FRL_MODERATE"    Value="2" />
                <Set Name="FRL_HIGH"        Value="3" />
                <Set Name="FRL_BLOCK"       Value="4" />
            </Enum>
        </Variable>
        <Variable Name="FILE_RISK_LEVEL*" Type="Pointer" Base="FILE_RISK_LEVEL" />

        <!-- Shell -->
        <Category Name="Windows Environment Development/Windows Shell" />
        <Api Name="EstimateFileRiskLevel" Ordinal="101">
            <Param Type="LPCWSTR" Name="pszFilePath" />
            <Param Type="LPCWSTR" Name="pszExt" />
            <Param Type="LPCWSTR" Name="pszHandler" />
            <Param Type="FILE_RISK_LEVEL*" Name="pfrlEstimate" />
            <Return Type="HRESULT" />
        </Api>
    </Module>
</ApiMonitor>