<!--
    API Monitor Definitions
    (c) 2012, Rohitab Batra <rohitab@rohitab.com>
    http://www.rohitab.com/apimonitor/
-->
<ApiMonitor>
    <Include Filename="Headers\runtime.h.xml" />
    <Module Name="WinTypes.dll" CallingConvention="STDCALL" ErrorFunc="HRESULT" OnlineHelp="MSDN">

        <!-- TODO: Interfaces-->
        <Variable Name="IMetaDataImport2"       Type="Interface" />
        <Variable Name="IMetaDataDispenserEx"   Type="Interface" />

        <!-- Windows Runtime C++ -->
        <Category Name="Additional Resources/Windows Runtime C++" />
        <Api Name="RoGetBufferMarshaler">
            <Param Type="IMarshal**" Name="bufferMarshaler" />
            <Return Type="HRESULT" />
        </Api>
        <Api Name="RoGetMetaDataFile">
            <Param Type="const HSTRING" Name="name" />
            <Param Type="IMetaDataDispenserEx*" Name="metaDataDispenser" />
            <Param Type="HSTRING*" Name="metaDataFilePath" />
            <Param Type="IMetaDataImport2**" Name="metaDataImport" />
            <Param Type="mdTypeDef*" Name="typeDefToken" />
            <Return Type="HRESULT" />
        </Api>
        <Api Name="RoParseTypeName">
            <Param Type="HSTRING" Name="typename" />
            <Param Type="DWORD*" Name="partsCount" />
            <Param Type="HSTRING**" Name="typeNameParts" DerefPostCount="partsCount" />
            <Return Type="HRESULT" />
        </Api>
        <Api Name="RoResolveNamespace">
            <Param Type="const HSTRING" Name="name" />
            <Param Type="const HSTRING" Name="windowsMetaDataDir" />
            <Param Type="const DWORD" Name="packageGraphDirsCount" />
            <Param Type="const HSTRING*" Name="packageGraphDirs" Count="packageGraphDirsCount" />
            <Param Type="DWORD*" Name="metaDataFilePathsCount" />
            <Param Type="HSTRING**" Name="metaDataFilePaths" DerefPostCount="metaDataFilePathsCount" />
            <Param Type="DWORD*" Name="subNamespacesCount" />
            <Param Type="HSTRING**" Name="subNamespaces" DerefPostCount="subNamespacesCount" />
            <Return Type="HRESULT" />
        </Api>
    </Module>
</ApiMonitor>