<!--
    API Monitor Definitions
    (c) 2010-2012, Rohitab Batra <rohitab@rohitab.com>
    http://www.rohitab.com/apimonitor/
-->
<ApiMonitor>
    <Include Filename="Headers\windows.h.xml" />
    <Module Name="Wlanapi.dll" CallingConvention="STDCALL" ErrorFunc="HRESULT" OnlineHelp="MSDN">

        <!-- Variables -->
        <Variable Name="WLAN_NOTIFICATION_CALLBACK"             Type="Alias"    Base="LPVOID" />
        <Variable Name="WLAN_SIGNAL_QUALITY"                    Type="Alias"    Base="ULONG" />
        <Variable Name="WFD_OPEN_SESSION_COMPLETE_CALLBACK"     Type="Alias"    Base="LPVOID" />
        
        <!-- Arrays -->
        <Variable Name="WCHAR [WLAN_MAX_NAME_LENGTH]"           Type="Array"    Base="WCHAR"    Count="256" />
        <Variable Name="UCHAR [DOT11_SSID_MAX_LENGTH]"          Type="Array"    Base="UCHAR"    Count="32" />
        <Variable Name="USHORT [DOT11_RATE_SET_MAX_LENGTH]"     Type="Array"    Base="USHORT"   Count="126" />

        <!-- DOT11_MAC_ADDRESS -->
        <Variable Name="DOT11_MAC_ADDRESS"      Type="Array"    Base="UCHAR"               Count="6" />
        <Variable Name="DOT11_MAC_ADDRESS [1]"  Type="Array"    Base="DOT11_MAC_ADDRESS"   Count="1" />
        <Variable Name="PDOT11_MAC_ADDRESS"     Type="Pointer"  Base="DOT11_MAC_ADDRESS" />

        <!-- [WlanProfileFlags] -->
        <Variable Name="[WlanProfileFlags]" Type="Alias" Base="DWORD">
            <Display Name="DWORD" />
            <Flag>
                <Set Name="WLAN_PROFILE_GROUP_POLICY"                   Value="0x00000001" />
                <Set Name="WLAN_PROFILE_USER"                           Value="0x00000002" />
                <Set Name="WLAN_PROFILE_GET_PLAINTEXT_KEY"              Value="0x00000004" />
                <Set Name="WLAN_PROFILE_CONNECTION_MODE_SET_BY_CLIENT"  Value="0x00010000" />
                <Set Name="WLAN_PROFILE_CONNECTION_MODE_AUTO"           Value="0x00020000" />
            </Flag>
        </Variable>
        <Variable Name="[WlanProfileFlags*]" Type="Pointer" Base="[WlanProfileFlags]">
            <Display Name="DWORD*" />
        </Variable>

        <!-- DOT11_BSS_TYPE -->
        <Variable Name="DOT11_BSS_TYPE" Type="Alias" Base="UINT">
            <Enum>
                <Set Name="dot11_BSS_type_infrastructure"   Value="1" />
                <Set Name="dot11_BSS_type_independent"      Value="2" />
                <Set Name="dot11_BSS_type_any"              Value="3" />
            </Enum>
        </Variable>

        <!-- DOT11_PHY_TYPE -->
        <Variable Name="DOT11_PHY_TYPE" Type="Alias" Base="UINT">
            <Enum>
                <Set Name="dot11_phy_type_unknown"          Value="0" />
                <Set Name="dot11_phy_type_fhss"             Value="1" />
                <Set Name="dot11_phy_type_dsss"             Value="2" />
                <Set Name="dot11_phy_type_irbaseband"       Value="3" />
                <Set Name="dot11_phy_type_ofdm"             Value="4" />
                <Set Name="dot11_phy_type_hrdsss"           Value="5" />
                <Set Name="dot11_phy_type_erp"              Value="6" />
                <Set Name="dot11_phy_type_ht"               Value="7" />
            </Enum>
        </Variable>
        <Variable Name="DOT11_PHY_TYPE [WLAN_MAX_PHY_INDEX]"        Type="Array" Base="DOT11_PHY_TYPE" Count="64" />
        <Variable Name="DOT11_PHY_TYPE [WLAN_MAX_PHY_TYPE_NUMBER]"  Type="Array" Base="DOT11_PHY_TYPE" Count="8" />

        <!-- DOT11_SSID -->
        <Variable Name="DOT11_SSID" Type="Struct">
            <Field Type="ULONG"                             Name="uSSIDLength" />
            <Field Type="UCHAR [DOT11_SSID_MAX_LENGTH]"     Name="ucSSID" Count="uSSIDLength" />
        </Variable>
        <Variable Name="PDOT11_SSID"        Type="Pointer" Base="DOT11_SSID" />
        <Variable Name="const PDOT11_SSID"  Type="Pointer" Base="DOT11_SSID" />

        <!-- DOT11_AUTH_ALGORITHM -->
        <Variable Name="DOT11_AUTH_ALGORITHM" Type="Alias" Base="UINT">
            <Enum>
                <Set Name="DOT11_AUTH_ALGO_80211_OPEN"              Value="1" />
                <Set Name="DOT11_AUTH_ALGO_80211_SHARED_KEY"        Value="2" />
                <Set Name="DOT11_AUTH_ALGO_WPA"                     Value="3" />
                <Set Name="DOT11_AUTH_ALGO_WPA_PSK"                 Value="4" />
                <Set Name="DOT11_AUTH_ALGO_WPA_NONE"                Value="5" />
                <Set Name="DOT11_AUTH_ALGO_RSNA"                    Value="6" />
                <Set Name="DOT11_AUTH_ALGO_RSNA_PSK"                Value="7" />
            </Enum>
        </Variable>

        <!-- DOT11_CIPHER_ALGORITHM -->
        <Variable Name="DOT11_CIPHER_ALGORITHM" Type="Alias" Base="UINT">
            <Enum>
                <Set Name="DOT11_CIPHER_ALGO_NONE"                  Value="0x00" />
                <Set Name="DOT11_CIPHER_ALGO_WEP40"                 Value="0x01" />
                <Set Name="DOT11_CIPHER_ALGO_TKIP"                  Value="0x02" />
                <Set Name="DOT11_CIPHER_ALGO_CCMP"                  Value="0x04" />
                <Set Name="DOT11_CIPHER_ALGO_WEP104"                Value="0x05" />
                <Set Name="DOT11_CIPHER_ALGO_WPA_USE_GROUP"         Value="0x100" />
                <Set Name="DOT11_CIPHER_ALGO_WEP"                   Value="0x101" />
            </Enum>
        </Variable>

        <!-- [NDIS_OBJECT_TYPE] -->
        <Variable Name="[NDIS_OBJECT_TYPE]" Type="Alias" Base="UCHAR">
            <Display Name="UCHAR" />
            <Enum>
                <Set Name="NDIS_OBJECT_TYPE_DEFAULT"                                                Value="0x80" />
                <Set Name="NDIS_OBJECT_TYPE_MINIPORT_INIT_PARAMETERS"                               Value="0x81" />
                <Set Name="NDIS_OBJECT_TYPE_SG_DMA_DESCRIPTION"                                     Value="0x83" />
                <Set Name="NDIS_OBJECT_TYPE_MINIPORT_INTERRUPT"                                     Value="0x84" />
                <Set Name="NDIS_OBJECT_TYPE_DEVICE_OBJECT_ATTRIBUTES"                               Value="0x85" />
                <Set Name="NDIS_OBJECT_TYPE_BIND_PARAMETERS"                                        Value="0x86" />
                <Set Name="NDIS_OBJECT_TYPE_OPEN_PARAMETERS"                                        Value="0x87" />
                <Set Name="NDIS_OBJECT_TYPE_RSS_CAPABILITIES"                                       Value="0x88" />
                <Set Name="NDIS_OBJECT_TYPE_RSS_PARAMETERS"                                         Value="0x89" />
                <Set Name="NDIS_OBJECT_TYPE_MINIPORT_DRIVER_CHARACTERISTICS"                        Value="0x8A" />
                <Set Name="NDIS_OBJECT_TYPE_FILTER_DRIVER_CHARACTERISTICS"                          Value="0x8B" />
                <Set Name="NDIS_OBJECT_TYPE_FILTER_PARTIAL_CHARACTERISTICS"                         Value="0x8C" />
                <Set Name="NDIS_OBJECT_TYPE_FILTER_ATTRIBUTES"                                      Value="0x8D" />
                <Set Name="NDIS_OBJECT_TYPE_CLIENT_CHIMNEY_OFFLOAD_GENERIC_CHARACTERISTICS"         Value="0x8E" />
                <Set Name="NDIS_OBJECT_TYPE_PROVIDER_CHIMNEY_OFFLOAD_GENERIC_CHARACTERISTICS"       Value="0x8F" />
                <Set Name="NDIS_OBJECT_TYPE_CO_PROTOCOL_CHARACTERISTICS"                            Value="0x90" />
                <Set Name="NDIS_OBJECT_TYPE_CO_MINIPORT_CHARACTERISTICS"                            Value="0x91" />
                <Set Name="NDIS_OBJECT_TYPE_MINIPORT_PNP_CHARACTERISTICS"                           Value="0x92" />
                <Set Name="NDIS_OBJECT_TYPE_CLIENT_CHIMNEY_OFFLOAD_CHARACTERISTICS"                 Value="0x93" />
                <Set Name="NDIS_OBJECT_TYPE_PROVIDER_CHIMNEY_OFFLOAD_CHARACTERISTICS"               Value="0x94" />
                <Set Name="NDIS_OBJECT_TYPE_PROTOCOL_DRIVER_CHARACTERISTICS"                        Value="0x95" />
                <Set Name="NDIS_OBJECT_TYPE_REQUEST_EX"                                             Value="0x96" />
                <Set Name="NDIS_OBJECT_TYPE_OID_REQUEST"                                            Value="0x96" />
                <Set Name="NDIS_OBJECT_TYPE_TIMER_CHARACTERISTICS"                                  Value="0x97" />
                <Set Name="NDIS_OBJECT_TYPE_STATUS_INDICATION"                                      Value="0x98" />
                <Set Name="NDIS_OBJECT_TYPE_FILTER_ATTACH_PARAMETERS"                               Value="0x99" />
                <Set Name="NDIS_OBJECT_TYPE_FILTER_PAUSE_PARAMETERS"                                Value="0x9A" />
                <Set Name="NDIS_OBJECT_TYPE_FILTER_RESTART_PARAMETERS"                              Value="0x9B" />
                <Set Name="NDIS_OBJECT_TYPE_PORT_CHARACTERISTICS"                                   Value="0x9C" />
                <Set Name="NDIS_OBJECT_TYPE_PORT_STATE"                                             Value="0x9D" />
                <Set Name="NDIS_OBJECT_TYPE_MINIPORT_ADAPTER_REGISTRATION_ATTRIBUTES"               Value="0x9E" />
                <Set Name="NDIS_OBJECT_TYPE_MINIPORT_ADAPTER_GENERAL_ATTRIBUTES"                    Value="0x9F" />
                <Set Name="NDIS_OBJECT_TYPE_MINIPORT_ADAPTER_OFFLOAD_ATTRIBUTES"                    Value="0xA0" />
                <Set Name="NDIS_OBJECT_TYPE_MINIPORT_ADAPTER_NATIVE_802_11_ATTRIBUTES"              Value="0xA1" />
                <Set Name="NDIS_OBJECT_TYPE_RESTART_GENERAL_ATTRIBUTES"                             Value="0xA2" />
                <Set Name="NDIS_OBJECT_TYPE_PROTOCOL_RESTART_PARAMETERS"                            Value="0xA3" />
                <Set Name="NDIS_OBJECT_TYPE_MINIPORT_ADD_DEVICE_REGISTRATION_ATTRIBUTES"            Value="0xA4" />
                <Set Name="NDIS_OBJECT_TYPE_CO_CALL_MANAGER_OPTIONAL_HANDLERS"                      Value="0xA5" />
                <Set Name="NDIS_OBJECT_TYPE_CO_CLIENT_OPTIONAL_HANDLERS"                            Value="0xA6" />
                <Set Name="NDIS_OBJECT_TYPE_OFFLOAD"                                                Value="0xA7" />
                <Set Name="NDIS_OBJECT_TYPE_OFFLOAD_ENCAPSULATION"                                  Value="0xA8" />
                <Set Name="NDIS_OBJECT_TYPE_CONFIGURATION_OBJECT"                                   Value="0xA9" />
                <Set Name="NDIS_OBJECT_TYPE_DRIVER_WRAPPER_OBJECT"                                  Value="0xAA" />
                <Set Name="NDIS_OBJECT_TYPE_HD_SPLIT_ATTRIBUTES"                                    Value="0xAB" />
                <Set Name="NDIS_OBJECT_TYPE_NSI_NETWORK_RW_STRUCT"                                  Value="0xAC" />
                <Set Name="NDIS_OBJECT_TYPE_NSI_COMPARTMENT_RW_STRUCT"                              Value="0xAD" />
                <Set Name="NDIS_OBJECT_TYPE_NSI_INTERFACE_PERSIST_RW_STRUCT"                        Value="0xAE" />
                <Set Name="NDIS_OBJECT_TYPE_MINIPORT_ADAPTER_HARDWARE_ASSIST_ATTRIBUTES"            Value="0xAF" />
                <Set Name="NDIS_OBJECT_TYPE_SHARED_MEMORY_PROVIDER_CHARACTERISTICS"                 Value="0xB0" />
                <Set Name="NDIS_OBJECT_TYPE_RSS_PROCESSOR_INFO"                                     Value="0xB1" />
            </Enum>
        </Variable>

        <!-- NDIS_OBJECT_HEADER -->
        <Variable Name="NDIS_OBJECT_HEADER" Type="Struct">
            <Field Type="[NDIS_OBJECT_TYPE]"    Name="Type" />
            <Field Type="UCHAR"                 Name="Revision" />
            <Field Type="USHORT"                Name="Size" />
        </Variable>

        <!-- DOT11_BSSID_LIST -->
        <Variable Name="DOT11_BSSID_LIST" Type="Struct">
            <Field Type="NDIS_OBJECT_HEADER"        Name="Header" />
            <Field Type="ULONG"                     Name="uNumOfEntries" />
            <Field Type="ULONG"                     Name="uTotalNumOfEntries" />
            <Field Type="DOT11_MAC_ADDRESS [1]"     Name="BSSIDs" Count="uNumOfEntries" />
        </Variable>
        <Variable Name="PDOT11_BSSID_LIST" Type="Pointer" Base="DOT11_BSSID_LIST" />

        <!-- WLAN_INTERFACE_STATE -->
        <Variable Name="WLAN_INTERFACE_STATE" Type="Alias" Base="UINT">
            <Enum>
                <Set Name="wlan_interface_state_not_ready"              Value="0" />
                <Set Name="wlan_interface_state_connected"              Value="1" />
                <Set Name="wlan_interface_state_ad_hoc_network_formed"  Value="2" />
                <Set Name="wlan_interface_state_disconnecting"          Value="3" />
                <Set Name="wlan_interface_state_disconnected"           Value="4" />
                <Set Name="wlan_interface_state_associating"            Value="5" />
                <Set Name="wlan_interface_state_discovering"            Value="6" />
                <Set Name="wlan_interface_state_authenticating"         Value="7" />
            </Enum>
        </Variable>

        <!-- WLAN_INTERFACE_INFO -->
        <Variable Name="WLAN_INTERFACE_INFO" Type="Struct">
            <Field Type="GUID"                          Name="InterfaceGuid" />
            <Field Type="WCHAR [WLAN_MAX_NAME_LENGTH]"  Name="strInterfaceDescription" />
            <Field Type="WLAN_INTERFACE_STATE"          Name="isState" />
        </Variable>
        <Variable Name="WLAN_INTERFACE_INFO [1]" Type="Array" Base="WLAN_INTERFACE_INFO" Count="1" />

        <!-- WLAN_INTERFACE_INFO_LIST -->
        <Variable Name="WLAN_INTERFACE_INFO_LIST" Type="Struct">
            <Field Type="DWORD"                     Name="dwNumberOfItems" />
            <Field Type="DWORD"                     Name="dwIndex" />
            <Field Type="WLAN_INTERFACE_INFO [1]"   Name="InterfaceInfo" Count="dwNumberOfItems" />
        </Variable>
        <Variable Name="PWLAN_INTERFACE_INFO_LIST"  Type="Pointer" Base="WLAN_INTERFACE_INFO_LIST" />
        <Variable Name="PWLAN_INTERFACE_INFO_LIST*" Type="Pointer" Base="PWLAN_INTERFACE_INFO_LIST" />

        <!-- [WLAN_RAW_DATA_LIST_s] -->
        <Variable Name="[WLAN_RAW_DATA_LIST_s]" Type="Struct">
            <Display Name="struct" />
            <Field Type="DWORD"     Name="dwDataOffset" />
            <Field Type="DWORD"     Name="dwDataSize" />
        </Variable>
        <Variable Name="[WLAN_RAW_DATA_LIST_s [1]]" Type="Array" Base="[WLAN_RAW_DATA_LIST_s]" Count="1">
            <Display Name="struct [1]" />
        </Variable>

        <!-- WLAN_RAW_DATA_LIST -->
        <Variable Name="WLAN_RAW_DATA_LIST" Type="Struct">
            <Field Type="DWORD"                         Name="dwTotalSize" />
            <Field Type="DWORD"                         Name="dwNumberOfItems" />
            <Field Type="[WLAN_RAW_DATA_LIST_s [1]]"    Name="DataList" Count="dwNumberOfItems" />
        </Variable>
        <Variable Name="PWLAN_RAW_DATA_LIST"        Type="Pointer" Base="WLAN_RAW_DATA_LIST" />
        <Variable Name="const PWLAN_RAW_DATA_LIST"  Type="Pointer" Base="WLAN_RAW_DATA_LIST" />
        <Variable Name="PWLAN_RAW_DATA_LIST*"       Type="Pointer" Base="PWLAN_RAW_DATA_LIST" />

        <!-- [WLAN_AVAILABLE_NETWORK_FLAGS] -->
        <Variable Name="[WLAN_AVAILABLE_NETWORK_FLAGS]" Type="Alias" Base="DWORD">
            <Display Name="DWORD" />
            <Flag>
                <Set Name="WLAN_AVAILABLE_NETWORK_CONNECTED"                Value="0x00000001" />
                <Set Name="WLAN_AVAILABLE_NETWORK_HAS_PROFILE"              Value="0x00000002" />
                <Set Name="WLAN_AVAILABLE_NETWORK_CONSOLE_USER_PROFILE"     Value="0x00000004" />
            </Flag>
        </Variable>

        <!-- WLAN_AVAILABLE_NETWORK -->
        <Variable Name="WLAN_AVAILABLE_NETWORK" Type="Struct">
            <Field Type="WCHAR [WLAN_MAX_NAME_LENGTH]"                  Name="strProfileName" />
            <Field Type="DOT11_SSID"                                    Name="dot11Ssid" />
            <Field Type="DOT11_BSS_TYPE"                                Name="dot11BssType" />
            <Field Type="ULONG"                                         Name="uNumberOfBssids" />
            <Field Type="BOOL"                                          Name="bNetworkConnectable" />
            <Field Type="WLAN_REASON_CODE"                              Name="wlanNotConnectableReason" />
            <Field Type="ULONG"                                         Name="uNumberOfPhyTypes" />
            <Field Type="DOT11_PHY_TYPE [WLAN_MAX_PHY_TYPE_NUMBER]"     Name="dot11PhyTypes" Count="uNumberOfPhyTypes" />
            <Field Type="BOOL"                                          Name="bMorePhyTypes" />
            <Field Type="WLAN_SIGNAL_QUALITY"                           Name="wlanSignalQuality" />
            <Field Type="BOOL"                                          Name="bSecurityEnabled" />
            <Field Type="DOT11_AUTH_ALGORITHM"                          Name="dot11DefaultAuthAlgorithm" />
            <Field Type="DOT11_CIPHER_ALGORITHM"                        Name="dot11DefaultCipherAlgorithm" />
            <Field Type="[WLAN_AVAILABLE_NETWORK_FLAGS]"                Name="dwFlags" />
            <Field Type="DWORD"                                         Name="dwReserved" />
        </Variable>
        <Variable Name="WLAN_AVAILABLE_NETWORK [1]" Type="Array" Base="WLAN_AVAILABLE_NETWORK" Count="1" />

        <!-- WLAN_AVAILABLE_NETWORK_LIST -->
        <Variable Name="WLAN_AVAILABLE_NETWORK_LIST" Type="Struct">
            <Field Type="DWORD"                         Name="dwNumberOfItems" />
            <Field Type="DWORD"                         Name="dwIndex" />
            <Field Type="WLAN_AVAILABLE_NETWORK [1]"    Name="Network" Count="dwNumberOfItems" />
        </Variable>
        <Variable Name="PWLAN_AVAILABLE_NETWORK_LIST"   Type="Pointer" Base="WLAN_AVAILABLE_NETWORK_LIST" />
        <Variable Name="PWLAN_AVAILABLE_NETWORK_LIST*"  Type="Pointer" Base="PWLAN_AVAILABLE_NETWORK_LIST" />

        <!-- DOT11_NETWORK -->
        <Variable Name="DOT11_NETWORK" Type="Struct">
            <Field Type="DOT11_SSID"        Name="dot11Ssid" />
            <Field Type="DOT11_BSS_TYPE"    Name="dot11BssType" />
        </Variable>
        <Variable Name="DOT11_NETWORK [1]" Type="Array" Base="DOT11_NETWORK" Count="1" />

        <!-- DOT11_NETWORK_LIST -->
        <Variable Name="DOT11_NETWORK_LIST" Type="Struct">
            <Field Type="DWORD"                 Name="dwNumberOfItems" />
            <Field Type="DWORD"                 Name="dwIndex" />
            <Field Type="DOT11_NETWORK [1]"     Name="Network" Count="dwNumberOfItems" />
        </Variable>
        <Variable Name="const PDOT11_NETWORK_LIST"  Type="Pointer" Base="DOT11_NETWORK_LIST" />
        <Variable Name="PDOT11_NETWORK_LIST"        Type="Pointer" Base="DOT11_NETWORK_LIST" />
        <Variable Name="PDOT11_NETWORK_LIST*"       Type="Pointer" Base="PDOT11_NETWORK_LIST" />

        <!-- WLAN_INTERFACE_TYPE -->
        <Variable Name="WLAN_INTERFACE_TYPE" Type="Alias" Base="UINT">
            <Enum>
                <Set Name="wlan_interface_type_emulated_802_11"     Value="0" />
                <Set Name="wlan_interface_type_native_802_11"       Value="1" />
                <Set Name="wlan_interface_type_invalid"             Value="2" />
            </Enum>
        </Variable>

        <!-- WLAN_INTERFACE_CAPABILITY -->
        <Variable Name="WLAN_INTERFACE_CAPABILITY" Type="Struct">
            <Field Type="WLAN_INTERFACE_TYPE"                   Name="interfaceType" />
            <Field Type="BOOL"                                  Name="bDot11DSupported" />
            <Field Type="DWORD"                                 Name="dwMaxDesiredSsidListSize" />
            <Field Type="DWORD"                                 Name="dwMaxDesiredBssidListSize" />
            <Field Type="DWORD"                                 Name="dwNumberOfSupportedPhys" />
            <Field Type="DOT11_PHY_TYPE [WLAN_MAX_PHY_INDEX]"   Name="dot11PhyTypes" />
        </Variable>
        <Variable Name="PWLAN_INTERFACE_CAPABILITY"     Type="Pointer" Base="WLAN_INTERFACE_CAPABILITY" />
        <Variable Name="PWLAN_INTERFACE_CAPABILITY*"    Type="Pointer" Base="PWLAN_INTERFACE_CAPABILITY" />

        <!-- WLAN_RATE_SET -->
        <Variable Name="WLAN_RATE_SET" Type="Struct">
            <Field Type="ULONG"                                 Name="uRateSetLength" />
            <Field Type="USHORT [DOT11_RATE_SET_MAX_LENGTH]"    Name="usRateSet" />
        </Variable>

        <!-- WLAN_BSS_ENTRY -->
        <Variable Name="WLAN_BSS_ENTRY" Type="Struct">
            <Field Type="DOT11_SSID"            Name="dot11Ssid" />
            <Field Type="ULONG"                 Name="uPhyId" />
            <Field Type="DOT11_MAC_ADDRESS"     Name="dot11Bssid" />
            <Field Type="DOT11_BSS_TYPE"        Name="dot11BssType" />
            <Field Type="DOT11_PHY_TYPE"        Name="dot11BssPhyType" />
            <Field Type="LONG"                  Name="lRssi" />
            <Field Type="ULONG"                 Name="uLinkQuality" />
            <Field Type="BOOLEAN"               Name="bInRegDomain" />
            <Field Type="USHORT"                Name="usBeaconPeriod" />
            <Field Type="ULONGLONG"             Name="ullTimestamp" />
            <Field Type="ULONGLONG"             Name="ullHostTimestamp" />
            <Field Type="USHORT"                Name="usCapabilityInformation" />
            <Field Type="ULONG"                 Name="ulChCenterFrequency" />
            <Field Type="WLAN_RATE_SET"         Name="wlanRateSet" />
            <Field Type="ULONG"                 Name="ulIeOffset" />
            <Field Type="ULONG"                 Name="ulIeSize" />
        </Variable>
        <Variable Name="WLAN_BSS_ENTRY [1]" Type="Array" Base="WLAN_BSS_ENTRY" Count="1" />

        <!-- WLAN_BSS_LIST -->
        <Variable Name="WLAN_BSS_LIST" Type="Struct">
            <Field Type="DWORD"                 Name="dwTotalSize" />
            <Field Type="DWORD"                 Name="dwNumberOfItems" />
            <Field Type="WLAN_BSS_ENTRY [1]"    Name="wlanBssEntries" Count="dwNumberOfItems" />
        </Variable>
        <Variable Name="PWLAN_BSS_LIST"     Type="Pointer" Base="WLAN_BSS_LIST" />
        <Variable Name="PWLAN_BSS_LIST*"    Type="Pointer" Base="PWLAN_BSS_LIST" />

        <!-- WLAN_PROFILE_INFO -->
        <Variable Name="WLAN_PROFILE_INFO" Type="Struct">
            <Field Type="WCHAR [WLAN_MAX_NAME_LENGTH]"  Name="strProfileName" />
            <Field Type="[WlanProfileFlags]"            Name="dwFlags" />
        </Variable>
        <Variable Name="WLAN_PROFILE_INFO [1]" Type="Array" Base="WLAN_PROFILE_INFO" Count="1" />

        <!-- WLAN_PROFILE_INFO_LIST -->
        <Variable Name="WLAN_PROFILE_INFO_LIST" Type="Struct">
            <Field Type="DWORD"                     Name="dwNumberOfItems" />
            <Field Type="DWORD"                     Name="dwIndex" />
            <Field Type="WLAN_PROFILE_INFO [1]"     Name="ProfileInfo" Count="dwNumberOfItems" />
        </Variable>
        <Variable Name="PWLAN_PROFILE_INFO_LIST"    Type="Pointer" Base="WLAN_PROFILE_INFO_LIST" />
        <Variable Name="PWLAN_PROFILE_INFO_LIST*"   Type="Pointer" Base="PWLAN_PROFILE_INFO_LIST" />

        <!-- WLAN_HOSTED_NETWORK_STATE -->
        <Variable Name="WLAN_HOSTED_NETWORK_STATE" Type="Alias" Base="UINT">
            <Enum>
                <Set Name="wlan_hosted_network_unavailable"     Value="0" />
                <Set Name="wlan_hosted_network_idle"            Value="1" />
                <Set Name="wlan_hosted_network_active"          Value="2" />
            </Enum>
        </Variable>

        <!-- WLAN_HOSTED_NETWORK_PEER_AUTH_STATE -->
        <Variable Name="WLAN_HOSTED_NETWORK_PEER_AUTH_STATE" Type="Alias" Base="UINT">
            <Enum>
                <Set Name="wlan_hosted_network_peer_state_invalid"          Value="0" />
                <Set Name="wlan_hosted_network_peer_state_authenticated"    Value="1" />
            </Enum>
        </Variable>

        <!-- WLAN_HOSTED_NETWORK_PEER_STATE -->
        <Variable Name="WLAN_HOSTED_NETWORK_PEER_STATE" Type="Struct">
            <Field Type="DOT11_MAC_ADDRESS"                     Name="PeerMacAddress" />
            <Field Type="WLAN_HOSTED_NETWORK_PEER_AUTH_STATE"   Name="PeerAuthState" />
        </Variable>
        <Variable Name="WLAN_HOSTED_NETWORK_PEER_STATE [1]" Type="Array" Base="WLAN_HOSTED_NETWORK_PEER_STATE" Count="1" />

        <!-- WLAN_HOSTED_NETWORK_STATUS -->
        <Variable Name="WLAN_HOSTED_NETWORK_STATUS" Type="Struct">
            <Field Type="WLAN_HOSTED_NETWORK_STATE"             Name="HostedNetworkState" />
            <Field Type="GUID"                                  Name="IPDeviceID" />
            <Field Type="DOT11_MAC_ADDRESS"                     Name="wlanHostedNetworkBSSID" />
            <Field Type="DOT11_PHY_TYPE"                        Name="dot11PhyType" />
            <Field Type="ULONG"                                 Name="ulChannelFrequency" />
            <Field Type="DWORD"                                 Name="dwNumberOfPeers" />
            <Field Type="WLAN_HOSTED_NETWORK_PEER_STATE [1]"    Name="PeerList" Count="dwNumberOfPeers" />
        </Variable>
        <Variable Name="PWLAN_HOSTED_NETWORK_STATUS"    Type="Pointer" Base="WLAN_HOSTED_NETWORK_STATUS" />
        <Variable Name="PWLAN_HOSTED_NETWORK_STATUS*"   Type="Pointer" Base="PWLAN_HOSTED_NETWORK_STATUS" />

        <!-- WLAN_RAW_DATA -->
        <Variable Name="WLAN_RAW_DATA" Type="Struct">
            <Field Type="DWORD"     Name="dwDataSize" />
            <Field Type="BYTE [1]"  Name="DataBlob" Count="dwDataSize" />
        </Variable>
        <Variable Name="const PWLAN_RAW_DATA" Type="Pointer" Base="WLAN_RAW_DATA" />

        <!-- WLAN_CONNECTION_MODE -->
        <Variable Name="WLAN_CONNECTION_MODE" Type="Alias" Base="UINT">
            <Enum>
                <Set Name="wlan_connection_mode_profile"                Value="0" />
                <Set Name="wlan_connection_mode_temporary_profile"      Value="1" />
                <Set Name="wlan_connection_mode_discovery_secure"       Value="2" />
                <Set Name="wlan_connection_mode_discovery_unsecure"     Value="3" />
                <Set Name="wlan_connection_mode_auto"                   Value="4" />
                <Set Name="wlan_connection_mode_invalid"                Value="5" />
            </Enum>
        </Variable>

        <!-- [WlanConnectionFlags] -->
        <Variable Name="[WlanConnectionFlags]" Type="Alias" Base="DWORD">
            <Display Name="DWORD" />
            <Flag>
                <Set Name="WLAN_CONNECTION_HIDDEN_NETWORK"     Value="0x00000001" />
                <Set Name="WLAN_CONNECTION_ADHOC_JOIN_ONLY"    Value="0x00000002" />
                <Set Name="WLAN_CONNECTION_IGNORE_PRIVACY_BIT" Value="0x00000004" />
                <Set Name="WLAN_CONNECTION_EAPOL_PASSTHROUGH"  Value="0x00000008" />
            </Flag>
        </Variable>

        <!-- WLAN_CONNECTION_PARAMETERS -->
        <Variable Name="WLAN_CONNECTION_PARAMETERS" Type="Struct">
            <Field Type="WLAN_CONNECTION_MODE" 	    Name="wlanConnectionMode" />
            <Field Type="LPCWSTR" 	                Name="strProfile" />
            <Field Type="PDOT11_SSID" 	            Name="pDot11Ssid" />
            <Field Type="PDOT11_BSSID_LIST"         Name="pDesiredBssidList" />
            <Field Type="DOT11_BSS_TYPE" 	        Name="dot11BssType" />
            <Field Type="[WlanConnectionFlags]" 	Name="dwFlags" />
        </Variable>
        <Variable Name="const PWLAN_CONNECTION_PARAMETERS" Type="Pointer" Base="WLAN_CONNECTION_PARAMETERS" />

        <!-- WLAN_OPCODE_VALUE_TYPE -->
        <Variable Name="WLAN_OPCODE_VALUE_TYPE" Type="Alias" Base="UINT">
            <Enum>
                <Set Name="wlan_opcode_value_type_query_only"               Value="0" />
                <Set Name="wlan_opcode_value_type_set_by_group_policy"      Value="1" />
                <Set Name="wlan_opcode_value_type_set_by_user"              Value="2" />
                <Set Name="wlan_opcode_value_type_invalid"                  Value="3" />
            </Enum>
        </Variable>
        <Variable Name="PWLAN_OPCODE_VALUE_TYPE"    Type="Pointer"  Base="WLAN_OPCODE_VALUE_TYPE" />
        <Variable Name="PWLAN_OPCODE_VALUE_TYPE*"   Type="Pointer"  Base="PWLAN_OPCODE_VALUE_TYPE" />

        <!-- WLAN_FILTER_LIST_TYPE -->
        <Variable Name="WLAN_FILTER_LIST_TYPE" Type="Alias" Base="UINT">
            <Enum>
                <Set Name="wlan_filter_list_type_gp_permit"     Value="0" />
                <Set Name="wlan_filter_list_type_gp_deny"       Value="1" />
                <Set Name="wlan_filter_list_type_user_permit"   Value="2" />
                <Set Name="wlan_filter_list_type_user_deny"     Value="3" />
            </Enum>
        </Variable>

        <!-- WLAN_SECURABLE_OBJECT -->
        <Variable Name="WLAN_SECURABLE_OBJECT" Type="Alias" Base="UINT">
            <Enum>
                <Set Name="wlan_secure_permit_list"                     Value="0" />
                <Set Name="wlan_secure_deny_list"                       Value="1" />
                <Set Name="wlan_secure_ac_enabled"                      Value="2" />
                <Set Name="wlan_secure_bc_scan_enabled"                 Value="3" />
                <Set Name="wlan_secure_bss_type"                        Value="4" />
                <Set Name="wlan_secure_show_denied"                     Value="5" />
                <Set Name="wlan_secure_interface_properties"            Value="6" />
                <Set Name="wlan_secure_ihv_control"                     Value="7" />
                <Set Name="wlan_secure_all_user_profiles_order"         Value="8" />
                <Set Name="wlan_secure_add_new_all_user_profiles"       Value="9" />
                <Set Name="wlan_secure_add_new_per_user_profiles"       Value="10" />
                <Set Name="wlan_secure_media_streaming_mode_enabled"    Value="11" />
                <Set Name="wlan_secure_current_operation_mode"          Value="12" />
            </Enum>
        </Variable>

        <!-- WLAN_HOSTED_NETWORK_REASON -->
        <Variable Name="WLAN_HOSTED_NETWORK_REASON" Type="Alias" Base="UINT">
            <Enum>
                <Set Name="wlan_hosted_network_reason_success"                              Value="0" />
                <Set Name="wlan_hosted_network_reason_unspecified"                          Value="1" />
                <Set Name="wlan_hosted_network_reason_bad_parameters"                       Value="2" />
                <Set Name="wlan_hosted_network_reason_service_shutting_down"                Value="3" />
                <Set Name="wlan_hosted_network_reason_insufficient_resources"               Value="4" />
                <Set Name="wlan_hosted_network_reason_elevation_required"                   Value="5" />
                <Set Name="wlan_hosted_network_reason_read_only"                            Value="6" />
                <Set Name="wlan_hosted_network_reason_persistence_failed"                   Value="7" />
                <Set Name="wlan_hosted_network_reason_crypt_error"                          Value="8" />
                <Set Name="wlan_hosted_network_reason_impersonation"                        Value="9" />
                <Set Name="wlan_hosted_network_reason_stop_before_start"                    Value="10" />
                <Set Name="wlan_hosted_network_reason_interface_available"                  Value="11" />
                <Set Name="wlan_hosted_network_reason_interface_unavailable"                Value="12" />
                <Set Name="wlan_hosted_network_reason_miniport_stopped"                     Value="13" />
                <Set Name="wlan_hosted_network_reason_miniport_started"                     Value="14" />
                <Set Name="wlan_hosted_network_reason_incompatible_connection_started"      Value="15" />
                <Set Name="wlan_hosted_network_reason_incompatible_connection_stopped"      Value="16" />
                <Set Name="wlan_hosted_network_reason_user_action"                          Value="17" />
                <Set Name="wlan_hosted_network_reason_client_abort"                         Value="18" />
                <Set Name="wlan_hosted_network_reason_ap_start_failed"                      Value="19" />
                <Set Name="wlan_hosted_network_reason_peer_arrived"                         Value="20" />
                <Set Name="wlan_hosted_network_reason_peer_departed"                        Value="21" />
                <Set Name="wlan_hosted_network_reason_peer_timeout"                         Value="22" />
                <Set Name="wlan_hosted_network_reason_gp_denied"                            Value="23" />
                <Set Name="wlan_hosted_network_reason_service_unavailable"                  Value="24" />
                <Set Name="wlan_hosted_network_reason_device_change"                        Value="25" />
                <Set Name="wlan_hosted_network_reason_properties_change"                    Value="26" />
                <Set Name="wlan_hosted_network_reason_virtual_station_blocking_use"         Value="27" />
                <Set Name="wlan_hosted_network_reason_service_available_on_virtual_station" Value="28" />
            </Enum>
        </Variable>
        <Variable Name="PWLAN_HOSTED_NETWORK_REASON" Type="Pointer" Base="WLAN_HOSTED_NETWORK_REASON" />

        <!-- WLAN_HOSTED_NETWORK_OPCODE -->
        <Variable Name="WLAN_HOSTED_NETWORK_OPCODE" Type="Alias" Base="UINT">
            <Enum>
                <Set Name="wlan_hosted_network_opcode_connection_settings"  Value="0" />
                <Set Name="wlan_hosted_network_opcode_security_settings"    Value="1" />
                <Set Name="wlan_hosted_network_opcode_station_profile"      Value="2" />
                <Set Name="wlan_hosted_network_opcode_enable"               Value="3" />
            </Enum>
        </Variable>

        <!-- WLAN_IHV_CONTROL_TYPE -->
        <Variable Name="WLAN_IHV_CONTROL_TYPE" Type="Alias" Base="UINT">
            <Enum>
                <Set Name="wlan_ihv_control_type_service"   Value="0" />
                <Set Name="wlan_ihv_control_type_driver"    Value="1" />
            </Enum>
        </Variable>

        <!-- WLAN_AUTOCONF_OPCODE -->
        <Variable Name="WLAN_AUTOCONF_OPCODE" Type="Alias" Base="UINT">
            <Enum>
                <Set Name="wlan_autoconf_opcode_start"                                      Value="0" />
                <Set Name="wlan_autoconf_opcode_show_denied_networks"                       Value="1" />
                <Set Name="wlan_autoconf_opcode_power_setting"                              Value="2" />
                <Set Name="wlan_autoconf_opcode_only_use_gp_profiles_for_allowed_networks"  Value="3" />
                <Set Name="wlan_autoconf_opcode_allow_explicit_creds"                       Value="4" />
                <Set Name="wlan_autoconf_opcode_block_period"                               Value="5" />
                <Set Name="wlan_autoconf_opcode_allow_virtual_station_extensibility"        Value="6" />
                <Set Name="wlan_autoconf_opcode_end"                                        Value="7" />
            </Enum>
        </Variable>

        <!-- WLAN_INTF_OPCODE -->
        <Variable Name="WLAN_INTF_OPCODE" Type="Alias" Base="UINT">
            <Enum>
                <Set Name="wlan_intf_opcode_autoconf_enabled"                           Value="1" />
                <Set Name="wlan_intf_opcode_background_scan_enabled"                    Value="2" />
                <Set Name="wlan_intf_opcode_media_streaming_mode"                       Value="3" />
                <Set Name="wlan_intf_opcode_radio_state"                                Value="4" />
                <Set Name="wlan_intf_opcode_bss_type"                                   Value="5" />
                <Set Name="wlan_intf_opcode_interface_state"                            Value="6" />
                <Set Name="wlan_intf_opcode_current_connection"                         Value="7" />
                <Set Name="wlan_intf_opcode_channel_number"                             Value="8" />
                <Set Name="wlan_intf_opcode_supported_infrastructure_auth_cipher_pairs" Value="9" />
                <Set Name="wlan_intf_opcode_supported_adhoc_auth_cipher_pairs"          Value="10" />
                <Set Name="wlan_intf_opcode_supported_country_or_region_string_list"    Value="11" />
                <Set Name="wlan_intf_opcode_current_operation_mode"                     Value="12" />
                <Set Name="wlan_intf_opcode_supported_safe_mode"                        Value="13" />
                <Set Name="wlan_intf_opcode_certified_safe_mode"                        Value="14" />
                <Set Name="wlan_intf_opcode_hosted_network_capable"                     Value="15" />
                <Set Name="wlan_intf_opcode_statistics"                                 Value="0x10000101" />
                <Set Name="wlan_intf_opcode_rssi"                                       Value="0x10000102" />
            </Enum>
        </Variable>

        <!-- [WlanNotificationSource] -->
        <Variable Name="[WlanNotificationSource]" Type="Alias" Base="DWORD">
            <Display Name="DWORD" />
            <Flag>
                <Set Name="WLAN_NOTIFICATION_SOURCE_NONE"       Value="0" />
                <Set Name="WLAN_NOTIFICATION_SOURCE_ALL"        Value="0x0000FFFF" />
                <Set Name="WLAN_NOTIFICATION_SOURCE_ACM"        Value="0x00000008" />
                <Set Name="WLAN_NOTIFICATION_SOURCE_MSM"        Value="0x00000010" />
                <Set Name="WLAN_NOTIFICATION_SOURCE_SECURITY"   Value="0X00000020" />
                <Set Name="WLAN_NOTIFICATION_SOURCE_IHV"        Value="0x00000040" />
                <Set Name="WLAN_NOTIFICATION_SOURCE_HNWK"       Value="0X00000080" />
                <Set Name="WLAN_NOTIFICATION_SOURCE_ONEX"       Value="0X00000004" />
            </Flag>
        </Variable>
        <Variable Name="[WlanNotificationSource*]" Type="Pointer" Base="[WlanNotificationSource]">
            <Display Name="PDWORD" />
        </Variable>

        <!-- [WlanAvailableFlags] -->
        <Variable Name="[WlanAvailableFlags]" Type="Alias" Base="DWORD">
            <Display Name="DWORD" />
            <Flag>
                <Set Name="WLAN_AVAILABLE_NETWORK_INCLUDE_ALL_ADHOC_PROFILES"           Value="0x00000001" />
                <Set Name="WLAN_AVAILABLE_NETWORK_INCLUDE_ALL_MANUAL_HIDDEN_PROFILES"   Value="0x00000002" />
            </Flag>
        </Variable>

        <!-- [WlanAccess] -->
        <Variable Name="[WlanAccess]" Type="Alias" Base="DWORD">
            <Display Name="DWORD" />
            <Flag>
                <Set Name="WLAN_READ_ACCESS"        Value="0x20001" />
                <Set Name="WLAN_EXECUTE_ACCESS"     Value="0x20021" />
                <Set Name="WLAN_WRITE_ACCESS"       Value="0x70023" />
            </Flag>
        </Variable>
        <Variable Name="[WlanAccess*]" Type="Pointer" Base="[WlanAccess]">
            <Display Name="PDWORD" />
        </Variable>

        <!-- EAP_TYPE -->
        <Variable Name="EAP_TYPE" Type="Struct">
            <Field Type="BYTE"  Name="type" />
            <Field Type="DWORD" Name="dwVendorId" />
            <Field Type="DWORD" Name="dwVendorType" />
        </Variable>

        <!-- EAP_METHOD_TYPE -->
        <Variable Name="EAP_METHOD_TYPE" Type="Struct">
            <Field Type="EAP_TYPE"  Name="eapType" />
            <Field Type="DWORD"     Name="dwAuthorId" />
        </Variable>

        <!-- Native Wifi -->
        <Category Name="Wireless Networking/Native Wifi" />
        <Api Name="WlanAllocateMemory">
            <Param Type="DWORD" Name="dwMemorySize" />
            <Return Type="PVOID" />
            <Success Return="NotEqual" Value="0" />
        </Api>
        <Api Name="WlanCloseHandle">
            <Param Type="HANDLE" Name="hClientHandle" />
            <Param Type="PVOID" Name="pReserved" />
            <Return Type="[ERROR_CODE]" />
        </Api>
        <Api Name="WlanConnect">
            <Param Type="HANDLE" Name="hClientHandle" />
            <Param Type="const GUID*" Name="pInterfaceGuid" />
            <Param Type="const PWLAN_CONNECTION_PARAMETERS" Name="pConnectionParameters" />
            <Param Type="PVOID" Name="pReserved" />
            <Return Type="[ERROR_CODE]" />
        </Api>
        <Api Name="WlanDeleteProfile">
            <Param Type="HANDLE" Name="hClientHandle" />
            <Param Type="const GUID*" Name="pInterfaceGuid" />
            <Param Type="LPCWSTR" Name="strProfileName" />
            <Param Type="PVOID" Name="pReserved" />
            <Return Type="[ERROR_CODE]" />
        </Api>
        <Api Name="WlanDisconnect">
            <Param Type="HANDLE" Name="hClientHandle" />
            <Param Type="const GUID*" Name="pInterfaceGuid" />
            <Param Type="PVOID" Name="pReserved" />
            <Return Type="[ERROR_CODE]" />
        </Api>
        <Api Name="WlanEnumInterfaces">
            <Param Type="HANDLE" Name="hClientHandle" />
            <Param Type="PVOID" Name="pReserved" />
            <Param Type="PWLAN_INTERFACE_INFO_LIST*" Name="ppInterfaceList" OutputOnly="True" />
            <Return Type="[ERROR_CODE]" />
        </Api>
        <Api Name="WlanExtractPsdIEDataList">
            <Param Type="HANDLE" Name="hClientHandle" />
            <Param Type="DWORD" Name="dwIeDataSize" />
            <Param Type="const PBYTE" Name="pRawIeData" />
            <Param Type="LPCWSTR" Name="strFormat" />
            <Param Type="PVOID" Name="pReserved" />
            <Param Type="PWLAN_RAW_DATA_LIST*" Name="ppPsdIEDataList" />
            <Return Type="[ERROR_CODE]" />
        </Api>
        <Api Name="WlanFreeMemory">
            <Param Type="PVOID" Name="pMemory" />
            <Return Type="VOID" />
        </Api>
        <Api Name="WlanGetAvailableNetworkList">
            <Param Type="HANDLE" Name="hClientHandle" />
            <Param Type="const GUID*" Name="pInterfaceGuid" />
            <Param Type="[WlanAvailableFlags]" Name="dwFlags" />
            <Param Type="PVOID" Name="pReserved" />
            <Param Type="PWLAN_AVAILABLE_NETWORK_LIST*" Name="ppAvailableNetworkList" />
            <Return Type="[ERROR_CODE]" />
        </Api>
        <Api Name="WlanGetFilterList">
            <Param Type="HANDLE" Name="hClientHandle" />
            <Param Type="WLAN_FILTER_LIST_TYPE" Name="wlanFilterListType" />
            <Param Type="PVOID" Name="pReserved" />
            <Param Type="PDOT11_NETWORK_LIST*" Name="ppNetworkList" />
            <Return Type="[ERROR_CODE]" />
        </Api>
        <Api Name="WlanGetInterfaceCapability">
            <Param Type="HANDLE" Name="hClientHandle" />
            <Param Type="const GUID*" Name="pInterfaceGuid" />
            <Param Type="PVOID" Name="pReserved" />
            <Param Type="PWLAN_INTERFACE_CAPABILITY*" Name="ppCapability" />
            <Return Type="[ERROR_CODE]" />
        </Api>
        <Api Name="WlanGetNetworkBssList">
            <Param Type="HANDLE" Name="hClientHandle" />
            <Param Type="const GUID*" Name="pInterfaceGuid" />
            <Param Type="const PDOT11_SSID" Name="pDot11Ssid" />
            <Param Type="DOT11_BSS_TYPE" Name="dot11BssType" />
            <Param Type="BOOL" Name="bSecurityEnabled" />
            <Param Type="PVOID" Name="pReserved" />
            <Param Type="PWLAN_BSS_LIST*" Name="ppWlanBssList" />
            <Return Type="[ERROR_CODE]" />
        </Api>
        <Api Name="WlanGetProfile">
            <Param Type="HANDLE" Name="hClientHandle" />
            <Param Type="const GUID*" Name="pInterfaceGuid" />
            <Param Type="LPCWSTR" Name="strProfileName" />
            <Param Type="PVOID" Name="pReserved" />
            <Param Type="LPWSTR*" Name="pstrProfileXml" />
            <Param Type="[WlanProfileFlags*]" Name="pdwFlags" />
            <Param Type="[WlanAccess*]" Name="pdwGrantedAccess" />
            <Return Type="[ERROR_CODE]" />
        </Api>
        <Api Name="WlanGetProfileCustomUserData">
            <Param Type="HANDLE" Name="hClientHandle" />
            <Param Type="const GUID*" Name="pInterfaceGuid" />
            <Param Type="LPCWSTR" Name="strProfileName" />
            <Param Type="PVOID" Name="pReserved" />
            <Param Type="DWORD*" Name="pdwDataSize" />
            <Param Type="PBYTE*" Name="ppData" PostLength="pdwDataSize" />
            <Return Type="[ERROR_CODE]" />
        </Api>
        <Api Name="WlanGetProfileList">
            <Param Type="HANDLE" Name="hClientHandle" />
            <Param Type="const GUID*" Name="pInterfaceGuid" />
            <Param Type="PVOID" Name="pReserved" />
            <Param Type="PWLAN_PROFILE_INFO_LIST*" Name="ppProfileList" />
            <Return Type="[ERROR_CODE]" />
        </Api>
        <Api Name="WlanGetSecuritySettings">
            <Param Type="HANDLE" Name="hClientHandle" />
            <Param Type="WLAN_SECURABLE_OBJECT" Name="SecurableObject" />
            <Param Type="PWLAN_OPCODE_VALUE_TYPE" Name="pValueType" />
            <Param Type="LPWSTR*" Name="pstrCurrentSDDL" />
            <Param Type="[WlanAccess*]" Name="pdwGrantedAccess" />
            <Return Type="[ERROR_CODE]" />
        </Api>
        <Api Name="WlanIhvControl">
            <Param Type="HANDLE" Name="hClientHandle" />
            <Param Type="const GUID*" Name="pInterfaceGuid" />
            <Param Type="WLAN_IHV_CONTROL_TYPE" Name="Type" />
            <Param Type="DWORD" Name="dwInBufferSize" />
            <Param Type="PVOID" Name="pInBuffer" Length="dwInBufferSize" />
            <Param Type="DWORD" Name="dwOutBufferSize" />
            <Param Type="PVOID" Name="pOutBuffer" PostLength="pdwBytesReturned" />
            <Param Type="PDWORD" Name="pdwBytesReturned" />
            <Return Type="[ERROR_CODE]" />
        </Api>
        <Api Name="WlanOpenHandle">
            <Param Type="DWORD" Name="dwClientVersion" />
            <Param Type="PVOID" Name="pReserved" />
            <Param Type="PDWORD" Name="pdwNegotiatedVersion" />
            <Param Type="PHANDLE" Name="phClientHandle" />
            <Return Type="[ERROR_CODE]" />
        </Api>
        <Api Name="WlanQueryAutoConfigParameter">
            <Param Type="HANDLE" Name="hClientHandle" />
            <Param Type="WLAN_AUTOCONF_OPCODE" Name="OpCode" />
            <Param Type="PVOID" Name="pReserved" />
            <Param Type="PDWORD" Name="pdwDataSize" />
            <Param Type="PVOID" Name="ppData" PostLength="pdwDataSize" />
            <Param Type="PWLAN_OPCODE_VALUE_TYPE" Name="pWlanOpcodeValueType" />
            <Return Type="[ERROR_CODE]" />
        </Api>
        <Api Name="WlanQueryInterface">
            <Param Type="HANDLE" Name="hClientHandle" />
            <Param Type="const GUID*" Name="pInterfaceGuid" />
            <Param Type="WLAN_INTF_OPCODE" Name="OpCode" />
            <Param Type="PVOID" Name="pReserved" />
            <Param Type="PDWORD" Name="pdwDataSize" />
            <Param Type="PVOID*" Name="ppData" />
            <Param Type="PWLAN_OPCODE_VALUE_TYPE" Name="pWlanOpcodeValueType" />
            <Return Type="[ERROR_CODE]" />
        </Api>
        <Api Name="WlanReasonCodeToString">
            <Param Type="DWORD" Name="dwReasonCode" />
            <Param Type="DWORD" Name="dwBufferSize" />
            <Param Type="PWCHAR" Name="pStringBuffer" />
            <Param Type="PVOID" Name="pReserved" />
            <Return Type="[ERROR_CODE]" />
        </Api>
        <Api Name="WlanRegisterNotification">
            <Param Type="HANDLE" Name="hClientHandle" />
            <Param Type="[WlanNotificationSource]" Name="dwNotifSource" />
            <Param Type="BOOL" Name="bIgnoreDuplicate" />
            <Param Type="WLAN_NOTIFICATION_CALLBACK" Name="funcCallback" />
            <Param Type="PVOID" Name="pCallbackContext" />
            <Param Type="PVOID" Name="pReserved" />
            <Param Type="[WlanNotificationSource*]" Name="pdwPrevNotifSource" />
            <Return Type="[ERROR_CODE]" />
        </Api>
        <Api Name="WlanRenameProfile">
            <Param Type="HANDLE" Name="hClientHandle" />
            <Param Type="CONST GUID*" Name="pInterfaceGuid" />
            <Param Type="LPCWSTR" Name="strOldProfileName" />
            <Param Type="LPCWSTR" Name="strNewProfileName" />
            <Param Type="PVOID" Name="pReserved" />
            <Return Type="[ERROR_CODE]" />
        </Api>
        <Api Name="WlanSaveTemporaryProfile">
            <Param Type="HANDLE" Name="hClientHandle" />
            <Param Type="const GUID*" Name="pInterfaceGuid" />
            <Param Type="LPCWSTR" Name="strProfileName" />
            <Param Type="LPCWSTR" Name="strAllUserProfileSecurity" />
            <Param Type="[WlanProfileFlags]" Name="dwFlags" />
            <Param Type="BOOL" Name="bOverWrite" />
            <Param Type="PVOID" Name="pReserved" />
            <Return Type="[ERROR_CODE]" />
        </Api>
        <Api Name="WlanScan">
            <Param Type="HANDLE" Name="hClientHandle" />
            <Param Type="const GUID*" Name="pInterfaceGuid" />
            <Param Type="const PDOT11_SSID" Name="pDot11Ssid" />
            <Param Type="const PWLAN_RAW_DATA" Name="pIeData" />
            <Param Type="PVOID" Name="pReserved" />
            <Return Type="[ERROR_CODE]" />
        </Api>
        <Api Name="WlanSetAutoConfigParameter">
            <Param Type="HANDLE" Name="hClientHandle" />
            <Param Type="WLAN_AUTOCONF_OPCODE" Name="OpCode" />
            <Param Type="DWORD" Name="dwDataSize" />
            <Param Type="const PVOID" Name="pData" Length="dwDataSize" />
            <Param Type="PVOID" Name="pReserved" />
            <Return Type="[ERROR_CODE]" />
        </Api>
        <Api Name="WlanSetFilterList">
            <Param Type="HANDLE" Name="hClientHandle" />
            <Param Type="WLAN_FILTER_LIST_TYPE" Name="wlanFilterListType" />
            <Param Type="const PDOT11_NETWORK_LIST" Name="pNetworkList" />
            <Param Type="PVOID" Name="pReserved" />
            <Return Type="[ERROR_CODE]" />
        </Api>
        <Api Name="WlanSetInterface">
            <Param Type="HANDLE" Name="hClientHandle" />
            <Param Type="const GUID*" Name="pInterfaceGuid" />
            <Param Type="WLAN_INTF_OPCODE" Name="OpCode" />
            <Param Type="DWORD" Name="dwDataSize" />
            <Param Type="const PVOID" Name="pData" Length="dwDataSize" />
            <Param Type="PVOID" Name="pReserved" />
            <Return Type="[ERROR_CODE]" />
        </Api>
        <Api Name="WlanSetProfile">
            <Param Type="HANDLE" Name="hClientHandle" />
            <Param Type="const GUID*" Name="pInterfaceGuid" />
            <Param Type="DWORD" Name="dwFlags" />
            <Param Type="LPCWSTR" Name="strProfileXml" />
            <Param Type="LPCWSTR" Name="strAllUserProfileSecurity" />
            <Param Type="BOOL" Name="bOverwrite" />
            <Param Type="PVOID" Name="pReserved" />
            <Param Type="DWORD*" Name="pdwReasonCode" />
            <Return Type="[ERROR_CODE]" />
        </Api>
        <Api Name="WlanSetProfileCustomUserData">
            <Param Type="HANDLE" Name="hClientHandle" />
            <Param Type="const GUID*" Name="pInterfaceGuid" />
            <Param Type="LPCWSTR" Name="strProfileName" />
            <Param Type="DWORD" Name="dwDataSize" />
            <Param Type="const PBYTE" Name="pData" Length="dwDataSize" />
            <Param Type="PVOID" Name="pReserved" />
            <Return Type="[ERROR_CODE]" />
        </Api>
        <Api Name="WlanSetProfileEapUserData">
            <Param Type="HANDLE" Name="hClientHandle" />
            <Param Type="const GUID*" Name="pInterfaceGuid" />
            <Param Type="LPCWSTR" Name="strProfileName" />
            <Param Type="EAP_METHOD_TYPE" Name="eapType" />
            <Param Type="DWORD" Name="dwFlags" />
            <Param Type="DWORD" Name="dwEapUserDataSize" />
            <Param Type="const LPBYTE" Name="pbEapUserData" Length="dwEapUserDataSize" />
            <Param Type="PVOID" Name="pReserved" />
            <Return Type="[ERROR_CODE]" />
        </Api>
        <Api Name="WlanSetProfileEapXmlUserData">
            <Param Type="HANDLE" Name="hClientHandle" />
            <Param Type="const GUID*" Name="pInterfaceGuid" />
            <Param Type="LPCWSTR" Name="strProfileName" />
            <Param Type="DWORD" Name="dwFlags" />
            <Param Type="LPCWSTR" Name="strEapXmlUserData" />
            <Param Type="PVOID" Name="pReserved" />
            <Return Type="[ERROR_CODE]" />
        </Api>
        <Api Name="WlanSetProfileList">
            <Param Type="HANDLE" Name="hClientHandle" />
            <Param Type="const GUID*" Name="pInterfaceGuid" />
            <Param Type="DWORD" Name="dwItems" />
            <Param Type="LPCWSTR*" Name="strProfileNames" />
            <Param Type="PVOID" Name="pReserved" />
            <Return Type="[ERROR_CODE]" />
        </Api>
        <Api Name="WlanSetProfilePosition">
            <Param Type="HANDLE" Name="hClientHandle" />
            <Param Type="const GUID*" Name="pInterfaceGuid" />
            <Param Type="LPCWSTR" Name="strProfileName" />
            <Param Type="DWORD" Name="dwPosition" />
            <Param Type="PVOID" Name="pReserved" />
            <Return Type="[ERROR_CODE]" />
        </Api>
        <Api Name="WlanSetPsdIEDataList">
            <Param Type="HANDLE" Name="hClientHandle" />
            <Param Type="LPCWSTR" Name="strFormat" />
            <Param Type="const PWLAN_RAW_DATA_LIST" Name="pPsdIEDataList" />
            <Param Type="PVOID" Name="pReserved" />
            <Return Type="[ERROR_CODE]" />
        </Api>
        <Api Name="WlanSetSecuritySettings">
            <Param Type="HANDLE" Name="hClientHandle" />
            <Param Type="WLAN_SECURABLE_OBJECT" Name="SecurableObject" />
            <Param Type="LPCWSTR" Name="strModifiedSDDL" />
            <Return Type="[ERROR_CODE]" />
        </Api>

        <!-- Wi-Fi Direct -->
        <Category Name="Wireless Networking/Native Wifi/Wi-Fi Direct" />
        <Api Name="WFDCancelOpenSession">
            <Param Type="PHANDLE" Name="hSessionHandle" />
            <Return Type="[ERROR_CODE]" />
        </Api>
        <Api Name="WFDCloseHandle">
            <Param Type="HANDLE" Name="hClientHandle" />
            <Return Type="[ERROR_CODE]" />
        </Api>
        <Api Name="WFDCloseSession">
            <Param Type="PHANDLE" Name="hSessionHandle" />
            <Return Type="[ERROR_CODE]" />
        </Api>
        <Api Name="WFDOpenHandle">
            <Param Type="DWORD" Name="dwClientVersion" />
            <Param Type="PDWORD" Name="pdwNegotiatedVersion" />
            <Param Type="PHANDLE" Name="phClientHandle" />
            <Return Type="[ERROR_CODE]" />
        </Api>
        <Api Name="WFDOpenLegacySession">
            <Param Type="HANDLE" Name="hClientHandle" />
            <Param Type="PDOT11_MAC_ADDRESS" Name="pLegacyMacAddress" />
            <Param Type="HANDLE" Name="phSessionHandle" />
            <Param Type="GUID" Name="pGuidSessionInterface" />
            <Return Type="[ERROR_CODE]" />
        </Api>
        <Api Name="WFDStartOpenSession">
            <Param Type="HANDLE" Name="hClientHandle" />
            <Param Type="PDOT11_MAC_ADDRESS" Name="pDeviceAddress" />
            <Param Type="PVOID" Name="pvContext" />
            <Param Type="WFD_OPEN_SESSION_COMPLETE_CALLBACK" Name="pfnCallback" />
            <Param Type="PHANDLE" Name="phSessionHandle" />
            <Return Type="[ERROR_CODE]" />
        </Api>
        <Api Name="WFDUpdateDeviceVisibility">
            <Param Type="PDOT11_MAC_ADDRESS" Name="pDeviceAddress" />
            <Return Type="[ERROR_CODE]" />
        </Api>

        <!-- Native Wifi -->
        <Category Name="Wireless Networking/Native Wifi/Hosted Network" />
        <Api Name="WlanHostedNetworkForceStart">
            <Param Type="HANDLE" Name="hClientHandle" />
            <Param Type="PWLAN_HOSTED_NETWORK_REASON" Name="pFailReason" />
            <Param Type="PVOID" Name="pvReserved" />
            <Return Type="[ERROR_CODE]" />
        </Api>
        <Api Name="WlanHostedNetworkForceStop">
            <Param Type="HANDLE" Name="hClientHandle" />
            <Param Type="PWLAN_HOSTED_NETWORK_REASON" Name="pFailReason" />
            <Param Type="PVOID" Name="pvReserved" />
            <Return Type="[ERROR_CODE]" />
        </Api>
        <Api Name="WlanHostedNetworkInitSettings">
            <Param Type="HANDLE" Name="hClientHandle" />
            <Param Type="PWLAN_HOSTED_NETWORK_REASON" Name="pFailReason" />
            <Param Type="PVOID" Name="pvReserved" />
            <Return Type="[ERROR_CODE]" />
        </Api>
        <Api Name="WlanHostedNetworkQueryProperty">
            <Param Type="HANDLE" Name="hClientHandle" />
            <Param Type="WLAN_HOSTED_NETWORK_OPCODE" Name="OpCode" />
            <Param Type="PDWORD" Name="pdwDataSize" />
            <Param Type="PVOID*" Name="ppvData" />
            <Param Type="PWLAN_OPCODE_VALUE_TYPE*" Name="pWlanOpcodeValueType" />
            <Param Type="PVOID" Name="pvReserved" />
            <Return Type="[ERROR_CODE]" />
        </Api>
        <Api Name="WlanHostedNetworkQuerySecondaryKey">
            <Param Type="HANDLE" Name="hClientHandle" />
            <Param Type="DWORD" Name="pdwKeyLength" />
            <Param Type="PUCHAR*" Name="ppucKeyData" />
            <Param Type="PBOOL" Name="pbIsPassPhrase" />
            <Param Type="PBOOL" Name="pbPersistent" />
            <Param Type="PWLAN_HOSTED_NETWORK_REASON" Name="pFailReason" />
            <Param Type="PVOID" Name="pvReserved" />
            <Return Type="[ERROR_CODE]" />
        </Api>
        <Api Name="WlanHostedNetworkQueryStatus">
            <Param Type="HANDLE" Name="hClientHandle" />
            <Param Type="PWLAN_HOSTED_NETWORK_STATUS*" Name="ppWlanHostedNetworkStatus" />
            <Param Type="PVOID" Name="pvReserved" />
            <Return Type="[ERROR_CODE]" />
        </Api>
        <Api Name="WlanHostedNetworkRefreshSecuritySettings">
            <Param Type="HANDLE" Name="hClientHandle" />
            <Param Type="PWLAN_HOSTED_NETWORK_REASON" Name="pFailReason" />
            <Param Type="PVOID" Name="pvReserved" />
            <Return Type="[ERROR_CODE]" />
        </Api>
        <Api Name="WlanHostedNetworkSetProperty">
            <Param Type="HANDLE" Name="hClientHandle" />
            <Param Type="WLAN_HOSTED_NETWORK_OPCODE" Name="OpCode" />
            <Param Type="DWORD" Name="dwDataSize" />
            <Param Type="PVOID" Name="pvData" Length="dwDataSize" />
            <Param Type="PWLAN_HOSTED_NETWORK_REASON" Name="pFailReason" />
            <Param Type="PVOID" Name="pvReserved" />
            <Return Type="[ERROR_CODE]" />
        </Api>
        <Api Name="WlanHostedNetworkSetSecondaryKey">
            <Param Type="HANDLE" Name="hClientHandle" />
            <Param Type="DWORD" Name="dwKeyLength" />
            <Param Type="PUCHAR" Name="pucKeyData" Length="dwKeyLength" />
            <Param Type="BOOL" Name="bIsPassPhrase" />
            <Param Type="BOOL" Name="bPersistent" />
            <Param Type="PWLAN_HOSTED_NETWORK_REASON" Name="pFailReason" />
            <Param Type="PVOID" Name="pvReserved" />
            <Return Type="[ERROR_CODE]" />
        </Api>
        <Api Name="WlanHostedNetworkStartUsing">
            <Param Type="HANDLE" Name="hClientHandle" />
            <Param Type="PWLAN_HOSTED_NETWORK_REASON" Name="pFailReason" />
            <Param Type="PVOID" Name="pvReserved" />
            <Return Type="[ERROR_CODE]" />
        </Api>
        <Api Name="WlanHostedNetworkStopUsing">
            <Param Type="HANDLE" Name="hClientHandle" />
            <Param Type="PWLAN_HOSTED_NETWORK_REASON" Name="pFailReason" />
            <Param Type="PVOID" Name="pvReserved" />
            <Return Type="[ERROR_CODE]" />
        </Api>
        <Api Name="WlanRegisterVirtualStationNotification">
            <Param Type="HANDLE" Name="hClientHandle" />
            <Param Type="BOOL" Name="bRegister" />
            <Param Type="PVOID" Name="pvReserved" />
            <Return Type="[ERROR_CODE]" />
        </Api>

    </Module>
</ApiMonitor>