<!--
    API Monitor Definitions
    (c) 2010-2011, Rohitab Batra <rohitab@rohitab.com>
    http://www.rohitab.com/apimonitor/
-->
<ApiMonitor>
    <Include Filename="Headers\windows.h.xml" />
    <Module Name="Wldap32.dll" CallingConvention="STDCALL" ErrorFunc="GetLastError" OnlineHelp="MSDN">
        
        <!-- TODO: Support for retrieving errors using LdapGetLastError -->
        
        <!-- Variables -->
        <Variable Name="PLDAPSearch"    Type="Alias"    Base="LPVOID" />
        <Variable Name="PTCHAR*"        Type="Pointer"  Base="PTCHAR" />
        <Variable Name="PTCHAR**"       Type="Pointer"  Base="PTCHAR*" />

        <!-- Arrays -->
        <Variable Name="UCHAR [25]"     Type="Array" Base="UCHAR" Count="25" />
        <Variable Name="UCHAR [41]"     Type="Array" Base="UCHAR" Count="41" />

        <!-- [LDAP_s] -->
        <Variable Name="[LDAP_s]" Type="Struct" Pack32="4">
            <Display Name="struct" />
            <Field Type="UINT_PTR"      Name="sb_sd" />
            <Field Type="UCHAR [41]"    Name="Reserved1" />
            <Field Type="ULONG_PTR"     Name="sb_naddr" />
            <Field Type="UCHAR [24]"    Name="Reserved2" />
        </Variable>

        <!-- LDAP -->
        <Variable Name="LDAP" Type="Struct" Pack32="4">
            <Field Type="[LDAP_s]"      Name="ld_sb" />
            <Field Type="PCHAR"         Name="ld_host" />
            <Field Type="ULONG"         Name="ld_version" />
            <Field Type="UCHAR"         Name="ld_lberoptions" />
            <Field Type="ULONG"         Name="ld_deref" />
            <Field Type="ULONG"         Name="ld_timelimit" />
            <Field Type="ULONG"         Name="ld_sizelimit" />
            <Field Type="ULONG"         Name="ld_errno" />
            <Field Type="PCHAR"         Name="ld_matched" />
            <Field Type="PCHAR"         Name="ld_error" />
            <Field Type="ULONG"         Name="ld_msgid" />
            <Field Type="UCHAR [25]"    Name="Reserved3" />
            <Field Type="ULONG"         Name="ld_cldaptries" />
            <Field Type="ULONG"         Name="ld_cldaptimeout" />
            <Field Type="ULONG"         Name="ld_refhoplimit" />
            <Field Type="ULONG"         Name="ld_options" />
        </Variable>
        <Variable Name="LDAP*" Type="Pointer" Base="LDAP" />
        <Variable Name="PLDAP" Type="Pointer" Base="LDAP" />

        <!-- LDAPMessage -->
        <Variable Name="LDAPMessage" Type="Struct">
            <Field Type="ULONG"         Name="lm_msgid" />
            <Field Type="ULONG"         Name="lm_msgtype" />
            <Field Type="PVOID"         Name="lm_ber" />
            <!-- TODO: Self-Referencing - lm_chain and lm_next are LDAPMessage* -->
            <Field Type="LPVOID"        Name="lm_chain" Display="LDAPMessage*" />
            <Field Type="LPVOID"        Name="lm_next" Display="LDAPMessage*" />
            <Field Type="ULONG"         Name="lm_time" />
            <Field Type="PLDAP"         Name="Connection" />
            <Field Type="PVOID"         Name="Request" />
            <Field Type="ULONG"         Name="lm_returncode" />
            <Field Type="USHORT"        Name="lm_referral" />
            <Field Type="BOOLEAN"       Name="lm_chased" />
            <Field Type="BOOLEAN"       Name="lm_eom" />
            <Field Type="BOOLEAN"       Name="ConnectionReferenced" />
        </Variable>
        <Variable Name="PLDAPMessage"   Type="Pointer" Base="LDAPMessage" />
        <Variable Name="LDAPMessage*"   Type="Pointer" Base="LDAPMessage" />
        <Variable Name="LDAPMessage**"  Type="Pointer" Base="LDAPMessage*" />

        <!-- berval -->
        <Variable Name="berval" Type="Struct">
            <Field Type="ULONG"  	Name="bv_len" />
            <Field Type="PCHAR"  	Name="bv_val" />
        </Variable>
        <Variable Name="struct berval"      Type="Alias"   Base="berval" />
        <Variable Name="struct berval*"     Type="Pointer" Base="berval" />
        <Variable Name="struct berval**"    Type="Pointer" Base="struct berval*" />
        <Variable Name="BERVAL*"            Type="Pointer" Base="berval" />
        <Variable Name="const BERVAL*"      Type="Pointer" Base="berval" />
        <Variable Name="PBERVAL"            Type="Pointer" Base="berval" />
        <Variable Name="PBERVAL*"           Type="Pointer" Base="PBERVAL" />

        <!-- LDAPControl -->
        <Variable Name="LDAPControl" Type="Struct">
            <Field Type="PTCHAR"         	Name="ldctl_oid" />
            <Field Type="struct berval" 	Name="ldctl_value" />
            <Field Type="BOOLEAN"       	Name="ldctl_iscritical" />
        </Variable>
        <Variable Name="LDAPControl*"   Type="Pointer" Base="LDAPControl" />
        <Variable Name="LDAPControl**"  Type="Pointer" Base="LDAPControl*" />
        <Variable Name="PLDAPControl"   Type="Pointer" Base="LDAPControl" />
        <Variable Name="PLDAPControl*"  Type="Pointer" Base="PLDAPControl" />
        <Variable Name="PLDAPControl**" Type="Pointer" Base="LDAPControl**" />

        <!-- LDAP_TIMEVAL -->
        <Variable Name="LDAP_TIMEVAL" Type="Struct">
            <Field Type="LONG"  Name="tv_sec" />
            <Field Type="LONG"  Name="tv_usec" />
        </Variable>
        <Variable Name="LDAP_TIMEVAL*"      Type="Pointer" Base="LDAP_TIMEVAL" />
        <Variable Name="struct l_timeval"   Type="Alias"   Base="LDAP_TIMEVAL" />
        <Variable Name="struct l_timeval*"  Type="Pointer" Base="struct l_timeval" />

        <!-- LDAPSortKey -->
        <Variable Name="LDAPSortKey" Type="Struct">
            <Field Type="PTCHAR"  	Name="sk_attrtype" />
            <Field Type="PTCHAR"  	Name="sk_matchruleoid" />
            <Field Type="BOOLEAN" 	Name="sk_reverseorder" />
        </Variable>
        <Variable Name="PLDAPSortKey"   Type="Pointer" Base="LDAPSortKey" />
        <Variable Name="PLDAPSortKey*"  Type="Pointer" Base="PLDAPSortKey" />

        <!-- LDAPVLVInfo -->
        <Variable Name="LDAPVLVInfo" Type="Struct">
            <Field Type="int"       Name="ldvlv_version" />
            <Field Type="ULONG"     Name="ldvlv_before_count" />
            <Field Type="ULONG"     Name="ldvlv_after_count" />
            <Field Type="ULONG"     Name="ldvlv_offset" />
            <Field Type="ULONG"     Name="ldvlv_count" />
            <Field Type="PBERVAL"   Name="ldvlv_attrvalue" />
            <Field Type="PBERVAL"   Name="ldvlv_context" />
            <Field Type="VOID*"     Name="ldvlv_extradata" />
        </Variable>
        <Variable Name="LDAPVLVInfo*" Type="Pointer" Base="LDAPVLVInfo" />

        <!-- BerElement -->
        <Variable Name="BerElement" Type="Struct">
            <Field Type="PCHAR" Name="opaque" />
        </Variable>
        <Variable Name="BerElement*"    Type="Pointer" Base="BerElement" />
        <Variable Name="BerElement**"   Type="Pointer" Base="BerElement*" />

        <!-- LDAP_RETCODE -->
        <Variable Name="LDAP_RETCODE" Type="Alias" Base="ULONG">
            <Display Name="ULONG" />
            <Enum>
                <Set Name="LDAP_SUCCESS"                        Value="0x00" />
                <Set Name="LDAP_OPERATIONS_ERROR"               Value="0x01" />
                <Set Name="LDAP_PROTOCOL_ERROR"                 Value="0x02" />
                <Set Name="LDAP_TIMELIMIT_EXCEEDED"             Value="0x03" />
                <Set Name="LDAP_SIZELIMIT_EXCEEDED"             Value="0x04" />
                <Set Name="LDAP_COMPARE_FALSE"                  Value="0x05" />
                <Set Name="LDAP_COMPARE_TRUE"                   Value="0x06" />
                <Set Name="LDAP_AUTH_METHOD_NOT_SUPPORTED"      Value="0x07" />
                <Set Name="LDAP_STRONG_AUTH_REQUIRED"           Value="0x08" />
                <Set Name="LDAP_REFERRAL_V2"                    Value="0x09" />
                <Set Name="LDAP_PARTIAL_RESULTS"                Value="0x09" />
                <Set Name="LDAP_REFERRAL"                       Value="0x0a" />
                <Set Name="LDAP_ADMIN_LIMIT_EXCEEDED"           Value="0x0b" />
                <Set Name="LDAP_UNAVAILABLE_CRIT_EXTENSION"     Value="0x0c" />
                <Set Name="LDAP_CONFIDENTIALITY_REQUIRED"       Value="0x0d" />
                <Set Name="LDAP_SASL_BIND_IN_PROGRESS"          Value="0x0e" />
                <Set Name="LDAP_NO_SUCH_ATTRIBUTE"              Value="0x10" />
                <Set Name="LDAP_UNDEFINED_TYPE"                 Value="0x11" />
                <Set Name="LDAP_INAPPROPRIATE_MATCHING"         Value="0x12" />
                <Set Name="LDAP_CONSTRAINT_VIOLATION"           Value="0x13" />
                <Set Name="LDAP_ATTRIBUTE_OR_VALUE_EXISTS"      Value="0x14" />
                <Set Name="LDAP_INVALID_SYNTAX"                 Value="0x15" />
                <Set Name="LDAP_NO_SUCH_OBJECT"                 Value="0x20" />
                <Set Name="LDAP_ALIAS_PROBLEM"                  Value="0x21" />
                <Set Name="LDAP_INVALID_DN_SYNTAX"              Value="0x22" />
                <Set Name="LDAP_IS_LEAF"                        Value="0x23" />
                <Set Name="LDAP_ALIAS_DEREF_PROBLEM"            Value="0x24" />
                <Set Name="LDAP_INAPPROPRIATE_AUTH"             Value="0x30" />
                <Set Name="LDAP_INVALID_CREDENTIALS"            Value="0x31" />
                <Set Name="LDAP_INSUFFICIENT_RIGHTS"            Value="0x32" />
                <Set Name="LDAP_BUSY"                           Value="0x33" />
                <Set Name="LDAP_UNAVAILABLE"                    Value="0x34" />
                <Set Name="LDAP_UNWILLING_TO_PERFORM"           Value="0x35" />
                <Set Name="LDAP_LOOP_DETECT"                    Value="0x36" />
                <Set Name="LDAP_SORT_CONTROL_MISSING"           Value="0x3C" />
                <Set Name="LDAP_OFFSET_RANGE_ERROR"             Value="0x3D" />
                <Set Name="LDAP_NAMING_VIOLATION"               Value="0x40" />
                <Set Name="LDAP_OBJECT_CLASS_VIOLATION"         Value="0x41" />
                <Set Name="LDAP_NOT_ALLOWED_ON_NONLEAF"         Value="0x42" />
                <Set Name="LDAP_NOT_ALLOWED_ON_RDN"             Value="0x43" />
                <Set Name="LDAP_ALREADY_EXISTS"                 Value="0x44" />
                <Set Name="LDAP_NO_OBJECT_CLASS_MODS"           Value="0x45" />
                <Set Name="LDAP_RESULTS_TOO_LARGE"              Value="0x46" />
                <Set Name="LDAP_AFFECTS_MULTIPLE_DSAS"          Value="0x47" />
                <Set Name="LDAP_VIRTUAL_LIST_VIEW_ERROR"        Value="0x4c" />
                <Set Name="LDAP_OTHER"                          Value="0x50" />
                <Set Name="LDAP_SERVER_DOWN"                    Value="0x51" />
                <Set Name="LDAP_LOCAL_ERROR"                    Value="0x52" />
                <Set Name="LDAP_ENCODING_ERROR"                 Value="0x53" />
                <Set Name="LDAP_DECODING_ERROR"                 Value="0x54" />
                <Set Name="LDAP_TIMEOUT"                        Value="0x55" />
                <Set Name="LDAP_AUTH_UNKNOWN"                   Value="0x56" />
                <Set Name="LDAP_FILTER_ERROR"                   Value="0x57" />
                <Set Name="LDAP_USER_CANCELLED"                 Value="0x58" />
                <Set Name="LDAP_PARAM_ERROR"                    Value="0x59" />
                <Set Name="LDAP_NO_MEMORY"                      Value="0x5a" />
                <Set Name="LDAP_CONNECT_ERROR"                  Value="0x5b" />
                <Set Name="LDAP_NOT_SUPPORTED"                  Value="0x5c" />
                <Set Name="LDAP_NO_RESULTS_RETURNED"            Value="0x5e" />
                <Set Name="LDAP_CONTROL_NOT_FOUND"              Value="0x5d" />
                <Set Name="LDAP_MORE_RESULTS_TO_RETURN"         Value="0x5f" />
                <Set Name="LDAP_CLIENT_LOOP"                    Value="0x60" />
                <Set Name="LDAP_REFERRAL_LIMIT_EXCEEDED"        Value="0x61" />
            </Enum>
            <Success Return="Equal" Value="0" />
        </Variable>

        <!-- [LDAP_RETCODE_INT] -->
        <Variable Name="[LDAP_RETCODE_INT]" Type="Alias" Base="LDAP_RETCODE">
            <Display Name="INT" />
        </Variable>

        <!-- [LDAP_MOD_OP] -->
        <Variable Name="[LDAP_MOD_OP]" Type="Alias" Base="ULONG">
            <Display Name="ULONG" />
            <Flag>
                <Set Name="LDAP_MOD_ADD"        Value="0x00" />
                <Set Name="LDAP_MOD_DELETE"     Value="0x01" />
                <Set Name="LDAP_MOD_REPLACE"    Value="0x02" />
                <Set Name="LDAP_MOD_BVALUES"    Value="0x80" />
            </Flag>
        </Variable>

        <!-- [LDAPMod_u] -->
        <Variable Name="[LDAPMod_u]" Type="Union">
            <Display Name="union" />
            <Field Type="PTCHAR*"           Name="modv_strvals" />
            <Field Type="struct berval**"   Name="modv_bvals" />
        </Variable>

        <!-- LDAPMod -->
        <Variable Name="LDAPMod" Type="Struct">
            <Field Type="[LDAP_MOD_OP]"     Name="mod_op" />
            <Field Type="PTCHAR"            Name="mod_type" />
            <Field Type="[LDAPMod_u]"       Name="mod_vals" />
        </Variable>
        <Variable Name="LDAPMod*"       Type="Pointer" Base="LDAPMod" />
        <Variable Name="LDAPMod* []"    Type="Pointer" Base="LDAPMod*" />

        <!-- Lightweight Directory Access Protocol -->
        <Category Name="Security and Identity/Directory, Identity, and Access Services/Directory Services/Directory Access Technologies/Lightweight Directory Access Protocol (LDAP)/Starting and Stopping" />
        <Api Name="cldap_open" Ordinal="17">
            <Param Type="PSTR" Name="HostName" />
            <Param Type="ULONG" Name="PortNumber" />
            <Return Type="LDAP*" />
            <Success Return="NotEqual" Value="0" />
        </Api>
        <Api Name="cldap_open" BothCharset="True" OrdinalA="55" OrdinalW="28">
            <Param Type="PTSTR" Name="HostName" />
            <Param Type="ULONG" Name="PortNumber" />
            <Return Type="LDAP*" />
            <Success Return="NotEqual" Value="0" />
        </Api>
        <Api Name="ldap_open" Ordinal="25">
            <Param Type="PSTR" Name="HostName" />
            <Param Type="ULONG" Name="PortNumber" />
            <Return Type="LDAP*" />
            <Success Return="NotEqual" Value="0" />
        </Api>
        <Api Name="ldap_open" BothCharset="True" OrdinalA="169" OrdinalW="170">
            <Param Type="PTSTR" Name="HostName" />
            <Param Type="ULONG" Name="PortNumber" />
            <Return Type="LDAP*" />
            <Success Return="NotEqual" Value="0" />
        </Api>
        <Api Name="ldap_bind" Ordinal="61">
            <Param Type="LDAP*" Name="ld" />
            <Param Type="PSTR" Name="dn" />
            <Param Type="PCHAR" Name="cred" />
            <Param Type="ULONG" Name="method" />
            <Return Type="ULONG" />
            <Success Return="NotEqual" Value="-1" />
        </Api>
        <Api Name="ldap_bind" BothCharset="True" OrdinalA="70" OrdinalW="71">
            <Param Type="LDAP*" Name="ld" />
            <Param Type="PTSTR" Name="dn" />
            <Param Type="PTCHAR" Name="cred" />
            <Param Type="ULONG" Name="method" />
            <Return Type="ULONG" />
            <Success Return="NotEqual" Value="-1" />
        </Api>
        <Api Name="ldap_bind_s" Ordinal="45">
            <Param Type="LDAP*" Name="ld" />
            <Param Type="PSTR" Name="dn" />
            <Param Type="PCHAR" Name="cred" />
            <Param Type="ULONG" Name="method" />
            <Return Type="LDAP_RETCODE" />
        </Api>
        <Api Name="ldap_bind_s" BothCharset="True" OrdinalA="72" OrdinalW="73">
            <Param Type="LDAP*" Name="ld" />
            <Param Type="PTSTR" Name="dn" />
            <Param Type="PTCHAR" Name="cred" />
            <Param Type="ULONG" Name="method" />
            <Return Type="LDAP_RETCODE" />
        </Api>
        <Api Name="ldap_simple_bind" Ordinal="59">
            <Param Type="LDAP*" Name="ld" />
            <Param Type="PSTR" Name="dn" />
            <Param Type="PSTR" Name="passwd" />
            <Return Type="ULONG" />
            <Success Return="NotEqual" Value="-1" />
        </Api>
        <Api Name="ldap_simple_bind" BothCharset="True" OrdinalA="213" OrdinalW="214">
            <Param Type="LDAP*" Name="ld" />
            <Param Type="PTSTR" Name="dn" />
            <Param Type="PTSTR" Name="passwd" />
            <Return Type="ULONG" />
            <Success Return="NotEqual" Value="-1" />
        </Api>
        <Api Name="ldap_simple_bind_s" Ordinal="60">
            <Param Type="LDAP*" Name="ld" />
            <Param Type="PSTR" Name="dn" />
            <Param Type="PSTR" Name="passwd" />
            <Return Type="LDAP_RETCODE" />
        </Api>
        <Api Name="ldap_simple_bind_s" BothCharset="True" OrdinalA="215" OrdinalW="216">
            <Param Type="LDAP*" Name="ld" />
            <Param Type="PTSTR" Name="dn" />
            <Param Type="PTSTR" Name="passwd" />
            <Return Type="LDAP_RETCODE" />
        </Api>
        <Api Name="ldap_sasl_bind" BothCharset="True" OrdinalA="315" OrdinalW="313">
            <Param Type="LDAP*" Name="ExternalHandle" />
            <Param Type="const PCHAR" Name="DistName" />
            <Param Type="const PCHAR" Name="AuthMechanism" />
            <Param Type="const BERVAL*" Name="cred" />
            <Param Type="PLDAPControl*" Name="ServerCtrls" />
            <Param Type="PLDAPControl*" Name="ClientCtrls" />
            <Param Type="int*" Name="MessageNumber" />
            <Return Type="LDAP_RETCODE" />
        </Api>
        <Api Name="ldap_sasl_bind_s" BothCharset="True" OrdinalA="316" OrdinalW="314">
            <Param Type="LDAP*" Name="ExternalHandle" />
            <Param Type="const PCHAR" Name="DistName" />
            <Param Type="const PCHAR" Name="AuthMechanism" />
            <Param Type="const BERVAL*" Name="cred" />
            <Param Type="PLDAPControl*" Name="ServerCtrls" />
            <Param Type="PLDAPControl*" Name="ClientCtrls" />
            <Param Type="PBERVAL*" Name="ServerData" />
            <Return Type="LDAP_RETCODE" />
        </Api>
        <Api Name="ldap_connect" Ordinal="88">
            <Param Type="LDAP*" Name="ld" />
            <Param Type="LDAP_TIMEVAL*" Name="timeout" />
            <Return Type="LDAP_RETCODE" />
        </Api>
        <Api Name="ldap_init" Ordinal="143">
            <Param Type="PSTR" Name="HostName" />
            <Param Type="ULONG" Name="PortNumber" />
            <Return Type="LDAP*" />
            <Success Return="NotEqual" Value="0" />
        </Api>
        <Api Name="ldap_init" BothCharset="True" OrdinalA="144" OrdinalW="145">
            <Param Type="PTSTR" Name="HostName" />
            <Param Type="ULONG" Name="PortNumber" />
            <Return Type="LDAP*" />
            <Success Return="NotEqual" Value="0" />
        </Api>
        <Api Name="ldap_sslinit" Ordinal="217">
            <Param Type="PSTR" Name="HostName" />
            <Param Type="ULONG" Name="PortNumber" />
            <Param Type="int" Name="secure" />
            <Return Type="LDAP*" />
            <Success Return="NotEqual" Value="0" />
        </Api>
        <Api Name="ldap_sslinit" BothCharset="True" OrdinalA="218" OrdinalW="219">
            <Param Type="PTSTR" Name="HostName" />
            <Param Type="ULONG" Name="PortNumber" />
            <Param Type="int" Name="secure" />
            <Return Type="LDAP*" />
            <Success Return="NotEqual" Value="0" />
        </Api>
        <Api Name="ldap_get_option" Ordinal="136">
            <Param Type="LDAP*" Name="ld" />
            <Param Type="int" Name="option" />
            <Param Type="void*" Name="outvalue" />
            <Return Type="LDAP_RETCODE" />
        </Api>
        <Api Name="ldap_get_option" BothCharset="True" OrdinalA="137" OrdinalW="12">
            <Param Type="LDAP*" Name="ld" />
            <Param Type="int" Name="option" />
            <Param Type="void*" Name="outvalue" />
            <Return Type="LDAP_RETCODE" />
        </Api>
        <Api Name="ldap_set_option" Ordinal="211">
            <Param Type="LDAP*" Name="ld" />
            <Param Type="int" Name="option" />
            <Param Type="void*" Name="invalue" />
            <Return Type="LDAP_RETCODE" />
        </Api>
        <Api Name="ldap_set_option" BothCharset="True" OrdinalA="212" OrdinalW="14">
            <Param Type="LDAP*" Name="ld" />
            <Param Type="int" Name="option" />
            <Param Type="void*" Name="invalue" />
            <Return Type="LDAP_RETCODE" />
        </Api>
        <Api Name="ldap_abandon" Ordinal="10">
            <Param Type="LDAP*" Name="ld" />
            <Param Type="ULONG" Name="msgid" />
            <Return Type="ULONG" />
            <Success Return="NotEqual" Value="-1" />
        </Api>
        <Api Name="ldap_unbind" Ordinal="13">
            <Param Type="LDAP*" Name="ld" />
            <Return Type="LDAP_RETCODE" />
        </Api>
        <Api Name="ldap_unbind_s" Ordinal="46">
            <Param Type="LDAP*" Name="ld" />
            <Return Type="LDAP_RETCODE" />
        </Api>
        
        <!-- Modifying Directory Entries -->
        <Category Name="Security and Identity/Directory, Identity, and Access Services/Directory Services/Directory Access Technologies/Lightweight Directory Access Protocol (LDAP)/Modifying Directory Entries" />
        <Api Name="ldap_add" Ordinal="11">
            <Param Type="LDAP*" Name="ld" />
            <Param Type="PSTR" Name="dn" />
            <Param Type="LDAPMod* []" Name="attrs" />
            <Return Type="ULONG" />
            <Success Return="NotEqual" Value="-1" />
        </Api>
        <Api Name="ldap_add" BothCharset="True" OrdinalA="56" OrdinalW="42">
            <Param Type="LDAP*" Name="ld" />
            <Param Type="PTSTR" Name="dn" />
            <Param Type="LDAPMod* []" Name="attrs" />
            <Return Type="ULONG" />
            <Success Return="NotEqual" Value="0" />
        </Api>
        <Api Name="ldap_add_ext" Ordinal="57">
            <Param Type="LDAP*" Name="ld" />
            <Param Type="PSTR" Name="dn" />
            <Param Type="LDAPMod* []" Name="attrs" />
            <Param Type="PLDAPControl*" Name="ServerControls" />
            <Param Type="PLDAPControl*" Name="ClientControls" />
            <Param Type="ULONG*" Name="MessageNumber" />
            <Return Type="LDAP_RETCODE" />
        </Api>
        <Api Name="ldap_add_ext" BothCharset="True" OrdinalA="58" OrdinalW="62">
            <Param Type="LDAP*" Name="ld" />
            <Param Type="PTSTR" Name="dn" />
            <Param Type="LDAPMod* []" Name="attrs" />
            <Param Type="PLDAPControl*" Name="ServerControls" />
            <Param Type="PLDAPControl*" Name="ClientControls" />
            <Param Type="ULONG*" Name="MessageNumber" />
            <Return Type="LDAP_RETCODE" />
        </Api>
        <Api Name="ldap_add_s" Ordinal="44">
            <Param Type="LDAP*" Name="ld" />
            <Param Type="PSTR" Name="dn" />
            <Param Type="LDAPMod* []" Name="attrs" />
            <Return Type="LDAP_RETCODE" />
        </Api>
        <Api Name="ldap_add_s" BothCharset="True" OrdinalA="66" OrdinalW="69">
            <Param Type="LDAP*" Name="ld" />
            <Param Type="PTSTR" Name="dn" />
            <Param Type="LDAPMod* []" Name="attrs" />
            <Return Type="LDAP_RETCODE" />
        </Api>
        <Api Name="ldap_add_ext_s" Ordinal="63">
            <Param Type="LDAP*" Name="ld" />
            <Param Type="PSTR" Name="dn" />
            <Param Type="LDAPMod* []" Name="attrs" />
            <Param Type="PLDAPControl*" Name="ServerControls" />
            <Param Type="PLDAPControl*" Name="ClientControls" />
            <Return Type="LDAP_RETCODE" />
        </Api>
        <Api Name="ldap_add_ext_s" BothCharset="True" OrdinalA="64" OrdinalW="65">
            <Param Type="LDAP*" Name="ld" />
            <Param Type="PTSTR" Name="dn" />
            <Param Type="LDAPMod* []" Name="attrs" />
            <Param Type="PLDAPControl*" Name="ServerControls" />
            <Param Type="PLDAPControl*" Name="ClientControls" />
            <Return Type="LDAP_RETCODE" />
        </Api>
        <Api Name="ldap_compare" Ordinal="19">
            <Param Type="LDAP*" Name="ld" />
            <Param Type="PSTR" Name="dn" />
            <Param Type="PSTR" Name="attr" />
            <Param Type="PSTR" Name="value" />
            <Return Type="ULONG" />
            <Success Return="NotEqual" Value="-1" />
        </Api>
        <Api Name="ldap_compare" BothCharset="True" OrdinalA="75" OrdinalW="76">
            <Param Type="LDAP*" Name="ld" />
            <Param Type="PTSTR" Name="dn" />
            <Param Type="PTSTR" Name="attr" />
            <Param Type="PTSTR" Name="value" />
            <Return Type="ULONG" />
            <Success Return="NotEqual" Value="-1" />
        </Api>
        <Api Name="ldap_compare_ext" Ordinal="78">
            <Param Type="LDAP*" Name="ld" />
            <Param Type="PSTR" Name="dn" />
            <Param Type="PSTR" Name="Attr" />
            <Param Type="PSTR" Name="Value" />
            <Param Type="struct berval*" Name="Data" />
            <Param Type="PLDAPControl*" Name="ServerControls" />
            <Param Type="PLDAPControl*" Name="ClientControls" />
            <Param Type="ULONG*" Name="MessageNumber" />
            <Return Type="LDAP_RETCODE" />
        </Api>
        <Api Name="ldap_compare_ext" BothCharset="True" OrdinalA="80" OrdinalW="81">
            <Param Type="LDAP*" Name="ld" />
            <Param Type="PTSTR" Name="dn" />
            <Param Type="PTSTR" Name="Attr" />
            <Param Type="PTSTR" Name="Value" />
            <Param Type="struct berval*" Name="Data" />
            <Param Type="PLDAPControl*" Name="ServerControls" />
            <Param Type="PLDAPControl*" Name="ClientControls" />
            <Param Type="ULONG*" Name="MessageNumber" />
            <Return Type="LDAP_RETCODE" />
        </Api>
        <Api Name="ldap_compare_s" Ordinal="52">
            <Param Type="LDAP*" Name="ld" />
            <Param Type="PSTR" Name="dn" />
            <Param Type="PSTR" Name="attr" />
            <Param Type="PSTR" Name="value" />
            <Return Type="LDAP_RETCODE" />
        </Api>
        <Api Name="ldap_compare_s" BothCharset="True" OrdinalA="86" OrdinalW="87">
            <Param Type="LDAP*" Name="ld" />
            <Param Type="PTSTR" Name="dn" />
            <Param Type="PTSTR" Name="attr" />
            <Param Type="PTSTR" Name="value" />
            <Return Type="LDAP_RETCODE" />
        </Api>
        <Api Name="ldap_compare_ext_s" Ordinal="83">
            <Param Type="LDAP*" Name="ld" />
            <Param Type="PSTR" Name="dn" />
            <Param Type="PSTR" Name="Attr" />
            <Param Type="PSTR" Name="Value" />
            <Param Type="struct berval*" Name="Data" />
            <Param Type="PLDAPControl*" Name="ServerControls" />
            <Param Type="PLDAPControl*" Name="ClientControls" />
            <Return Type="LDAP_RETCODE" />
        </Api>
        <Api Name="ldap_compare_ext_s" BothCharset="True" OrdinalA="84" OrdinalW="85">
            <Param Type="LDAP*" Name="ld" />
            <Param Type="PTSTR" Name="dn" />
            <Param Type="PTSTR" Name="Attr" />
            <Param Type="PTSTR" Name="Value" />
            <Param Type="struct berval*" Name="Data" />
            <Param Type="PLDAPControl*" Name="ServerControls" />
            <Param Type="PLDAPControl*" Name="ClientControls" />
            <Return Type="LDAP_RETCODE" />
        </Api>
        <Api Name="ldap_delete" Ordinal="20">
            <Param Type="LDAP*" Name="ld" />
            <Param Type="PSTR" Name="dn" />
            <Return Type="ULONG" />
            <Success Return="NotEqual" Value="-1" />
        </Api>
        <Api Name="ldap_delete" BothCharset="True" OrdinalA="104" OrdinalW="105">
            <Param Type="LDAP*" Name="ld" />
            <Param Type="PTSTR" Name="dn" />
            <Return Type="ULONG" />
            <Success Return="NotEqual" Value="-1" />
        </Api>
        <Api Name="ldap_delete_ext" Ordinal="106">
            <Param Type="LDAP*" Name="ld" />
            <Param Type="PSTR" Name="dn" />
            <Param Type="PLDAPControl*" Name="ServerControls" />
            <Param Type="PLDAPControl*" Name="ClientControls" />
            <Param Type="ULONG*" Name="MessageNumber" />
            <Return Type="LDAP_RETCODE" />
        </Api>
        <Api Name="ldap_delete_ext" BothCharset="True" OrdinalA="107" OrdinalW="108">
            <Param Type="LDAP*" Name="ld" />
            <Param Type="PTSTR" Name="dn" />
            <Param Type="PLDAPControl*" Name="ServerControls" />
            <Param Type="PLDAPControl*" Name="ClientControls" />
            <Param Type="ULONG*" Name="MessageNumber" />
            <Return Type="LDAP_RETCODE" />
        </Api>
        <Api Name="ldap_delete_s" Ordinal="47">
            <Param Type="LDAP*" Name="ld" />
            <Param Type="PSTR" Name="dn" />
            <Return Type="LDAP_RETCODE" />
        </Api>
        <Api Name="ldap_delete_s" BothCharset="True" OrdinalA="112" OrdinalW="113">
            <Param Type="LDAP*" Name="ld" />
            <Param Type="PTSTR" Name="dn" />
            <Return Type="LDAP_RETCODE" />
        </Api>
        <Api Name="ldap_delete_ext_s" Ordinal="109">
            <Param Type="LDAP*" Name="ld" />
            <Param Type="PSTR" Name="dn" />
            <Param Type="PLDAPControl*" Name="ServerControls" />
            <Param Type="PLDAPControl*" Name="ClientControls" />
            <Return Type="LDAP_RETCODE" />
        </Api>
        <Api Name="ldap_delete_ext_s" BothCharset="True" OrdinalA="110" OrdinalW="111">
            <Param Type="LDAP*" Name="ld" />
            <Param Type="PTSTR" Name="dn" />
            <Param Type="PLDAPControl*" Name="ServerControls" />
            <Param Type="PLDAPControl*" Name="ClientControls" />
            <Return Type="LDAP_RETCODE" />
        </Api>
        <Api Name="ldap_extended_operation_s" BothCharset="True" OrdinalA="333" OrdinalW="332">
            <Param Type="LDAP*" Name="ld" />
            <Param Type="PSTR" Name="Oid" />
            <Param Type="struct berval*" Name="Data" />
            <Param Type="PLDAPControl*" Name="ServerControls" />
            <Param Type="PLDAPControl*" Name="ClientControls" />
            <Param Type="PCHAR*" Name="ReturnedOid" />
            <Param Type="struct berval**" Name="ReturnedData" />
            <Return Type="LDAP_RETCODE" />
        </Api>
        <Api Name="ldap_extended_operation" Ordinal="123">
            <Param Type="LDAP*" Name="ld" />
            <Param Type="PSTR" Name="Oid" />
            <Param Type="struct berval*" Name="Data" />
            <Param Type="PLDAPControl*" Name="ServerControls" />
            <Param Type="PLDAPControl*" Name="ClientControls" />
            <Param Type="ULONG*" Name="MessageNumber" />
            <Return Type="LDAP_RETCODE" />
        </Api>
        <Api Name="ldap_extended_operation" BothCharset="True" OrdinalA="124" OrdinalW="125">
            <Param Type="LDAP*" Name="ld" />
            <Param Type="PTSTR" Name="Oid" />
            <Param Type="struct berval*" Name="Data" />
            <Param Type="PLDAPControl*" Name="ServerControls" />
            <Param Type="PLDAPControl*" Name="ClientControls" />
            <Param Type="ULONG*" Name="MessageNumber" />
            <Return Type="LDAP_RETCODE" />
        </Api>
        <Api Name="ldap_close_extended_op" Ordinal="74">
            <Param Type="LDAP*" Name="ld" />
            <Param Type="ULONG" Name="MessageNumber" />
            <Return Type="LDAP_RETCODE" />
        </Api>
        <Api Name="ldap_modify" Ordinal="23">
            <Param Type="LDAP*" Name="ld" />
            <Param Type="PSTR" Name="dn" />
            <Param Type="LDAPMod* []" Name="mods" />
            <Return Type="ULONG" />
            <Success Return="NotEqual" Value="-1" />
        </Api>
        <Api Name="ldap_modify" BothCharset="True" OrdinalA="148" OrdinalW="149">
            <Param Type="LDAP*" Name="ld" />
            <Param Type="PTSTR" Name="dn" />
            <Param Type="LDAPMod* []" Name="mods" />
            <Return Type="ULONG" />
            <Success Return="NotEqual" Value="-1" />
        </Api>
        <Api Name="ldap_modify_ext" Ordinal="150">
            <Param Type="LDAP*" Name="ld" />
            <Param Type="PSTR" Name="dn" />
            <Param Type="LDAPMod* []" Name="mods" />
            <Param Type="PLDAPControl*" Name="ServerControls" />
            <Param Type="PLDAPControl*" Name="ClientControls" />
            <Param Type="ULONG*" Name="MessageNumber" />
            <Return Type="LDAP_RETCODE" />
        </Api>
        <Api Name="ldap_modify_ext" BothCharset="True" OrdinalA="151" OrdinalW="152">
            <Param Type="LDAP*" Name="ld" />
            <Param Type="PTSTR" Name="dn" />
            <Param Type="LDAPMod* []" Name="mods" />
            <Param Type="PLDAPControl*" Name="ServerControls" />
            <Param Type="PLDAPControl*" Name="ClientControls" />
            <Param Type="ULONG*" Name="MessageNumber" />
            <Return Type="LDAP_RETCODE" />
        </Api>
        <Api Name="ldap_modify_s" Ordinal="48">
            <Param Type="LDAP*" Name="ld" />
            <Param Type="PSTR" Name="dn" />
            <Param Type="LDAPMod* []" Name="mods" />
            <Return Type="LDAP_RETCODE" />
        </Api>
        <Api Name="ldap_modify_s" BothCharset="True" OrdinalA="156" OrdinalW="157">
            <Param Type="LDAP*" Name="ld" />
            <Param Type="PTSTR" Name="dn" />
            <Param Type="LDAPMod* []" Name="mods" />
            <Return Type="LDAP_RETCODE" />
        </Api>
        <Api Name="ldap_modify_ext_s" Ordinal="153">
            <Param Type="LDAP*" Name="ld" />
            <Param Type="PSTR" Name="dn" />
            <Param Type="LDAPMod* []" Name="mods" />
            <Param Type="PLDAPControl*" Name="ServerControls" />
            <Param Type="PLDAPControl*" Name="ClientControls" />
            <Return Type="LDAP_RETCODE" />
        </Api>
        <Api Name="ldap_modify_ext_s" BothCharset="True" OrdinalA="154" OrdinalW="155">
            <Param Type="LDAP*" Name="ld" />
            <Param Type="PTSTR" Name="dn" />
            <Param Type="LDAPMod* []" Name="mods" />
            <Param Type="PLDAPControl*" Name="ServerControls" />
            <Param Type="PLDAPControl*" Name="ClientControls" />
            <Return Type="LDAP_RETCODE" />
        </Api>
        
        <!-- Searching, Sorting, and Result Handling -->
        <Category Name="Security and Identity/Directory, Identity, and Access Services/Directory Services/Directory Access Technologies/Lightweight Directory Access Protocol (LDAP)/Searching, Sorting, and Result Handling" />
        <Api Name="ldap_check_filter" BothCharset="True" OrdinalA="230" OrdinalW="231">
            <Param Type="LDAP*" Name="ld" />
            <Param Type="PWCHAR" Name="SearchFilter" />
            <Return Type="LDAP_RETCODE" />
        </Api>
        <Api Name="ldap_count_entries" Ordinal="36">
            <Param Type="LDAP*" Name="ld" />
            <Param Type="LDAPMessage*" Name="res" />
            <Return Type="ULONG" />
            <Success Return="NotEqual" Value="-1" />
        </Api>
        <Api Name="ldap_count_references" Ordinal="95">
            <Param Type="LDAP*" Name="ld" />
            <Param Type="LDAPMessage*" Name="res" />
            <Return Type="ULONG" />
            <Success Return="NotEqual" Value="-1" />
        </Api>
        <Api Name="ldap_count_values" Ordinal="37">
            <Param Type="PCHAR*" Name="vals" />
            <Return Type="ULONG" />
        </Api>
        <Api Name="ldap_count_values" BothCharset="True" OrdinalA="96" OrdinalW="97">
            <Param Type="PTCHAR*" Name="vals" />
            <Return Type="ULONG" />
        </Api>
        <Api Name="ldap_count_values_len" Ordinal="77">
            <Param Type="struct berval**" Name="vals" />
            <Return Type="ULONG" />
        </Api>
        <Api Name="ldap_create_page_control" Ordinal="98">
            <Param Type="PLDAP" Name="ExternalHandle" />
            <Param Type="ULONG" Name="PageSize" />
            <Param Type="struct berval*" Name="Cookie" />
            <Param Type="UCHAR" Name="IsCritical" />
            <Param Type="PLDAPControl*" Name="Control" />
            <Return Type="LDAP_RETCODE" />
        </Api>
        <Api Name="ldap_create_page_control" BothCharset="True" OrdinalA="99" OrdinalW="100">
            <Param Type="PLDAP" Name="ExternalHandle" />
            <Param Type="ULONG" Name="PageSize" />
            <Param Type="struct berval*" Name="Cookie" />
            <Param Type="UCHAR" Name="IsCritical" />
            <Param Type="PLDAPControl*" Name="Control" />
            <Return Type="LDAP_RETCODE" />
        </Api>
        <Api Name="ldap_create_sort_control" Ordinal="101">
            <Param Type="PLDAP" Name="ExternalHandle" />
            <Param Type="PLDAPSortKey*" Name="SortKeys" />
            <Param Type="UCHAR" Name="IsCritical" />
            <Param Type="PLDAPControl*" Name="Control" />
            <Return Type="LDAP_RETCODE" />
        </Api>
        <Api Name="ldap_create_sort_control" BothCharset="True" OrdinalA="102" OrdinalW="103">
            <Param Type="PLDAP" Name="ExternalHandle" />
            <Param Type="PLDAPSortKey*" Name="SortKeys" />
            <Param Type="UCHAR" Name="IsCritical" />
            <Param Type="PLDAPControl*" Name="Control" />
            <Return Type="LDAP_RETCODE" />
        </Api>
        <Api Name="ldap_create_vlv_control" BothCharset="True" OrdinalA="320" OrdinalW="319">
            <Param Type="LDAP*" Name="ld" />
            <Param Type="LDAPVLVInfo*" Name="Vlvinfop" />
            <Param Type="char" Name="IsCritical" />
            <Param Type="LDAPControl**" Name="ctrlp" />
            <Return Type="[LDAP_RETCODE_INT]" />
        </Api>
        <Api Name="ldap_encode_sort_control" BothCharset="True" OrdinalA="115" OrdinalW="116">
            <Param Type="PLDAP" Name="ExternalHandle" />
            <Param Type="PLDAPSortKey*" Name="SortKeys" />
            <Param Type="PLDAPControl" Name="Control" />
            <Param Type="BOOLEAN" Name="IsCritical" />
            <Return Type="LDAP_RETCODE" />
        </Api>
        <Api Name="ldap_escape_filter_element" Ordinal="197">
            <Param Type="PCHAR" Name="sourceFilterElement" />
            <Param Type="ULONG" Name="sourceLength" />
            <Param Type="PCHAR" Name="destFilterElement" />
            <Param Type="ULONG" Name="destLength" />
            <Return Type="LDAP_RETCODE" />
        </Api>
        <Api Name="ldap_escape_filter_element" BothCharset="True" OrdinalA="119" OrdinalW="120">
            <Param Type="PTCHAR" Name="sourceFilterElement" />
            <Param Type="ULONG" Name="sourceLength" />
            <Param Type="PCHAR" Name="destFilterElement" />
            <Param Type="ULONG" Name="destLength" />
            <Return Type="LDAP_RETCODE" />
        </Api>
        <Api Name="ldap_first_attribute" Ordinal="32">
            <Param Type="LDAP*" Name="ld" />
            <Param Type="LDAPMessage*" Name="entry" />
            <Param Type="BerElement**" Name="ptr" />
            <Return Type="PCHAR" />
            <Success Return="NotEqual" Value="0" />
        </Api>
        <Api Name="ldap_first_attribute" BothCharset="True" OrdinalA="126" OrdinalW="127">
            <Param Type="LDAP*" Name="ld" />
            <Param Type="LDAPMessage*" Name="entry" />
            <Param Type="BerElement**" Name="ptr" />
            <Return Type="PTCHAR" />
            <Success Return="NotEqual" Value="0" />
        </Api>
        <Api Name="ldap_next_attribute" Ordinal="33">
            <Param Type="LDAP*" Name="ld" />
            <Param Type="LDAPMessage*" Name="entry" />
            <Param Type="BerElement*" Name="ptr" />
            <Return Type="PCHAR" />
            <Success Return="NotEqual" Value="0" />
        </Api>
        <Api Name="ldap_next_attribute" BothCharset="True" OrdinalA="166" OrdinalW="167">
            <Param Type="LDAP*" Name="ld" />
            <Param Type="LDAPMessage*" Name="entry" />
            <Param Type="BerElement*" Name="ptr" />
            <Return Type="PTCHAR" />
            <Success Return="NotEqual" Value="0" />
        </Api>
        <Api Name="ldap_first_entry" Ordinal="26">
            <Param Type="LDAP*" Name="ld" />
            <Param Type="LDAPMessage*" Name="res" />
            <Return Type="LDAPMessage*" />
            <Success Return="NotEqual" Value="0" />
        </Api>
        <Api Name="ldap_next_entry" Ordinal="27">
            <Param Type="LDAP*" Name="ld" />
            <Param Type="LDAPMessage*" Name="entry" />
            <Return Type="LDAPMessage*" />
            <Success Return="NotEqual" Value="0" />
        </Api>
        <Api Name="ldap_first_reference" Ordinal="128">
            <Param Type="LDAP*" Name="ld" />
            <Param Type="LDAPMessage*" Name="res" />
            <Return Type="LDAPMessage*" />
            <Success Return="NotEqual" Value="0" />
        </Api>
        <Api Name="ldap_next_reference" Ordinal="168">
            <Param Type="LDAP*" Name="ld" />
            <Param Type="LDAPMessage*" Name="entry" />
            <Return Type="LDAPMessage*" />
            <Success Return="NotEqual" Value="0" />
        </Api>
        <Api Name="ldap_get_next_page" Ordinal="134">
            <Param Type="PLDAP" Name="ExternalHandle" />
            <Param Type="PLDAPSearch" Name="SearchHandle" />
            <Param Type="ULONG" Name="PageSize" />
            <Param Type="ULONG*" Name="MessageNumber" />
            <Return Type="LDAP_RETCODE" />
        </Api>
        <Api Name="ldap_get_next_page_s" Ordinal="135">
            <Param Type="PLDAP" Name="ExternalHandle" />
            <Param Type="PLDAPSearch" Name="SearchHandle" />
            <Param Type="struct l_timeval*" Name="timeout" />
            <Param Type="ULONG" Name="PageSize" />
            <Param Type="ULONG*" Name="TotalCount" />
            <Param Type="LDAPMessage**" Name="Results" />
            <Return Type="LDAP_RETCODE" />
        </Api>
        <Api Name="ldap_get_paged_count" Ordinal="138">
            <Param Type="PLDAP" Name="ExternalHandle" />
            <Param Type="PLDAPSearch" Name="SearchBlock" />
            <Param Type="ULONG*" Name="TotalCount" />
            <Param Type="PLDAPMessage" Name="Results" />
            <Return Type="LDAP_RETCODE" />
        </Api>
        <Api Name="ldap_get_values" Ordinal="34">
            <Param Type="LDAP*" Name="ld" />
            <Param Type="LDAPMessage*" Name="entry" />
            <Param Type="PSTR" Name="attr" />
            <Return Type="PCHAR*" />
            <Success Return="NotEqual" Value="0" />
        </Api>
        <Api Name="ldap_get_values" BothCharset="True" OrdinalA="139" OrdinalW="140">
            <Param Type="LDAP*" Name="ld" />
            <Param Type="LDAPMessage*" Name="entry" />
            <Param Type="PTSTR" Name="attr" />
            <Return Type="PTCHAR*" />
            <Success Return="NotEqual" Value="0" />
        </Api>
        <Api Name="ldap_get_values_len" Ordinal="35">
            <Param Type="LDAP*" Name="ExternalHandle" />
            <Param Type="LDAPMessage*" Name="Message" />
            <Param Type="PSTR" Name="attr" />
            <Return Type="struct berval**" />
            <Success Return="NotEqual" Value="0" />
        </Api>
        <Api Name="ldap_get_values_len" BothCharset="True" OrdinalA="141" OrdinalW="142">
            <Param Type="LDAP*" Name="ExternalHandle" />
            <Param Type="LDAPMessage*" Name="Message" />
            <Param Type="PTSTR" Name="attr" />
            <Return Type="struct berval**" />
            <Success Return="NotEqual" Value="0" />
        </Api>
        <Api Name="ldap_parse_extended_result" BothCharset="True" OrdinalA="318" OrdinalW="317">
            <Param Type="LDAP*" Name="Connection" />
            <Param Type="LDAPMessage*" Name="ResultMessage" />
            <Param Type="PCHAR*" Name="ResultOID" />
            <Param Type="struct berval**" Name="ResultData" />
            <Param Type="BOOLEAN" Name="Freeit" />
            <Return Type="LDAP_RETCODE" />
        </Api>
        <Api Name="ldap_parse_page_control" Ordinal="171">
            <Param Type="PLDAP" Name="ExternalHandle" />
            <Param Type="PLDAPControl*" Name="ServerControls" />
            <Param Type="ULONG*" Name="TotalCount" />
            <Param Type="struct berval**" Name="Cookie" />
            <Return Type="LDAP_RETCODE" />
        </Api>
        <Api Name="ldap_parse_page_control" BothCharset="True" OrdinalA="172" OrdinalW="173">
            <Param Type="PLDAP" Name="ExternalHandle" />
            <Param Type="PLDAPControl*" Name="ServerControls" />
            <Param Type="ULONG*" Name="TotalCount" />
            <Param Type="struct berval**" Name="Cookie" />
            <Return Type="LDAP_RETCODE" />
        </Api>
        <Api Name="ldap_parse_reference" Ordinal="174">
            <Param Type="LDAP*" Name="Connection" />
            <Param Type="LDAPMessage*" Name="ResultMessage" />
            <Param Type="PCHAR**" Name="Referrals" />
            <Return Type="LDAP_RETCODE" />
        </Api>
        <Api Name="ldap_parse_reference" BothCharset="True" OrdinalA="175" OrdinalW="176">
            <Param Type="LDAP*" Name="Connection" />
            <Param Type="LDAPMessage*" Name="ResultMessage" />
            <Param Type="PTCHAR**" Name="Referrals" />
            <Return Type="LDAP_RETCODE" />
        </Api>
        <Api Name="ldap_parse_result" Ordinal="177">
            <Param Type="LDAP*" Name="Connection" />
            <Param Type="LDAPMessage*" Name="ResultMessage" />
            <Param Type="ULONG*" Name="ReturnCode" />
            <Param Type="PCHAR*" Name="MatchedDNs" />
            <Param Type="PCHAR*" Name="ErrorMessage" />
            <Param Type="PCHAR**" Name="Referrals" />
            <Param Type="PLDAPControl**" Name="ServerControls" />
            <Param Type="BOOLEAN" Name="Freeit" />
            <Return Type="LDAP_RETCODE" />
        </Api>
        <Api Name="ldap_parse_result" BothCharset="True" OrdinalA="178" OrdinalW="179">
            <Param Type="LDAP*" Name="Connection" />
            <Param Type="LDAPMessage*" Name="ResultMessage" />
            <Param Type="ULONG*" Name="ReturnCode" />
            <Param Type="PTCHAR*" Name="MatchedDNs" />
            <Param Type="PTCHAR*" Name="ErrorMessage" />
            <Param Type="PTCHAR**" Name="Referrals" />
            <Param Type="PLDAPControl**" Name="ServerControls" />
            <Param Type="BOOLEAN" Name="Freeit" />
            <Return Type="LDAP_RETCODE" />
        </Api>
        <Api Name="ldap_parse_sort_control" Ordinal="180">
            <Param Type="PLDAP" Name="ExternalHandle" />
            <Param Type="PLDAPControl*" Name="Control" />
            <Param Type="ULONG*" Name="Result" />
            <Param Type="PCHAR*" Name="Attribute" />
            <Return Type="LDAP_RETCODE" />
        </Api>
        <Api Name="ldap_parse_sort_control" BothCharset="True" OrdinalA="181" OrdinalW="182">
            <Param Type="PLDAP" Name="ExternalHandle" />
            <Param Type="PLDAPControl*" Name="Control" />
            <Param Type="ULONG*" Name="Result" />
            <Param Type="PTCHAR*" Name="Attribute" />
            <Return Type="LDAP_RETCODE" />
        </Api>
        <Api Name="ldap_parse_vlv_control" BothCharset="True" OrdinalA="322" OrdinalW="321">
            <Param Type="LDAP*" Name="ld" />
            <Param Type="LDAPControl**" Name="ctrls" />
            <Param Type="unsigned long*" Name="target_posp" />
            <Param Type="unsigned long*" Name="list_countp" />
            <Param Type="struct berval**" Name="contextp" />
            <Param Type="int*" Name="errcodep" />
            <Return Type="[LDAP_RETCODE_INT]" />
        </Api>
        <Api Name="ldap_result" Ordinal="40">
            <Param Type="LDAP*" Name="ld" />
            <Param Type="ULONG" Name="msgid" />
            <Param Type="ULONG" Name="all" />
            <Param Type="struct l_timeval*" Name="timeout" />
            <Param Type="LDAPMessage**" Name="res" />
            <Return Type="ULONG" />
            <Success Return="NotEqual" Value="-1" />
        </Api>
        <Api Name="ldap_search" Ordinal="43">
            <Param Type="LDAP*" Name="ld" />
            <Param Type="PCHAR" Name="base" />
            <Param Type="ULONG" Name="scope" />
            <Param Type="PCHAR" Name="filter" />
            <Param Type="ULONG" Name="attrsonly" />
            <Return Type="ULONG" />
            <Success Return="NotEqual" Value="-1" />
        </Api>
        <Api Name="ldap_search" BothCharset="True" OrdinalA="189" OrdinalW="190">
            <Param Type="LDAP*" Name="ld" />
            <Param Type="PTCHAR" Name="base" />
            <Param Type="ULONG" Name="scope" />
            <Param Type="PTCHAR" Name="filter" />
            <Param Type="ULONG" Name="attrsonly" />
            <Return Type="ULONG" />
            <Success Return="NotEqual" Value="-1" />
        </Api>
        <Api Name="ldap_search_s" Ordinal="50">
            <Param Type="LDAP*" Name="ld" />
            <Param Type="PCHAR" Name="base" />
            <Param Type="ULONG" Name="scope" />
            <Param Type="PCHAR" Name="filter" />
            <Param Type="ULONG" Name="attrsonly" />
            <Param Type="LDAPMessage**" Name="res" />
            <Return Type="LDAP_RETCODE" />
        </Api>
        <Api Name="ldap_search_s" BothCharset="True" OrdinalA="207" OrdinalW="208">
            <Param Type="LDAP*" Name="ld" />
            <Param Type="PTCHAR" Name="base" />
            <Param Type="ULONG" Name="scope" />
            <Param Type="PTCHAR" Name="filter" />
            <Param Type="ULONG" Name="attrsonly" />
            <Param Type="LDAPMessage**" Name="res" />
            <Return Type="LDAP_RETCODE" />
        </Api>
        <Api Name="ldap_search_st" Ordinal="51">
            <Param Type="LDAP*" Name="ld" />
            <Param Type="PCHAR" Name="base" />
            <Param Type="ULONG" Name="scope" />
            <Param Type="PCHAR" Name="filter" />
            <Param Type="ULONG" Name="attrsonly" />
            <Param Type="struct l_timeval*" Name="timeout" />
            <Param Type="LDAPMessage**" Name="res" />
            <Return Type="LDAP_RETCODE" />
        </Api>
        <Api Name="ldap_search_st" BothCharset="True" OrdinalA="209" OrdinalW="210">
            <Param Type="LDAP*" Name="ld" />
            <Param Type="PTCHAR" Name="base" />
            <Param Type="ULONG" Name="scope" />
            <Param Type="PTCHAR" Name="filter" />
            <Param Type="ULONG" Name="attrsonly" />
            <Param Type="struct l_timeval*" Name="timeout" />
            <Param Type="LDAPMessage**" Name="res" />
            <Return Type="LDAP_RETCODE" />
        </Api>
        <Api Name="ldap_search_ext" Ordinal="192">
            <Param Type="LDAP*" Name="ld" />
            <Param Type="PCHAR" Name="base" />
            <Param Type="ULONG" Name="scope" />
            <Param Type="PCHAR" Name="filter" />
            <Param Type="ULONG" Name="attrsonly" />
            <Param Type="PLDAPControl*" Name="ServerControls" />
            <Param Type="PLDAPControl*" Name="ClientControls" />
            <Param Type="ULONG" Name="TimeLimit" />
            <Param Type="ULONG" Name="SizeLimit" />
            <Param Type="ULONG*" Name="MessageNumber" />
            <Return Type="LDAP_RETCODE" />
        </Api>
        <Api Name="ldap_search_ext" BothCharset="True" OrdinalA="193" OrdinalW="194">
            <Param Type="LDAP*" Name="ld" />
            <Param Type="PTCHAR" Name="base" />
            <Param Type="ULONG" Name="scope" />
            <Param Type="PTCHAR" Name="filter" />
            <Param Type="ULONG" Name="attrsonly" />
            <Param Type="PLDAPControl*" Name="ServerControls" />
            <Param Type="PLDAPControl*" Name="ClientControls" />
            <Param Type="ULONG" Name="TimeLimit" />
            <Param Type="ULONG" Name="SizeLimit" />
            <Param Type="ULONG*" Name="MessageNumber" />
            <Return Type="LDAP_RETCODE" />
        </Api>
        <Api Name="ldap_search_ext_s" Ordinal="195">
            <Param Type="LDAP*" Name="ld" />
            <Param Type="PCHAR" Name="base" />
            <Param Type="ULONG" Name="scope" />
            <Param Type="PCHAR" Name="filter" />
            <Param Type="ULONG" Name="attrsonly" />
            <Param Type="PLDAPControl*" Name="ServerControls" />
            <Param Type="PLDAPControl*" Name="ClientControls" />
            <Param Type="struct l_timeval*" Name="timeout" />
            <Param Type="ULONG" Name="SizeLimit" />
            <Param Type="LDAPMessage**" Name="res" />
            <Return Type="LDAP_RETCODE" />
        </Api>
        <Api Name="ldap_search_ext_s" BothCharset="True" OrdinalA="196" OrdinalW="203">
            <Param Type="LDAP*" Name="ld" />
            <Param Type="PTCHAR" Name="base" />
            <Param Type="ULONG" Name="scope" />
            <Param Type="PTCHAR" Name="filter" />
            <Param Type="ULONG" Name="attrsonly" />
            <Param Type="PLDAPControl*" Name="ServerControls" />
            <Param Type="PLDAPControl*" Name="ClientControls" />
            <Param Type="struct l_timeval*" Name="timeout" />
            <Param Type="ULONG" Name="SizeLimit" />
            <Param Type="LDAPMessage**" Name="res" />
            <Return Type="LDAP_RETCODE" />
        </Api>
        <Api Name="ldap_search_init_page" Ordinal="204">
            <Param Type="PLDAP" Name="ExternalHandle" />
            <Param Type="PCHAR" Name="DistinguishedName" />
            <Param Type="ULONG" Name="ScopeOfSearch" />
            <Param Type="PCHAR" Name="SearchFilter" />
            <Param Type="ULONG" Name="AttributesOnly" />
            <Param Type="PLDAPControl*" Name="ServerControls" />
            <Param Type="PLDAPControl*" Name="ClientControls" />
            <Param Type="ULONG" Name="PageTimeLimit" />
            <Param Type="ULONG" Name="TotalSizeLimit" />
            <Param Type="PLDAPSortKey*" Name="SortKeys" />
            <Return Type="PLDAPSearch" />
            <Success Return="NotEqual" Value="0" />
        </Api>
        <Api Name="ldap_search_init_page" BothCharset="True" OrdinalA="205" OrdinalW="206">
            <Param Type="PLDAP" Name="ExternalHandle" />
            <Param Type="PTCHAR" Name="DistinguishedName" />
            <Param Type="ULONG" Name="ScopeOfSearch" />
            <Param Type="PTCHAR" Name="SearchFilter" />
            <Param Type="ULONG" Name="AttributesOnly" />
            <Param Type="PLDAPControl*" Name="ServerControls" />
            <Param Type="PLDAPControl*" Name="ClientControls" />
            <Param Type="ULONG" Name="PageTimeLimit" />
            <Param Type="ULONG" Name="TotalSizeLimit" />
            <Param Type="PLDAPSortKey*" Name="SortKeys" />
            <Return Type="PLDAPSearch" />
            <Success Return="NotEqual" Value="0" />
        </Api>
        <Api Name="ldap_search_abandon_page" Ordinal="191">
            <Param Type="PLDAP" Name="ExternalHandle" />
            <Param Type="PLDAPSearch" Name="SearchBlock" />
            <Return Type="LDAP_RETCODE" />
        </Api>
        
        <!-- Error Handling -->
        <Category Name="Security and Identity/Directory, Identity, and Access Services/Directory Services/Directory Access Technologies/Lightweight Directory Access Protocol (LDAP)/Error Handling" />
        <Api Name="ldap_err2string" Ordinal="22">
            <Param Type="ULONG" Name="err" />
            <Return Type="PCHAR" />
            <Success Return="NotEqual" Value="0" />
        </Api>
        <Api Name="ldap_err2string" BothCharset="True" OrdinalA="117" OrdinalW="118">
            <Param Type="ULONG" Name="err" />
            <Return Type="PTCHAR" />
            <Success Return="NotEqual" Value="0" />
        </Api>
        <Api Name="LdapGetLastError" Ordinal="16">
            <Return Type="LDAP_RETCODE" />
            <Success />
        </Api>
        <Api Name="LdapMapErrorToWin32" Ordinal="18">
            <Param Type="LDAP_RETCODE" Name="LdapError" />
            <Return Type="[ERROR_CODE_ULONG]" />
            <Success />
        </Api>
        <Api Name="ldap_result2error" Ordinal="21">
            <Param Type="LDAP*" Name="ld" />
            <Param Type="LDAPMessage*" Name="res" />
            <Param Type="ULONG" Name="freeit" />
            <Return Type="LDAP_RETCODE" />
        </Api>
        
        <!-- Memory Management -->
        <Category Name="Security and Identity/Directory, Identity, and Access Services/Directory Services/Directory Access Technologies/Lightweight Directory Access Protocol (LDAP)/Memory Management" />
        <Api Name="ldap_control_free" Ordinal="89">
            <Param Type="LDAPControl*" Name="Control" />
            <Return Type="LDAP_RETCODE" />
        </Api>
        <Api Name="ldap_control_free" BothCharset="True" OrdinalA="90" OrdinalW="91">
            <Param Type="LDAPControl*" Name="Control" />
            <Return Type="LDAP_RETCODE" />
        </Api>
        <Api Name="ldap_controls_free" Ordinal="92">
            <Param Type="LDAPControl**" Name="Controls" />
            <Return Type="LDAP_RETCODE" />
        </Api>
        <Api Name="ldap_controls_free" BothCharset="True" OrdinalA="93" OrdinalW="94">
            <Param Type="LDAPControl**" Name="Controls" />
            <Return Type="LDAP_RETCODE" />
        </Api>
        <Api Name="ldap_memfree" Ordinal="200">
            <Param Type="PCHAR" Name="Block" />
            <Return Type="VOID" />
        </Api>
        <Api Name="ldap_memfree" BothCharset="True" OrdinalA="146" OrdinalW="147">
            <Param Type="PTCHAR" Name="Block" />
            <Return Type="VOID" />
        </Api>
        <Api Name="ldap_msgfree" Ordinal="41">
            <Param Type="LDAPMessage*" Name="res" />
            <Return Type="LDAP_RETCODE" />
        </Api>
        <Api Name="ldap_value_free" Ordinal="38">
            <Param Type="PCHAR*" Name="vals" />
            <Return Type="LDAP_RETCODE" />
        </Api>
        <Api Name="ldap_value_free" BothCharset="True" OrdinalA="223" OrdinalW="224">
            <Param Type="PTCHAR*" Name="vals" />
            <Return Type="LDAP_RETCODE" />
        </Api>
        <Api Name="ldap_value_free_len" Ordinal="79">
            <Param Type="struct berval**" Name="vals" />
            <Return Type="LDAP_RETCODE" />
        </Api>
        
        <!-- Miscellaneous -->
        <Category Name="Security and Identity/Directory, Identity, and Access Services/Directory Services/Directory Access Technologies/Lightweight Directory Access Protocol (LDAP)/Miscellaneous" />
        <Api Name="ldap_dn2ufn" Ordinal="31">
            <Param Type="PSTR" Name="dn" />
            <Return Type="PCHAR" />
            <Success Return="NotEqual" Value="0" />
        </Api>
        <Api Name="ldap_dn2ufn" BothCharset="True" OrdinalA="232" OrdinalW="114">
            <Param Type="PTSTR" Name="dn" />
            <Return Type="PTCHAR" />
            <Success Return="NotEqual" Value="0" />
        </Api>
        <Api Name="ldap_ufn2dn" Ordinal="220">
            <Param Type="PCHAR" Name="ufn" />
            <Param Type="PCHAR*" Name="pDn" />
            <Return Type="LDAP_RETCODE" />
        </Api>
        <Api Name="ldap_ufn2dn" BothCharset="True" OrdinalA="221" OrdinalW="222">
            <Param Type="PTCHAR" Name="ufn" />
            <Param Type="PTCHAR*" Name="pDn" />
            <Return Type="LDAP_RETCODE" />
        </Api>
        <Api Name="ldap_explode_dn" Ordinal="39">
            <Param Type="PSTR" Name="dn" />
            <Param Type="ULONG" Name="notypes" />
            <Return Type="PCHAR*" />
            <Success Return="NotEqual" Value="0" />
        </Api>
        <Api Name="ldap_explode_dn" BothCharset="True" OrdinalA="121" OrdinalW="122">
            <Param Type="PTSTR" Name="dn" />
            <Param Type="ULONG" Name="notypes" />
            <Return Type="PTCHAR*" />
            <Success Return="NotEqual" Value="0" />
        </Api>
        <Api Name="ldap_get_dn" Ordinal="30">
            <Param Type="LDAP*" Name="ld" />
            <Param Type="LDAPMessage*" Name="entry" />
            <Return Type="PCHAR" />
            <Success Return="NotEqual" Value="0" />
        </Api>
        <Api Name="ldap_get_dn" BothCharset="True" OrdinalA="132" OrdinalW="133">
            <Param Type="LDAP*" Name="ld" />
            <Param Type="LDAPMessage*" Name="entry" />
            <Return Type="PTCHAR" />
            <Success Return="NotEqual" Value="0" />
        </Api>
        <Api Name="ldap_conn_from_msg" Ordinal="312">
            <Param Type="LDAP*" Name="PrimaryConn" />
            <Param Type="LDAPMessage*" Name="res" />
            <Return Type="LDAP*" />
            <Success Return="NotEqual" Value="0" />
        </Api>
        <Api Name="ldap_modrdn2" Ordinal="67">
            <Param Type="LDAP*" Name="ExternalHandle" />
            <Param Type="PCHAR" Name="DistinguishedName" />
            <Param Type="PCHAR" Name="NewDistinguishedName" />
            <Param Type="INT" Name="DeleteOldRdn" />
            <Return Type="ULONG" />
            <Success Return="NotEqual" Value="-1" />
        </Api>
        <Api Name="ldap_modrdn2" BothCharset="True" OrdinalA="158" OrdinalW="159">
            <Param Type="LDAP*" Name="ExternalHandle" />
            <Param Type="PTCHAR" Name="DistinguishedName" />
            <Param Type="PTCHAR" Name="NewDistinguishedName" />
            <Param Type="INT" Name="DeleteOldRdn" />
            <Return Type="ULONG" />
            <Success Return="NotEqual" Value="-1" />
        </Api>
        <Api Name="ldap_modrdn2_s" Ordinal="68">
            <Param Type="LDAP*" Name="ExternalHandle" />
            <Param Type="PCHAR" Name="DistinguishedName" />
            <Param Type="PCHAR" Name="NewDistinguishedName" />
            <Param Type="INT" Name="DeleteOldRdn" />
            <Return Type="LDAP_RETCODE" />
        </Api>
        <Api Name="ldap_modrdn2_s" BothCharset="True" OrdinalA="160" OrdinalW="161">
            <Param Type="LDAP*" Name="ExternalHandle" />
            <Param Type="PTCHAR" Name="DistinguishedName" />
            <Param Type="PTCHAR" Name="NewDistinguishedName" />
            <Param Type="INT" Name="DeleteOldRdn" />
            <Return Type="LDAP_RETCODE" />
        </Api>
        <Api Name="ldap_rename_ext" Ordinal="183">
            <Param Type="LDAP*" Name="ld" />
            <Param Type="PSTR" Name="dn" />
            <Param Type="PSTR" Name="NewRDN" />
            <Param Type="PSTR" Name="NewParent" />
            <Param Type="INT" Name="DeleteOldRdn" />
            <Param Type="PLDAPControl*" Name="ServerControls" />
            <Param Type="PLDAPControl*" Name="ClientControls" />
            <Param Type="ULONG*" Name="MessageNumber" />
            <Return Type="LDAP_RETCODE" />
        </Api>
        <Api Name="ldap_rename_ext" BothCharset="True" OrdinalA="184" OrdinalW="185">
            <Param Type="LDAP*" Name="ld" />
            <Param Type="PTSTR" Name="dn" />
            <Param Type="PTSTR" Name="NewRDN" />
            <Param Type="PTSTR" Name="NewParent" />
            <Param Type="INT" Name="DeleteOldRdn" />
            <Param Type="PLDAPControl*" Name="ServerControls" />
            <Param Type="PLDAPControl*" Name="ClientControls" />
            <Param Type="ULONG*" Name="MessageNumber" />
            <Return Type="LDAP_RETCODE" />
        </Api>
        <Api Name="ldap_rename_ext_s" Ordinal="186">
            <Param Type="LDAP*" Name="ld" />
            <Param Type="PSTR" Name="dn" />
            <Param Type="PSTR" Name="NewRDN" />
            <Param Type="PSTR" Name="NewParent" />
            <Param Type="INT" Name="DeleteOldRdn" />
            <Param Type="PLDAPControl*" Name="ServerControls" />
            <Param Type="PLDAPControl*" Name="ClientControls" />
            <Return Type="LDAP_RETCODE" />
        </Api>
        <Api Name="ldap_rename_ext_s" BothCharset="True" OrdinalA="187" OrdinalW="188">
            <Param Type="LDAP*" Name="ld" />
            <Param Type="PTSTR" Name="dn" />
            <Param Type="PTSTR" Name="NewRDN" />
            <Param Type="PTSTR" Name="NewParent" />
            <Param Type="INT" Name="DeleteOldRdn" />
            <Param Type="PLDAPControl*" Name="ServerControls" />
            <Param Type="PLDAPControl*" Name="ClientControls" />
            <Return Type="LDAP_RETCODE" />
        </Api>
        <Api Name="LdapUnicodeToUTF8" Ordinal="53">
            <Param Type="LPCWSTR" Name="lpSrcStr" />
            <Param Type="int" Name="cchSrc" />
            <Param Type="LPSTR" Name="lpDestStr" />
            <Param Type="int" Name="cchDest" />
            <Return Type="int" />
            <Success Return="NotEqual" Value="0" />
        </Api>
        <Api Name="LdapUTF8ToUnicode" Ordinal="29">
            <Param Type="LPCSTR" Name="lpSrcStr" />
            <Param Type="int" Name="cchSrc" />
            <Param Type="LPWSTR" Name="lpDestStr" />
            <Param Type="int" Name="cchDest" />
            <Return Type="int" />
            <Success Return="NotEqual" Value="0" />
        </Api>
        <Api Name="ber_init" Ordinal="300">
            <Param Type="BERVAL*" Name="pBerVal" />
            <Return Type="BerElement*" />
            <Success Return="NotEqual" Value="0" />
        </Api>
        <Api Name="ber_free" Ordinal="301">
            <Param Type="BerElement*" Name="pBerElement" />
            <Param Type="INT" Name="fbuf" />
            <Return Type="void" />
        </Api>
        <Api Name="ber_bvfree" Ordinal="54">
            <Param Type="BERVAL*" Name="pBerVal" />
            <Return Type="void" />
        </Api>
        <Api Name="ber_bvecfree" Ordinal="302">
            <Param Type="PBERVAL*" Name="pBerVal" />
            <Return Type="void" />
        </Api>
        <Api Name="ber_bvdup" Ordinal="303">
            <Param Type="BERVAL*" Name="pBerVal" />
            <Return Type="BERVAL*" />
            <Success Return="NotEqual" Value="0" />
        </Api>
        <Api Name="ber_alloc_t" Ordinal="304">
            <Param Type="INT" Name="options" />
            <Return Type="BerElement*" />
            <Success Return="NotEqual" Value="0" />
        </Api>
        <Api Name="ber_skip_tag" Ordinal="305">
            <Param Type="BerElement*" Name="pBerElement" />
            <Param Type="ULONG*" Name="pLen" />
            <Return Type="ULONG" />
            <Success Return="NotEqual" Value="0" />
        </Api>
        <Api Name="ber_peek_tag" Ordinal="306">
            <Param Type="BerElement*" Name="pBerElement" />
            <Param Type="ULONG*" Name="pLen" />
            <Return Type="ULONG" />
            <Success Return="NotEqual" Value="0" />
        </Api>
        <Api Name="ber_first_element" Ordinal="307">
            <Param Type="BerElement*" Name="pBerElement" />
            <Param Type="ULONG*" Name="pLen" />
            <Param Type="CHAR**" Name="ppOpaque" />
            <Return Type="ULONG" />
            <Success Return="NotEqual" Value="0" />
        </Api>
        <Api Name="ber_next_element" Ordinal="308">
            <Param Type="BerElement*" Name="pBerElement" />
            <Param Type="ULONG*" Name="pLen" />
            <Param Type="CHAR*" Name="opaque" />
            <Return Type="ULONG" />
            <Success Return="NotEqual" Value="0" />
        </Api>
        <Api Name="ber_flatten" Ordinal="309">
            <Param Type="BerElement*" Name="pBerElement" />
            <Param Type="PBERVAL*" Name="pBerVal" />
            <Return Type="INT" />
            <Success Return="NotEqual" Value="0" />
        </Api>
        <Api Name="ber_printf" VarArgs="True" Ordinal="310">
            <Param Type="BerElement*" Name="pBerElement" />
            <Param Type="PCHAR" Name="fmt" />
            <Return Type="INT" />
            <Success Return="NotEqual" Value="-1" />
        </Api>
        <Api Name="ber_scanf" VarArgs="True" Ordinal="311">
            <Param Type="BerElement*" Name="pBerElement" />
            <Param Type="PCHAR" Name="fmt" />
            <Return Type="INT" />
            <Success Return="NotEqual" Value="-1" />
        </Api>
    </Module>
</ApiMonitor>