<!--
    API Monitor Definitions
    (c) 2012, Rohitab Batra <rohitab@rohitab.com>
    http://www.rohitab.com/apimonitor/
-->
<ApiMonitor>
    <Include Filename="Headers\windows.h.xml" />
    <Module Name="WSClient.dll" CallingConvention="STDCALL" ErrorFunc="GetLastError" OnlineHelp="MSDN">
        
        <!-- Developer License -->
        <Category Name="Application Installation and Servicing/Developer License" />
        <Api Name="CheckDeveloperLicense">
            <Param Type="FILETIME*" Name="pExpiration" />
            <Return Type="STDAPI" />
        </Api>
        <Api Name="AcquireDeveloperLicense">
            <Param Type="HWND" Name="hwndParent" />
            <Param Type="FILETIME*" Name="pExpiration" />
            <Return Type="STDAPI" />
        </Api>
        <Api Name="RemoveDeveloperLicense">
            <Param Type="HWND" Name="hwndParent" />
            <Return Type="STDAPI" />
        </Api>

    </Module>
</ApiMonitor>