<!--
    API Monitor Definitions
    (c) 2010-2012, Rohitab Batra <rohitab@rohitab.com>
    http://www.rohitab.com/apimonitor/
-->
<ApiMonitor>
    <Include Filename="Headers\windows.h.xml" />
    <Module Name="WtsApi32.dll" CallingConvention="STDCALL" ErrorFunc="GetLastError" OnlineHelp="MSDN">
        
        <!-- Arrays -->
        <Variable Name="TCHAR [WTS_COMMENT_LENGTH + 1]"     Type="Array"    Base="TCHAR"    Count="61" />
        <Variable Name="TCHAR [USERNAME_LENGTH + 1]"        Type="Array"    Base="TCHAR"    Count="21" />
        <Variable Name="TCHAR [DOMAIN_LENGTH + 1]"          Type="Array"    Base="TCHAR"    Count="18" />
        <Variable Name="WTSLISTENERNAME"                    Type="Array"    Base="TCHAR"    Count="33" />
        <Variable Name="PWTSLISTENERNAME"                   Type="Pointer"  Base="WTSLISTENERNAME" />

        <!-- WTS_PROCESS_INFO -->
        <Variable Name="WTS_PROCESS_INFO" Type="Struct">
            <Field Type="DWORD" 	Name="SessionId" />
            <Field Type="DWORD" 	Name="ProcessId" />
            <Field Type="LPTSTR" 	Name="pProcessName" />
            <Field Type="PSID"  	Name="pUserSid" />
        </Variable>
        <Variable Name="PWTS_PROCESS_INFO"      Type="Pointer" Base="WTS_PROCESS_INFO" />
        <Variable Name="PWTS_PROCESS_INFO*"     Type="Pointer" Base="PWTS_PROCESS_INFO" />

        <!-- WTS_CONNECTSTATE_CLASS -->
        <Variable Name="WTS_CONNECTSTATE_CLASS" Type="Alias" Base="UINT">
            <Enum>
                <Set Name="WTSActive"			Value="0" />
                <Set Name="WTSConnected"		Value="1" />
                <Set Name="WTSConnectQuery"		Value="2" />
                <Set Name="WTSShadow"			Value="3" />
                <Set Name="WTSDisconnected"		Value="4" />
                <Set Name="WTSIdle"			    Value="5" />
                <Set Name="WTSListen"			Value="6" />
                <Set Name="WTSReset"			Value="7" />
                <Set Name="WTSDown"			    Value="8" />
                <Set Name="WTSInit"			    Value="9" />
            </Enum>
        </Variable>

        <!-- WTS_SESSION_INFO -->
        <Variable Name="WTS_SESSION_INFO" Type="Struct">
            <Field Type="DWORD" 	                Name="SessionId" />
            <Field Type="LPTSTR" 	                Name="pWinStationName" />
            <Field Type="WTS_CONNECTSTATE_CLASS" 	Name="State" />
        </Variable>
        <Variable Name="PWTS_SESSION_INFO"      Type="Pointer" Base="WTS_SESSION_INFO" />
        <Variable Name="PWTS_SESSION_INFO*"     Type="Pointer" Base="PWTS_SESSION_INFO" />

        <!-- WTS_INFO_CLASS -->
        <Variable Name="WTS_INFO_CLASS" Type="Alias" Base="UINT">
            <Enum>
                <Set Name="WTSInitialProgram"       Value="0" />
                <Set Name="WTSApplicationName"      Value="1" />
                <Set Name="WTSWorkingDirectory"     Value="2" />
                <Set Name="WTSOEMId"                Value="3" />
                <Set Name="WTSSessionId"            Value="4" />
                <Set Name="WTSUserName"             Value="5" />
                <Set Name="WTSWinStationName"       Value="6" />
                <Set Name="WTSDomainName"           Value="7" />
                <Set Name="WTSConnectState"         Value="8" />
                <Set Name="WTSClientBuildNumber"    Value="9" />
                <Set Name="WTSClientName"           Value="10" />
                <Set Name="WTSClientDirectory"      Value="11" />
                <Set Name="WTSClientProductId"      Value="12" />
                <Set Name="WTSClientHardwareId"     Value="13" />
                <Set Name="WTSClientAddress"        Value="14" />
                <Set Name="WTSClientDisplay"        Value="15" />
                <Set Name="WTSClientProtocolType"   Value="16" />
                <Set Name="WTSIdleTime"             Value="17" />
                <Set Name="WTSLogonTime"            Value="18" />
                <Set Name="WTSIncomingBytes"        Value="19" />
                <Set Name="WTSOutgoingBytes"        Value="20" />
                <Set Name="WTSIncomingFrames"       Value="21" />
                <Set Name="WTSOutgoingFrames"       Value="22" />
            </Enum>
        </Variable>

        <!-- WTS_CONFIG_CLASS -->
        <Variable Name="WTS_CONFIG_CLASS" Type="Alias" Base="UINT">
            <Enum>
                <Set Name="WTSUserConfigInitialProgram"                 Value="0" />
                <Set Name="WTSUserConfigWorkingDirectory"               Value="1" />
                <Set Name="WTSUserConfigfInheritInitialProgram"         Value="2" />
                <Set Name="WTSUserConfigfAllowLogonTerminalServer"      Value="3" />
                <Set Name="WTSUserConfigTimeoutSettingsConnections"     Value="4" />
                <Set Name="WTSUserConfigTimeoutSettingsDisconnections"  Value="5" />
                <Set Name="WTSUserConfigTimeoutSettingsIdle"            Value="6" />
                <Set Name="WTSUserConfigfDeviceClientDrives"            Value="7" />
                <Set Name="WTSUserConfigfDeviceClientPrinters"          Value="8" />
                <Set Name="WTSUserConfigfDeviceClientDefaultPrinter"    Value="9" />
                <Set Name="WTSUserConfigBrokenTimeoutSettings"          Value="10" />
                <Set Name="WTSUserConfigReconnectSettings"              Value="11" />
                <Set Name="WTSUserConfigModemCallbackSettings"          Value="12" />
                <Set Name="WTSUserConfigModemCallbackPhoneNumber"       Value="13" />
                <Set Name="WTSUserConfigShadowingSettings"              Value="14" />
                <Set Name="WTSUserConfigTerminalServerProfilePath"      Value="15" />
                <Set Name="WTSUserConfigTerminalServerHomeDir"          Value="16" />
                <Set Name="WTSUserConfigTerminalServerHomeDirDrive"     Value="17" />
                <Set Name="WTSUserConfigfTerminalServerRemoteHomeDir"   Value="18" />
            </Enum>
        </Variable>

        <!-- WTS_VIRTUAL_CLASS -->
        <Variable Name="WTS_VIRTUAL_CLASS" Type="Alias" Base="UINT">
            <Enum>
                <Set Name="WTSVirtualClientData"    Value="0" />
                <Set Name="WTSVirtualFileHandle"    Value="1" />
            </Enum>
        </Variable>

        <!-- [ConsoleNotificationFlags] -->
        <Variable Name="[ConsoleNotificationFlags]" Type="Alias" Base="DWORD">
            <Display Name="DWORD" />
            <Enum>
                <Set Name="NOTIFY_FOR_ALL_SESSIONS" Value="1" />
                <Set Name="NOTIFY_FOR_THIS_SESSION" Value="0" />
            </Enum>
        </Variable>

        <!-- [WtsServerHandle] -->
        <Variable Name="[WtsServerHandle]" Type="Alias" Base="HANDLE">
            <Display Name="HANDLE" />
            <Enum Reset="True">
                <Set Name="WTS_CURRENT_SERVER_HANDLE" Value="0" />
            </Enum>
        </Variable>

        <!-- [WtsEventFlags] -->
        <Variable Name="[WtsEventFlags]" Type="Alias" Base="DWORD">
            <Display Name="DWORD" />
            <Flag>
                <Set Name="WTS_EVENT_NONE"          Value="0x00000000" />
                <Set Name="WTS_EVENT_CREATE"        Value="0x00000001" />
                <Set Name="WTS_EVENT_DELETE"        Value="0x00000002" />
                <Set Name="WTS_EVENT_RENAME"        Value="0x00000004" />
                <Set Name="WTS_EVENT_CONNECT"       Value="0x00000008" />
                <Set Name="WTS_EVENT_DISCONNECT"    Value="0x00000010" />
                <Set Name="WTS_EVENT_LOGON"         Value="0x00000020" />
                <Set Name="WTS_EVENT_LOGOFF"        Value="0x00000040" />
                <Set Name="WTS_EVENT_STATECHANGE"   Value="0x00000080" />
                <Set Name="WTS_EVENT_LICENSE"       Value="0x00000100" />
                <Set Name="WTS_EVENT_ALL"           Value="0x7fffffff" />
                <Set Name="WTS_EVENT_FLUSH"         Value="0x80000000" />
            </Flag>
        </Variable>
        <Variable Name="[WtsEventFlags*]" Type="Pointer" Base="[WtsEventFlags]">
            <Display Name="DWORD*" />
        </Variable>

        <!-- WTSLISTENERCONFIGW -->
        <Variable Name="WTSLISTENERCONFIG" Type="Struct">
            <Field Type="ULONG"                             Name="version" />
            <Field Type="ULONG"                             Name="fEnableListener" />
            <Field Type="ULONG"                             Name="MaxConnectionCount" />
            <Field Type="ULONG"                             Name="fPromptForPassword" />
            <Field Type="ULONG"                             Name="fInheritColorDepth" />
            <Field Type="ULONG"                             Name="ColorDepth" />
            <Field Type="ULONG"                             Name="fInheritBrokenTimeoutSettings" />
            <Field Type="ULONG"                             Name="BrokenTimeoutSettings" />
            <Field Type="ULONG"                             Name="fDisablePrinterRedirection" />
            <Field Type="ULONG"                             Name="fDisableDriveRedirection" />
            <Field Type="ULONG"                             Name="fDisableComPortRedirection" />
            <Field Type="ULONG"                             Name="fDisableLPTPortRedirection" />
            <Field Type="ULONG"                             Name="fDisableClipboardRedirection" />
            <Field Type="ULONG"                             Name="fDisableAudioRedirection" />
            <Field Type="ULONG"                             Name="fDisablePNPRedirection" />
            <Field Type="ULONG"                             Name="fDisableDefaultMainClientPrinter" />
            <Field Type="ULONG"                             Name="LanAdapter" />
            <Field Type="ULONG"                             Name="PortNumber" />
            <Field Type="ULONG"                             Name="fInheritShadowSettings" />
            <Field Type="ULONG"                             Name="ShadowSettings" />
            <Field Type="ULONG"                             Name="TimeoutSettingsConnection" />
            <Field Type="ULONG"                             Name="TimeoutSettingsDisconnection" />
            <Field Type="ULONG"                             Name="TimeoutSettingsIdle" />
            <Field Type="ULONG"                             Name="SecurityLayer" />
            <Field Type="ULONG"                             Name="MinEncryptionLevel" />
            <Field Type="ULONG"                             Name="UserAuthentication" />
            <Field Type="TCHAR [WTS_COMMENT_LENGTH + 1]"    Name="Comment" />
            <Field Type="TCHAR [USERNAME_LENGTH + 1]"       Name="LogonUserName" />
            <Field Type="TCHAR [DOMAIN_LENGTH + 1]"         Name="LogonDomain" />
            <Field Type="TCHAR [MAX_PATH + 1]"              Name="WorkDirectory" />
            <Field Type="TCHAR [MAX_PATH + 1]"              Name="InitialProgram" />
        </Variable>
        <Variable Name="PWTSLISTENERCONFIG" Type="Pointer" Base="WTSLISTENERCONFIG" />

        <!-- WTS_TYPE_CLASS -->
        <Variable Name="WTS_TYPE_CLASS" Type="Alias" Base="UINT">
            <Enum>
                <Set Name="WTSTypeProcessInfoLevel0"		Value="0" />
                <Set Name="WTSTypeProcessInfoLevel1"		Value="1" />
                <Set Name="WTSTypeSessionInfoLevel1"        Value="2" />
            </Enum>
        </Variable>

        <!-- WTS_SERVER_INFO -->
        <Variable Name="WTS_SERVER_INFO" Type="Struct">
            <Field Type="LPTSTR" Name="pServerName" />
        </Variable>
        <Variable Name="PWTS_SERVER_INFO"  Type="Pointer" Base="WTS_SERVER_INFO" />
        <Variable Name="PWTS_SERVER_INFO*" Type="Pointer" Base="PWTS_SERVER_INFO" />

        <!-- WTS_SESSION_INFO_1 -->
        <Variable Name="WTS_SESSION_INFO_1" Type="Struct">
            <Field Type="DWORD"                     Name="ExecEnvId" />
            <Field Type="WTS_CONNECTSTATE_CLASS"    Name="State" />
            <Field Type="DWORD"                     Name="SessionId" />
            <Field Type="LPTSTR"                    Name="pSessionName" />
            <Field Type="LPTSTR"                    Name="pHostName" />
            <Field Type="LPTSTR"                    Name="pUserName" />
            <Field Type="LPTSTR"                    Name="pDomainName" />
            <Field Type="LPTSTR"                    Name="pFarmName" />
        </Variable>
        <Variable Name="PWTS_SESSION_INFO_1"  Type="Pointer" Base="WTS_SESSION_INFO_1" />
        <Variable Name="PWTS_SESSION_INFO_1*" Type="Pointer" Base="PWTS_SESSION_INFO_1" />

        <!-- Terminal Services API -->
        <Category Name="System Services/Remote Desktop Services" />
        <Api Name="WTSCloseServer">
            <Param Type="[WtsServerHandle]" Name="hServer" />
            <Return Type="void" />
        </Api>
        <Api Name="WTSConnectSession" BothCharset="True">
            <Param Type="ULONG" Name="LogonId" />
            <Param Type="ULONG" Name="TargetLogonId" />
            <Param Type="PTSTR" Name="pPassword" />
            <Param Type="BOOL" Name="bWait" />
            <Return Type="BOOL" />
        </Api>
        <Api Name="WTSCreateListener" BothCharset="True">
            <Param Type="[WtsServerHandle]" Name="hServer" />
            <Param Type="PVOID" Name="pReserved" />
            <Param Type="DWORD" Name="Reserved" />
            <Param Type="LPTSTR" Name="pListenerName" />
            <Param Type="PWTSLISTENERCONFIG" Name="pBuffer" />
            <Param Type="DWORD" Name="flag" />
            <Return Type="BOOL" />
        </Api>
        <Api Name="WTSDisconnectSession">
            <Param Type="[WtsServerHandle]" Name="hServer" />
            <Param Type="DWORD" Name="SessionId" />
            <Param Type="BOOL" Name="bWait" />
            <Return Type="BOOL" />
        </Api>
        <Api Name="WTSEnableChildSessions">
            <Param Type="BOOL" Name="bEnable" />
            <Return Type="BOOL" />
        </Api>
        <Api Name="WTSEnumerateListeners" BothCharset="True">
            <Param Type="[WtsServerHandle]" Name="hServer" />
            <Param Type="PVOID" Name="pReserved" />
            <Param Type="DWORD" Name="Reserved" />
            <Param Type="PWTSLISTENERNAME" Name="pListeners" />
            <Param Type="DWORD*" Name="pCount" />
            <Return Type="BOOL" />
        </Api>
        <Api Name="WTSEnumerateProcesses" BothCharset="True">
            <Param Type="[WtsServerHandle]" Name="hServer" />
            <Param Type="DWORD" Name="Reserved" />
            <Param Type="DWORD" Name="Version" />
            <Param Type="PWTS_PROCESS_INFO*" Name="ppProcessInfo" />
            <Param Type="DWORD*" Name="pCount" />
            <Return Type="BOOL" />
        </Api>
        <Api Name="WTSEnumerateProcessesEx" BothCharset="True">
            <Param Type="[WtsServerHandle]" Name="hServer" />
            <Param Type="DWORD*" Name="pLevel" />
            <Param Type="DWORD" Name="SessionID" />
            <Param Type="LPTSTR*" Name="ppProcessInfo" />
            <Param Type="DWORD*" Name="pCount" />
            <Return Type="BOOL" />
        </Api>
        <Api Name="WTSEnumerateServers" BothCharset="True">
            <Param Type="LPTSTR" Name="pDomainName" />
            <Param Type="DWORD" Name="Reserved" />
            <Param Type="DWORD" Name="Version" />
            <Param Type="PWTS_SERVER_INFO*" Name="ppServerInfo" />
            <Param Type="DWORD*" Name="pCount" />
            <Return Type="BOOL" />
        </Api>
        <Api Name="WTSEnumerateSessions" BothCharset="True">
            <Param Type="[WtsServerHandle]" Name="hServer" />
            <Param Type="DWORD" Name="Reserved" />
            <Param Type="DWORD" Name="Version" />
            <Param Type="PWTS_SESSION_INFO*" Name="ppSessionInfo" />
            <Param Type="DWORD*" Name="pCount" />
            <Return Type="BOOL" />
        </Api>
        <Api Name="WTSEnumerateSessionsEx" BothCharset="True">
            <Param Type="[WtsServerHandle]" Name="hServer" />
            <Param Type="DWORD*" Name="pLevel" />
            <Param Type="DWORD" Name="Filter" />
            <Param Type="PWTS_SESSION_INFO_1*" Name="ppSessionInfo" />
            <Param Type="DWORD*" Name="pCount" />
            <Return Type="BOOL" />
        </Api>
        <Api Name="WTSFreeMemory">
            <Param Type="PVOID" Name="pMemory" />
            <Return Type="void" />
        </Api>
        <Api Name="WTSFreeMemoryEx" BothCharset="True">
            <Param Type="WTS_TYPE_CLASS" Name="WTSTypeClass" />
            <Param Type="PVOID" Name="pMemory" />
            <Param Type="ULONG" Name="NumberOfEntries" />
            <Return Type="BOOL" />
        </Api>
        <Api Name="WTSGetChildSessionId">
            <Param Type="ULONG*" Name="pSessionId" />
            <Return Type="BOOL" />
        </Api>
        <Api Name="WTSGetListenerSecurity" BothCharset="True">
            <Param Type="[WtsServerHandle]" Name="hServer" />
            <Param Type="PVOID" Name="pReserved" />
            <Param Type="DWORD" Name="Reserved" />
            <Param Type="LPTSTR" Name="pListenerName" />
            <Param Type="SECURITY_INFORMATION" Name="SecurityInformation" />
            <Param Type="PSECURITY_DESCRIPTOR" Name="pSecurityDescriptor" />
            <Param Type="DWORD" Name="nLength" />
            <Param Type="LPDWORD" Name="lpnLengthNeeded" />
            <Return Type="BOOL" />
        </Api>
        <Api Name="WTSIsChildSessionsEnabled">
            <Param Type="BOOL*" Name="pbEnabled" />
            <Return Type="BOOL" />
        </Api>
        <Api Name="WTSLogoffSession">
            <Param Type="[WtsServerHandle]" Name="hServer" />
            <Param Type="DWORD" Name="SessionId" />
            <Param Type="BOOL" Name="bWait" />
            <Return Type="BOOL" />
        </Api>
        <Api Name="WTSOpenServer" BothCharset="True">
            <Param Type="LPTSTR" Name="pServerName" />
            <Return Type="HANDLE" />
            <Success Return="NotEqual" Value="0" />
        </Api>
        <Api Name="WTSOpenServerEx" BothCharset="True">
            <Param Type="LPTSTR" Name="pServerName" />
            <Return Type="HANDLE" />
            <Success Return="NotEqual" Value="0" />
        </Api>
        <Api Name="WTSQueryListenerConfig" BothCharset="True">
            <Param Type="[WtsServerHandle]" Name="hServer" />
            <Param Type="PVOID" Name="pReserved" />
            <Param Type="DWORD" Name="Reserved" />
            <Param Type="LPTSTR" Name="pListenerName" />
            <Param Type="PWTSLISTENERCONFIG" Name="pBuffer" />
            <Return Type="BOOL" />
        </Api>
        <Api Name="WTSQuerySessionInformation" BothCharset="True">
            <Param Type="[WtsServerHandle]" Name="hServer" />
            <Param Type="DWORD" Name="SessionId" />
            <Param Type="WTS_INFO_CLASS" Name="WTSInfoClass" />
            <Param Type="LPTSTR*" Name="ppBuffer" />
            <Param Type="DWORD*" Name="pBytesReturned" />
            <Return Type="BOOL" />
        </Api>
        <Api Name="WTSQueryUserConfig" BothCharset="True">
            <Param Type="LPTSTR" Name="pServerName" />
            <Param Type="LPTSTR" Name="pUserName" />
            <Param Type="WTS_CONFIG_CLASS" Name="WTSConfigClass" />
            <Param Type="LPTSTR*" Name="ppBuffer" />
            <Param Type="DWORD*" Name="pBytesReturned" />
            <Return Type="BOOL" />
        </Api>
        <Api Name="WTSQueryUserToken">
            <Param Type="ULONG" Name="SessionId" />
            <Param Type="PHANDLE" Name="phToken" />
            <Return Type="BOOL" />
        </Api>
        <Api Name="WTSRegisterSessionNotification">
            <Param Type="HWND" Name="hWnd" />
            <Param Type="[ConsoleNotificationFlags]" Name="dwFlags" />
            <Return Type="BOOL" />
        </Api>
        <Api Name="WTSRegisterSessionNotificationEx">
            <Param Type="[WtsServerHandle]" Name="hServer" />
            <Param Type="HWND" Name="hWnd" />
            <Param Type="[ConsoleNotificationFlags]" Name="dwFlags" />
            <Return Type="BOOL" />
        </Api>
        <Api Name="WTSSendMessage" BothCharset="True">
            <Param Type="[WtsServerHandle]" Name="hServer" />
            <Param Type="DWORD" Name="SessionId" />
            <Param Type="LPTSTR" Name="pTitle" />
            <Param Type="DWORD" Name="TitleLength" />
            <Param Type="LPTSTR" Name="pMessage" />
            <Param Type="DWORD" Name="MessageLength" />
            <Param Type="DWORD" Name="Style" />
            <Param Type="DWORD" Name="Timeout" />
            <Param Type="DWORD*" Name="pResponse" />
            <Param Type="BOOL" Name="bWait" />
            <Return Type="BOOL" />
        </Api>
        <Api Name="WTSSetListenerSecurity" BothCharset="True">
            <Param Type="[WtsServerHandle]" Name="hServer" />
            <Param Type="PVOID" Name="pReserved" />
            <Param Type="DWORD" Name="Reserved" />
            <Param Type="LPTSTR" Name="pListenerName" />
            <Param Type="SECURITY_INFORMATION" Name="SecurityInformation" />
            <Param Type="PSECURITY_DESCRIPTOR" Name="pSecurityDescriptor" />
            <Return Type="BOOL" />
        </Api>
        <Api Name="WTSSetUserConfig" BothCharset="True">
            <Param Type="LPTSTR" Name="pServerName" />
            <Param Type="LPTSTR" Name="pUserName" />
            <Param Type="WTS_CONFIG_CLASS" Name="WTSConfigClass" />
            <Param Type="LPTSTR" Name="pBuffer" />
            <Param Type="DWORD" Name="DataLength" />
            <Return Type="BOOL" />
        </Api>
        <Api Name="WTSShutdownSystem">
            <Param Type="[WtsServerHandle]" Name="hServer" />
            <Param Type="DWORD" Name="ShutdownFlag" />
            <Return Type="BOOL" />
        </Api>
        <Api Name="WTSStartRemoteControlSession" BothCharset="True">
            <Param Type="LPTSTR" Name="pTargetServerName" />
            <Param Type="ULONG" Name="TargetLogonId" />
            <Param Type="BYTE" Name="HotkeyVk" />
            <Param Type="USHORT" Name="HotkeyModifiers" />
            <Return Type="BOOL" />
        </Api>
        <Api Name="WTSStopRemoteControlSession">
            <Param Type="ULONG" Name="LogonId" />
            <Return Type="BOOL" />
        </Api>
        <Api Name="WTSTerminateProcess">
            <Param Type="[WtsServerHandle]" Name="hServer" />
            <Param Type="DWORD" Name="ProcessId" />
            <Param Type="DWORD" Name="ExitCode" />
            <Return Type="BOOL" />
        </Api>
        <Api Name="WTSUnRegisterSessionNotification">
            <Param Type="HWND" Name="hWnd" />
            <Return Type="BOOL" />
        </Api>
        <Api Name="WTSUnRegisterSessionNotificationEx">
            <Param Type="[WtsServerHandle]" Name="hServer" />
            <Param Type="HWND" Name="hWnd" />
            <Return Type="BOOL" />
        </Api>
        <Api Name="WTSVirtualChannelClose">
            <Param Type="HANDLE" Name="hChannelHandle" />
            <Return Type="BOOL" />
        </Api>
        <Api Name="WTSVirtualChannelOpen">
            <Param Type="[WtsServerHandle]" Name="hServer" />
            <Param Type="DWORD" Name="SessionId" />
            <Param Type="LPSTR" Name="pVirtualName" />
            <Return Type="HANDLE" />
            <Success Return="NotEqual" Value="0" />
        </Api>
        <Api Name="WTSVirtualChannelOpenEx">
            <Param Type="DWORD" Name="SessionId" />
            <Param Type="LPSTR" Name="pVirtualName" />
            <Param Type="DWORD" Name="flags" />
            <Return Type="HANDLE" />
            <Success Return="NotEqual" Value="0" />
        </Api>
        <Api Name="WTSVirtualChannelPurgeInput">
            <Param Type="HANDLE" Name="hChannelHandle" />
            <Return Type="BOOL" />
        </Api>
        <Api Name="WTSVirtualChannelPurgeOutput">
            <Param Type="HANDLE" Name="hChannelHandle" />
            <Return Type="BOOL" />
        </Api>
        <Api Name="WTSVirtualChannelQuery">
            <Param Type="HANDLE" Name="hChannelHandle" />
            <Param Type="WTS_VIRTUAL_CLASS" Name="WtsVirtualClass" />
            <Param Type="PVOID*" Name="ppBuffer" />
            <Param Type="DWORD*" Name="pBytesReturned" />
            <Return Type="BOOL" />
        </Api>
        <Api Name="WTSVirtualChannelRead">
            <Param Type="HANDLE" Name="hChannelHandle" />
            <Param Type="ULONG" Name="TimeOut" />
            <Param Type="LPVOID" Display="PCHAR" Name="Buffer" PostLength="pBytesRead" />
            <Param Type="ULONG" Name="BufferSize" />
            <Param Type="PULONG" Name="pBytesRead" />
            <Return Type="BOOL" />
        </Api>
        <Api Name="WTSVirtualChannelWrite">
            <Param Type="HANDLE" Name="hChannelHandle" />
            <Param Type="LPVOID" Display="PCHAR" Name="Buffer" Length="Length" />
            <Param Type="ULONG" Name="Length" />
            <Param Type="PULONG" Name="pBytesWritten" />
            <Return Type="BOOL" />
        </Api>
        <Api Name="WTSWaitSystemEvent">
            <Param Type="[WtsServerHandle]" Name="hServer" />
            <Param Type="[WtsEventFlags]" Name="EventMask" />
            <Param Type="[WtsEventFlags*]" Name="pEventFlags" />
            <Return Type="BOOL" />
        </Api>
        <!-- RemoteFX Media Redirection -->
        <Category Name="System Services/Remote Desktop Services/RemoteFX Media Redirection" />
        <Api Name="WTSSetRenderHint">
            <Param Type="UINT64*" Name="pRenderHintID" />
            <Param Type="HWND" Name="hwndOwner" />
            <Param Type="DWORD" Name="renderHintType" />
            <Param Type="DWORD" Name="cbHintDataLength" />
            <Param Type="BYTE*" Name="pHintData" />
            <Return Type="HRESULT" />
        </Api>
    </Module>
</ApiMonitor>