<!--
    API Monitor Definitions
    (c) 2010-2011, Rohitab Batra <rohitab@rohitab.com>
    http://www.rohitab.com/apimonitor/
-->
<ApiMonitor>
    <Include Filename="Interfaces\IUnknown.xml" />
    <Interface Name="IApplicationDocumentLists" Id="{3c594f9f-9f30-47a1-979a-c9e83d3d0a06}" BaseInterface="IUnknown" OnlineHelp="MSDN" ErrorFunc="HRESULT" Category="Windows Environment Development/Windows Shell/Shell Interfaces">
        <!-- Variables -->
        <!-- Methods -->
        <Api Name="SetAppID">
            <Param Type="LPCWSTR" Name="pszAppID" />
            <Return Type="HRESULT" />
            <Success Return="Equal" Value="0" />
        </Api>
        <Api Name="GetList">
            <Param Type="APPDOCLISTTYPE" Name="listtype" />
            <Param Type="UINT" Name="cItemsDesired" />
            <Param Type="REFIID" Name="riid" />
            <Param Type="void**" Name="ppv" InterfaceId="riid" />
            <Return Type="HRESULT" />
            <Success Return="Equal" Value="0" />
        </Api>
    </Interface>
</ApiMonitor>