<!--
    API Monitor Definitions
    (c) 2010-2011, Rohitab Batra <rohitab@rohitab.com>
    http://www.rohitab.com/apimonitor/
-->
<ApiMonitor>
    <Include Filename="Interfaces\IUnknown.xml" />
    <Interface Name="IApplicationAssociationRegistration" Id="{4e530b0a-e611-4c77-a3ac-9031d022281b}" BaseInterface="IUnknown" OnlineHelp="MSDN" ErrorFunc="HRESULT" Category="Windows Environment Development/Windows Shell/Shell Interfaces">
        <!-- Variables -->
        <!-- Methods -->
        <Api Name="QueryCurrentDefault">
            <Param Type="LPCWSTR" Name="pszQuery" />
            <Param Type="ASSOCIATIONTYPE" Name="atQueryType" />
            <Param Type="ASSOCIATIONLEVEL" Name="alQueryLevel" />
            <Param Type="LPWSTR*" Name="ppszAssociation" />
            <Return Type="HRESULT" />
            <Success Return="Equal" Value="0" />
        </Api>
        <Api Name="QueryAppIsDefault">
            <Param Type="LPCWSTR" Name="pszQuery" />
            <Param Type="ASSOCIATIONTYPE" Name="atQueryType" />
            <Param Type="ASSOCIATIONLEVEL" Name="alQueryLevel" />
            <Param Type="LPCWSTR" Name="pszAppRegistryName" />
            <Param Type="BOOL*" Name="pfDefault" />
            <Return Type="HRESULT" />
            <Success Return="Equal" Value="0" />
        </Api>
        <Api Name="QueryAppIsDefaultAll">
            <Param Type="ASSOCIATIONLEVEL" Name="alQueryLevel" />
            <Param Type="LPCWSTR" Name="pszAppRegistryName" />
            <Param Type="BOOL*" Name="pfDefault" />
            <Return Type="HRESULT" />
            <Success Return="Equal" Value="0" />
        </Api>
        <Api Name="SetAppAsDefault">
            <Param Type="LPCWSTR" Name="pszAppRegistryName" />
            <Param Type="LPCWSTR" Name="pszSet" />
            <Param Type="ASSOCIATIONTYPE" Name="atSetType" />
            <Return Type="HRESULT" />
            <Success Return="Equal" Value="0" />
        </Api>
        <Api Name="SetAppAsDefaultAll">
            <Param Type="LPCWSTR" Name="pszAppRegistryName" />
            <Return Type="HRESULT" />
            <Success Return="Equal" Value="0" />
        </Api>
        <Api Name="ClearUserAssociations">
            <Return Type="HRESULT" />
            <Success Return="Equal" Value="0" />
        </Api>
    </Interface>
</ApiMonitor>