<!--
    API Monitor Definitions
    (c) 2010-2011, Rohitab Batra <rohitab@rohitab.com>
    http://www.rohitab.com/apimonitor/
-->
<ApiMonitor>
<Include Filename="Interfaces\IUnknown.xml" />
<Interface Name="IAssocHandlerInvoker" Id="{92218CAB-ECAA-4335-8133-807FD234C2EE}" BaseInterface="IUnknown" OnlineHelp="MSDN" ErrorFunc="HRESULT" Category="Windows Environment Development/Windows Shell/Shell Interfaces">
<!-- Variables -->
<!-- Methods -->
<Api Name="SupportsSelection">
	<Return Type="HRESULT" />
	<Success Return="Equal" Value="0" />
</Api>
<Api Name="Invoke">
	<Return Type="HRESULT" />
	<Success Return="Equal" Value="0" />
</Api>
</Interface>
</ApiMonitor>
