<!--
    API Monitor Definitions
    (c) 2010-2011, Rohitab Batra <rohitab@rohitab.com>
    http://www.rohitab.com/apimonitor/
-->
<ApiMonitor>
    <Include Filename="Interfaces\IUnknown.xml" />
    <Interface Name="IAssocHandler" Id="{F04061AC-1659-4a3f-A954-775AA57FC083}" BaseInterface="IUnknown" OnlineHelp="MSDN" ErrorFunc="HRESULT" Category="Windows Environment Development/Windows Shell/Shell Interfaces">
        <!-- Variables -->
        <!-- Methods -->
        <Api Name="GetName">
            <Param Type="LPWSTR*" Name="ppsz" />
            <Return Type="HRESULT" />
            <Success Return="Equal" Value="0" />
        </Api>
        <Api Name="GetUIName">
            <Param Type="LPWSTR*" Name="ppsz" />
            <Return Type="HRESULT" />
            <Success Return="Equal" Value="0" />
        </Api>
        <Api Name="GetIconLocation">
            <Param Type="LPWSTR*" Name="ppszPath" />
            <Param Type="int*" Name="pIndex" />
            <Return Type="HRESULT" />
            <Success Return="Equal" Value="0" />
        </Api>
        <Api Name="IsRecommended">
            <Return Type="HRESULT" />
            <Success Return="Equal" Value="0" />
        </Api>
        <Api Name="MakeDefault">
            <Param Type="LPCWSTR" Name="pszDescription" />
            <Return Type="HRESULT" />
            <Success Return="Equal" Value="0" />
        </Api>
        <Api Name="Invoke">
            <Param Type="IDataObject*" Name="pdo" />
            <Return Type="HRESULT" />
            <Success Return="Equal" Value="0" />
        </Api>
        <Api Name="CreateInvoker">
            <Param Type="IDataObject*" Name="pdo" />
            <Param Type="IAssocHandlerInvoker**" Name="ppInvoker" />
            <Return Type="HRESULT" />
            <Success Return="Equal" Value="0" />
        </Api>
    </Interface>
</ApiMonitor>