<!--
    API Monitor Definitions
    (c) 2010-2011, Rohitab Batra <rohitab@rohitab.com>
    http://www.rohitab.com/apimonitor/
-->
<ApiMonitor>
    <Include Filename="Interfaces\IUnknown.xml" />
    <Interface Name="IBandHost" Id="{B9075C7C-D48E-403f-AB99-D6C77A1084AC}" BaseInterface="IUnknown" OnlineHelp="MSDN" ErrorFunc="HRESULT" Category="Windows Environment Development/Windows Shell/Shell Interfaces">
        <!-- Variables -->
        <!-- Methods -->
        <Api Name="CreateBand">
            <Param Type="REFCLSID" Name="rclsidBand" />
            <Param Type="BOOL" Name="fAvailable" />
            <Param Type="BOOL" Name="fVisible" />
            <Param Type="REFIID" Name="riid" />
            <Param Type="void**" Name="ppv" InterfaceId="riid" />
            <Return Type="HRESULT" />
            <Success Return="Equal" Value="0" />
        </Api>
        <Api Name="SetBandAvailability">
            <Param Type="REFCLSID" Name="rclsidBand" />
            <Param Type="BOOL" Name="fAvailable" />
            <Return Type="HRESULT" />
            <Success Return="Equal" Value="0" />
        </Api>
        <Api Name="DestroyBand">
            <Param Type="REFCLSID" Name="rclsidBand" />
            <Return Type="HRESULT" />
            <Success Return="Equal" Value="0" />
        </Api>
    </Interface>
</ApiMonitor>