<!--
    API Monitor Definitions
    (c) 2010-2011, Rohitab Batra <rohitab@rohitab.com>
    http://www.rohitab.com/apimonitor/
-->
<ApiMonitor>
    <Include Filename="Interfaces\IUnknown.xml" />
    <Interface Name="IBandSite" Id="{4CF504B0-DE96-11D0-8B3F-00A0C911E8E5}" BaseInterface="IUnknown" OnlineHelp="MSDN" ErrorFunc="HRESULT" Category="Windows Environment Development/Windows Shell/Shell Interfaces">
        <!-- Variables -->
        <!-- Methods -->
        <Api Name="AddBand">
            <Param Type="IUnknown*" Name="punk" />
            <Return Type="HRESULT" />
            <Success Return="Equal" Value="0" />
        </Api>
        <Api Name="EnumBands">
            <Param Type="UINT" Name="uBand" />
            <Param Type="DWORD*" Name="pdwBandID" />
            <Return Type="HRESULT" />
            <Success Return="Equal" Value="0" />
        </Api>
        <Api Name="QueryBand">
            <Param Type="DWORD" Name="dwBandID" />
            <Param Type="IDeskBand**" Name="ppstb" />
            <Param Type="DWORD*" Name="pdwState" />
            <Param Type="LPWSTR" Name="pszName" />
            <Param Type="int" Name="cchName" />
            <Return Type="HRESULT" />
            <Success Return="Equal" Value="0" />
        </Api>
        <Api Name="SetBandState">
            <Param Type="DWORD" Name="dwBandID" />
            <Param Type="DWORD" Name="dwMask" />
            <Param Type="DWORD" Name="dwState" />
            <Return Type="HRESULT" />
            <Success Return="Equal" Value="0" />
        </Api>
        <Api Name="RemoveBand">
            <Param Type="DWORD" Name="dwBandID" />
            <Return Type="HRESULT" />
            <Success Return="Equal" Value="0" />
        </Api>
        <Api Name="GetBandObject">
            <Param Type="DWORD" Name="dwBandID" />
            <Param Type="REFIID" Name="riid" />
            <Param Type="void**" Name="ppv" InterfaceId="riid" />
            <Return Type="HRESULT" />
            <Success Return="Equal" Value="0" />
        </Api>
        <Api Name="SetBandSiteInfo">
            <Param Type="const BANDSITEINFO*" Name="pbsinfo" />
            <Return Type="HRESULT" />
            <Success Return="Equal" Value="0" />
        </Api>
        <Api Name="GetBandSiteInfo">
            <Param Type="BANDSITEINFO*" Name="pbsinfo" />
            <Return Type="HRESULT" />
            <Success Return="Equal" Value="0" />
        </Api>
    </Interface>
</ApiMonitor>