<!--
    API Monitor Definitions
    (c) 2010-2011, Rohitab Batra <rohitab@rohitab.com>
    http://www.rohitab.com/apimonitor/
-->
<ApiMonitor>
    <Include Filename="Interfaces\IUnknown.xml" />
    <Interface Name="IBrowserFrameOptions" Id="{10DF43C8-1DBE-11d3-8B34-006097DF5BD4}" BaseInterface="IUnknown" OnlineHelp="MSDN" ErrorFunc="HRESULT" Category="Windows Environment Development/Windows Shell/Shell Interfaces">
        <!-- Variables -->
        <!-- Methods -->
        <Api Name="GetFrameOptions">
            <Param Type="BROWSERFRAMEOPTIONS" Name="dwMask" />
            <Param Type="BROWSERFRAMEOPTIONS*" Name="pdwOptions" />
            <Return Type="HRESULT" />
            <Success Return="Equal" Value="0" />
        </Api>
    </Interface>
</ApiMonitor>