<!--
    API Monitor Definitions
    (c) 2010-2011, Rohitab Batra <rohitab@rohitab.com>
    http://www.rohitab.com/apimonitor/
-->
<ApiMonitor>
    <Include Filename="Interfaces\IUnknown.xml" />
    <Interface Name="ICategorizer" Id="{a3b14589-9174-49a8-89a3-06a1ae2b9ba7}" BaseInterface="IUnknown" OnlineHelp="MSDN" ErrorFunc="HRESULT" Category="Windows Environment Development/Windows Shell/Shell Interfaces">
        <!-- Variables -->
        <!-- Methods -->
        <Api Name="GetDescription">
            <Param Type="LPWSTR" Name="pszDesc" />
            <Param Type="UINT" Name="cch" />
            <Return Type="HRESULT" />
            <Success Return="Equal" Value="0" />
        </Api>
        <Api Name="GetCategory">
            <Param Type="UINT" Name="cidl" />
            <Param Type="PCUITEMID_CHILD_ARRAY" Name="apidl" />
            <Param Type="DWORD*" Name="rgCategoryIds" />
            <Return Type="HRESULT" />
            <Success Return="Equal" Value="0" />
        </Api>
        <Api Name="GetCategoryInfo">
            <Param Type="DWORD" Name="dwCategoryId" />
            <Param Type="CATEGORY_INFO*" Name="pci" />
            <Return Type="HRESULT" />
            <Success Return="Equal" Value="0" />
        </Api>
        <Api Name="CompareCategory">
            <Param Type="CATSORT_FLAGS" Name="csfFlags" />
            <Param Type="DWORD" Name="dwCategoryId1" />
            <Param Type="DWORD" Name="dwCategoryId2" />
            <Return Type="HRESULT" />
            <Success Return="Equal" Value="0" />
        </Api>
    </Interface>
</ApiMonitor>