<!--
    API Monitor Definitions
    (c) 2010-2011, Rohitab Batra <rohitab@rohitab.com>
    http://www.rohitab.com/apimonitor/
-->
<ApiMonitor>
    <Include Filename="Interfaces\IUnknown.xml" />
    <Interface Name="ICategoryProvider" Id="{9af64809-5864-4c26-a720-c1f78c086ee3}" BaseInterface="IUnknown" OnlineHelp="MSDN" ErrorFunc="HRESULT" Category="Windows Environment Development/Windows Shell/Shell Interfaces">
        <!-- Variables -->
        <!-- Methods -->
        <Api Name="CanCategorizeOnSCID">
            <Param Type="const SHCOLUMNID*" Name="pscid" />
            <Return Type="HRESULT" />
            <Success Return="Equal" Value="0" />
        </Api>
        <Api Name="GetDefaultCategory">
            <Param Type="GUID*" Name="pguid" />
            <Param Type="SHCOLUMNID*" Name="pscid" />
            <Return Type="HRESULT" />
            <Success Return="Equal" Value="0" />
        </Api>
        <Api Name="GetCategoryForSCID">
            <Param Type="const SHCOLUMNID*" Name="pscid" />
            <Param Type="GUID*" Name="pguid" />
            <Return Type="HRESULT" />
            <Success Return="Equal" Value="0" />
        </Api>
        <Api Name="EnumCategories">
            <Param Type="IEnumGUID**" Name="penum" />
            <Return Type="HRESULT" />
            <Success Return="Equal" Value="0" />
        </Api>
        <Api Name="GetCategoryName">
            <Param Type="const GUID*" Name="pguid" />
            <Param Type="LPWSTR" Name="pszName" />
            <Param Type="UINT" Name="cch" />
            <Return Type="HRESULT" />
            <Success Return="Equal" Value="0" />
        </Api>
        <Api Name="CreateCategory">
            <Param Type="const GUID*" Name="pguid" />
            <Param Type="REFIID" Name="riid" />
            <Param Type="void**" Name="ppv" InterfaceId="riid" />
            <Return Type="HRESULT" />
            <Success Return="Equal" Value="0" />
        </Api>
    </Interface>
</ApiMonitor>