<!--
    API Monitor Definitions
    (c) 2010-2011, Rohitab Batra <rohitab@rohitab.com>
    http://www.rohitab.com/apimonitor/
-->
<ApiMonitor>
    <Include Filename="Interfaces\IUnknown.xml" />
    <Interface Name="IColumnManager" Id="{d8ec27bb-3f3b-4042-b10a-4acfd924d453}" BaseInterface="IUnknown" OnlineHelp="MSDN" ErrorFunc="HRESULT" Category="Windows Environment Development/Windows Shell/Shell Interfaces">
        <!-- Variables -->
        <!-- Methods -->
        <Api Name="SetColumnInfo">
            <Param Type="REFPROPERTYKEY" Name="propkey" />
            <Param Type="const CM_COLUMNINFO*" Name="pcmci" />
            <Return Type="HRESULT" />
            <Success Return="Equal" Value="0" />
        </Api>
        <Api Name="GetColumnInfo">
            <Param Type="REFPROPERTYKEY" Name="propkey" />
            <Param Type="CM_COLUMNINFO*" Name="pcmci" />
            <Return Type="HRESULT" />
            <Success Return="Equal" Value="0" />
        </Api>
        <Api Name="GetColumnCount">
            <Param Type="CM_ENUM_FLAGS" Name="dwFlags" />
            <Param Type="UINT*" Name="puCount" />
            <Return Type="HRESULT" />
            <Success Return="Equal" Value="0" />
        </Api>
        <Api Name="GetColumns">
            <Param Type="CM_ENUM_FLAGS" Name="dwFlags" />
            <Param Type="PROPERTYKEY*" Name="rgkeyOrder" />
            <Param Type="UINT" Name="cColumns" />
            <Return Type="HRESULT" />
            <Success Return="Equal" Value="0" />
        </Api>
        <Api Name="SetColumns">
            <Param Type="const PROPERTYKEY*" Name="rgkeyOrder" />
            <Param Type="UINT" Name="cVisible" />
            <Return Type="HRESULT" />
            <Success Return="Equal" Value="0" />
        </Api>
    </Interface>
</ApiMonitor>