<!--
    API Monitor Definitions
    (c) 2010-2011, Rohitab Batra <rohitab@rohitab.com>
    http://www.rohitab.com/apimonitor/
-->
<ApiMonitor>
    <Include Filename="Interfaces\Shell\ICommDlgBrowser.xml" />
    <Interface Name="ICommDlgBrowser2" Id="{10339516-2894-11d2-9039-00C04F8EEB3E}" BaseInterface="ICommDlgBrowser" OnlineHelp="MSDN" ErrorFunc="HRESULT" Category="Windows Environment Development/Windows Shell/Shell Interfaces">
        <!-- Variables -->
        <!-- Methods -->
        <Api Name="Notify">
            <Param Type="IShellView*" Name="ppshv" />
            <Param Type="DWORD" Name="dwNotifyType" />
            <Return Type="HRESULT" />
            <Success Return="Equal" Value="0" />
        </Api>
        <Api Name="GetDefaultMenuText">
            <Param Type="IShellView*" Name="ppshv" />
            <Param Type="LPWSTR" Name="pszText" />
            <Param Type="int" Name="cchMax" />
            <Return Type="HRESULT" />
            <Success Return="Equal" Value="0" />
        </Api>
        <Api Name="GetViewFlags">
            <Param Type="DWORD*" Name="pdwFlags" />
            <Return Type="HRESULT" />
            <Success Return="Equal" Value="0" />
        </Api>
    </Interface>
</ApiMonitor>