<!--
    API Monitor Definitions
    (c) 2010-2011, Rohitab Batra <rohitab@rohitab.com>
    http://www.rohitab.com/apimonitor/
-->
<ApiMonitor>
    <Include Filename="Interfaces\Shell\ICommDlgBrowser2.xml" />
    <Interface Name="ICommDlgBrowser3" Id="{c8ad25a1-3294-41ee-8165-71174bd01c57}" BaseInterface="ICommDlgBrowser2" OnlineHelp="MSDN" ErrorFunc="HRESULT" Category="Windows Environment Development/Windows Shell/Shell Interfaces">
        <!-- Variables -->
        <!-- Methods -->
        <Api Name="OnColumnClicked">
            <Param Type="IShellView*" Name="ppshv" />
            <Param Type="int" Name="iColumn" />
            <Return Type="HRESULT" />
            <Success Return="Equal" Value="0" />
        </Api>
        <Api Name="GetCurrentFilter">
            <Param Type="LPWSTR" Name="pszFileSpec" />
            <Param Type="int" Name="cchFileSpec" />
            <Return Type="HRESULT" />
            <Success Return="Equal" Value="0" />
        </Api>
        <Api Name="OnPreViewCreated">
            <Param Type="IShellView*" Name="ppshv" />
            <Return Type="HRESULT" />
            <Success Return="Equal" Value="0" />
        </Api>
    </Interface>
</ApiMonitor>