<!--
    API Monitor Definitions
    (c) 2010-2011, Rohitab Batra <rohitab@rohitab.com>
    http://www.rohitab.com/apimonitor/
-->
<ApiMonitor>
    <Include Filename="Interfaces\IUnknown.xml" />
    <Interface Name="IContextMenuCB" Id="{3409E930-5A39-11d1-83FA-00A0C90DC849}" BaseInterface="IUnknown" OnlineHelp="MSDN" ErrorFunc="HRESULT" Category="Windows Environment Development/Windows Shell/Shell Interfaces">
        <!-- Variables -->
        <!-- Methods -->
        <Api Name="CallBack">
            <Param Type="IShellFolder*" Name="psf" />
            <Param Type="HWND" Name="hwndOwner" />
            <Param Type="IDataObject*" Name="pdtobj" />
            <Param Type="UINT" Name="uMsg" />
            <Param Type="WPARAM" Name="wParam" />
            <Param Type="LPARAM" Name="lParam" />
            <Return Type="HRESULT" />
            <Success Return="Equal" Value="0" />
        </Api>
    </Interface>
</ApiMonitor>