<!--
    API Monitor Definitions
    (c) 2010-2011, Rohitab Batra <rohitab@rohitab.com>
    http://www.rohitab.com/apimonitor/
-->
<ApiMonitor>
    <Include Filename="Interfaces\IUnknown.xml" />
    <Interface Name="IContextMenu" Id="{000214e4-0000-0000-c000-000000000046}" BaseInterface="IUnknown" OnlineHelp="MSDN" ErrorFunc="HRESULT" Category="Windows Environment Development/Windows Shell/Shell Interfaces">
        <!-- Variables -->
        <!-- Methods -->
        <Api Name="QueryContextMenu">
            <Param Type="HMENU" Name="hmenu" />
            <Param Type="UINT" Name="indexMenu" />
            <Param Type="UINT" Name="idCmdFirst" />
            <Param Type="UINT" Name="idCmdLast" />
            <Param Type="UINT" Name="uFlags" />
            <Return Type="HRESULT" />
            <Success Return="Equal" Value="0" />
        </Api>
        <Api Name="InvokeCommand">
            <Param Type="CMINVOKECOMMANDINFO*" Name="pici" />
            <Return Type="HRESULT" />
            <Success Return="Equal" Value="0" />
        </Api>
        <Api Name="GetCommandString">
            <Param Type="UINT_PTR" Name="idCmd" />
            <Param Type="UINT" Name="uType" />
            <Param Type="UINT*" Name="pReserved" />
            <Param Type="LPSTR" Name="pszName" />
            <Param Type="UINT" Name="cchMax" />
            <Return Type="HRESULT" />
            <Success Return="Equal" Value="0" />
        </Api>
    </Interface>
</ApiMonitor>