<!--
    API Monitor Definitions
    (c) 2010-2011, Rohitab Batra <rohitab@rohitab.com>
    http://www.rohitab.com/apimonitor/
-->
<ApiMonitor>
    <Include Filename="Interfaces\Shell\IContextMenu2.xml" />
    <Interface Name="IContextMenu3" Id="{BCFCE0A0-EC17-11d0-8D10-00A0C90F2719}" BaseInterface="IContextMenu2" OnlineHelp="MSDN" ErrorFunc="HRESULT" Category="Windows Environment Development/Windows Shell/Shell Interfaces">
        <!-- Variables -->
        <!-- Methods -->
        <Api Name="HandleMenuMsg2">
            <Param Type="UINT" Name="uMsg" />
            <Param Type="WPARAM" Name="wParam" />
            <Param Type="LPARAM" Name="lParam" />
            <Param Type="LRESULT*" Name="plResult" />
            <Return Type="HRESULT" />
            <Success Return="Equal" Value="0" />
        </Api>
    </Interface>
</ApiMonitor>