<!--
    API Monitor Definitions
    (c) 2010-2011, Rohitab Batra <rohitab@rohitab.com>
    http://www.rohitab.com/apimonitor/
-->
<ApiMonitor>
    <Include Filename="Interfaces\IUnknown.xml" />
    <Interface Name="IContextMenuSite" Id="{0811AEBE-0B87-4C54-9E72-548CF649016B}" BaseInterface="IUnknown" OnlineHelp="MSDN" ErrorFunc="HRESULT" Category="Windows Environment Development/Windows Shell/Shell Interfaces">
        <!-- Variables -->
        <!-- Methods -->
        <Api Name="DoContextMenuPopup">
            <Param Type="IUnknown*" Name="punkContextMenu" />
            <Param Type="UINT" Name="fFlags" />
            <Param Type="POINT" Name="pt" />
            <Return Type="HRESULT" />
            <Success Return="Equal" Value="0" />
        </Api>
    </Interface>
</ApiMonitor>