<!--
    API Monitor Definitions
    (c) 2010-2011, Rohitab Batra <rohitab@rohitab.com>
    http://www.rohitab.com/apimonitor/
-->
<ApiMonitor>
    <Include Filename="Interfaces\Shell\IContextMenu.xml" />
    <Interface Name="IContextMenu2" Id="{000214f4-0000-0000-c000-000000000046}" BaseInterface="IContextMenu" OnlineHelp="MSDN" ErrorFunc="HRESULT" Category="Windows Environment Development/Windows Shell/Shell Interfaces">
        <!-- Variables -->
        <!-- Methods -->
        <Api Name="HandleMenuMsg">
            <Param Type="UINT" Name="uMsg" />
            <Param Type="WPARAM" Name="wParam" />
            <Param Type="LPARAM" Name="lParam" />
            <Return Type="HRESULT" />
            <Success Return="Equal" Value="0" />
        </Api>
    </Interface>
</ApiMonitor>