<!--
    API Monitor Definitions
    (c) 2010-2011, Rohitab Batra <rohitab@rohitab.com>
    http://www.rohitab.com/apimonitor/
-->
<ApiMonitor>
    <HelpUrl Name="Google" Url="http://www.google.com/search?q={$QUERY}" />
    <HelpUrl Name="MSDN"   Url="http://www.google.com/search?hl=en&amp;btnI&amp;q=site%3Amsdn.microsoft.com+{$QUERY}" />

    <Headers>
        <!-- HMODULE -->
        <Variable Name="HMODULE"        Type="ModuleHandle" />
        <Variable Name="HMODULE*"       Type="Pointer" Base="HMODULE" />

        <!-- void -->
        <Variable Name="void"           Type="Void" />
        <Variable Name="VOID"           Type="Alias"    Base="void" />

        <!-- void* -->
        <!-- If we define LPVOID to be a Pointer to VOID, buffers do not get encoded. We'll need to fix that -->
        <Variable Name="LPVOID"         Type="Pointer"  Base="VOID" />
        <!--
        <Variable Name="LPVOID" Type="Integer" Size="0" DisplayHex="True" Unsigned="True">
            <Enum>
                <Set Name="NULL" Value="0" />
            </Enum>
        </Variable>
        -->
        <Variable Name="LPCVOID"                Type="Alias"    Base="LPVOID" />
        <Variable Name="PVOID"                  Type="Alias"    Base="LPVOID" />
        <Variable Name="PVOID*"                 Type="Pointer"  Base="PVOID" />
        <Variable Name="VOID*"                  Type="Alias"    Base="LPVOID" />
        <Variable Name="VOID**"                 Type="Pointer"  Base="VOID*" />
        <Variable Name="PCVOID"                 Type="Alias"    Base="LPVOID" />
        <Variable Name="LPVOID*"                Type="Pointer"  Base="LPVOID"/>
        <Variable Name="const VOID*"            Type="Alias"    Base="VOID*" />
        <Variable Name="const PVOID"            Type="Alias"    Base="PVOID" />
        <Variable Name="CONST VOID*"            Type="Alias"    Base="VOID*" />
        <Variable Name="void*"                  Type="Pointer"  Base="void"/>
        <Variable Name="const void*"            Type="Alias"    Base="void*" />
        <Variable Name="const void**"           Type="Pointer"  Base="void*" />
        <Variable Name="void**"                 Type="Pointer"  Base="void*" />
        <Variable Name="CONST void*"            Type="Alias"    Base="void*" />

        <!-- PVOID64 -->
        <Variable Name="PVOID64"                Type="Integer"  Size="8" Unsigned="True" DisplayHex="True" />

        <!-- byte -->
        <Variable Name="BYTE"                   Type="Integer"  Size="1" Unsigned="True" />
        <Variable Name="CONST BYTE"             Type="Alias"    Base="BYTE" />
        <Variable Name="CONST BYTE*"            Type="Pointer"  Base="CONST BYTE" />
        <Variable Name="LPBYTE"                 Type="Pointer"  Base="BYTE" />
        <Variable Name="LPBYTE*"                Type="Pointer"  Base="LPBYTE" />
        <Variable Name="BYTE*"                  Type="Alias"    Base="LPBYTE" />
        <Variable Name="BYTE**"                 Type="Pointer"  Base="BYTE*" />
        <Variable Name="PBYTE"                  Type="Alias"    Base="LPBYTE" />
        <Variable Name="const PBYTE"            Type="Alias"    Base="PBYTE" />
        <Variable Name="CONST PBYTE"            Type="Alias"    Base="PBYTE" />
        <Variable Name="PBYTE*"                 Type="Pointer"  Base="PBYTE" />
        <Variable Name="const BYTE*"            Type="Alias"    Base="BYTE*" />
        <Variable Name="LPCBYTE"                Type="Alias"    Base="LPBYTE" />
        <Variable Name="const LPBYTE"           Type="Alias"    Base="LPBYTE" />
        <Variable Name="byte*"                  Type="Alias"    Base="LPBYTE" />
        <Variable Name="byte**"                 Type="Pointer"  Base="byte*" />

        <!-- 8-bit unsigned integer -->
        <Variable Name="UCHAR"                  Type="Integer"  Size="1" Unsigned="True" />
        <Variable Name="UCHAR*"                 Type="Pointer"  Base="UCHAR" />
        <Variable Name="UCHAR**"                Type="Pointer"  Base="UCHAR*" />
        <Variable Name="PUCHAR"                 Type="Pointer"  Base="UCHAR" />
        <Variable Name="PUCHAR*"                Type="Pointer"  Base="PUCHAR" />
        <Variable Name="unsigned char"          Type="Alias"    Base="UCHAR" />
        <Variable Name="unsigned char*"         Type="Pointer"  Base="unsigned char" />
        <Variable Name="unsigned char**"        Type="Pointer"  Base="unsigned char*" />
        <Variable Name="UINT8"                  Type="Integer"  Size="1" Unsigned="True" />
        <Variable Name="PUINT8"                 Type="Pointer"  Base="UINT8" />

        <!-- 8-bit signed integer -->
        <Variable Name="INT8"                   Type="Integer"  Size="1"/>
        <Variable Name="INT16"                  Type="Integer"  Size="2"/>

        <!-- 16-bit unsigned integer -->
        <Variable Name="UINT16"                 Type="Integer"  Size="2" Unsigned="True" />
        <Variable Name="UINT16*"                Type="Pointer"  Base="UINT16" />
        <Variable Name="PUINT16"                Type="Alias"    Base="UINT16*" />
        <Variable Name="WORD"                   Type="Alias"    Base="UINT16" />
        <Variable Name="WORD*"                  Type="Pointer"  Base="WORD"/>
        <Variable Name="PWORD"                  Type="Pointer"  Base="WORD"/>
        <Variable Name="const WORD*"            Type="Alias"    Base="WORD*" />
        <Variable Name="LPWORD"                 Type="Alias"    Base="WORD*"/>
        <Variable Name="USHORT"                 Type="Alias"    Base="UINT16" />
        <Variable Name="PUSHORT"                Type="Pointer"  Base="USHORT" />
        <Variable Name="USHORT*"                Type="Alias"    Base="PUSHORT" />
        <Variable Name="const USHORT*"          Type="Alias"    Base="PUSHORT" />
        <Variable Name="unsigned short"         Type="Alias"    Base="USHORT" />
        <Variable Name="u_short"                Type="Alias"    Base="USHORT" />
        <Variable Name="u_short*"               Type="Alias"    Base="PUSHORT" />

        <!-- 16-bit signed integer -->
        <Variable Name="SHORT"                  Type="Integer"  Size="2" />
        <Variable Name="short"                  Type="Alias"    Base="SHORT" />
        <Variable Name="short*"                 Type="Pointer"  Base="short" />

        <!-- 32/64 bit unsigned integer -->
        <Variable Name="UINT_PTR"               Type="Integer"  Size="0" Unsigned="True" />
        <Variable Name="PUINT_PTR"              Type="Pointer"  Base="UINT_PTR" />
        <Variable Name="ULONG_PTR"              Type="Alias"    Base="UINT_PTR"/>
        <Variable Name="ULONG_PTR*"             Type="Pointer"  Base="ULONG_PTR"/>
        <Variable Name="PULONG_PTR"             Type="Alias"    Base="ULONG_PTR*"/>
        <Variable Name="const ULONG_PTR*"       Type="Alias"    Base="ULONG_PTR*"/>
        <Variable Name="DWORD_PTR"              Type="Alias"    Base="ULONG_PTR" />
        <Variable Name="DWORD_PTR*"             Type="Pointer"  Base="DWORD_PTR" />
        <Variable Name="PDWORD_PTR"             Type="Alias"    Base="DWORD_PTR*" />

        <!-- 32/64 bit signed integer -->
        <Variable Name="INT_PTR"                Type="Integer"  Size="0" />
        <Variable Name="PINT_PTR"               Type="Pointer"  Base="INT_PTR" />
        <Variable Name="LONG_PTR"               Type="Alias"    Base="INT_PTR" />
        <Variable Name="LONG_PTR*"              Type="Pointer"  Base="LONG_PTR" />

        <!-- BOOL -->
        <Variable Name="BOOL" Type="Integer" Size="4">
            <Enum DefaultName="TRUE">
                <Set Name="TRUE"    Value="1" />
                <Set Name="FALSE"   Value="0" />
            </Enum>
        </Variable>
        <Variable Name="PBOOL"                  Type="Pointer"  Base="BOOL" />
        <Variable Name="LPBOOL"                 Type="Alias"    Base="PBOOL" />
        <Variable Name="bool"                   Type="Alias"    Base="BOOL" />
        <Variable Name="Bool"                   Type="Alias"    Base="BOOL" />
        <Variable Name="BOOL*"                  Type="Pointer"  Base="BOOL"/>
        <Variable Name="CONST BOOL*"            Type="Alias"    Base="BOOL*"/>
        <Variable Name="BOOLAPI"                Type="Alias"    Base="BOOL" />
        
        <!-- BOOLEAN -->
        <Variable Name="BOOLEAN" Type="Integer" Size="1">
            <Enum DefaultName="TRUE">
                <Set Name="TRUE"    Value="1" />
                <Set Name="FALSE"   Value="0" />
            </Enum>
        </Variable>
        <Variable Name="BOOLEAN*"               Type="Pointer"  Base="BOOLEAN" />
        <Variable Name="PBOOLEAN"               Type="Pointer"  Base="BOOLEAN" />

        <!-- 32-bit unsigned integer -->
        <Variable Name="UINT32"                 Type="Integer"  Size="4" Unsigned="True" />
        <Variable Name="PUINT32"                Type="Pointer"  Base="UINT32" />
        <Variable Name="unsigned long"          Type="Alias"    Base="UINT32" />
        <Variable Name="unsigned long*"         Type="Pointer"  Base="unsigned long" />
        <Variable Name="const unsigned long"    Type="Alias"    Base="unsigned long" />
        <Variable Name="u_long"                 Type="Alias"    Base="UINT32" />
        <Variable Name="u_long*"                Type="Pointer"  Base="u_long" />
        <Variable Name="ULONG"                  Type="Alias"    Base="UINT32" />
        <Variable Name="ULONG*"                 Type="Pointer"  Base="ULONG" />
        <Variable Name="PULONG"                 Type="Pointer"  Base="ULONG" />
        <Variable Name="PULONG*"                Type="Pointer"  Base="PULONG" />
        <Variable Name="Ulong"                  Type="Alias"    Base="UINT32" />
        <Variable Name="UINT"                   Type="Alias"    Base="UINT32" />
        <Variable Name="PUINT"                  Type="Pointer"  Base="UINT" />
        <Variable Name="UINT*"                  Type="Alias"    Base="PUINT" />
        <Variable Name="const UINT*"            Type="Alias"    Base="UINT*" />
        <Variable Name="unsigned int"           Type="Alias"    Base="UINT" />
        <Variable Name="unsigned int*"          Type="Alias"    Base="PUINT" />
        <Variable Name="LPUINT"                 Type="Alias"    Base="PUINT" />
        <Variable Name="ULONG32"                Type="Alias"    Base="ULONG" />

        <!-- 32-bit signed integer -->
        <Variable Name="INT32"                  Type="Integer"  Size="4" />
        <Variable Name="PINT32"                 Type="Pointer"  Base="INT32" />
        <Variable Name="long"                   Type="Alias"    Base="INT32" />
        <Variable Name="long*"                  Type="Pointer"  Base="long" />
        <Variable Name="LONG"                   Type="Alias"    Base="long" />
        <Variable Name="LONG*"                  Type="Pointer"  Base="LONG" />
        <Variable Name="PLONG"                  Type="Alias"    Base="LONG*" />
        <Variable Name="LPLONG"                 Type="Alias"    Base="LONG*" />
        <Variable Name="LONG volatile*"         Type="Alias"    Base="LONG*" />
        <Variable Name="int"                    Type="Alias"    Base="INT32" />
        <Variable Name="INT"                    Type="Alias"    Base="int" />
        <Variable Name="int*"                   Type="Pointer"  Base="int"/>
        <Variable Name="CONST int*"             Type="Alias"    Base="int*"/>
        <Variable Name="INT*"                   Type="Pointer"  Base="INT"/>
        <Variable Name="const INT*"             Type="Alias"    Base="INT*"/>
        <Variable Name="PINT"                   Type="Pointer"  Base="INT"/>
        <Variable Name="LPINT"                  Type="Alias"    Base="PINT"/>
        <Variable Name="const LPINT"            Type="Alias"    Base="LPINT" />
        <Variable Name="signed int"             Type="Alias"    Base="int"/>

        <!-- 64-bit integers -->
        <Variable Name="INT64"                  Type="Integer"  Size="8" />
        <Variable Name="LONGLONG"               Type="Alias"    Base="INT64" />
        <Variable Name="LONGLONG*"              Type="Pointer"  Base="LONGLONG" />
        <Variable Name="LONGLONG**"             Type="Pointer"  Base="LONGLONG*" />
        <Variable Name="LONGLONG volatile*"     Type="Alias"    Base="LONGLONG*" />
        <Variable Name="PLONGLONG"              Type="Pointer"  Base="LONGLONG" />

        <!-- 64-bit unsigned integers -->
        <Variable Name="UINT64"                 Type="Integer"  Size="8" Unsigned="True" />
        <Variable Name="UINT64*"                Type="Pointer"  Base="UINT64" />
        <Variable Name="PUINT64"                Type="Pointer"  Base="UINT64" />
        <Variable Name="ULONGLONG"              Type="Alias"    Base="UINT64" />
        <Variable Name="ULONGLONG*"             Type="Pointer"  Base="ULONGLONG" />
        <Variable Name="PULONGLONG"             Type="Pointer"  Base="ULONGLONG" />
        <Variable Name="ULONG64"                Type="Alias"    Base="UINT64" />
        <Variable Name="PULONG64"               Type="Pointer"  Base="ULONG64" />
        <Variable Name="DWORD64"                Type="Alias"    Base="UINT64" />
        <Variable Name="PDWORD64"               Type="Pointer"  Base="DWORD64" />
        <Variable Name="DWORDLONG"              Type="Alias"    Base="ULONGLONG" />
        <Variable Name="DWORDLONG*"             Type="Pointer"  Base="DWORDLONG" />

        <!-- DWORD -->
        <Variable Name="DWORD"                  Type="Integer"  Size="4" Unsigned="True" />
        <Variable Name="PDWORD"                 Type="Pointer"  Base="DWORD" />
        <Variable Name="DWORD*"                 Type="Alias"    Base="PDWORD" />
        <Variable Name="LPDWORD"                Type="Alias"    Base="PDWORD" />
        <Variable Name="const DWORD*"           Type="Alias"    Base="PDWORD" />
        <Variable Name="LPDWORD*"               Type="Pointer"  Base="LPDWORD" />
        <Variable Name="CONST DWORD*"           Type="Alias"    Base="DWORD*" />

        <!-- LPSTR -->
        <Variable Name="CHAR"                   Type="Character" />
        <Variable Name="LPSTR"                  Type="Pointer"  Base="CHAR" />
        <Variable Name="LPSTR*"                 Type="Pointer"  Base="LPSTR" />
        <Variable Name="LPCSTR"                 Type="Alias"    Base="LPSTR" />
        <Variable Name="LPCSTR*"                Type="Pointer"  Base="LPCSTR" />
        <Variable Name="PCSTR"                  Type="Alias"    Base="LPSTR" />
        <Variable Name="PSTR"                   Type="Alias"    Base="LPSTR" />
        <Variable Name="PCHAR"                  Type="Alias"    Base="LPSTR" />
        <Variable Name="PCHAR*"                 Type="Pointer"  Base="PCHAR" />
        <Variable Name="PCHAR**"                Type="Pointer"  Base="PCHAR*" />
        <Variable Name="CHAR*"                  Type="Pointer"  Base="CHAR" />
        <Variable Name="char"                   Type="Alias"    Base="CHAR"/>
        <Variable Name="char*"                  Type="Pointer"  Base="char"/>
        <Variable Name="char**"                 Type="Pointer"  Base="char*" />
        <Variable Name="CHAR**"                 Type="Pointer"  Base="CHAR*" />
        <Variable Name="const char*"            Type="Alias"    Base="char*" />
        <Variable Name="const PCHAR"            Type="Alias"    Base="PCHAR" />

        <!-- LPWSTR -->
        <Variable Name="WCHAR"                  Type="UnicodeCharacter" />
        <Variable Name="LPWSTR"                 Type="Pointer"  Base="WCHAR" />
        <Variable Name="PWSTR"                  Type="Alias"    Base="LPWSTR" />
        <Variable Name="PCWSTR"                 Type="Alias"    Base="PWSTR" />
        <Variable Name="LPCWSTR"                Type="Alias"    Base="PWSTR" />
        <Variable Name="LPCWSTR*"               Type="Pointer"  Base="LPCWSTR" />
        <Variable Name="const WCHAR*"           Type="Alias"    Base="PWSTR" />
        <Variable Name="WCHAR*"                 Type="Alias"    Base="PWSTR" />
        <Variable Name="const PWSTR"            Type="Alias"    Base="PWSTR" />
        <Variable Name="PWCHAR"                 Type="Alias"    Base="PWSTR" />
        <Variable Name="PWCHAR*"                Type="Pointer"  Base="PWCHAR" />
        <Variable Name="WCHAR**"                Type="Pointer"  Base="WCHAR*" />
        <Variable Name="PWCHAR**"               Type="Pointer"  Base="PWCHAR*" />
        <Variable Name="LPWSTR*"                Type="Pointer"  Base="LPWSTR" />
        <Variable Name="LPWSTR**"               Type="Pointer"  Base="LPWSTR*" />
        <Variable Name="PWSTR*"                 Type="Pointer"  Base="PWSTR" />
        <Variable Name="PWSTR**"                Type="Pointer"  Base="PWSTR*" />
        <Variable Name="PCWSTR*"                Type="Alias"    Base="PWSTR*" />
        <Variable Name="WCHAR const*"           Type="Alias"    Base="WCHAR*" />
        <Variable Name="wchar_t*"               Type="Alias"    Base="WCHAR*" />

        <!-- LPTSTR -->
        <Variable Name="TCHAR"                  Type="TCharacter" />
        <Variable Name="LPTSTR"                 Type="Pointer"  Base="TCHAR" />
        <Variable Name="LPCTSTR"                Type="Alias"    Base="LPTSTR" />
        <Variable Name="PTSTR"                  Type="Alias"    Base="LPTSTR"/>
        <Variable Name="const PCTSTR"           Type="Alias"    Base="LPTSTR"/>
        <Variable Name="tchar*"                 Type="Alias"    Base="LPTSTR"/>
        <Variable Name="const tchar*"           Type="Alias"    Base="LPTSTR"/>
        <Variable Name="PCTSTR"                 Type="Alias"    Base="LPTSTR"/>
        <Variable Name="TCHAR*"                 Type="Alias"    Base="LPTSTR"/>
        <Variable Name="PTCHAR"                 Type="Alias"    Base="LPTSTR"/>
        <Variable Name="LPTSTR*"                Type="Pointer"  Base="LPTSTR"/>
        <Variable Name="LPCTSTR*"               Type="Pointer"  Base="LPCTSTR" />
        <Variable Name="PTSTR*"                 Type="Pointer"  Base="PTSTR" />
        <Variable Name="TCHAR**"                Type="Pointer"  Base="TCHAR*" />
        <Variable Name="PTSTR**"                Type="Pointer"  Base="PTSTR*" />
        <Variable Name="LPTSTR**"               Type="Pointer"  Base="LPTSTR*" />
        <Variable Name="PCTSTR*"                Type="Pointer"  Base="PCTSTR" />
        <Variable Name="PCTSTR**"               Type="Pointer"  Base="PCTSTR*" />
        <Variable Name="LPTCH"                  Type="Alias"    Base="LPTSTR" />
        <Variable Name="LPCTCH"                 Type="Alias"    Base="LPTSTR" />

        <!-- size_t -->
        <Variable Name="size_t"                 Type="Integer"  Size="0" />
        <Variable Name="size_t*"                Type="Pointer"  Base="size_t" />
        <Variable Name="SIZE_T"                 Type="Alias"    Base="size_t" />
        <Variable Name="SIZE_T*"                Type="Pointer"  Base="SIZE_T" />
        <Variable Name="PSIZE_T"                Type="Alias"    Base="SIZE_T*" />

        <!-- float -->
        <Variable Name="float"                  Type="Floating" Size="4" />
        <Variable Name="float*"                 Type="Pointer"  Base="float" />
        <Variable Name="FLOAT"                  Type="Alias"    Base="float" />
        <Variable Name="FLOAT*"                 Type="Pointer"  Base="FLOAT" />
        <Variable Name="PFLOAT"                 Type="Pointer"  Base="FLOAT" />
        <Variable Name="CONST float*"           Type="Alias"    Base="float*" />

        <!-- double -->
        <Variable Name="double"                 Type="Floating" Size="8" />
        <Variable Name="double*"                Type="Pointer"  Base="double" />
        <Variable Name="DOUBLE"                 Type="Alias"    Base="double" />
        <Variable Name="DOUBLE*"                Type="Pointer"  Base="DOUBLE" />

        <!-- va_list -->
        <Variable Name="va_list"                Type="Alias"    Base="LPVOID" />
        <Variable Name="va_list*"               Type="Pointer"  Base="va_list" />

    </Headers>
</ApiMonitor>