<!--
    API Monitor Definitions
    (c) 2010-2011, Rohitab Batra <rohitab@rohitab.com>
    http://www.rohitab.com/apimonitor/
-->
<ApiMonitor>
    <Include Filename="Headers\windows.h.xml" />
    <Headers>
        <!-- Variables -->
        <Variable Name="HCRYPTPROV"                         Type="Alias"    Base="ULONG_PTR" />
        <Variable Name="HCRYPTPROV*"                        Type="Pointer"  Base="HCRYPTPROV" />
        <Variable Name="HCRYPTHASH"                         Type="Alias"    Base="ULONG_PTR" />
        <Variable Name="HCRYPTHASH*"                        Type="Pointer"  Base="HCRYPTHASH" />
        <Variable Name="HCRYPTKEY"                          Type="Alias"    Base="ULONG_PTR" />
        <Variable Name="HCRYPTKEY*"                         Type="Pointer"  Base="HCRYPTKEY" />
        <Variable Name="HCERTSTORE"                         Type="Alias"    Base="void*" />
        <Variable Name="HCERTSTORE*"                        Type="Pointer"  Base="HCERTSTORE" />
        <Variable Name="BCRYPT_KEY_HANDLE"                  Type="Alias"    Base="PVOID" />
        <Variable Name="BCRYPT_KEY_HANDLE*"                 Type="Pointer"  Base="BCRYPT_KEY_HANDLE" />
        <Variable Name="HCRYPTPROV_OR_NCRYPT_KEY_HANDLE"    Type="Alias"    Base="ULONG_PTR" />
        
        <!-- TODO: Structures -->
        <Variable Name="SIGNER_SUBJECT_INFO*"       Type="Alias"    Base="LPVOID" />
        <Variable Name="SIGNER_CERT*"               Type="Alias"    Base="LPVOID" />
        <Variable Name="SIGNER_SIGNATURE_INFO*"     Type="Alias"    Base="LPVOID" />
        <Variable Name="SIGNER_PROVIDER_INFO*"      Type="Alias"    Base="LPVOID" />

        <!-- ALG_ID -->
        <Variable Name="ALG_ID" Type="Alias" Base="unsigned int">
            <Enum>
                <Set Name="CALG_MD2"                    Value="0x00008001" />
                <Set Name="CALG_MD4"                    Value="0x00008002" />
                <Set Name="CALG_MD5"                    Value="0x00008003" />
                <Set Name="CALG_SHA"                    Value="0x00008004" />
                <Set Name="CALG_SHA1"                   Value="0x00008004" />
                <Set Name="CALG_MAC"                    Value="0x00008005" />
                <Set Name="CALG_RSA_SIGN"               Value="0x00002400" />
                <Set Name="CALG_DSS_SIGN"               Value="0x00002200" />
                <Set Name="CALG_NO_SIGN"                Value="0x00002000" />
                <Set Name="CALG_RSA_KEYX"               Value="0x0000a400" />
                <Set Name="CALG_DES"                    Value="0x00006601" />
                <Set Name="CALG_3DES_112"               Value="0x00006609" />
                <Set Name="CALG_3DES"                   Value="0x00006603" />
                <Set Name="CALG_DESX"                   Value="0x00006604" />
                <Set Name="CALG_RC2"                    Value="0x00006602" />
                <Set Name="CALG_RC4"                    Value="0x00006801" />
                <Set Name="CALG_SEAL"                   Value="0x00006802" />
                <Set Name="CALG_DH_SF"                  Value="0x0000aa01" />
                <Set Name="CALG_DH_EPHEM"               Value="0x0000aa02" />
                <Set Name="CALG_AGREEDKEY_ANY"          Value="0x0000aa03" />
                <Set Name="CALG_KEA_KEYX"               Value="0x0000aa04" />
                <Set Name="CALG_HUGHES_MD5"             Value="0x0000a003" />
                <Set Name="CALG_SKIPJACK"               Value="0x0000660a" />
                <Set Name="CALG_TEK"                    Value="0x0000660b" />
                <Set Name="CALG_CYLINK_MEK"             Value="0x0000660c" />
                <Set Name="CALG_SSL3_SHAMD5"            Value="0x00008008" />
                <Set Name="CALG_SSL3_MASTER"            Value="0x00004c01" />
                <Set Name="CALG_SCHANNEL_MASTER_HASH"   Value="0x00004c02" />
                <Set Name="CALG_SCHANNEL_MAC_KEY"       Value="0x00004c03" />
                <Set Name="CALG_SCHANNEL_ENC_KEY"       Value="0x00004c07" />
                <Set Name="CALG_PCT1_MASTER"            Value="0x00004c04" />
                <Set Name="CALG_SSL2_MASTER"            Value="0x00004c05" />
                <Set Name="CALG_TLS1_MASTER"            Value="0x00004c06" />
                <Set Name="CALG_RC5"                    Value="0x0000660d" />
                <Set Name="CALG_HMAC"                   Value="0x00008009" />
                <Set Name="CALG_TLS1PRF"                Value="0x0000800a" />
                <Set Name="CALG_HASH_REPLACE_OWF"       Value="0x0000800b" />
                <Set Name="CALG_AES_128"                Value="0x0000660e" />
                <Set Name="CALG_AES_192"                Value="0x0000660f" />
                <Set Name="CALG_AES_256"                Value="0x00006610" />
                <Set Name="CALG_AES"                    Value="0x00006611" />
                <Set Name="CALG_SHA_256"                Value="0x0000800c" />
                <Set Name="CALG_SHA_384"                Value="0x0000800d" />
                <Set Name="CALG_SHA_512"                Value="0x0000800e" />
                <Set Name="CALG_ECDH"                   Value="0x0000aa05" />
                <Set Name="CALG_ECMQV"                  Value="0x0000a001" />
                <Set Name="CALG_ECDSA"                  Value="0x00002203" />
            </Enum>
        </Variable>
        <Variable Name="ALG_ID*" Type="Pointer" Base="ALG_ID" />

        <Variable Name="[CryptAcquireContextFlags]" Type="Alias" Base="DWORD">
            <Display Name="DWORD" />
            <Flag>
                <Set Name="CRYPT_VERIFYCONTEXT"                 Value="0xF0000000" />
                <Set Name="CRYPT_NEWKEYSET"                     Value="0x00000008" />
                <Set Name="CRYPT_DELETEKEYSET"                  Value="0x00000010" />
                <Set Name="CRYPT_MACHINE_KEYSET"                Value="0x00000020" />
                <Set Name="CRYPT_SILENT"                        Value="0x00000040" />
                <Set Name="CRYPT_DEFAULT_CONTAINER_OPTIONAL"    Value="0x00000080" />
            </Flag>
        </Variable>

        <Variable Name="[CryptProv]" Type="Alias" Base="DWORD">
            <Display Name="DWORD" />
            <Enum>
                <Set Name="PROV_RSA_FULL"       Value="1" />
                <Set Name="PROV_RSA_SIG"        Value="2" />
                <Set Name="PROV_DSS"            Value="3" />
                <Set Name="PROV_FORTEZZA"       Value="4" />
                <Set Name="PROV_MS_EXCHANGE"    Value="5" />
                <Set Name="PROV_SSL"            Value="6" />
                <Set Name="PROV_STT_MER"        Value="7" />
                <Set Name="PROV_STT_ACQ"        Value="8" />
                <Set Name="PROV_STT_BRND"       Value="9" />
                <Set Name="PROV_STT_ROOT"       Value="10" />
                <Set Name="PROV_STT_ISS"        Value="11" />
                <Set Name="PROV_RSA_SCHANNEL"   Value="12" />
                <Set Name="PROV_DSS_DH"         Value="13" />
                <Set Name="PROV_EC_ECDSA_SIG"   Value="14" />
                <Set Name="PROV_EC_ECNRA_SIG"   Value="15" />
                <Set Name="PROV_EC_ECDSA_FULL"  Value="16" />
                <Set Name="PROV_EC_ECNRA_FULL"  Value="17" />
                <Set Name="PROV_DH_SCHANNEL"    Value="18" />
                <Set Name="PROV_SPYRUS_LYNKS"   Value="20" />
                <Set Name="PROV_RNG"            Value="21" />
                <Set Name="PROV_INTEL_SEC"      Value="22" />
                <Set Name="PROV_REPLACE_OWF"    Value="23" />
                <Set Name="PROV_RSA_AES"        Value="24" />
            </Enum>
        </Variable>
        <Variable Name="[CryptProv*]" Type="Pointer" Base="[CryptProv]">
            <Display Name="DWORD*" />
        </Variable>

        <Variable Name="[CryptCreateHashFlags]" Type="Alias" Base="DWORD">
            <Display Name="DWORD" />
            <Enum>
                <Set Name="CRYPT_SECRETDIGEST"  Value="0x00000001" />
            </Enum>
        </Variable>

        <Variable Name="[CryptHashDataFlags]" Type="Alias" Base="DWORD">
            <Display Name="DWORD" />
            <Enum>
                <Set Name="CRYPT_USERDATA"  Value="1" />
            </Enum>
        </Variable>

        <Variable Name="[CryptBlobType]" Type="Alias" Base="DWORD">
            <Display Name="DWORD" />
            <Enum>
                <Set Name="SIMPLEBLOB"              Value="0x1" />
                <Set Name="PUBLICKEYBLOB"           Value="0x6" />
                <Set Name="PRIVATEKEYBLOB"          Value="0x7" />
                <Set Name="PLAINTEXTKEYBLOB"        Value="0x8" />
                <Set Name="OPAQUEKEYBLOB"           Value="0x9" />
                <Set Name="PUBLICKEYBLOBEX"         Value="0xA" />
                <Set Name="SYMMETRICWRAPKEYBLOB"    Value="0xB" />
                <Set Name="KEYSTATEBLOB"            Value="0xC" />
            </Enum>
        </Variable>

        <Variable Name="[CryptExportKeyFlags]" Type="Alias" Base="DWORD">
            <Display Name="DWORD" />
            <Flag>
                <Set Name="CRYPT_Y_ONLY"            Value="0x00000001" />
                <Set Name="CRYPT_SSL2_FALLBACK"     Value="0x00000002" />
                <Set Name="CRYPT_DESTROYKEY"        Value="0x00000004" />
                <Set Name="CRYPT_OAEP"              Value="0x00000040" />
                <Set Name="CRYPT_BLOB_VER3"         Value="0x00000080" />
            </Flag>
        </Variable>

        <Variable Name="[CryptKeyParam]" Type="Alias" Base="DWORD">
            <Display Name="DWORD" />
            <Enum>
                <Set Name="KP_IV"                   Value="1" />
                <Set Name="KP_SALT"                 Value="2" />
                <Set Name="KP_PADDING"              Value="3" />
                <Set Name="KP_MODE"                 Value="4" />
                <Set Name="KP_MODE_BITS"            Value="5" />
                <Set Name="KP_PERMISSIONS"          Value="6" />
                <Set Name="KP_ALGID"                Value="7" />
                <Set Name="KP_BLOCKLEN"             Value="8" />
                <Set Name="KP_KEYLEN"               Value="9" />
                <Set Name="KP_SALT_EX"              Value="10" />
                <Set Name="KP_P"                    Value="11" />
                <Set Name="KP_G"                    Value="12" />
                <Set Name="KP_Q"                    Value="13" />
                <Set Name="KP_X"                    Value="14" />
                <Set Name="KP_Y"                    Value="15" />
                <Set Name="KP_RA"                   Value="16" />
                <Set Name="KP_RB"                   Value="17" />
                <Set Name="KP_INFO"                 Value="18" />
                <Set Name="KP_EFFECTIVE_KEYLEN"     Value="19" />
                <Set Name="KP_SCHANNEL_ALG"         Value="20" />
                <Set Name="KP_CLIENT_RANDOM"        Value="21" />
                <Set Name="KP_SERVER_RANDOM"        Value="22" />
                <Set Name="KP_RP"                   Value="23" />
                <Set Name="KP_PRECOMP_MD5"          Value="24" />
                <Set Name="KP_PRECOMP_SHA"          Value="25" />
                <Set Name="KP_CERTIFICATE"          Value="26" />
                <Set Name="KP_CLEAR_KEY"            Value="27" />
                <Set Name="KP_PUB_EX_LEN"           Value="28" />
                <Set Name="KP_PUB_EX_VAL"           Value="29" />
                <Set Name="KP_KEYVAL"               Value="30" />
                <Set Name="KP_ADMIN_PIN"            Value="31" />
                <Set Name="KP_KEYEXCHANGE_PIN"      Value="32" />
                <Set Name="KP_SIGNATURE_PIN"        Value="33" />
                <Set Name="KP_PREHASH"              Value="34" />
                <Set Name="KP_ROUNDS"               Value="35" />
                <Set Name="KP_OAEP_PARAMS"          Value="36" />
                <Set Name="KP_CMS_KEY_INFO"         Value="37" />
                <Set Name="KP_CMS_DH_KEY_INFO"      Value="38" />
                <Set Name="KP_PUB_PARAMS"           Value="39" />
                <Set Name="KP_VERIFY_PARAMS"        Value="40" />
                <Set Name="KP_HIGHEST_VERSION"      Value="41" />
                <Set Name="KP_GET_USE_COUNT"        Value="42" />
            </Enum>
        </Variable>

        <Variable Name="[CryptImportKeyFlags]" Type="Alias" Base="DWORD">
            <Display Name="DWORD" />
            <Flag>
                <Set Name="CRYPT_EXPORTABLE"        Value="0x00000001" />
                <Set Name="CRYPT_OAEP"              Value="0x00000040" />
                <Set Name="CRYPT_NO_SALT"           Value="0x00000010" />
                <Set Name="CRYPT_USER_PROTECTED"    Value="0x00000002" />
                <Set Name="CRYPT_IPSEC_HMAC_KEY"    Value="0x00000100" />
            </Flag>
        </Variable>

        <Variable Name="[CryptSignFlags]" Type="Alias" Base="DWORD">
            <Display Name="DWORD" />
            <Flag>
                <Set Name="CRYPT_NOHASHOID"         Value="0x00000001" />
                <Set Name="CRYPT_TYPE2_FORMAT"      Value="0x00000002" />
                <Set Name="CRYPT_X931_FORMAT"       Value="0x00000004" />
            </Flag>
        </Variable>

        <Variable Name="[CryptKeySpec]" Type="Alias" Base="DWORD">
            <Display Name="DWORD" />
            <Enum>
                <Set Name="AT_KEYEXCHANGE"          Value="1" />
                <Set Name="AT_SIGNATURE"            Value="2" />
            </Enum>
        </Variable>

        <Variable Name="[CryptSetProvParam]" Type="Alias" Base="DWORD">
            <Display Name="DWORD" />
            <Enum>
                <Set Name="PP_CLIENT_HWND"                  Value="1" />
                <Set Name="PP_KEYSET_SEC_DESCR"             Value="8" />
                <Set Name="PP_CONTEXT_INFO"                 Value="11" />
                <Set Name="PP_KEYEXCHANGE_KEYSIZE"          Value="12" />
                <Set Name="PP_SIGNATURE_KEYSIZE"            Value="13" />
                <Set Name="PP_KEYEXCHANGE_ALG"              Value="14" />
                <Set Name="PP_SIGNATURE_ALG"                Value="15" />
                <Set Name="PP_UI_PROMPT"                    Value="21" />
                <Set Name="PP_DELETEKEY"                    Value="24" />
                <Set Name="PP_SIGNATURE_PIN"                Value="33" />
                <Set Name="PP_USE_HARDWARE_RNG"             Value="38" />
                <Set Name="PP_USER_CERTSTORE"               Value="42" />
                <Set Name="PP_SMARTCARD_READER"             Value="43" />
                <Set Name="PP_PIN_PROMPT_STRING"            Value="44" />
                <Set Name="PP_SMARTCARD_GUID"               Value="45" />
                <Set Name="PP_ROOT_CERTSTORE"               Value="46" />
                <Set Name="PP_SECURE_KEYEXCHANGE_PIN"       Value="47" />
                <Set Name="PP_SECURE_SIGNATURE_PIN"         Value="48" />
            </Enum>
        </Variable>

        <Variable Name="[CryptGetProvParam]" Type="Alias" Base="DWORD">
            <Display Name="DWORD" />
            <Enum>
                <Set Name="PP_ENUMALGS"                     Value="1" />
                <Set Name="PP_ENUMCONTAINERS"               Value="2" />
                <Set Name="PP_IMPTYPE"                      Value="3" />
                <Set Name="PP_NAME"                         Value="4" />
                <Set Name="PP_VERSION"                      Value="5" />
                <Set Name="PP_CONTAINER"                    Value="6" />
                <Set Name="PP_CHANGE_PASSWORD"              Value="7" />
                <Set Name="PP_KEYSET_SEC_DESCR"             Value="8" />
                <Set Name="PP_CERTCHAIN"                    Value="9" />
                <Set Name="PP_KEY_TYPE_SUBTYPE"             Value="10" />
                <Set Name="PP_PROVTYPE"                     Value="16" />
                <Set Name="PP_KEYSTORAGE"                   Value="17" />
                <Set Name="PP_APPLI_CERT"                   Value="18" />
                <Set Name="PP_SYM_KEYSIZE"                  Value="19" />
                <Set Name="PP_SESSION_KEYSIZE"              Value="20" />
                <Set Name="PP_UI_PROMPT"                    Value="21" />
                <Set Name="PP_ENUMALGS_EX"                  Value="22" />
                <Set Name="PP_ENUMMANDROOTS"                Value="25" />
                <Set Name="PP_ENUMELECTROOTS"               Value="26" />
                <Set Name="PP_KEYSET_TYPE"                  Value="27" />
                <Set Name="PP_ADMIN_PIN"                    Value="31" />
                <Set Name="PP_KEYEXCHANGE_PIN"              Value="32" />
                <Set Name="PP_SIGNATURE_PIN"                Value="33" />
                <Set Name="PP_SIG_KEYSIZE_INC"              Value="34" />
                <Set Name="PP_KEYX_KEYSIZE_INC"             Value="35" />
                <Set Name="PP_UNIQUE_CONTAINER"             Value="36" />
                <Set Name="PP_SGC_INFO"                     Value="37" />
                <Set Name="PP_USE_HARDWARE_RNG"             Value="38" />
                <Set Name="PP_KEYSPEC"                      Value="39" />
                <Set Name="PP_ENUMEX_SIGNING_PROT"          Value="40" />
                <Set Name="PP_CRYPT_COUNT_KEY_USE"          Value="41" />
                <Set Name="PP_USER_CERTSTORE"               Value="42" />
                <Set Name="PP_SMARTCARD_READER"             Value="43" />
                <Set Name="PP_SMARTCARD_GUID"               Value="45" />
                <Set Name="PP_ROOT_CERTSTORE"               Value="46" />
            </Enum>
        </Variable>

        <Variable Name="[CryptHashParam]" Type="Alias" Base="DWORD">
            <Display Name="DWORD" />
            <Enum>
                <Set Name="HP_ALGID"            Value="0x0001" />
                <Set Name="HP_HASHVAL"          Value="0x0002" />
                <Set Name="HP_HASHSIZE"         Value="0x0004" />
                <Set Name="HP_HMAC_INFO"        Value="0x0005" />
                <Set Name="HP_TLS1PRF_LABEL"    Value="0x0006" />
                <Set Name="HP_TLS1PRF_SEED"     Value="0x0007" />
            </Enum>
        </Variable>

        <!-- DATA_BLOB -->
        <Variable Name="DATA_BLOB" Type="Struct">
            <Field Type="DWORD" Name="cbData" />
            <Field Type="BYTE*" Name="pbData" Length="cbData" />
        </Variable>
        <Variable Name="DATA_BLOB*"             Type="Pointer"  Base="DATA_BLOB" />
        <Variable Name="CRYPT_INTEGER_BLOB"     Type="Alias"    Base="DATA_BLOB" />
        <Variable Name="PCRYPT_INTEGER_BLOB"    Type="Pointer"  Base="CRYPT_INTEGER_BLOB" />
        <Variable Name="CRYPT_DIGEST_BLOB"      Type="Alias"    Base="DATA_BLOB" />
        <Variable Name="CRYPT_DER_BLOB"         Type="Alias"    Base="DATA_BLOB" />
        <Variable Name="PCRYPT_DER_BLOB"        Type="Pointer"  Base="CRYPT_DER_BLOB" />
        <Variable Name="CERT_NAME_BLOB"         Type="Alias"    Base="DATA_BLOB" />
        <Variable Name="PCERT_NAME_BLOB"        Type="Pointer"  Base="CERT_NAME_BLOB" />
        <Variable Name="CRYPT_OBJID_BLOB"       Type="Alias"    Base="DATA_BLOB" />
        <Variable Name="PCRYPT_ATTR_BLOB"       Type="Pointer"  Base="DATA_BLOB" />
        <Variable Name="CERT_RDN_VALUE_BLOB"    Type="Alias"    Base="DATA_BLOB" />
        <Variable Name="PCERT_RDN_VALUE_BLOB"   Type="Pointer"  Base="CERT_RDN_VALUE_BLOB" />
        <Variable Name="CRYPT_HASH_BLOB"        Type="Alias"    Base="DATA_BLOB" />
        <Variable Name="const CRYPT_HASH_BLOB*" Type="Pointer"  Base="CRYPT_HASH_BLOB" />
        <Variable Name="CRYPT_DATA_BLOB"        Type="Alias"    Base="DATA_BLOB" />
        <Variable Name="PCRYPT_DATA_BLOB"       Type="Pointer"  Base="CRYPT_DATA_BLOB" />
        <Variable Name="CRYPT_DATA_BLOB*"       Type="Pointer"  Base="PCRYPT_DATA_BLOB" />
        <Variable Name="CRYPT_ATTR_BLOB"        Type="Alias"    Base="DATA_BLOB" />

        <!-- BCryptBuffer -->
        <Variable Name="BCryptBuffer" Type="Struct">
            <Field Type="ULONG"   	Name="cbBuffer" />
            <Field Type="ULONG"   	Name="BufferType" />
            <Field Type="PVOID"   	Name="pvBuffer" />
        </Variable>
        <Variable Name="PBCryptBuffer" Type="Pointer" Base="BCryptBuffer" />

        <!-- BCryptBufferDesc -->
        <Variable Name="BCryptBufferDesc" Type="Struct">
            <Field Type="ULONG"   	    Name="ulVersion" />
            <Field Type="ULONG"         Name="cBuffers" />
            <Field Type="PBCryptBuffer" Name="pBuffers" />
        </Variable>
        <Variable Name="BCryptBufferDesc*" Type="Pointer" Base="BCryptBufferDesc" />

        <!-- CRYPT_ATTRIBUTE_TYPE_VALUE -->
        <Variable Name="CRYPT_ATTRIBUTE_TYPE_VALUE" Type="Struct">
            <Field Type="LPSTR"             Name="pszObjId" />
            <Field Type="CRYPT_OBJID_BLOB"  Name="Value" />
        </Variable>

        <!-- CRYPT_ALGORITHM_IDENTIFIER -->
        <Variable Name="CRYPT_ALGORITHM_IDENTIFIER" Type="Struct">
            <Field Type="LPSTR"             Name="pszObjId" />
            <Field Type="CRYPT_OBJID_BLOB"  Name="Parameters" />
        </Variable>
        <Variable Name="PCRYPT_ALGORITHM_IDENTIFIER" Type="Pointer" Base="CRYPT_ALGORITHM_IDENTIFIER" />

        <!-- SIP_INDIRECT_DATA -->
        <Variable Name="SIP_INDIRECT_DATA" Type="Struct">
            <Field Type="CRYPT_ATTRIBUTE_TYPE_VALUE"    	Name="Data" />
            <Field Type="CRYPT_ALGORITHM_IDENTIFIER"    	Name="DigestAlgorithm" />
            <Field Type="CRYPT_HASH_BLOB"               	Name="Digest" />
        </Variable>
        <Variable Name="SIP_INDIRECT_DATA*" Type="Pointer" Base="SIP_INDIRECT_DATA" />

        <!-- CERT_EXTENSION -->
        <Variable Name="CERT_EXTENSION" Type="Struct">
            <Field Type="LPSTR"             Name="pszObjId" />
            <Field Type="BOOL"              Name="fCritical" />
            <Field Type="CRYPT_OBJID_BLOB"  Name="Value" />
        </Variable>
        <Variable Name="PCERT_EXTENSION"    Type="Pointer"  Base="CERT_EXTENSION" />
        <Variable Name="CERT_EXTENSION[]"   Type="Pointer"  Base="CERT_EXTENSION" />

        <!-- CERT_EXTENSIONS -->
        <Variable Name="CERT_EXTENSIONS" Type="Struct">
            <Field Type="DWORD"           	Name="cExtension" />
            <Field Type="PCERT_EXTENSION"   Name="rgExtension" />
        </Variable>
        <Variable Name="PCERT_EXTENSIONS" Type="Pointer" Base="CERT_EXTENSIONS" />

        <!-- CRYPT_BIT_BLOB -->
        <Variable Name="CRYPT_BIT_BLOB" Type="Struct">
            <Field Type="DWORD"   	Name="cbData" />
            <Field Type="BYTE*"    	Name="pbData" />
            <Field Type="DWORD"   	Name="cUnusedBits" />
        </Variable>

        <!-- CERT_PUBLIC_KEY_INFO -->
        <Variable Name="CERT_PUBLIC_KEY_INFO" Type="Struct">
            <Field Type="CRYPT_ALGORITHM_IDENTIFIER"    Name="Algorithm" />
            <Field Type="CRYPT_BIT_BLOB"                Name="PublicKey" />
        </Variable>
        <Variable Name="PCERT_PUBLIC_KEY_INFO" Type="Pointer" Base="CERT_PUBLIC_KEY_INFO" />

        <!-- CERT_INFO -->
        <Variable Name="CERT_INFO" Type="Struct">
            <Field Type="DWORD"                       	Name="dwVersion" />
            <Field Type="CRYPT_INTEGER_BLOB"          	Name="SerialNumber" />
            <Field Type="CRYPT_ALGORITHM_IDENTIFIER"  	Name="SignatureAlgorithm" />
            <Field Type="CERT_NAME_BLOB"              	Name="Issuer" />
            <Field Type="FILETIME"                    	Name="NotBefore" />
            <Field Type="FILETIME"                    	Name="NotAfter" />
            <Field Type="CERT_NAME_BLOB"              	Name="Subject" />
            <Field Type="CERT_PUBLIC_KEY_INFO"        	Name="SubjectPublicKeyInfo" />
            <Field Type="CRYPT_BIT_BLOB"              	Name="IssuerUniqueId" />
            <Field Type="CRYPT_BIT_BLOB"              	Name="SubjectUniqueId" />
            <Field Type="DWORD"                       	Name="cExtension" />
            <Field Type="PCERT_EXTENSION"             	Name="rgExtension" />
        </Variable>
        <Variable Name="CERT_INFO*" Type="Pointer" Base="CERT_INFO" />
        <Variable Name="PCERT_INFO" Type="Pointer" Base="CERT_INFO" />

        <!-- CERT_CONTEXT -->
        <Variable Name="CERT_CONTEXT" Type="Struct">
            <Field Type="DWORD"         Name="dwCertEncodingType" />
            <Field Type="BYTE*"         Name="pbCertEncoded" />
            <Field Type="DWORD"         Name="cbCertEncoded" />
            <Field Type="PCERT_INFO"    Name="pCertInfo" />
            <Field Type="HCERTSTORE"    Name="hCertStore" />
        </Variable>
        <Variable Name="PCCERT_CONTEXT"  Type="Pointer" Base="CERT_CONTEXT" />
        <Variable Name="PCCERT_CONTEXT*" Type="Pointer" Base="PCCERT_CONTEXT" />

        <!-- SIGNER_CONTEXT -->
        <Variable Name="SIGNER_CONTEXT" Type="Struct">
            <Field Type="DWORD" 	Name="cbSize" />
            <Field Type="DWORD" 	Name="cbBlob" />
            <Field Type="BYTE*"  	Name="pbBlob" Length="cbBlob" />
        </Variable>
        <Variable Name="SIGNER_CONTEXT*"    Type="Pointer" Base="SIGNER_CONTEXT" />
        <Variable Name="SIGNER_CONTEXT**"   Type="Pointer"  Base="SIGNER_CONTEXT*" />

        <!-- CRYPT_ATTRIBUTE -->
        <Variable Name="CRYPT_ATTRIBUTE" Type="Struct">
            <Field Type="LPSTR"             Name="pszObjId" />
            <Field Type="DWORD"             Name="cValue" />
            <Field Type="PCRYPT_ATTR_BLOB"  Name="rgValue" />
        </Variable>
        <Variable Name="PCRYPT_ATTRIBUTE"   Type="Pointer"  Base="CRYPT_ATTRIBUTE" />
        <Variable Name="CRYPT_ATTRIBUTE[]"  Type="Pointer"    Base="CRYPT_ATTRIBUTE" />

        <!-- CRYPT_ATTRIBUTES -->
        <Variable Name="CRYPT_ATTRIBUTES" Type="Struct">
            <Field Type="DWORD"             Name="cAttr" />
            <Field Type="PCRYPT_ATTRIBUTE"  Name="rgAttr" />
        </Variable>
        <Variable Name="PCRYPT_ATTRIBUTES" Type="Pointer" Base="CRYPT_ATTRIBUTES" />

    </Headers>
</ApiMonitor>