<!--
    API Monitor Definitions
    (c) 2010-2011, Rohitab Batra <rohitab@rohitab.com>
    http://www.rohitab.com/apimonitor/
-->
<ApiMonitor>
    <Include Filename="Headers\windows.h.xml" />
    <Headers>
        <Variable Name="D3DCOLOR"   Type="Alias"    Base="DWORD" />
        <Variable Name="D3DCOLOR*"  Type="Pointer"  Base="D3DCOLOR" />

        <!-- D3DPOOL -->
        <Variable Name="D3DPOOL" Type="Alias" Base="DWORD">
            <Enum>
                <Set Name="D3DPOOL_DEFAULT"     Value="0" />
                <Set Name="D3DPOOL_MANAGED"     Value="1" />
                <Set Name="D3DPOOL_SYSTEMMEM"   Value="2" />
                <Set Name="D3DPOOL_SCRATCH"     Value="3" />
            </Enum>
        </Variable>

        <!-- D3DFORMAT -->
        <Variable Name="D3DFORMAT" Type="Alias" Base="UINT">
            <Enum>
                <Set Name="D3DFMT_UNKNOWN"              		Value="0" />
                <Set Name="D3DFMT_R8G8B8"               		Value="20" />
                <Set Name="D3DFMT_A8R8G8B8"             		Value="21" />
                <Set Name="D3DFMT_X8R8G8B8"             		Value="22" />
                <Set Name="D3DFMT_R5G6B5"               		Value="23" />
                <Set Name="D3DFMT_X1R5G5B5"             		Value="24" />
                <Set Name="D3DFMT_A1R5G5B5"             		Value="25" />
                <Set Name="D3DFMT_A4R4G4B4"             		Value="26" />
                <Set Name="D3DFMT_R3G3B2"               		Value="27" />
                <Set Name="D3DFMT_A8"                   		Value="28" />
                <Set Name="D3DFMT_A8R3G3B2"             		Value="29" />
                <Set Name="D3DFMT_X4R4G4B4"             		Value="30" />
                <Set Name="D3DFMT_A2B10G10R10"          		Value="31" />
                <Set Name="D3DFMT_A8B8G8R8"             		Value="32" />
                <Set Name="D3DFMT_X8B8G8R8"             		Value="33" />
                <Set Name="D3DFMT_G16R16"               		Value="34" />
                <Set Name="D3DFMT_A2R10G10B10"          		Value="35" />
                <Set Name="D3DFMT_A16B16G16R16"         		Value="36" />
                <Set Name="D3DFMT_A8P8"                 		Value="40" />
                <Set Name="D3DFMT_P8"                   		Value="41" />
                <Set Name="D3DFMT_L8"                   		Value="50" />
                <Set Name="D3DFMT_A8L8"                 		Value="51" />
                <Set Name="D3DFMT_A4L4"                 		Value="52" />
                <Set Name="D3DFMT_V8U8"                 		Value="60" />
                <Set Name="D3DFMT_L6V5U5"               		Value="61" />
                <Set Name="D3DFMT_X8L8V8U8"             		Value="62" />
                <Set Name="D3DFMT_Q8W8V8U8"             		Value="63" />
                <Set Name="D3DFMT_V16U16"               		Value="64" />
                <Set Name="D3DFMT_A2W10V10U10"          		Value="67" />
                <Set Name="D3DFMT_UYVY"                 		Value="0x59565955" />
                <Set Name="D3DFMT_R8G8_B8G8"            		Value="0x47424752" />
                <Set Name="D3DFMT_YUY2"                 		Value="0x32595559" />
                <Set Name="D3DFMT_G8R8_G8B8"            		Value="0x42475247" />
                <Set Name="D3DFMT_DXT1"                 		Value="0x31545844" />
                <Set Name="D3DFMT_DXT2"                 		Value="0x32545844" />
                <Set Name="D3DFMT_DXT3"                 		Value="0x33545844" />
                <Set Name="D3DFMT_DXT4"                 		Value="0x34545844" />
                <Set Name="D3DFMT_DXT5"                 		Value="0x35545844" />
                <Set Name="D3DFMT_D16_LOCKABLE"         		Value="70" />
                <Set Name="D3DFMT_D32"                  		Value="71" />
                <Set Name="D3DFMT_D15S1"                		Value="73" />
                <Set Name="D3DFMT_D24S8"                		Value="75" />
                <Set Name="D3DFMT_D24X8"                		Value="77" />
                <Set Name="D3DFMT_D24X4S4"              		Value="79" />
                <Set Name="D3DFMT_D16"                  		Value="80" />
                <Set Name="D3DFMT_D32F_LOCKABLE"        		Value="82" />
                <Set Name="D3DFMT_D24FS8"               		Value="83" />
                <Set Name="D3DFMT_D32_LOCKABLE"         		Value="84" />
                <Set Name="D3DFMT_S8_LOCKABLE"          		Value="85" />
                <Set Name="D3DFMT_L16"                  		Value="81" />
                <Set Name="D3DFMT_VERTEXDATA"           		Value="100" />
                <Set Name="D3DFMT_INDEX16"              		Value="101" />
                <Set Name="D3DFMT_INDEX32"              		Value="102" />
                <Set Name="D3DFMT_Q16W16V16U16"         		Value="110" />
                <Set Name="D3DFMT_MULTI2_ARGB8"         		Value="0x3154454D" />
                <Set Name="D3DFMT_R16F"                 		Value="111" />
                <Set Name="D3DFMT_G16R16F"              		Value="112" />
                <Set Name="D3DFMT_A16B16G16R16F"        		Value="113" />
                <Set Name="D3DFMT_R32F"                 		Value="114" />
                <Set Name="D3DFMT_G32R32F"              		Value="115" />
                <Set Name="D3DFMT_A32B32G32R32F"        		Value="116" />
                <Set Name="D3DFMT_CxV8U8"               		Value="117" />
                <Set Name="D3DFMT_A1"                   		Value="118" />
                <Set Name="D3DFMT_A2B10G10R10_XR_BIAS"  		Value="119" />
                <Set Name="D3DFMT_BINARYBUFFER"         		Value="199" />
            </Enum>
        </Variable>

        <!-- D3DVECTOR -->
        <Variable Name="D3DVECTOR" Type="Struct">
            <Field Type="float" 	Name="x" />
            <Field Type="float" 	Name="y" />
            <Field Type="float"     Name="z" />
        </Variable>
        <Variable Name="D3DVECTOR*" Type="Pointer" Base="D3DVECTOR" />

    </Headers>
</ApiMonitor>