<!--
    API Monitor Definitions
    (c) 2010-2011, Rohitab Batra <rohitab@rohitab.com>
    http://www.rohitab.com/apimonitor/
-->
<ApiMonitor>
    <Include Filename="Headers\windows.h.xml" />
    <Headers>
        
        <!-- Variables -->
        <Variable Name="PEVENT_CALLBACK"                Type="Alias"    Base="LPVOID" />        
        
        <!-- TODO: Structures -->
        <Variable Name="PEVENT_TRACE_PROPERTIES"        Type="Alias"   Base="LPVOID" />
        <Variable Name="PEVENT_TRACE_PROPERTIES*"       Type="Pointer"  Base="PEVENT_TRACE_PROPERTIES" />
        <Variable Name="PEVENT_TRACE_HEADER"            Type="Alias"    Base="LPVOID" />
        <Variable Name="PEVENT_INSTANCE_HEADER"         Type="Alias"    Base="LPVOID" />
        <Variable Name="PEVENT_TRACE_LOGFILE"           Type="Alias"    Base="LPVOID" />

        <!-- EVENT_INSTANCE_INFO -->
        <Variable Name="EVENT_INSTANCE_INFO" Type="Struct">
            <Field Type="HANDLE"    Name="RegHandle" />
            <Field Type="ULONG"     Name="InstanceId" />
        </Variable>
        <Variable Name="PEVENT_INSTANCE_INFO" Type="Pointer" Base="EVENT_INSTANCE_INFO" />

        <!-- EVENT_DESCRIPTOR -->
        <Variable Name="EVENT_DESCRIPTOR" Type="Struct">
            <Field Type="USHORT"      	Name="Id" />
            <Field Type="UCHAR"       	Name="Version" />
            <Field Type="UCHAR"       	Name="Channel" />
            <Field Type="UCHAR"       	Name="Level" />
            <Field Type="UCHAR"       	Name="Opcode" />
            <Field Type="USHORT"      	Name="Task" />
            <Field Type="ULONGLONG"   	Name="Keyword" />
        </Variable>
        <Variable Name="PCEVENT_DESCRIPTOR" Type="Pointer" Base="EVENT_DESCRIPTOR" />

        <!-- EVENT_DATA_DESCRIPTOR -->
        <Variable Name="EVENT_DATA_DESCRIPTOR" Type="Struct">
            <Field Type="ULONGLONG"   	Name="Ptr" />
            <Field Type="ULONG"       	Name="Size" />
            <Field Type="ULONG"       	Name="Reserved" />
        </Variable>
        <Variable Name="PEVENT_DATA_DESCRIPTOR" Type="Pointer" Base="EVENT_DATA_DESCRIPTOR" />
        
        <Variable Name="[EventLogType]" Type="Alias" Base="WORD">
            <Display Name="WORD" />
            <Enum>
                <Set Name="EVENTLOG_SUCCESS"            Value="0x0000" />
                <Set Name="EVENTLOG_ERROR_TYPE"         Value="0x0001" />
                <Set Name="EVENTLOG_WARNING_TYPE"       Value="0x0002" />
                <Set Name="EVENTLOG_INFORMATION_TYPE"   Value="0x0004" />
                <Set Name="EVENTLOG_AUDIT_SUCCESS"      Value="0x0008" />
                <Set Name="EVENTLOG_AUDIT_FAILURE"      Value="0x0010" />
            </Enum>
        </Variable>
        
        <Variable Name="[EventActivity]" Type="Alias" Base="ULONG">
            <Display Name="ULONG" />
            <Enum>
                <Set Name="EVENT_ACTIVITY_CTRL_GET_ID"          Value="1" />
                <Set Name="EVENT_ACTIVITY_CTRL_SET_ID"          Value="2" />
                <Set Name="EVENT_ACTIVITY_CTRL_CREATE_ID"       Value="3" />
                <Set Name="EVENT_ACTIVITY_CTRL_GET_SET_ID"      Value="4" />
                <Set Name="EVENT_ACTIVITY_CTRL_CREATE_SET_ID"   Value="5" />
            </Enum>
        </Variable>
    </Headers>
</ApiMonitor>