<!--
    API Monitor Definitions
    (c) 2010-2011, Rohitab Batra <rohitab@rohitab.com>
    http://www.rohitab.com/apimonitor/
-->
<ApiMonitor>
    <Include Filename="Headers\windows.h.xml" />
    <Headers>
        <!-- Variables -->
        <Variable Name="PFAX_RECIPIENT_CALLBACK"                Type="Alias" Base="LPVOID" />
        <Variable Name="PFAX_ROUTING_INSTALLATION_CALLBACK"     Type="Alias" Base="LPVOID" />

        <!-- TODO: Structures -->
        <Variable Name="PFAX_CONTEXT_INFO"              Type="Alias"    Base="LPVOID" />
        <Variable Name="const FAX_CONTEXT_INFO*"        Type="Alias"    Base="PFAX_CONTEXT_INFO" />
        <Variable Name="PFAX_JOB_PARAM"                 Type="Alias"    Base="LPVOID" />
        <Variable Name="PFAX_JOB_PARAM*"                Type="Pointer"  Base="PFAX_JOB_PARAM" />

        <!-- FAX_TIME -->
        <Variable Name="FAX_TIME" Type="Struct">
            <Field Type="WORD"  Name="Hour" />
            <Field Type="WORD"  Name="Minute" />
        </Variable>

        <!-- FAX_CONFIGURATION -->
        <Variable Name="FAX_CONFIGURATION" Type="Struct">
            <Field Type="DWORD"      Name="SizeOfStruct" />
            <Field Type="DWORD"      Name="Retries" />
            <Field Type="DWORD"      Name="RetryDelay" />
            <Field Type="DWORD"      Name="DirtyDays" />
            <Field Type="BOOL"       Name="Branding" />
            <Field Type="BOOL"       Name="UseDeviceTsid" />
            <Field Type="BOOL"       Name="ServerCp" />
            <Field Type="BOOL"       Name="PauseServerQueue" />
            <Field Type="FAX_TIME"   Name="StartCheapTime" />
            <Field Type="FAX_TIME"   Name="StopCheapTime" />
            <Field Type="BOOL"       Name="ArchiveOutgoingFaxes" />
            <Field Type="LPCTSTR"    Name="ArchiveDirectory" />
            <Field Type="LPCTSTR"    Name="Reserved" />
        </Variable>
        <Variable Name="PFAX_CONFIGURATION"         Type="Pointer" Base="FAX_CONFIGURATION" />
        <Variable Name="PFAX_CONFIGURATION*"        Type="Pointer" Base="PFAX_CONFIGURATION" />
        <Variable Name="const FAX_CONFIGURATION*"   Type="Pointer" Base="FAX_CONFIGURATION" />

        <!-- FAX_GLOBAL_ROUTING_INFO -->
        <Variable Name="FAX_GLOBAL_ROUTING_INFO" Type="Struct">
            <Field Type="DWORD"      Name="SizeOfStruct" />
            <Field Type="DWORD"      Name="Priority" />
            <Field Type="LPCTSTR"    Name="Guid" />
            <Field Type="LPCTSTR"    Name="FriendlyName" />
            <Field Type="LPCTSTR"    Name="FunctionName" />
            <Field Type="LPCTSTR"    Name="ExtensionImageName" />
            <Field Type="LPCTSTR"    Name="ExtensionFriendlyName" />
        </Variable>
        <Variable Name="PFAX_GLOBAL_ROUTING_INFO"       Type="Pointer" Base="FAX_GLOBAL_ROUTING_INFO" />
        <Variable Name="PFAX_GLOBAL_ROUTING_INFO*"      Type="Pointer" Base="PFAX_GLOBAL_ROUTING_INFO" />
        <Variable Name="const FAX_GLOBAL_ROUTING_INFO*" Type="Pointer" Base="FAX_GLOBAL_ROUTING_INFO" />

        <!-- [FaxLogCategory] -->
        <Variable Name="[FaxLogCategory]" Type="Alias" Base="DWORD">
            <Display Name="DWORD" />
            <Enum>
                <Set Name="FAXLOG_CATEGORY_INIT"        Value="0" />
                <Set Name="FAXLOG_CATEGORY_OUTBOUND"    Value="1" />
                <Set Name="FAXLOG_CATEGORY_INBOUND"     Value="2" />
                <Set Name="FAXLOG_CATEGORY_UNKNOWN"     Value="3" />
            </Enum>
        </Variable>

        <!-- [FaxLogLevel] -->
        <Variable Name="[FaxLogLevel]" Type="Alias" Base="DWORD">
            <Display Name="DWORD" />
            <Enum>
                <Set Name="FAXLOG_LEVEL_NONE"   Value="0" />
                <Set Name="FAXLOG_LEVEL_MIN"    Value="1" />
                <Set Name="FAXLOG_LEVEL_MED"    Value="2" />
                <Set Name="FAXLOG_LEVEL_MAX"    Value="3" />
            </Enum>
        </Variable>

        <!-- FAX_LOG_CATEGORY -->
        <Variable Name="FAX_LOG_CATEGORY" Type="Struct">
            <Field Type="LPCTSTR"             	Name="Name" />
            <Field Type="[FaxLogCategory]"      Name="Category" />
            <Field Type="[FaxLogLevel]"         Name="Level" />
        </Variable>
        <Variable Name="PFAX_LOG_CATEGORY"          Type="Pointer" Base="FAX_LOG_CATEGORY" />
        <Variable Name="PFAX_LOG_CATEGORY*"         Type="Pointer" Base="PFAX_LOG_CATEGORY" />
        <Variable Name="const FAX_LOG_CATEGORY*"    Type="Pointer" Base="FAX_LOG_CATEGORY" />

        <!-- FAX_DEVICE_STATUS -->
        <Variable Name="FAX_DEVICE_STATUS" Type="Struct">
            <Field Type="DWORD"      Name="SizeOfStruct" />
            <Field Type="LPCTSTR"    Name="CallerId" />
            <Field Type="LPCTSTR"    Name="Csid" />
            <Field Type="DWORD"      Name="CurrentPage" />
            <Field Type="DWORD"      Name="DeviceId" />
            <Field Type="LPCTSTR"    Name="DeviceName" />
            <Field Type="LPCTSTR"    Name="DocumentName" />
            <Field Type="DWORD"      Name="JobType" />
            <Field Type="LPCTSTR"    Name="PhoneNumber" />
            <Field Type="LPCTSTR"    Name="RoutingString" />
            <Field Type="LPCTSTR"    Name="SenderName" />
            <Field Type="LPCTSTR"    Name="RecipientName" />
            <Field Type="DWORD"      Name="Size" />
            <Field Type="FILETIME"   Name="StartTime" />
            <Field Type="DWORD"      Name="Status" />
            <Field Type="LPCTSTR"    Name="StatusString" />
            <Field Type="FILETIME"   Name="SubmittedTime" />
            <Field Type="DWORD"      Name="TotalPages" />
            <Field Type="LPCTSTR"    Name="Tsid" />
            <Field Type="LPCTSTR"    Name="UserName" />
        </Variable>
        <Variable Name="PFAX_DEVICE_STATUS"     Type="Pointer" Base="FAX_DEVICE_STATUS" />
        <Variable Name="PFAX_DEVICE_STATUS*"    Type="Pointer" Base="PFAX_DEVICE_STATUS" />

        <!-- FAX_PORT_INFO -->
        <Variable Name="FAX_PORT_INFO" Type="Struct">
            <Field Type="DWORD"      Name="SizeOfStruct" />
            <Field Type="DWORD"      Name="DeviceId" />
            <Field Type="DWORD"      Name="State" />
            <Field Type="DWORD"      Name="Flags" />
            <Field Type="DWORD"      Name="Rings" />
            <Field Type="DWORD"      Name="Priority" />
            <Field Type="LPCTSTR"    Name="DeviceName" />
            <Field Type="LPCTSTR"    Name="Tsid" />
            <Field Type="LPCTSTR"    Name="Csid" />
        </Variable>
        <Variable Name="PFAX_PORT_INFO"         Type="Pointer" Base="FAX_PORT_INFO" />
        <Variable Name="PFAX_PORT_INFO*"        Type="Pointer" Base="PFAX_PORT_INFO" />
        <Variable Name="const FAX_PORT_INFO*"   Type="Pointer" Base="FAX_PORT_INFO" />

        <!-- FAX_COVERPAGE_INFO -->
        <Variable Name="FAX_COVERPAGE_INFO" Type="Struct">
            <Field Type="DWORD"          Name="SizeOfStruct" />
            <Field Type="LPCTSTR"        Name="CoverPageName" />
            <Field Type="BOOL"           Name="UseServerCoverPage" />
            <Field Type="LPCTSTR"        Name="RecName" />
            <Field Type="LPCTSTR"        Name="RecFaxNumber" />
            <Field Type="LPCTSTR"        Name="RecCompany" />
            <Field Type="LPCTSTR"        Name="RecStreetAddress" />
            <Field Type="LPCTSTR"        Name="RecCity" />
            <Field Type="LPCTSTR"        Name="RecState" />
            <Field Type="LPCTSTR"        Name="RecZip" />
            <Field Type="LPCTSTR"        Name="RecCountry" />
            <Field Type="LPCTSTR"        Name="RecTitle" />
            <Field Type="LPCTSTR"        Name="RecDepartment" />
            <Field Type="LPCTSTR"        Name="RecOfficeLocation" />
            <Field Type="LPCTSTR"        Name="RecHomePhone" />
            <Field Type="LPCTSTR"        Name="RecOfficePhone" />
            <Field Type="LPCTSTR"        Name="SdrName" />
            <Field Type="LPCTSTR"        Name="SdrFaxNumber" />
            <Field Type="LPCTSTR"        Name="SdrCompany" />
            <Field Type="LPCTSTR"        Name="SdrAddress" />
            <Field Type="LPCTSTR"        Name="SdrTitle" />
            <Field Type="LPCTSTR"        Name="SdrDepartment" />
            <Field Type="LPCTSTR"        Name="SdrOfficeLocation" />
            <Field Type="LPCTSTR"        Name="SdrHomePhone" />
            <Field Type="LPCTSTR"        Name="SdrOfficePhone" />
            <Field Type="LPCTSTR"        Name="Note" />
            <Field Type="LPCTSTR"        Name="Subject" />
            <Field Type="SYSTEMTIME"     Name="TimeSent" />
            <Field Type="DWORD"          Name="PageCount" />
        </Variable>
        <Variable Name="PFAX_COVERPAGE_INFO"        Type="Pointer" Base="FAX_COVERPAGE_INFO" />
        <Variable Name="PFAX_COVERPAGE_INFO*"       Type="Pointer" Base="PFAX_COVERPAGE_INFO" />
        <Variable Name="const FAX_COVERPAGE_INFO*"  Type="Pointer" Base="FAX_COVERPAGE_INFO" />

        <!-- FAX_PRINT_INFO -->
        <Variable Name="FAX_PRINT_INFO" Type="Struct">
            <Field Type="DWORD"          Name="SizeOfStruct" />
            <Field Type="LPCTSTR"        Name="DocName" />
            <Field Type="LPCTSTR"        Name="RecipientName" />
            <Field Type="LPCTSTR"        Name="RecipientNumber" />
            <Field Type="LPCTSTR"        Name="SenderName" />
            <Field Type="LPCTSTR"        Name="SenderCompany" />
            <Field Type="LPCTSTR"        Name="SenderDept" />
            <Field Type="LPCTSTR"        Name="SenderBillingCode" />
            <Field Type="LPCTSTR"        Name="Reserved" />
            <Field Type="LPCTSTR"        Name="DrEmailAddress" />
            <Field Type="LPCTSTR"        Name="OutputFileName" />
        </Variable>
        <Variable Name="const FAX_PRINT_INFO*" Type="Pointer" Base="FAX_PRINT_INFO" />

        <!-- FAX_JOB_ENTRY -->
        <Variable Name="FAX_JOB_ENTRY" Type="Struct">
            <Field Type="DWORD"          Name="SizeOfStruct" />
            <Field Type="DWORD"          Name="JobId" />
            <Field Type="LPCTSTR"        Name="UserName" />
            <Field Type="DWORD"          Name="JobType" />
            <Field Type="DWORD"          Name="QueueStatus" />
            <Field Type="DWORD"          Name="Status" />
            <Field Type="DWORD"          Name="Size" />
            <Field Type="DWORD"          Name="PageCount" />
            <Field Type="LPCTSTR"        Name="RecipientNumber" />
            <Field Type="LPCTSTR"        Name="RecipientName" />
            <Field Type="LPCTSTR"        Name="Tsid" />
            <Field Type="LPCTSTR"        Name="SenderName" />
            <Field Type="LPCTSTR"        Name="SenderCompany" />
            <Field Type="LPCTSTR"        Name="SenderDept" />
            <Field Type="LPCTSTR"        Name="BillingCode" />
            <Field Type="DWORD"          Name="ScheduleAction" />
            <Field Type="SYSTEMTIME"     Name="ScheduleTime" />
            <Field Type="DWORD"          Name="DeliveryReportType" />
            <Field Type="LPCTSTR"        Name="DeliveryReportAddress" />
            <Field Type="LPCTSTR"        Name="DocumentName" />
        </Variable>
        <Variable Name="PFAX_JOB_ENTRY"         Type="Pointer" Base="FAX_JOB_ENTRY" />
        <Variable Name="PFAX_JOB_ENTRY*"        Type="Pointer" Base="PFAX_JOB_ENTRY" />
        <Variable Name="const FAX_JOB_ENTRY*"   Type="Pointer" Base="FAX_JOB_ENTRY" />

        <!-- FAX_ROUTING_METHOD -->
        <Variable Name="FAX_ROUTING_METHOD" Type="Struct">
            <Field Type="DWORD"          Name="SizeOfStruct" />
            <Field Type="DWORD"          Name="DeviceId" />
            <Field Type="BOOL"           Name="Enabled" />
            <Field Type="LPCTSTR"        Name="DeviceName" />
            <Field Type="LPCTSTR"        Name="Guid" />
            <Field Type="LPCTSTR"        Name="FriendlyName" />
            <Field Type="LPCTSTR"        Name="FunctionName" />
            <Field Type="LPCTSTR"        Name="ExtensionImageName" />
            <Field Type="LPCTSTR"        Name="ExtensionFriendlyName" />
        </Variable>
        <Variable Name="PFAX_ROUTING_METHOD"    Type="Pointer" Base="FAX_ROUTING_METHOD" />
        <Variable Name="PFAX_ROUTING_METHOD*"   Type="Pointer" Base="PFAX_ROUTING_METHOD" />
    </Headers>
</ApiMonitor>