<!--
    API Monitor Definitions
    (c) 2010-2011, Rohitab Batra <rohitab@rohitab.com>
    http://www.rohitab.com/apimonitor/
-->
<ApiMonitor>
    <Include Filename="Headers\ole.h.xml" />
    <Include Filename="Headers\windows.h.xml" />
    <Headers>

        <!-- Variables -->
        <Variable Name="HICON"              Type="Alias"    Base="HANDLE" />
        <Variable Name="HICON*"             Type="Pointer"  Base="HICON" />
        <Variable Name="HBITMAP"            Type="Alias"    Base="HANDLE" />
        <Variable Name="HBITMAP*"           Type="Pointer"  Base="HBITMAP" />
        <Variable Name="HMENU"              Type="Alias"    Base="HANDLE" />
        <Variable Name="HMENU*"             Type="Pointer"  Base="HMENU" />
        <Variable Name="HDC"                Type="Alias"    Base="HANDLE" />
        <Variable Name="HDC*"               Type="Pointer"  Base="HDC" />
        <Variable Name="HPALETTE"           Type="Alias"    Base="HANDLE" />
        <Variable Name="HCURSOR"            Type="Alias"    Base="HICON" />
        <Variable Name="HMONITOR"           Type="Alias"    Base="HANDLE" />
        <Variable Name="HIMAGELIST"         Type="Alias"    Base="LPVOID" />
        <Variable Name="HIMAGELIST*"        Type="Pointer"  Base="HIMAGELIST" />
        <Variable Name="HRGN"               Type="Alias"    Base="HANDLE" />
        <Variable Name="HRGN*"              Type="Pointer"  Base="HRGN" />
        <Variable Name="HMETAFILE"          Type="Alias"    Base="HANDLE" />
        <Variable Name="HENHMETAFILE"       Type="Alias"    Base="HANDLE" />
        <Variable Name="HENHMETAFILE*"      Type="Pointer"  Base="HENHMETAFILE" />
        <Variable Name="HBRUSH"             Type="Alias"    Base="HANDLE" />
        <Variable Name="HFONT"              Type="Alias"    Base="HANDLE" />
        <Variable Name="HFONT*"             Type="Pointer"  Base="HFONT" />
        <Variable Name="LPCCHOOKPROC"       Type="Alias"    Base="LPVOID" />
        <Variable Name="LPCFHOOKPROC"       Type="Alias"    Base="LPVOID" />
        <Variable Name="LPPAGESETUPHOOK"    Type="Alias"    Base="LPVOID" />
        <Variable Name="LPPAGEPAINTHOOK"    Type="Alias"    Base="LPVOID" />
        <Variable Name="LPFRHOOKPROC"       Type="Alias"    Base="LPVOID" />
        <Variable Name="LPPRINTHOOKPROC"    Type="Alias"    Base="LPVOID" />
        <Variable Name="LPSETUPHOOKPROC"    Type="Alias"    Base="LPVOID" />

        <!-- TODO: Structures -->
        <Variable Name="LPLOGFONT"          Type="Alias"    Base="LPVOID" />
        <Variable Name="LOGFONTA*"          Type="Alias"    Base="LPVOID" />
        <Variable Name="LOGFONTW*"          Type="Alias"    Base="LPVOID" />
        <Variable Name="const LOGFONTW*"    Type="Alias"    Base="LPVOID" />
        <Variable Name="TEXTMETRIC*"        Type="Alias"    Base="LPVOID" />
        <Variable Name="LPTEXTMETRIC"       Type="Alias"    Base="LPVOID" />
        <Variable Name="LPBITMAPINFO"       Type="Alias"    Base="LPVOID" />
        <Variable Name="CONST RGNDATA*"     Type="Alias"    Base="LPVOID" />
        <Variable Name="const RGNDATA*"     Type="Alias"    Base="LPVOID" />
        <Variable Name="LPRGNDATA"          Type="Alias"    Base="LPVOID" />
        <Variable Name="RGNDATA*"           Type="Alias"    Base="LPVOID" />
        <Variable Name="RGNDATA**"          Type="Pointer"  Base="RGNDATA*" />

        <!-- COLORREF -->
        <Variable Name="COLORREF" Type="Alias" Base="DWORD">
            <Enum>
                <Set Name="CLR_INVALID" Value="0xFFFFFFFF" />
            </Enum>
        </Variable>
        <Variable Name="COLORREF*"       Type="Pointer"  Base="COLORREF" />
        <Variable Name="const COLORREF*" Type="Alias"    Base="COLORREF*" />

        <!-- SIZE -->
        <Variable Name="SIZE" Type="Struct">
            <Field Type="LONG" Name="cx" />
            <Field Type="LONG" Name="cy" />
        </Variable>
        <Variable Name="SIZE*"              Type="Pointer"  Base="SIZE" />
        <Variable Name="LPSIZE"             Type="Alias"    Base="SIZE*" />
        <Variable Name="const SIZE*"        Type="Alias"    Base="SIZE*" />
        <Variable Name="PSIZE"              Type="Alias"    Base="SIZE*" />

        <!-- SIZEL-->
        <Variable Name="SIZEL"              Type="Alias"    Base="SIZE" />
        <Variable Name="SIZEL*"             Type="Pointer"  Base="SIZEL" />
        <Variable Name="LPSIZEL"            Type="Pointer"  Base="SIZEL" />

        <!-- RGBQUAD -->
        <Variable Name="RGBQUAD" Type="Struct">
            <Field Type="BYTE"  Name="rgbBlue" />
            <Field Type="BYTE"  Name="rgbGreen" />
            <Field Type="BYTE"  Name="rgbRed" />
            <Field Type="BYTE"  Name="rgbReserved" />
        </Variable>
        <Variable Name="const RGBQUAD*"     Type="Pointer"  Base="RGBQUAD" />
        <Variable Name="RGBQUAD*"           Type="Pointer"  Base="RGBQUAD" />
        <Variable Name="RGBQUAD**"          Type="Pointer"  Base="RGBQUAD*" />

        <!-- PALETTEENTRY -->
        <Variable Name="PALETTEENTRY" Type="Struct">
            <Field Type="BYTE"      Name="peRed" />
            <Field Type="BYTE"      Name="peGreen" />
            <Field Type="BYTE"      Name="peBlue" />
            <Field Type="BYTE"      Name="peFlags" />
        </Variable>
        <Variable Name="PALETTEENTRY*"          Type="Pointer"  Base="PALETTEENTRY" />
        <Variable Name="LPPALETTEENTRY"         Type="Pointer"  Base="PALETTEENTRY" />
        <Variable Name="CONST PALETTEENTRY*"    Type="Pointer"  Base="PALETTEENTRY" />
        <Variable Name="const PALETTEENTRY*"    Type="Pointer"  Base="PALETTEENTRY" />

        <!-- [ChooseColorFlags] -->
        <Variable Name="[ChooseColorFlags]" Type="Alias" Base="DWORD">
            <Display Name="DWORD" />
            <Flag>
                <Set Name="CC_RGBINIT"               Value="0x00000001" />
                <Set Name="CC_FULLOPEN"              Value="0x00000002" />
                <Set Name="CC_PREVENTFULLOPEN"       Value="0x00000004" />
                <Set Name="CC_SHOWHELP"              Value="0x00000008" />
                <Set Name="CC_ENABLEHOOK"            Value="0x00000010" />
                <Set Name="CC_ENABLETEMPLATE"        Value="0x00000020" />
                <Set Name="CC_ENABLETEMPLATEHANDLE"  Value="0x00000040" />
                <Set Name="CC_SOLIDCOLOR"            Value="0x00000080" />
                <Set Name="CC_ANYCOLOR"              Value="0x00000100" />
            </Flag>
        </Variable>

        <!-- CHOOSECOLOR -->
        <Variable Name="CHOOSECOLOR" Type="Struct">
            <Field Type="DWORD"        	        Name="lStructSize" />
            <Field Type="HWND"         	        Name="hwndOwner" />
            <Field Type="HWND"         	        Name="hInstance" />
            <Field Type="COLORREF"     	        Name="rgbResult" />
            <Field Type="COLORREF*"    	        Name="lpCustColors" />
            <Field Type="[ChooseColorFlags]"    Name="Flags" />
            <Field Type="LPARAM"       	        Name="lCustData" />
            <Field Type="LPCCHOOKPROC" 	        Name="lpfnHook" />
            <Field Type="LPCTSTR"               Name="lpTemplateName" />
        </Variable>
        <Variable Name="LPCHOOSECOLOR"  Type="Pointer" Base="CHOOSECOLOR" />

        <!-- [ChoooseFontFlags] -->
        <Variable Name="[ChoooseFontFlags]" Type="Alias" Base="DWORD">
            <Display Name="DWORD" />
            <Flag>
                <Set Name="CF_SCREENFONTS"            Value="0x00000001" />
                <Set Name="CF_PRINTERFONTS"           Value="0x00000002" />
                <Set Name="CF_BOTH"                   Value="0x00000003" />
                <Set Name="CF_SHOWHELP"               Value="0x00000004" />
                <Set Name="CF_ENABLEHOOK"             Value="0x00000008" />
                <Set Name="CF_ENABLETEMPLATE"         Value="0x00000010" />
                <Set Name="CF_ENABLETEMPLATEHANDLE"   Value="0x00000020" />
                <Set Name="CF_INITTOLOGFONTSTRUCT"    Value="0x00000040" />
                <Set Name="CF_USESTYLE"               Value="0x00000080" />
                <Set Name="CF_EFFECTS"                Value="0x00000100" />
                <Set Name="CF_APPLY"                  Value="0x00000200" />
                <Set Name="CF_ANSIONLY"               Value="0x00000400" />
                <Set Name="CF_NOVECTORFONTS"          Value="0x00000800" />
                <Set Name="CF_NOSIMULATIONS"          Value="0x00001000" />
                <Set Name="CF_LIMITSIZE"              Value="0x00002000" />
                <Set Name="CF_FIXEDPITCHONLY"         Value="0x00004000" />
                <Set Name="CF_WYSIWYG"                Value="0x00008000" />
                <Set Name="CF_FORCEFONTEXIST"         Value="0x00010000" />
                <Set Name="CF_SCALABLEONLY"           Value="0x00020000" />
                <Set Name="CF_TTONLY"                 Value="0x00040000" />
                <Set Name="CF_NOFACESEL"              Value="0x00080000" />
                <Set Name="CF_NOSTYLESEL"             Value="0x00100000" />
                <Set Name="CF_NOSIZESEL"              Value="0x00200000" />
                <Set Name="CF_SELECTSCRIPT"           Value="0x00400000" />
                <Set Name="CF_NOSCRIPTSEL"            Value="0x00800000" />
                <Set Name="CF_NOVERTFONTS"            Value="0x01000000" />
                <Set Name="CF_INACTIVEFONTS"          Value="0x02000000" />
            </Flag>
        </Variable>

        <!-- [FontType] -->
        <Variable Name="[FontType]" Type="Alias" Base="WORD">
            <Display Name="WORD" />
            <Flag>
                <Set Name="SIMULATED_FONTTYPE"    Value="0x8000" />
                <Set Name="PRINTER_FONTTYPE"      Value="0x4000" />
                <Set Name="SCREEN_FONTTYPE"       Value="0x2000" />
                <Set Name="BOLD_FONTTYPE"         Value="0x0100" />
                <Set Name="ITALIC_FONTTYPE"       Value="0x0200" />
                <Set Name="REGULAR_FONTTYPE"      Value="0x0400" />
            </Flag>
        </Variable>

        <!-- CHOOSEFONT -->
        <Variable Name="CHOOSEFONT" Type="Struct">
            <Field Type="DWORD"           	    Name="lStructSize" />
            <Field Type="HWND"            	    Name="hwndOwner" />
            <Field Type="HDC"             	    Name="hDC" />
            <Field Type="LPLOGFONT"      	    Name="lpLogFont" />
            <Field Type="INT"             	    Name="iPointSize" />
            <Field Type="[ChoooseFontFlags]"    Name="Flags" />
            <Field Type="COLORREF"        	    Name="rgbColors" />
            <Field Type="LPARAM"          	    Name="lCustData" />
            <Field Type="LPCFHOOKPROC"    	    Name="lpfnHook" />
            <Field Type="LPCTSTR"          	    Name="lpTemplateName" />
            <Field Type="HINSTANCE"       	    Name="hInstance" />
            <Field Type="LPTSTR"           	    Name="lpszStyle" />
            <Field Type="[FontType]"            Name="nFontType" />
            <Field Type="WORD"            	    Name="___MISSING_ALIGNMENT__" />
            <Field Type="INT"             	    Name="nSizeMin" />
            <Field Type="INT"             	    Name="nSizeMax" />
        </Variable>
        <Variable Name="LPCHOOSEFONT" Type="Pointer" Base="CHOOSEFONT" />

        <!-- [FindReplaceFlags] -->
        <Variable Name="[FindReplaceFlags]" Type="Alias" Base="DWORD">
            <Display Name="DWORD" />
            <Flag>
                <Set Name="FR_DOWN"                    Value="0x00000001" />
                <Set Name="FR_WHOLEWORD"               Value="0x00000002" />
                <Set Name="FR_MATCHCASE"               Value="0x00000004" />
                <Set Name="FR_FINDNEXT"                Value="0x00000008" />
                <Set Name="FR_REPLACE"                 Value="0x00000010" />
                <Set Name="FR_REPLACEALL"              Value="0x00000020" />
                <Set Name="FR_DIALOGTERM"              Value="0x00000040" />
                <Set Name="FR_SHOWHELP"                Value="0x00000080" />
                <Set Name="FR_ENABLEHOOK"              Value="0x00000100" />
                <Set Name="FR_ENABLETEMPLATE"          Value="0x00000200" />
                <Set Name="FR_NOUPDOWN"                Value="0x00000400" />
                <Set Name="FR_NOMATCHCASE"             Value="0x00000800" />
                <Set Name="FR_NOWHOLEWORD"             Value="0x00001000" />
                <Set Name="FR_ENABLETEMPLATEHANDLE"    Value="0x00002000" />
                <Set Name="FR_HIDEUPDOWN"              Value="0x00004000" />
                <Set Name="FR_HIDEMATCHCASE"           Value="0x00008000" />
                <Set Name="FR_HIDEWHOLEWORD"           Value="0x00010000" />
                <Set Name="FR_RAW"                     Value="0x00020000" />
                <Set Name="FR_MATCHDIAC"               Value="0x20000000" />
                <Set Name="FR_MATCHKASHIDA"            Value="0x40000000" />
                <Set Name="FR_MATCHALEFHAMZA"          Value="0x80000000" />
            </Flag>
        </Variable>

        <!-- FINDREPLACE -->
        <Variable Name="FINDREPLACE" Type="Struct">
            <Field Type="DWORD"        	        Name="lStructSize" />
            <Field Type="HWND"         	        Name="hwndOwner" />
            <Field Type="HINSTANCE"    	        Name="hInstance" />
            <Field Type="[FindReplaceFlags]"    Name="Flags" />
            <Field Type="LPTSTR"                Name="lpstrFindWhat" />
            <Field Type="LPTSTR"                Name="lpstrReplaceWith" />
            <Field Type="WORD"         	        Name="wFindWhatLen" />
            <Field Type="WORD"         	        Name="wReplaceWithLen" />
            <Field Type="LPARAM"       	        Name="lCustData" />
            <Field Type="LPFRHOOKPROC" 	        Name="lpfnHook" />
            <Field Type="LPCTSTR"               Name="lpTemplateName" />
        </Variable>
        <Variable Name="LPFINDREPLACE" Type="Pointer" Base="FINDREPLACE" />

        <!-- OpenFileName -->
        <Variable Name="[OfnFlags]" Type="Alias" Base="DWORD">
            <Display Name="DWORD" />
            <Flag>
                <Set Name="OFN_READONLY"                 	Value="0x00000001" />
                <Set Name="OFN_OVERWRITEPROMPT"          	Value="0x00000002" />
                <Set Name="OFN_HIDEREADONLY"             	Value="0x00000004" />
                <Set Name="OFN_NOCHANGEDIR"              	Value="0x00000008" />
                <Set Name="OFN_SHOWHELP"                 	Value="0x00000010" />
                <Set Name="OFN_ENABLEHOOK"               	Value="0x00000020" />
                <Set Name="OFN_ENABLETEMPLATE"           	Value="0x00000040" />
                <Set Name="OFN_ENABLETEMPLATEHANDLE"     	Value="0x00000080" />
                <Set Name="OFN_NOVALIDATE"               	Value="0x00000100" />
                <Set Name="OFN_ALLOWMULTISELECT"         	Value="0x00000200" />
                <Set Name="OFN_EXTENSIONDIFFERENT"       	Value="0x00000400" />
                <Set Name="OFN_PATHMUSTEXIST"            	Value="0x00000800" />
                <Set Name="OFN_FILEMUSTEXIST"            	Value="0x00001000" />
                <Set Name="OFN_CREATEPROMPT"             	Value="0x00002000" />
                <Set Name="OFN_SHAREAWARE"               	Value="0x00004000" />
                <Set Name="OFN_NOREADONLYRETURN"         	Value="0x00008000" />
                <Set Name="OFN_NOTESTFILECREATE"         	Value="0x00010000" />
                <Set Name="OFN_NONETWORKBUTTON"          	Value="0x00020000" />
                <Set Name="OFN_NOLONGNAMES"              	Value="0x00040000" />
                <Set Name="OFN_EXPLORER"                 	Value="0x00080000" />
                <Set Name="OFN_NODEREFERENCELINKS"       	Value="0x00100000" />
                <Set Name="OFN_LONGNAMES"                	Value="0x00200000" />
                <Set Name="OFN_ENABLEINCLUDENOTIFY"         Value="0x00400000" />
                <Set Name="OFN_ENABLESIZING"             	Value="0x00800000" />
                <Set Name="OFN_DONTADDTORECENT"          	Value="0x02000000" />
                <Set Name="OFN_FORCESHOWHIDDEN"          	Value="0x10000000" />
            </Flag>
        </Variable>

        <Variable Name="[OfnFlagsEx]" Type="Alias" Base="DWORD">
            <Display Name="DWORD" />
            <Flag>
                <Set Name="OFN_EX_NOPLACESBAR"              Value="0x00000001" />
            </Flag>
        </Variable>

        <!-- OPENFILENAME -->
        <Variable Name="OPENFILENAME" Type="Struct">
            <Field Type="DWORD"         Name="lStructSize" />
            <Field Type="HWND"          Name="hwndOwner" />
            <Field Type="HINSTANCE"     Name="hInstance" />
            <Field Type="LPCTSTR"       Name="lpstrFilter" />
            <Field Type="LPTSTR"        Name="lpstrCustomFilter" />
            <Field Type="DWORD"         Name="nMaxCustFilter" />
            <Field Type="DWORD"         Name="nFilterIndex" />
            <Field Type="LPTSTR"        Name="lpstrFile" />
            <Field Type="DWORD"         Name="nMaxFile" />
            <Field Type="LPTSTR"        Name="lpstrFileTitle" OutputOnly="True"  />
            <Field Type="DWORD"         Name="nMaxFileTitle" />
            <Field Type="LPCTSTR"       Name="lpstrInitialDir" />
            <Field Type="LPCTSTR"       Name="lpstrTitle" />
            <Field Type="[OfnFlags]"    Name="Flags" />
            <Field Type="WORD"          Name="nFileOffset" />
            <Field Type="WORD"          Name="nFileExtension" />
            <Field Type="LPCTSTR"       Name="lpstrDefExt" />
            <Field Type="LPARAM"        Name="lCustData" />
            <Field Type="LPVOID"        Name="lpfnHook" />
            <Field Type="LPCTSTR"       Name="lpTemplateName" />
            <Field Type="void*"         Name="pvReserved" />
            <Field Type="DWORD"         Name="dwReserved" />
            <Field Type="[OfnFlagsEx]"  Name="FlagsEx" />
        </Variable>
        <Variable Name="LPOPENFILENAME"     Type="Pointer"  Base="OPENFILENAME" />

        <!-- [PageSetupDialogFlags] -->
        <Variable Name="[PageSetupDialogFlags]" Type="Alias" Base="DWORD">
            <Display Name="DWORD" />
            <Flag>
                <Set Name="PSD_DEFAULTMINMARGINS"             	Value="0x00000000" />
                <Set Name="PSD_INWININIINTLMEASURE"           	Value="0x00000000" />
                <Set Name="PSD_MINMARGINS"                    	Value="0x00000001" />
                <Set Name="PSD_MARGINS"                       	Value="0x00000002" />
                <Set Name="PSD_INTHOUSANDTHSOFINCHES"         	Value="0x00000004" />
                <Set Name="PSD_INHUNDREDTHSOFMILLIMETERS"     	Value="0x00000008" />
                <Set Name="PSD_DISABLEMARGINS"                	Value="0x00000010" />
                <Set Name="PSD_DISABLEPRINTER"                	Value="0x00000020" />
                <Set Name="PSD_NOWARNING"                     	Value="0x00000080" />
                <Set Name="PSD_DISABLEORIENTATION"            	Value="0x00000100" />
                <Set Name="PSD_RETURNDEFAULT"                 	Value="0x00000400" />
                <Set Name="PSD_DISABLEPAPER"                  	Value="0x00000200" />
                <Set Name="PSD_SHOWHELP"                      	Value="0x00000800" />
                <Set Name="PSD_ENABLEPAGESETUPHOOK"           	Value="0x00002000" />
                <Set Name="PSD_ENABLEPAGESETUPTEMPLATE"       	Value="0x00008000" />
                <Set Name="PSD_ENABLEPAGESETUPTEMPLATEHANDLE" 	Value="0x00020000" />
                <Set Name="PSD_ENABLEPAGEPAINTHOOK"           	Value="0x00040000" />
                <Set Name="PSD_DISABLEPAGEPAINTING"           	Value="0x00080000" />
                <Set Name="PSD_NONETWORKBUTTON"               	Value="0x00200000" />
            </Flag>
        </Variable>

        <!-- PAGESETUPDLG -->
        <Variable Name="PAGESETUPDLG" Type="Struct">
            <Field Type="DWORD"           	        Name="lStructSize" />
            <Field Type="HWND"            	        Name="hwndOwner" />
            <Field Type="HGLOBAL"         	        Name="hDevMode" />
            <Field Type="HGLOBAL"         	        Name="hDevNames" />
            <Field Type="[PageSetupDialogFlags]"    Name="Flags" />
            <Field Type="POINT"           	        Name="ptPaperSize" />
            <Field Type="RECT"            	        Name="rtMinMargin" />
            <Field Type="RECT"            	        Name="rtMargin" />
            <Field Type="HINSTANCE"       	        Name="hInstance" />
            <Field Type="LPARAM"          	        Name="lCustData" />
            <Field Type="LPPAGESETUPHOOK" 	        Name="lpfnPageSetupHook" />
            <Field Type="LPPAGEPAINTHOOK" 	        Name="lpfnPagePaintHook" />
            <Field Type="LPCTSTR"          	        Name="lpPageSetupTemplateName" />
            <Field Type="HGLOBAL"         	        Name="hPageSetupTemplate" />
        </Variable>
        <Variable Name="LPPAGESETUPDLG" Type="Pointer" Base="PAGESETUPDLG" />

        <!-- [PrintDlgFlags] -->
        <Variable Name="[PrintDlgFlags]" Type="Alias" Base="DWORD">
            <Display Name="DWORD" />
            <Flag>
                <Set Name="PD_ALLPAGES"                    Value="0x00000000" />
                <Set Name="PD_SELECTION"                   Value="0x00000001" />
                <Set Name="PD_PAGENUMS"                    Value="0x00000002" />
                <Set Name="PD_NOSELECTION"                 Value="0x00000004" />
                <Set Name="PD_NOPAGENUMS"                  Value="0x00000008" />
                <Set Name="PD_COLLATE"                     Value="0x00000010" />
                <Set Name="PD_PRINTTOFILE"                 Value="0x00000020" />
                <Set Name="PD_PRINTSETUP"                  Value="0x00000040" />
                <Set Name="PD_NOWARNING"                   Value="0x00000080" />
                <Set Name="PD_RETURNDC"                    Value="0x00000100" />
                <Set Name="PD_RETURNIC"                    Value="0x00000200" />
                <Set Name="PD_RETURNDEFAULT"               Value="0x00000400" />
                <Set Name="PD_SHOWHELP"                    Value="0x00000800" />
                <Set Name="PD_ENABLEPRINTHOOK"             Value="0x00001000" />
                <Set Name="PD_ENABLESETUPHOOK"             Value="0x00002000" />
                <Set Name="PD_ENABLEPRINTTEMPLATE"         Value="0x00004000" />
                <Set Name="PD_ENABLESETUPTEMPLATE"         Value="0x00008000" />
                <Set Name="PD_ENABLEPRINTTEMPLATEHANDLE"   Value="0x00010000" />
                <Set Name="PD_ENABLESETUPTEMPLATEHANDLE"   Value="0x00020000" />
                <Set Name="PD_USEDEVMODECOPIES"            Value="0x00040000" />
                <Set Name="PD_USEDEVMODECOPIESANDCOLLATE"  Value="0x00040000" />
                <Set Name="PD_DISABLEPRINTTOFILE"          Value="0x00080000" />
                <Set Name="PD_HIDEPRINTTOFILE"             Value="0x00100000" />
                <Set Name="PD_NONETWORKBUTTON"             Value="0x00200000" />
                <Set Name="PD_CURRENTPAGE"                 Value="0x00400000" />
                <Set Name="PD_NOCURRENTPAGE"               Value="0x00800000" />
                <Set Name="PD_EXCLUSIONFLAGS"              Value="0x01000000" />
                <Set Name="PD_USELARGETEMPLATE"            Value="0x10000000" />
            </Flag>
        </Variable>

        <!-- PRINTDLG -->
        <Variable Name="PRINTDLG" Type="Struct" Pack32="1">
            <Field Type="DWORD"            	Name="lStructSize" />
            <Field Type="HWND"             	Name="hwndOwner" />
            <Field Type="HGLOBAL"          	Name="hDevMode" />
            <Field Type="HGLOBAL"          	Name="hDevNames" />
            <Field Type="HDC"              	Name="hDC" />
            <Field Type="[PrintDlgFlags]"   Name="Flags" />
            <Field Type="WORD"             	Name="nFromPage" />
            <Field Type="WORD"             	Name="nToPage" />
            <Field Type="WORD"             	Name="nMinPage" />
            <Field Type="WORD"             	Name="nMaxPage" />
            <Field Type="WORD"             	Name="nCopies" />
            <Field Type="HINSTANCE"        	Name="hInstance" />
            <Field Type="LPARAM"           	Name="lCustData" />
            <Field Type="LPPRINTHOOKPROC"  	Name="lpfnPrintHook" />
            <Field Type="LPSETUPHOOKPROC"  	Name="lpfnSetupHook" />
            <Field Type="LPCTSTR"           Name="lpPrintTemplateName" />
            <Field Type="LPCTSTR"           Name="lpSetupTemplateName" />
            <Field Type="HGLOBAL"          	Name="hPrintTemplate" />
            <Field Type="HGLOBAL"          	Name="hSetupTemplate" />
        </Variable>
        <Variable Name="LPPRINTDLG" Type="Pointer" Base="PRINTDLG" />

        <!-- PRINTPAGERANGE -->
        <Variable Name="PRINTPAGERANGE" Type="Struct">
            <Field Type="DWORD"  	Name="nFromPage" />
            <Field Type="DWORD"     Name="nToPage" />
        </Variable>
        <Variable Name="LPPRINTPAGERANGE" Type="Pointer" Base="PRINTPAGERANGE" />

        <!-- PRINTDLGEX -->
        <Variable Name="PRINTDLGEX" Type="Struct">
            <Field Type="DWORD"                Name="lStructSize" />
            <Field Type="HWND"                 Name="hwndOwner" />
            <Field Type="HGLOBAL"              Name="hDevMode" />
            <Field Type="HGLOBAL"              Name="hDevNames" />
            <Field Type="HDC"                  Name="hDC" />
            <Field Type="[PrintDlgFlags]"      Name="Flags" />
            <Field Type="DWORD"                Name="Flags2" />
            <Field Type="DWORD"                Name="ExclusionFlags" />
            <Field Type="DWORD"                Name="nPageRanges" />
            <Field Type="DWORD"                Name="nMaxPageRanges" />
            <Field Type="LPPRINTPAGERANGE"     Name="lpPageRanges" />
            <Field Type="DWORD"                Name="nMinPage" />
            <Field Type="DWORD"                Name="nMaxPage" />
            <Field Type="DWORD"                Name="nCopies" />
            <Field Type="HINSTANCE"            Name="hInstance" />
            <Field Type="LPCTSTR"              Name="lpPrintTemplateName" />
            <Field Type="LPUNKNOWN"            Name="lpCallback" />
            <Field Type="DWORD"                Name="nPropertyPages" />
            <Field Type="HPROPSHEETPAGE*"      Name="lphPropertyPages" />
            <Field Type="DWORD"                Name="nStartPage" />
            <Field Type="DWORD"                Name="dwResultAction" />
        </Variable>
        <Variable Name="LPPRINTDLGEX" Type="Pointer" Base="PRINTDLGEX" />

        <!-- DRAWTEXTPARAMS -->
        <Variable Name="DRAWTEXTPARAMS" Type="Struct">
            <Field Type="UINT"    	Name="cbSize" />
            <Field Type="int"     	Name="iTabLength" />
            <Field Type="int"     	Name="iLeftMargin" />
            <Field Type="int"     	Name="iRightMargin" />
            <Field Type="UINT"    	Name="uiLengthDrawn" />
        </Variable>
        <Variable Name="LPDRAWTEXTPARAMS" Type="Pointer" Base="DRAWTEXTPARAMS" />

        <!-- [TRACKMOUSEEVENT_Flags] -->
        <Variable Name="[TRACKMOUSEEVENT_Flags]" Type="Alias" Base="DWORD">
            <Display Name="DWORD" />
            <Flag>
                <Set Name="TME_HOVER"       Value="0x00000001" />
                <Set Name="TME_LEAVE"       Value="0x00000002" />
                <Set Name="TME_NONCLIENT"   Value="0x00000010" />
                <Set Name="TME_QUERY"       Value="0x40000000" />
                <Set Name="TME_CANCEL"      Value="0x80000000" />
            </Flag>
        </Variable>

        <!-- TRACKMOUSEEVENT -->
        <Variable Name="TRACKMOUSEEVENT" Type="Struct">
            <Field Type="DWORD" 	                Name="cbSize" />
            <Field Type="[TRACKMOUSEEVENT_Flags]" 	Name="dwFlags" />
            <Field Type="HWND"  	                Name="hwndTrack" />
            <Field Type="DWORD" 	                Name="dwHoverTime" />
        </Variable>
        <Variable Name="LPTRACKMOUSEEVENT" Type="Pointer" Base="TRACKMOUSEEVENT" />

        <!-- [SCROLLINFO_Flags] -->
        <Variable Name="[SCROLLINFO_Flags]" Type="Alias" Base="UINT">
            <Display Name="UINT" />
            <Flag>
                <Set Name="SIF_RANGE"           Value="0x0001" />
                <Set Name="SIF_PAGE"            Value="0x0002" />
                <Set Name="SIF_POS"             Value="0x0004" />
                <Set Name="SIF_DISABLENOSCROLL" Value="0x0008" />
                <Set Name="SIF_TRACKPOS"        Value="0x0010" />
                <Set Name="SIF_ALL"             Value="0x0017" />
            </Flag>
        </Variable>

        <!-- SCROLLINFO -->
        <Variable Name="SCROLLINFO" Type="Struct">
            <Field Type="UINT"    	            Name="cbSize" />
            <Field Type="[SCROLLINFO_Flags]"    Name="fMask" />
            <Field Type="int"     	            Name="nMin" />
            <Field Type="int"     	            Name="nMax" />
            <Field Type="UINT"    	            Name="nPage" />
            <Field Type="int"     	            Name="nPos" />
            <Field Type="int"     	            Name="nTrackPos" />
        </Variable>
        <Variable Name="LPSCROLLINFO"  Type="Pointer" Base="SCROLLINFO" />
        <Variable Name="LPCSCROLLINFO" Type="Pointer" Base="SCROLLINFO" />

        <!-- MARGINS -->
        <Variable Name="MARGINS" Type="Struct">
            <Field Type="int" 	Name="cxLeftWidth" />
            <Field Type="int" 	Name="cxRightWidth" />
            <Field Type="int" 	Name="cyTopHeight" />
            <Field Type="int" 	Name="cyBottomHeight" />
        </Variable>
        <Variable Name="MARGINS*"       Type="Pointer" Base="MARGINS" />
        <Variable Name="const MARGINS*" Type="Pointer" Base="MARGINS" />

        <!-- BLENDFUNCTION -->
        <Variable Name="BLENDFUNCTION" Type="Struct">
            <Field Type="BYTE"   	Name="BlendOp" />
            <Field Type="BYTE"   	Name="BlendFlags" />
            <Field Type="BYTE"   	Name="SourceConstantAlpha" />
            <Field Type="BYTE"   	Name="AlphaFormat" />
        </Variable>
        <Variable Name="BLENDFUNCTION*"         Type="Pointer" Base="BLENDFUNCTION" />
        <Variable Name="const BLENDFUNCTION*"   Type="Pointer" Base="BLENDFUNCTION" />

        <!-- BITMAPINFOHEADER -->
        <Variable Name="BITMAPINFOHEADER" Type="Struct">
            <Field Type="DWORD"      	Name="biSize" />
            <Field Type="LONG"       	Name="biWidth" />
            <Field Type="LONG"       	Name="biHeight" />
            <Field Type="WORD"       	Name="biPlanes" />
            <Field Type="WORD"       	Name="biBitCount" />
            <Field Type="DWORD"      	Name="biCompression" />
            <Field Type="DWORD"      	Name="biSizeImage" />
            <Field Type="LONG"       	Name="biXPelsPerMeter" />
            <Field Type="LONG"       	Name="biYPelsPerMeter" />
            <Field Type="DWORD"      	Name="biClrUsed" />
            <Field Type="DWORD"      	Name="biClrImportant" />
        </Variable>
        <Variable Name="const BITMAPINFOHEADER*" Type="Pointer" Base="BITMAPINFOHEADER" />
        <Variable Name="LPBITMAPINFOHEADER"      Type="Pointer" Base="BITMAPINFOHEADER" />

    </Headers>
</ApiMonitor>