<!--
    API Monitor Definitions
    (c) 2010-2011, Rohitab Batra <rohitab@rohitab.com>
    http://www.rohitab.com/apimonitor/
-->
<ApiMonitor>
    <Include Filename="Headers\windows.h.xml" />
    <Headers>
        <Variable Name="IPAddr"                     Type="Alias"    Base="ULONG" />

        <!-- [IpOptionFlags] -->
        <Variable Name="[IpOptionFlags]" Type="Alias" Base="UCHAR">
            <Display Name="UCHAR" />
            <Flag>
                <Set Name="IP_FLAG_REVERSE" Value="0x1" />
                <Set Name="IP_FLAG_DF"      Value="0x2" />
            </Flag>
        </Variable>

        <!-- IP_OPTION_INFORMATION -->
        <Variable Name="IP_OPTION_INFORMATION" Type="Struct">
            <Field Type="UCHAR"   	        Name="Ttl" />
            <Field Type="UCHAR"   	        Name="Tos" />
            <Field Type="[IpOptionFlags]"   Name="Flags" />
            <Field Type="UCHAR"   	        Name="OptionsSize" />
            <Field Type="PUCHAR"  	        Name="OptionsData" Length="OptionsSize" />
        </Variable>
        <Variable Name="PIP_OPTION_INFORMATION" Type="Pointer" Base="IP_OPTION_INFORMATION" />
    </Headers>
</ApiMonitor>