<!--
    API Monitor Definitions
    (c) 2010-2011, Rohitab Batra <rohitab@rohitab.com>
    http://www.rohitab.com/apimonitor/
-->
<ApiMonitor>
    <Include Filename="Headers\windows.h.xml" />
    <Headers>

        <!-- TODO: Structures -->
        <Variable Name="PIMAGE_SECTION_HEADER"      Type="Alias"    Base="LPVOID" />
        <Variable Name="PIMAGE_SECTION_HEADER*"     Type="Pointer"  Base="PIMAGE_SECTION_HEADER" />
        <Variable Name="PIMAGE_NT_HEADERS"          Type="Alias"    Base="LPVOID" />
        <Variable Name="PIMAGE_NT_HEADERS*"         Type="Pointer"  Base="PIMAGE_NT_HEADERS" />

        <!-- EVENT_TYPE -->
        <Variable Name="EVENT_TYPE" Type="Alias" Base="UINT">
            <Enum>
                <Set Name="NotificationEvent"       Value="0" />
                <Set Name="SynchronizationEvent"    Value="1" />
            </Enum>
        </Variable>

        <Variable Name="[FileShareMode]" Type="Alias" Base="DWORD">
            <Display Name="DWORD" />
            <Flag>
                <Set Name="FILE_SHARE_READ"     Value="0x00000001" />
                <Set Name="FILE_SHARE_WRITE"    Value="0x00000002" />
                <Set Name="FILE_SHARE_DELETE"   Value="0x00000004" />
            </Flag>
        </Variable>

        <Variable Name="[MemoryFlags]" Type="Alias" Base="DWORD">
            <Display Name="DWORD" />
            <Flag>
                <Set Name="MEM_COMMIT"          Value="0x1000" />
                <Set Name="MEM_RESERVE"         Value="0x2000" />
                <Set Name="MEM_DECOMMIT"        Value="0x4000" />
                <Set Name="MEM_RELEASE"         Value="0x8000" />
                <Set Name="MEM_FREE"            Value="0x10000" />
                <Set Name="MEM_PRIVATE"         Value="0x20000" />
                <Set Name="MEM_MAPPED"          Value="0x40000" />
                <Set Name="MEM_RESET"           Value="0x80000" />
                <Set Name="MEM_TOP_DOWN"        Value="0x100000" />
                <Set Name="MEM_WRITE_WATCH"     Value="0x200000" />
                <Set Name="MEM_PHYSICAL"        Value="0x400000" />
                <Set Name="MEM_ROTATE"          Value="0x800000" />
                <Set Name="MEM_LARGE_PAGES"     Value="0x20000000" />
                <Set Name="MEM_4MB_PAGES"       Value="0x80000000" />
            </Flag>
        </Variable>
        
        <Variable Name="[AclRevision]" Type="Alias" Base="DWORD">
            <Display Name="DWORD" />
            <Enum>
                <Set Name="ACL_REVISION"        Value="2" />
                <Set Name="ACL_REVISION_DS"     Value="4" />
            </Enum>
        </Variable>

        <Variable Name="[NtVerType]" Type="Alias" Base="DWORD">
            <Display Name="DWORD" />
            <Flag>
                <Set Name="VER_MINORVERSION"        Value="0x0000001" />
                <Set Name="VER_MAJORVERSION"        Value="0x0000002" />
                <Set Name="VER_BUILDNUMBER"         Value="0x0000004" />
                <Set Name="VER_PLATFORMID"          Value="0x0000008" />
                <Set Name="VER_SERVICEPACKMINOR"    Value="0x0000010" />
                <Set Name="VER_SERVICEPACKMAJOR"    Value="0x0000020" />
                <Set Name="VER_SUITENAME"           Value="0x0000040" />
                <Set Name="VER_PRODUCT_TYPE"        Value="0x0000080" />
            </Flag>
        </Variable>

        <!-- [TokenAccess] -->
        <Variable Name="[TokenAccess]" Type="Alias" Base="DWORD">
            <Display Name="DWORD" />
            <Flag>
                <Set Name="DELETE"                      Value="0x00010000" />
                <Set Name="READ_CONTROL"                Value="0x00020000" />
                <Set Name="WRITE_DAC"                   Value="0x00040000" />
                <Set Name="WRITE_OWNER"                 Value="0x00080000" />
                <Set Name="ACCESS_SYSTEM_SECURITY"      Value="0x01000000" />
                <Set Name="TOKEN_ASSIGN_PRIMARY"        Value="0x0001" />
                <Set Name="TOKEN_DUPLICATE"             Value="0x0002" />
                <Set Name="TOKEN_IMPERSONATE"           Value="0x0004" />
                <Set Name="TOKEN_QUERY"                 Value="0x0008" />
                <Set Name="TOKEN_QUERY_SOURCE"          Value="0x0010" />
                <Set Name="TOKEN_ADJUST_PRIVILEGES"     Value="0x0020" />
                <Set Name="TOKEN_ADJUST_GROUPS"         Value="0x0040" />
                <Set Name="TOKEN_ADJUST_DEFAULT"        Value="0x0080" />
                <Set Name="TOKEN_ADJUST_SESSIONID"      Value="0x0100" />
                <Set Name="TOKEN_ALL_ACCESS_P"          Value="0xf00ff" />
                <Set Name="TOKEN_ALL_ACCESS"            Value="0xf01ff" />
                <Set Name="TOKEN_READ"                  Value="0x20008" />
                <Set Name="TOKEN_WRITE"                 Value="0x200e0" />
                <Set Name="TOKEN_EXECUTE"               Value="0x20000" />
                <Set Name="MAXIMUM_ALLOWED"             Value="0x02000000" />
            </Flag>
        </Variable>

        <!-- [ObjectAttributes] -->
        <Variable Name="[ObjectAttributes]" Type="Alias" Base="ULONG">
            <Display Name="ULONG" />
            <Flag>
                <Set Name="OBJ_INHERIT"             	Value="0x00000002" />
                <Set Name="OBJ_PERMANENT"           	Value="0x00000010" />
                <Set Name="OBJ_EXCLUSIVE"           	Value="0x00000020" />
                <Set Name="OBJ_CASE_INSENSITIVE"    	Value="0x00000040" />
                <Set Name="OBJ_OPENIF"              	Value="0x00000080" />
                <Set Name="OBJ_OPENLINK"            	Value="0x00000100" />
                <Set Name="OBJ_KERNEL_HANDLE"       	Value="0x00000200" />
                <Set Name="OBJ_FORCE_ACCESS_CHECK"  	Value="0x00000400" />
                <Set Name="OBJ_VALID_ATTRIBUTES"        Value="0x000007F2" />
            </Flag>
        </Variable>

        <!-- OBJECT_ATTRIBUTES -->
        <Variable Name="OBJECT_ATTRIBUTES" Type="Struct">
            <Field Type="ULONG" 	                    Name="Length" />
            <Field Type="HANDLE" 	                    Name="RootDirectory" />
            <Field Type="PUNICODE_STRING" 	            Name="ObjectName" />
            <Field Type="[ObjectAttributes]"            Name="Attributes" />
            <Field Type="PSECURITY_DESCRIPTOR"          Name="SecurityDescriptor" />
            <Field Type="PSECURITY_QUALITY_OF_SERVICE" 	Name="SecurityQualityOfService" />
        </Variable>
        <Variable Name="POBJECT_ATTRIBUTES" Type="Pointer" Base="OBJECT_ATTRIBUTES" />

    </Headers>
</ApiMonitor>