<!--
    API Monitor Definitions
    (c) 2010-2011, Rohitab Batra <rohitab@rohitab.com>
    http://www.rohitab.com/apimonitor/
-->
<ApiMonitor>
    <Include Filename="Headers\windows.h.xml" />
    
    <Headers>
        <!-- Interfaces -->
        <Variable Name="IUnknown"                       Type="Interface" />
        <Variable Name="IStream"                        Type="Interface" />
        <Variable Name="IPropertySetStorage"            Type="Interface" />
        <Variable Name="AsyncIAdviseSink"				Type="Interface" />
        <Variable Name="AsyncIAdviseSink2"				Type="Interface" />
        <Variable Name="AsyncIMultiQI"					Type="Interface" />
        <Variable Name="AsyncIPipeByte"					Type="Interface" />
        <Variable Name="AsyncIPipeDouble"				Type="Interface" />
        <Variable Name="AsyncIPipeLong"					Type="Interface" />
        <Variable Name="IAddrExclusionControl"			Type="Interface" />
        <Variable Name="IAddrTrackingControl"			Type="Interface" />
        <Variable Name="IAdviseSink"					Type="Interface" />
        <Variable Name="IAdviseSink2"					Type="Interface" />
        <Variable Name="IAsyncManager"					Type="Interface" />
        <Variable Name="IAsyncRpcChannelBuffer"			Type="Interface" />
        <Variable Name="IBindCtx"						Type="Interface" />
        <Variable Name="IBlockingLock"					Type="Interface" />
        <Variable Name="ICallFactory"					Type="Interface" />
        <Variable Name="ICancelMethodCalls"				Type="Interface" />
        <Variable Name="IChannelHook"					Type="Interface" />
        <Variable Name="IClassActivator"				Type="Interface" />
        <Variable Name="IClientSecurity"				Type="Interface" />
        <Variable Name="IComThreadingInfo"				Type="Interface" />
        <Variable Name="IContext"						Type="Interface" />
        <Variable Name="IContinue"						Type="Interface" />
        <Variable Name="IDataAdviseHolder"				Type="Interface" />
        <Variable Name="IDataObject"					Type="Interface" />
        <Variable Name="IDirectWriterLock"				Type="Interface" />
        <Variable Name="IDropSource"					Type="Interface" />
        <Variable Name="IDropSourceNotify"				Type="Interface" />
        <Variable Name="IDropTarget"					Type="Interface" />
        <Variable Name="IDummyHICONIncluder"			Type="Interface" />
        <Variable Name="IEnumContextProps"				Type="Interface" />
        <Variable Name="IEnumFORMATETC"					Type="Interface" />
        <Variable Name="IEnumMoniker"					Type="Interface" />
        <Variable Name="IEnumOLEVERB"					Type="Interface" />
        <Variable Name="IEnumSTATDATA"					Type="Interface" />
        <Variable Name="IEnumSTATSTG"					Type="Interface" />
        <Variable Name="IEnumString"					Type="Interface" />
        <Variable Name="IEnumUnknown"					Type="Interface" />
        <Variable Name="IExternalConnection"			Type="Interface" />
        <Variable Name="IFillLockBytes"					Type="Interface" />
        <Variable Name="IForegroundTransfer"			Type="Interface" />
        <Variable Name="IGlobalInterfaceTable"			Type="Interface" />
        <Variable Name="IGlobalOptions"					Type="Interface" />
        <Variable Name="IInitializeSpy"					Type="Interface" />
        <Variable Name="IInternalUnknown"				Type="Interface" />
        <Variable Name="ILayoutStorage"					Type="Interface" />
        <Variable Name="ILockBytes"						Type="Interface" />
        <Variable Name="IMalloc"						Type="Interface" />
        <Variable Name="IMallocSpy"						Type="Interface" />
        <Variable Name="IMarshal"						Type="Interface" />
        <Variable Name="IMarshal2"						Type="Interface" />
        <Variable Name="IMessageFilter"					Type="Interface" />
        <Variable Name="IMoniker"						Type="Interface" />
        <Variable Name="IMultiQI"						Type="Interface" />
        <Variable Name="IObjContext"					Type="Interface" />
        <Variable Name="IOleAdviseHolder"				Type="Interface" />
        <Variable Name="IOleCache"						Type="Interface" />
        <Variable Name="IOleCache2"						Type="Interface" />
        <Variable Name="IOleCacheControl"				Type="Interface" />
        <Variable Name="IOleClientSite"					Type="Interface" />
        <Variable Name="IOleContainer"					Type="Interface" />
        <Variable Name="IOleInPlaceActiveObject"        Type="Interface" />
        <Variable Name="IOleInPlaceFrame"				Type="Interface" />
        <Variable Name="IOleInPlaceObject"				Type="Interface" />
        <Variable Name="IOleInPlaceSite"				Type="Interface" />
        <Variable Name="IOleInPlaceUIWindow"			Type="Interface" />
        <Variable Name="IOleItemContainer"				Type="Interface" />
        <Variable Name="IOleLink"						Type="Interface" />
        <Variable Name="IOleObject"						Type="Interface" />
        <Variable Name="IOleWindow"						Type="Interface" />
        <Variable Name="IOplockStorage"					Type="Interface" />
        <Variable Name="IParseDisplayName"				Type="Interface" />
        <Variable Name="IPersist"						Type="Interface" />
        <Variable Name="IPersistFile"					Type="Interface" />
        <Variable Name="IPersistStorage"				Type="Interface" />
        <Variable Name="IPersistStream"					Type="Interface" />
        <Variable Name="IPipeByte"						Type="Interface" />
        <Variable Name="IPipeDouble"					Type="Interface" />
        <Variable Name="IPipeLong"						Type="Interface" />
        <Variable Name="IProcessInitControl"			Type="Interface" />
        <Variable Name="IProcessLock"					Type="Interface" />
        <Variable Name="IProgressNotify"				Type="Interface" />
        <Variable Name="IPSFactoryBuffer"				Type="Interface" />
        <Variable Name="IReleaseMarshalBuffers"			Type="Interface" />
        <Variable Name="IRootStorage"					Type="Interface" />
        <Variable Name="IROTData"						Type="Interface" />
        <Variable Name="IRpcChannelBuffer"				Type="Interface" />
        <Variable Name="IRpcChannelBuffer2"				Type="Interface" />
        <Variable Name="IRpcChannelBuffer3"				Type="Interface" />
        <Variable Name="IRpcHelper"						Type="Interface" />
        <Variable Name="IRpcOptions"					Type="Interface" />
        <Variable Name="IRpcProxyBuffer"				Type="Interface" />
        <Variable Name="IRpcStubBuffer"					Type="Interface" />
        <Variable Name="IRpcSyntaxNegotiate"			Type="Interface" />
        <Variable Name="IRunnableObject"				Type="Interface" />
        <Variable Name="IRunningObjectTable"			Type="Interface" />
        <Variable Name="ISequentialStream"				Type="Interface" />
        <Variable Name="IServerSecurity"				Type="Interface" />
        <Variable Name="IStdMarshalInfo"				Type="Interface" />
        <Variable Name="IStorage"						Type="Interface" />
        <Variable Name="IStream"						Type="Interface" />
        <Variable Name="ISurrogate"						Type="Interface" />
        <Variable Name="ISurrogateService"				Type="Interface" />
        <Variable Name="ISynchronize"					Type="Interface" />
        <Variable Name="ISynchronizeContainer"			Type="Interface" />
        <Variable Name="ISynchronizeEvent"				Type="Interface" />
        <Variable Name="ISynchronizeHandle"				Type="Interface" />
        <Variable Name="ISynchronizeMutex"				Type="Interface" />
        <Variable Name="IThumbnailExtractor"			Type="Interface" />
        <Variable Name="ITimeAndNoticeControl"			Type="Interface" />
        <Variable Name="IUrlMon"						Type="Interface" />
        <Variable Name="IViewObject"					Type="Interface" />
        <Variable Name="IViewObject2"					Type="Interface" />
        <Variable Name="IWaitMultiple"					Type="Interface" />
        <Variable Name="IContinueCallback"				Type="Interface" />
        <Variable Name="IEnumOleDocumentViews"			Type="Interface" />
        <Variable Name="IOleCommandTarget"				Type="Interface" />
        <Variable Name="IOleDocument"					Type="Interface" />
        <Variable Name="IOleDocumentSite"				Type="Interface" />
        <Variable Name="IOleDocumentView"				Type="Interface" />
        <Variable Name="IPrint"					        Type="Interface" />
        <Variable Name="IProtectedModeMenuServices"		Type="Interface" />
        <Variable Name="IProtectFocus"					Type="Interface" />
        <Variable Name="IZoomEvents"					Type="Interface" />
        <Variable Name="IPropertyStorage"				Type="Interface" />
        <Variable Name="IClassFactory"					Type="Interface" />

        <!-- Variables -->
        <Variable Name="WINOLEAPI"                      Type="Alias"    Base="STDAPI" />
        <Variable Name="HPROPSHEETPAGE"                 Type="Alias"    Base="LPVOID" />
        <Variable Name="HPROPSHEETPAGE*"                Type="Pointer"  Base="HPROPSHEETPAGE" />
        <Variable Name="LPCOLESTR"                      Type="Alias"    Base="LPCWSTR" />
        <Variable Name="LPOLESTR"                       Type="Alias"    Base="LPCWSTR" />
        <Variable Name="LPOLESTR*"                      Type="Pointer"  Base="LPOLESTR" />
        <Variable Name="const LPOLESTR"                 Type="Alias"    Base="LPOLESTR" />
        <Variable Name="OLECHAR"                        Type="Alias"    Base="WCHAR" />
        <Variable Name="OLECHAR*"                       Type="Pointer"  Base="OLECHAR" />
        <Variable Name="const OLECHAR*"                 Type="Alias"    Base="OLECHAR*" />
        <Variable Name="OLECHAR**"                      Type="Pointer"  Base="OLECHAR*" />
        <Variable Name="VARIANT_BOOL"                   Type="Alias"    Base="BOOL" />
        <Variable Name="VARIANT_BOOL*"                  Type="Pointer"  Base="VARIANT_BOOL" />
        <Variable Name="PROPID"                         Type="Alias"    Base="ULONG" />
        <Variable Name="PROPID*"                        Type="Pointer"  Base="PROPID" />
        <Variable Name="LPOLEOBJECT"                    Type="Alias"    Base="IOleObject*" />
        <Variable Name="LPMALLOC"                       Type="Alias"    Base="IMalloc*" />
        <Variable Name="LPMALLOC*"                      Type="Pointer"  Base="LPMALLOC" />
        <Variable Name="FMTID"                          Type="Alias"    Base="GUID" />
        <Variable Name="FMTID*"                         Type="Pointer"  Base="FMTID" />
        <Variable Name="const FMTID*"                   Type="Pointer"  Base="FMTID" />
        <Variable Name="REFFMTID"                       Type="Pointer"  Base="FMTID" />
        <Variable Name="CLIPFORMAT"                     Type="Pointer"  Base="WORD" />
        <Variable Name="CLIPFORMAT*"                    Type="Pointer"  Base="CLIPFORMAT" />
        <Variable Name="LPBC"                           Type="Alias"    Base="IBindCtx*" />
        <Variable Name="LPBC*"                          Type="Pointer"  Base="LPBC" />
        <Variable Name="LPBINDCTX"                      Type="Alias"    Base="IBindCtx*" />
        <Variable Name="LPCLASSFACTORY"                 Type="Alias"    Base="IClassFactory*" />
        <Variable Name="LPCLASSFACTORY FAR*"            Type="Pointer"  Base="LPCLASSFACTORY" />
        <Variable Name="LPSTORAGE"                      Type="Alias"    Base="IStorage*" />
        <Variable Name="LPOLECLIENTSITE"                Type="Alias"    Base="IOleClientSite*" />
        <Variable Name="LPMONIKER"                      Type="Alias"    Base="IMoniker*" />
        <Variable Name="LPMONIKER*"                     Type="Pointer"  Base="LPMONIKER" />
        <Variable Name="LPSTREAM"                       Type="Alias"    Base="IStream*" />
        <Variable Name="LPSTREAM*"                      Type="Pointer"  Base="LPSTREAM" />
        <Variable Name="LPDATAOBJECT"                   Type="Alias"    Base="IDataObject*" />
        <Variable Name="LPDATAOBJECT*"                  Type="Pointer"  Base="LPDATAOBJECT" />
        <Variable Name="struct IStorage*"               Type="Alias"    Base="IStorage*" />
        <Variable Name="CPFLAGS"                        Type="Alias"    Base="DWORD" />
        <Variable Name="CPFLAGS*"                       Type="Pointer"  Base="CPFLAGS" />
        <Variable Name="SNB"                            Type="Alias"    Base="LPOLESTR*" />
        <Variable Name="ALLOCATEMORE*"                  Type="Alias"    Base="LPVOID" />
        <Variable Name="HTASK"                          Type="Alias"    Base="HANDLE" />
        <Variable Name="LPCBORDERWIDTHS"                Type="Alias"    Base="LPCRECT" />
        <Variable Name="HOLEMENU"                       Type="Alias"    Base="HGLOBAL" />

        <!-- VARTYPE -->
        <Variable Name="VARTYPE" Type="Alias" Base="unsigned short">
            <Flag>
                <Set Name="VT_EMPTY"                Value="0" />
                <Set Name="VT_NULL"                 Value="1" />
                <Set Name="VT_I2"                   Value="2" />
                <Set Name="VT_I4"                   Value="3" />
                <Set Name="VT_R4"                   Value="4" />
                <Set Name="VT_R8"                   Value="5" />
                <Set Name="VT_CY"                   Value="6" />
                <Set Name="VT_DATE"                 Value="7" />
                <Set Name="VT_BSTR"                 Value="8" />
                <Set Name="VT_DISPATCH"             Value="9" />
                <Set Name="VT_ERROR"                Value="10" />
                <Set Name="VT_BOOL"                 Value="11" />
                <Set Name="VT_VARIANT"              Value="12" />
                <Set Name="VT_UNKNOWN"              Value="13" />
                <Set Name="VT_DECIMAL"              Value="14" />
                <Set Name="VT_I1"                   Value="16" />
                <Set Name="VT_UI1"                  Value="17" />
                <Set Name="VT_UI2"                  Value="18" />
                <Set Name="VT_UI4"                  Value="19" />
                <Set Name="VT_I8"                   Value="20" />
                <Set Name="VT_UI8"                  Value="21" />
                <Set Name="VT_INT"                  Value="22" />
                <Set Name="VT_UINT"                 Value="23" />
                <Set Name="VT_VOID"                 Value="24" />
                <Set Name="VT_HRESULT"              Value="25" />
                <Set Name="VT_PTR"                  Value="26" />
                <Set Name="VT_SAFEARRAY"            Value="27" />
                <Set Name="VT_CARRAY"               Value="28" />
                <Set Name="VT_USERDEFINED"          Value="29" />
                <Set Name="VT_LPSTR"                Value="30" />
                <Set Name="VT_LPWSTR"               Value="31" />
                <Set Name="VT_RECORD"               Value="36" />
                <Set Name="VT_INT_PTR"              Value="37" />
                <Set Name="VT_UINT_PTR"             Value="38" />
                <Set Name="VT_FILETIME"             Value="64" />
                <Set Name="VT_BLOB"                 Value="65" />
                <Set Name="VT_STREAM"               Value="66" />
                <Set Name="VT_STORAGE"              Value="67" />
                <Set Name="VT_STREAMED_OBJECT"      Value="68" />
                <Set Name="VT_STORED_OBJECT"        Value="69" />
                <Set Name="VT_BLOB_OBJECT"          Value="70" />
                <Set Name="VT_CF"                   Value="71" />
                <Set Name="VT_CLSID"                Value="72" />
                <Set Name="VT_VERSIONED_STREAM"     Value="73" />
                <Set Name="VT_BSTR_BLOB"            Value="0xfff" />
                <Set Name="VT_VECTOR"               Value="0x1000" />
                <Set Name="VT_ARRAY"                Value="0x2000" />
                <Set Name="VT_BYREF"                Value="0x4000" />
                <Set Name="VT_RESERVED"             Value="0x8000" />
            </Flag>
        </Variable>

        <!-- VARIANT -->
        <!-- TODO: Temporary definition until unions are supported -->
        <Variable Name="VARIANT" Type="Struct">
            <Field TYPE="VARTYPE" Name="vt" />
            <Field TYPE="WORD" Name="wReserved1" />
            <Field TYPE="WORD" Name="wReserved2" />
            <Field TYPE="WORD" Name="wReserved3" />
            <Field TYPE="LONG" Name="lVal" />
            <Field TYPE="LPVOID" Name="[Other values are currently unsupported]" />
        </Variable>
        <Variable Name="VARIANT*"  Type="Pointer"   Base="VARIANT" />
        <Variable Name="VARIANT**" Type="Pointer"  Base="VARIANT*" />

        <!-- PROPVARIANT -->
        <Variable Name="PROPVARIANT"                    Type="Alias"    Base="VARIANT" />
        <Variable Name="PROPVARIANT*"                   Type="Pointer"  Base="PROPVARIANT" />
        <Variable Name="PROPVARIANT**"                  Type="Pointer"  Base="PROPVARIANT*" />
        <Variable Name="const PROPVARIANT*"             Type="Alias"    Base="PROPVARIANT*" />
        <Variable Name="REFPROPVARIANT"                 Type="Alias"    Base="PROPVARIANT*" />

        <!-- TODO: Structures -->
        <Variable Name="LPCPROPSHEETPAGE"               Type="Alias"    Base="LPVOID" />
        <Variable Name="LPCPROPSHEETHEADER"             Type="Alias"    Base="LPVOID" />
        <Variable Name="LPPROPSHEETHEADER"              Type="Alias"    Base="LPVOID" />
        <Variable Name="DVTARGETDEVICE*"                Type="Alias"    Base="LPVOID" />
        <Variable Name="DVTARGETDEVICE**"               Type="Pointer"  Base="DVTARGETDEVICE*" />
        <Variable Name="const DVTARGETDEVICE*"          Type="Alias"    Base="DVTARGETDEVICE*" />
        <Variable Name="SERIALIZEDPROPERTYVALUE*"       Type="Alias"    Base="LPVOID" />
        <Variable Name="SERIALIZEDPROPERTYVALUE**"      Type="Pointer"  Base="SERIALIZEDPROPERTYVALUE*" />
        <Variable Name="uCLSSPEC*"                      Type="Alias"    Base="LPVOID" />
        <Variable Name="STGMEDIUM*"                     Type="Alias"    Base="LPVOID" />
        <Variable Name="const STGMEDIUM*"               Type="Alias"    Base="STGMEDIUM*" />
        <Variable Name="LPSTGMEDIUM"                    Type="Alias"    Base="STGMEDIUM*" />
        <Variable Name="RPCOLEMESSAGE*"                 Type="Alias"    Base="LPVOID" />
        <Variable Name="LPOLEMENUGROUPWIDTHS"           Type="Alias"    Base="LPVOID" />
        <Variable Name="LOGPALETTE*"                    Type="Alias"    Base="LPVOID" />
        <Variable Name="LOGPALETTE**"                   Type="Pointer"  Base="LOGPALETTE*" />

        <!-- FORMATETC -->
        <Variable Name="FORMATETC" Type="Struct">
            <Field Type="CLIPFORMAT" 	    Name="cfFormat" />
            <Field Type="DVTARGETDEVICE*" 	Name="ptd" />
            <Field Type="DWORD" 	        Name="dwAspect" />
            <Field Type="LONG" 	            Name="lindex" />
            <Field Type="DWORD" 	        Name="tymed" />
        </Variable>
        <Variable Name="FORMATETC*"  Type="Pointer" Base="FORMATETC" />
        <Variable Name="LPFORMATETC" Type="Pointer" Base="FORMATETC" />

        <!-- GETPROPERTYSTOREFLAGS -->
        <Variable Name="GETPROPERTYSTOREFLAGS" Type="Alias" Base="UINT">
            <Flag>
                <Set Name="GPS_DEFAULT"                 Value="0" />
                <Set Name="GPS_HANDLERPROPERTIESONLY"   Value="0x1" />
                <Set Name="GPS_READWRITE"               Value="0x2" />
                <Set Name="GPS_TEMPORARY"               Value="0x4" />
                <Set Name="GPS_FASTPROPERTIESONLY"      Value="0x8" />
                <Set Name="GPS_OPENSLOWITEM"            Value="0x10" />
                <Set Name="GPS_DELAYCREATION"           Value="0x20" />
                <Set Name="GPS_BESTEFFORT"              Value="0x40" />
                <Set Name="GPS_NO_OPLOCK"               Value="0x80" />
                <Set Name="GPS_MASK_VALID"              Value="0xff" />
            </Flag>
        </Variable>

        <!-- PROPERTYKEY -->
        <Variable Name="PROPERTYKEY" Type="Struct">
            <Field Type="GUID" 	    Name="fmtid" />
            <Field Type="DWORD" 	Name="pid" />
        </Variable>
        <Variable Name="PROPERTYKEY*"       Type="Pointer" Base="PROPERTYKEY" />
        <Variable Name="REFPROPERTYKEY"     Type="Pointer" Base="PROPERTYKEY" />
        <Variable Name="const PROPERTYKEY*" Type="Pointer" Base="PROPERTYKEY" />

        <!-- CSPLATFORM -->
        <Variable Name="CSPLATFORM" Type="Struct">
            <Field Type="DWORD" 	Name="dwPlatformId" />
            <Field Type="DWORD" 	Name="dwVersionHi" />
            <Field Type="DWORD" 	Name="dwVersionLo" />
            <Field Type="DWORD" 	Name="dwProcessorArch" />
        </Variable>
        
        <!-- QUERYCONTEXT -->
        <Variable Name="QUERYCONTEXT" Type="Struct">
            <Field Type="DWORD" 	    Name="dwContext" />
            <Field Type="CSPLATFORM" 	Name="Platform" />
            <Field Type="LCID" 	        Name="Locale" />
            <Field Type="DWORD" 	    Name="dwVersionHi" />
            <Field Type="DWORD" 	    Name="dwVersionLo" />
        </Variable>
        <Variable Name="QUERYCONTEXT*" Type="Pointer" Base="QUERYCONTEXT" />

        <!-- MULTI_QI -->
        <Variable Name="MULTI_QI" Type="Struct">
            <Field Type="const IID*"	Name="pIID" />
            <Field Type="IUnknown*"	    Name="pItf" />
            <Field Type="HRESULT" 	    Name="hr" />
        </Variable>
        <Variable Name="MULTI_QI*" Type="Pointer" Base="MULTI_QI" />

        <!-- [StgmFlags]-->
        <Variable Name="[StgmFlags]" Type="Alias" Base="DWORD">
            <Display Name="DWORD" />
            <Flag>
                <Set Name="STGM_DIRECT"             Value="0x00000000" />
                <Set Name="STGM_TRANSACTED"         Value="0x00010000" />
                <Set Name="STGM_SIMPLE"             Value="0x08000000" />
                <Set Name="STGM_READ"               Value="0x00000000" />
                <Set Name="STGM_WRITE"              Value="0x00000001" />
                <Set Name="STGM_READWRITE"          Value="0x00000002" />
                <Set Name="STGM_SHARE_DENY_NONE"    Value="0x00000040" />
                <Set Name="STGM_SHARE_DENY_READ"    Value="0x00000030" />
                <Set Name="STGM_SHARE_DENY_WRITE"   Value="0x00000020" />
                <Set Name="STGM_SHARE_EXCLUSIVE"    Value="0x00000010" />
                <Set Name="STGM_PRIORITY"           Value="0x00040000" />
                <Set Name="STGM_DELETEONRELEASE"    Value="0x04000000" />
                <Set Name="STGM_NOSCRATCH"          Value="0x00100000" />
                <Set Name="STGM_CREATE"             Value="0x00001000" />
                <Set Name="STGM_CONVERT"            Value="0x00020000" />
                <Set Name="STGM_FAILIFTHERE"        Value="0x00000000" />
                <Set Name="STGM_NOSNAPSHOT"         Value="0x00200000" />
                <Set Name="STGM_DIRECT_SWMR"        Value="0x00400000" />
            </Flag>
        </Variable>

        <!-- THDTYPE -->
        <Variable Name="THDTYPE" Type="Alias" Base="UINT">
            <Enum>
                <Set Name="THDTYPE_BLOCKMESSAGES"       Value="0" />
                <Set Name="THDTYPE_PROCESSMESSAGES"		Value="1" />
            </Enum>
        </Variable>
        <Variable Name="THDTYPE*" Type="Pointer" Base="THDTYPE" />

        <!-- GLOBALOPT_PROPERTIES -->
        <Variable Name="GLOBALOPT_PROPERTIES" Type="Alias" Base="UINT">
            <Enum>
                <Set Name="COMGLB_EXCEPTION_HANDLING"       Value="1" />
                <Set Name="COMGLB_APPID"					Value="2" />
                <Set Name="COMGLB_RPC_THREADPOOL_SETTING"	Value="3" />
            </Enum>
        </Variable>

        <!-- RPCOPT_PROPERTIES-->
        <Variable Name="RPCOPT_PROPERTIES" Type="Alias" Base="UINT">
            <Enum>
                <Set Name="COMBND_RPCTIMEOUT"           Value="0x1" />
                <Set Name="COMBND_SERVER_LOCALITY"		Value="0x2" />
            </Enum>
        </Variable>

        <!-- ApplicationType -->
        <Variable Name="ApplicationType" Type="Alias" Base="UINT">
            <Enum>
                <Set Name="ServerApplication"       Value="0" />
                <Set Name="LibraryApplication"		Value="1" />
            </Enum>
        </Variable>

        <!-- ShutdownType -->
        <Variable Name="ShutdownType" Type="Alias" Base="UINT">
            <Enum>
                <Set Name="IdleShutdown"    Value="0" />
                <Set Name="ForcedShutdown"	Value="1" />
            </Enum>
        </Variable>

        <!-- LOCKTYPE -->
        <Variable Name="LOCKTYPE" Type="Alias" Base="DWORD">
            <Display Name="DWORD" />
            <Flag>
                <Set Name="LOCK_WRITE"      Value="1" />
                <Set Name="LOCK_EXCLUSIVE"	Value="2" />
                <Set Name="LOCK_ONLYONCE"	Value="4" />
            </Flag>
        </Variable>

        <!-- ADVF -->
        <Variable Name="ADVF" Type="Alias" Base="DWORD">
            <Display Name="DWORD" />
            <Flag>
                <Set Name="ADVF_NODATA"                 Value="1" />
                <Set Name="ADVF_PRIMEFIRST"				Value="2" />
                <Set Name="ADVF_ONLYONCE"				Value="4" />
                <Set Name="ADVF_DATAONSTOP"				Value="64" />
                <Set Name="ADVFCACHE_NOHANDLER"			Value="8" />
                <Set Name="ADVFCACHE_FORCEBUILTIN"		Value="16" />
                <Set Name="ADVFCACHE_ONSAVE"			Value="32" />
            </Flag>
        </Variable>
        <Variable Name="ADVF*" Type="Pointer" Base="ADVF">
            <Display Name="DWORD*" />
        </Variable>

        <!-- APTTYPE -->
        <Variable Name="APTTYPE" Type="Alias" Base="UINT">
            <Enum>
                <Set Name="APTTYPE_CURRENT"     Value="-1" />
                <Set Name="APTTYPE_STA"         Value="0" />
                <Set Name="APTTYPE_MTA"         Value="1" />
                <Set Name="APTTYPE_NA"          Value="2" />
                <Set Name="APTTYPE_MAINSTA"     Value="3" />
            </Enum>
        </Variable>
        <Variable Name="APTTYPE*" Type="Pointer" Base="APTTYPE" />

        <!-- APTTYPEQUALIFIER -->
        <Variable Name="APTTYPEQUALIFIER" Type="Alias" Base="UINT">
            <Enum>
                <Set Name="APTTYPEQUALIFIER_NONE"               Value="0" />
                <Set Name="APTTYPEQUALIFIER_IMPLICIT_MTA"       Value="1" />
                <Set Name="APTTYPEQUALIFIER_NA_ON_MTA"          Value="2" />
                <Set Name="APTTYPEQUALIFIER_NA_ON_STA"          Value="3" />
                <Set Name="APTTYPEQUALIFIER_NA_ON_IMPLICIT_MTA" Value="4" />
                <Set Name="APTTYPEQUALIFIER_NA_ON_MAINSTA"      Value="5"  />
            </Enum>
        </Variable>
        <Variable Name="APTTYPEQUALIFIER*" Type="Pointer" Base="APTTYPEQUALIFIER" />

        <!-- DISPID -->
        <Variable Name="DISPID" Type="Alias" Base="LONG">
            <Enum>
                <Set Name="DISPID_UNKNOWN"                          Value="-1" />
                <Set Name="DISPID_VALUE"                            Value="0" />
                <Set Name="DISPID_PROPERTYPUT"                      Value="-3" />
                <Set Name="DISPID_NEWENUM"                          Value="-4" />
                <Set Name="DISPID_EVALUATE"                         Value="-5" />
                <Set Name="DISPID_CONSTRUCTOR"                      Value="-6" />
                <Set Name="DISPID_DESTRUCTOR"                       Value="-7" />
                <Set Name="DISPID_COLLECT"                          Value="-8" />
                <Set Name="DISPID_AUTOSIZE"                         Value="-500" />
                <Set Name="DISPID_BACKCOLOR"                        Value="-501" />
                <Set Name="DISPID_BACKSTYLE"                        Value="-502" />
                <Set Name="DISPID_BORDERCOLOR"                      Value="-503" />
                <Set Name="DISPID_BORDERSTYLE"                      Value="-504" />
                <Set Name="DISPID_BORDERWIDTH"                      Value="-505" />
                <Set Name="DISPID_DRAWMODE"                         Value="-507" />
                <Set Name="DISPID_DRAWSTYLE"                        Value="-508" />
                <Set Name="DISPID_DRAWWIDTH"                        Value="-509" />
                <Set Name="DISPID_FILLCOLOR"                        Value="-510" />
                <Set Name="DISPID_FILLSTYLE"                        Value="-511" />
                <Set Name="DISPID_FONT"                             Value="-512" />
                <Set Name="DISPID_FORECOLOR"                        Value="-513" />
                <Set Name="DISPID_ENABLED"                          Value="-514" />
                <Set Name="DISPID_HWND"                             Value="-515" />
                <Set Name="DISPID_TABSTOP"                          Value="-516" />
                <Set Name="DISPID_TEXT"                             Value="-517" />
                <Set Name="DISPID_CAPTION"                          Value="-518" />
                <Set Name="DISPID_BORDERVISIBLE"                    Value="-519" />
                <Set Name="DISPID_APPEARANCE"                       Value="-520" />
                <Set Name="DISPID_MOUSEPOINTER"                     Value="-521" />
                <Set Name="DISPID_MOUSEICON"                        Value="-522" />
                <Set Name="DISPID_PICTURE"                          Value="-523" />
                <Set Name="DISPID_VALID"                            Value="-524" />
                <Set Name="DISPID_READYSTATE"                       Value="-525" />
                <Set Name="DISPID_LISTINDEX"                        Value="-526" />
                <Set Name="DISPID_SELECTED"                         Value="-527" />
                <Set Name="DISPID_LIST"                             Value="-528" />
                <Set Name="DISPID_COLUMN"                           Value="-529" />
                <Set Name="DISPID_LISTCOUNT"                        Value="-531" />
                <Set Name="DISPID_MULTISELECT"                      Value="-532" />
                <Set Name="DISPID_MAXLENGTH"                        Value="-533" />
                <Set Name="DISPID_PASSWORDCHAR"                     Value="-534" />
                <Set Name="DISPID_SCROLLBARS"                       Value="-535" />
                <Set Name="DISPID_WORDWRAP"                         Value="-536" />
                <Set Name="DISPID_MULTILINE"                        Value="-537" />
                <Set Name="DISPID_NUMBEROFROWS"                     Value="-538" />
                <Set Name="DISPID_NUMBEROFCOLUMNS"                  Value="-539" />
                <Set Name="DISPID_DISPLAYSTYLE"                     Value="-540" />
                <Set Name="DISPID_GROUPNAME"                        Value="-541" />
                <Set Name="DISPID_IMEMODE"                          Value="-542" />
                <Set Name="DISPID_ACCELERATOR"                      Value="-543" />
                <Set Name="DISPID_ENTERKEYBEHAVIOR"                 Value="-544" />
                <Set Name="DISPID_TABKEYBEHAVIOR"                   Value="-545" />
                <Set Name="DISPID_SELTEXT"                          Value="-546" />
                <Set Name="DISPID_SELSTART"                         Value="-547" />
                <Set Name="DISPID_SELLENGTH"                        Value="-548" />
                <Set Name="DISPID_REFRESH"                          Value="-550" />
                <Set Name="DISPID_DOCLICK"                          Value="-551" />
                <Set Name="DISPID_ABOUTBOX"                         Value="-552" />
                <Set Name="DISPID_ADDITEM"                          Value="-553" />
                <Set Name="DISPID_CLEAR"                            Value="-554" />
                <Set Name="DISPID_REMOVEITEM"                       Value="-555" />
                <Set Name="DISPID_CLICK"                            Value="-600" />
                <Set Name="DISPID_DBLCLICK"                         Value="-601" />
                <Set Name="DISPID_KEYDOWN"                          Value="-602" />
                <Set Name="DISPID_KEYPRESS"                         Value="-603" />
                <Set Name="DISPID_KEYUP"                            Value="-604" />
                <Set Name="DISPID_MOUSEDOWN"                        Value="-605" />
                <Set Name="DISPID_MOUSEMOVE"                        Value="-606" />
                <Set Name="DISPID_MOUSEUP"                          Value="-607" />
                <Set Name="DISPID_ERROREVENT"                       Value="-608" />
                <Set Name="DISPID_READYSTATECHANGE"                 Value="-609" />
                <Set Name="DISPID_CLICK_VALUE"                      Value="-610" />
                <Set Name="DISPID_RIGHTTOLEFT"                      Value="-611" />
                <Set Name="DISPID_TOPTOBOTTOM"                      Value="-612" />
                <Set Name="DISPID_THIS"                             Value="-613" />
                <Set Name="DISPID_AMBIENT_BACKCOLOR"                Value="-701" />
                <Set Name="DISPID_AMBIENT_DISPLAYNAME"              Value="-702" />
                <Set Name="DISPID_AMBIENT_FONT"                     Value="-703" />
                <Set Name="DISPID_AMBIENT_FORECOLOR"                Value="-704" />
                <Set Name="DISPID_AMBIENT_LOCALEID"                 Value="-705" />
                <Set Name="DISPID_AMBIENT_MESSAGEREFLECT"           Value="-706" />
                <Set Name="DISPID_AMBIENT_SCALEUNITS"               Value="-707" />
                <Set Name="DISPID_AMBIENT_TEXTALIGN"                Value="-708" />
                <Set Name="DISPID_AMBIENT_USERMODE"                 Value="-709" />
                <Set Name="DISPID_AMBIENT_UIDEAD"                   Value="-710" />
                <Set Name="DISPID_AMBIENT_SHOWGRABHANDLES"          Value="-711" />
                <Set Name="DISPID_AMBIENT_SHOWHATCHING"             Value="-712" />
                <Set Name="DISPID_AMBIENT_DISPLAYASDEFAULT"         Value="-713" />
                <Set Name="DISPID_AMBIENT_SUPPORTSMNEMONICS"        Value="-714" />
                <Set Name="DISPID_AMBIENT_AUTOCLIP"                 Value="-715" />
                <Set Name="DISPID_AMBIENT_APPEARANCE"               Value="-716" />
                <Set Name="DISPID_AMBIENT_CODEPAGE"                 Value="-725" />
                <Set Name="DISPID_AMBIENT_PALETTE"                  Value="-726" />
                <Set Name="DISPID_AMBIENT_CHARSET"                  Value="-727" />
                <Set Name="DISPID_AMBIENT_TRANSFERPRIORITY"         Value="-728" />
                <Set Name="DISPID_AMBIENT_RIGHTTOLEFT"              Value="-732" />
                <Set Name="DISPID_AMBIENT_TOPTOBOTTOM"              Value="-733" />
                <Set Name="DISPID_Name"                             Value="-800" />
                <Set Name="DISPID_Delete"                           Value="-801" />
                <Set Name="DISPID_Object"                           Value="-802" />
                <Set Name="DISPID_Parent"                           Value="-803" />
            </Enum>
        </Variable>
        <Variable Name="DISPID*" Type="Pointer" Base="DISPID" />

        <!-- BIND_OPTS -->
        <Variable Name="BIND_OPTS" Type="Struct">
            <Field Type="DWORD"     Name="cbStruct" />
            <Field Type="DWORD"     Name="grfFlags" />
            <Field Type="DWORD"     Name="grfMode" />
            <Field Type="DWORD"     Name="dwTickCountDeadline" />
        </Variable>
        <Variable Name="BIND_OPTS*" Type="Pointer" Base="BIND_OPTS" />

        <!-- STATSTG -->
        <Variable Name="STATSTG" Type="Struct">
            <Field Type="LPOLESTR" 	        Name="pwcsName" />
            <Field Type="DWORD" 	        Name="type" />
            <Field Type="ULARGE_INTEGER" 	Name="cbSize" />
            <Field Type="FILETIME" 	        Name="mtime" />
            <Field Type="FILETIME" 	        Name="ctime" />
            <Field Type="FILETIME" 	        Name="atime" />
            <Field Type="DWORD" 	        Name="grfMode" />
            <Field Type="DWORD" 	        Name="grfLocksSupported" />
            <Field Type="CLSID" 	        Name="clsid" />
            <Field Type="DWORD" 	        Name="grfStateBits" />
            <Field Type="DWORD" 	        Name="reserved" />
        </Variable>
        <Variable Name="STATSTG*" Type="Pointer" Base="STATSTG" />

        <!-- INTERFACEINFO -->
        <Variable Name="INTERFACEINFO" Type="Struct">
            <Field Type="IUnknown*"	    Name="pUnk" />
            <Field Type="IID" 	        Name="iid" />
            <Field Type="WORD" 	        Name="wMethod" />
        </Variable>
        <Variable Name="LPINTERFACEINFO" Type="Pointer" Base="INTERFACEINFO" />

        <!-- OLEINPLACEFRAMEINFO -->
        <Variable Name="OLEINPLACEFRAMEINFO" Type="Struct">
            <Field Type="UINT" 	    Name="cb" />
            <Field Type="BOOL" 	    Name="fMDIApp" />
            <Field Type="HWND" 	    Name="hwndFrame" />
            <Field Type="HACCEL"    Name="haccel" />
            <Field Type="UINT" 	    Name="cAccelEntries" />
        </Variable>
        <Variable Name="LPOLEINPLACEFRAMEINFO" Type="Pointer" Base="OLEINPLACEFRAMEINFO" />

        <!-- OLEVERB -->
        <Variable Name="OLEVERB" Type="Struct">
            <Field Type="LONG" 	    Name="lVerb" />
            <Field Type="LPOLESTR" 	Name="lpszVerbName" />
            <Field Type="DWORD" 	Name="fuFlags" />
            <Field Type="DWORD" 	Name="grfAttribs" />
        </Variable>
        <Variable Name="LPOLEVERB" Type="Pointer" Base="OLEVERB" />

        <!-- STATDATA -->
        <Variable Name="STATDATA" Type="Struct">
            <Field Type="FORMATETC" 	Name="formatetc" />
            <Field Type="DWORD" 	    Name="advf" />
            <Field Type="IAdviseSink*" 	Name="pAdvSink" />
            <Field Type="DWORD" 	    Name="dwConnection" />
        </Variable>
        <Variable Name="STATDATA*" Type="Pointer" Base="STATDATA" />

        <!-- ContextProperty -->
        <Variable Name="ContextProperty" Type="Struct">
            <Field Type="GUID" 	        Name="policyId" />
            <Field Type="CPFLAGS" 	    Name="flags" />
            <Field Type="IUnknown*" 	Name="pUnk" />
        </Variable>
        <Variable Name="ContextProperty*" Type="Pointer" Base="ContextProperty" />

        <!-- StorageLayout -->
        <Variable Name="StorageLayout" Type="Struct">
            <Field Type="DWORD" 	        Name="LayoutType" />
            <Field Type="OLECHAR*" 	        Name="pwcsElementName" />
            <Field Type="LARGE_INTEGER" 	Name="cOffset" />
            <Field Type="LARGE_INTEGER" 	Name="cBytes" />
        </Variable>
        <Variable Name="StorageLayout*" Type="Pointer" Base="StorageLayout" />

        <!-- OLECMDF -->
        <Variable Name="OLECMDF" Type="Alias" Base="DWORD">
            <Display Name="DWORD" />
            <Flag>
                <Set Name="OLECMDF_SUPPORTED"           Value="0x1" />
                <Set Name="OLECMDF_ENABLED"             Value="0x2" />
                <Set Name="OLECMDF_LATCHED"             Value="0x4" />
                <Set Name="OLECMDF_NINCHED"             Value="0x8" />
                <Set Name="OLECMDF_INVISIBLE"           Value="0x10" />
                <Set Name="OLECMDF_DEFHIDEONCTXTMENU"   Value="0x20" />
            </Flag>
        </Variable>
        <Variable Name="OLECMDF*" Type="Pointer" Base="OLECMDF" />

    </Headers>
</ApiMonitor>