<!--
    API Monitor Definitions
    (c) 2010-2011, Rohitab Batra <rohitab@rohitab.com>
    http://www.rohitab.com/apimonitor/
-->
<ApiMonitor>
    <Include Filename="Headers\windows.h.xml" />
    <Headers>

        <!-- SC_STATUS_TYPE -->-->
        <Variable Name="SC_STATUS_TYPE" Type="Alias" Base="UINT">
            <Enum>
                <Set Name="SC_STATUS_PROCESS_INFO"  Value="0" />
            </Enum>
        </Variable>

        <!-- [ServiceType] -->
        <Variable Name="[ServiceType]" Type="Alias" Base="DWORD">
            <Display Name="DWORD" />
            <Flag>
                <Set Name="SERVICE_KERNEL_DRIVER"           Value="0x00000001" />
                <Set Name="SERVICE_FILE_SYSTEM_DRIVER"      Value="0x00000002" />
                <Set Name="SERVICE_ADAPTER"                 Value="0x00000004" />
                <Set Name="SERVICE_RECOGNIZER_DRIVER"       Value="0x00000008" />
                <Set Name="SERVICE_DRIVER"                  Value="0x0000000B" />
                <Set Name="SERVICE_WIN32_OWN_PROCESS"       Value="0x00000010" />
                <Set Name="SERVICE_WIN32_SHARE_PROCESS"     Value="0x00000020" />
                <Set Name="SERVICE_INTERACTIVE_PROCESS"     Value="0x00000100" />
                <Set Name="SERVICE_WIN32"                   Value="0x00000030" />
                <Set Name="SERVICE_NO_CHANGE"               Value="0xffffffff" />
            </Flag>
        </Variable>

        <!-- [ServiceState] -->
        <Variable Name="[ServiceState]" Type="Alias" Base="DWORD">
            <Display Name="DWORD" />
            <Flag>
                <Set Name="SERVICE_ACTIVE"      Value="0x00000001" />
                <Set Name="SERVICE_INACTIVE"    Value="0x00000002" />
                <Set Name="SERVICE_STATE_ALL"   Value="0x00000003" />
            </Flag>
        </Variable>

        <!-- [ServiceCurrentState] -->
        <Variable Name="[ServiceCurrentState]" Type="Alias" Base="DWORD">
            <Display Name="DWORD" />
            <Enum>
                <Set Name="SERVICE_STOPPED"                 Value="0x00000001" />
                <Set Name="SERVICE_START_PENDING"           Value="0x00000002" />
                <Set Name="SERVICE_STOP_PENDING"            Value="0x00000003" />
                <Set Name="SERVICE_RUNNING"                 Value="0x00000004" />
                <Set Name="SERVICE_CONTINUE_PENDING"        Value="0x00000005" />
                <Set Name="SERVICE_PAUSE_PENDING"           Value="0x00000006" />
                <Set Name="SERVICE_PAUSED"                  Value="0x00000007" />
            </Enum>
        </Variable>

        <!-- [ServiceStartType] -->
        <Variable Name="[ServiceStartType]" Type="Alias" Base="DWORD">
            <Display Name="DWORD" />
            <Enum>
                <Set Name="SERVICE_BOOT_START"      Value="0x00000000" />
                <Set Name="SERVICE_SYSTEM_START"    Value="0x00000001" />
                <Set Name="SERVICE_AUTO_START"      Value="0x00000002" />
                <Set Name="SERVICE_DEMAND_START"    Value="0x00000003" />
                <Set Name="SERVICE_DISABLED"        Value="0x00000004" />
                <Set Name="SERVICE_NO_CHANGE"       Value="0xffffffff" />
            </Enum>
        </Variable>

        <!-- [ServiceErrorControl] -->
        <Variable Name="[ServiceErrorControl]" Type="Alias" Base="DWORD">
            <Display Name="DWORD" />
            <Enum>
                <Set Name="SERVICE_ERROR_IGNORE"    Value="0x00000000" />
                <Set Name="SERVICE_ERROR_NORMAL"    Value="0x00000001" />
                <Set Name="SERVICE_ERROR_SEVERE"    Value="0x00000002" />
                <Set Name="SERVICE_ERROR_CRITICAL"  Value="0x00000003" />
                <Set Name="SERVICE_NO_CHANGE"       Value="0xffffffff" />
            </Enum>
        </Variable>

        <!-- [ServiceInfoLevel] -->
        <Variable Name="[ServiceInfoLevel]" Type="Alias" Base="DWORD">
            <Display Name="DWORD" />
            <Enum>
                <Set Name="SERVICE_CONFIG_DESCRIPTION"              Value="1" />
                <Set Name="SERVICE_CONFIG_FAILURE_ACTIONS"          Value="2" />
                <Set Name="SERVICE_CONFIG_DELAYED_AUTO_START_INFO"  Value="3" />
                <Set Name="SERVICE_CONFIG_FAILURE_ACTIONS_FLAG"     Value="4" />
                <Set Name="SERVICE_CONFIG_SERVICE_SID_INFO"         Value="5" />
                <Set Name="SERVICE_CONFIG_REQUIRED_PRIVILEGES_INFO" Value="6" />
                <Set Name="SERVICE_CONFIG_PRESHUTDOWN_INFO"         Value="7" />
                <Set Name="SERVICE_CONFIG_TRIGGER_INFO"             Value="8" />
                <Set Name="SERVICE_CONFIG_PREFERRED_NODE"           Value="9" />
            </Enum>
        </Variable>

        <!-- [SCManagerAccess] -->
        <Variable Name="[SCManagerAccess]" Type="Alias" Base="DWORD">
            <Display Name="DWORD" />
            <Flag>
                <Set Name="GENERIC_READ"                    Value="0x80000000" />
                <Set Name="GENERIC_WRITE"                   Value="0x40000000" />
                <Set Name="GENERIC_EXECUTE"                 Value="0x20000000" />
                <Set Name="SC_MANAGER_CONNECT"              Value="0x0001" />
                <Set Name="SC_MANAGER_CREATE_SERVICE"       Value="0x0002" />
                <Set Name="SC_MANAGER_ENUMERATE_SERVICE"    Value="0x0004" />
                <Set Name="SC_MANAGER_LOCK"                 Value="0x0008" />
                <Set Name="SC_MANAGER_QUERY_LOCK_STATUS"    Value="0x0010" />
                <Set Name="SC_MANAGER_MODIFY_BOOT_CONFIG"   Value="0x0020" />
                <Set Name="SC_MANAGER_ALL_ACCESS"           Value="0xF003F" />
            </Flag>
        </Variable>

        <!-- [ServiceAccess] -->
        <Variable Name="[ServiceAccess]" Type="Alias" Base="DWORD">
            <Display Name="DWORD" />
            <Flag>
                <Set Name="SERVICE_QUERY_CONFIG"            Value="0x0001" />
                <Set Name="SERVICE_CHANGE_CONFIG"           Value="0x0002" />
                <Set Name="SERVICE_QUERY_STATUS"            Value="0x0004" />
                <Set Name="SERVICE_ENUMERATE_DEPENDENTS"    Value="0x0008" />
                <Set Name="SERVICE_START"                   Value="0x0010" />
                <Set Name="SERVICE_STOP"                    Value="0x0020" />
                <Set Name="SERVICE_PAUSE_CONTINUE"          Value="0x0040" />
                <Set Name="SERVICE_INTERROGATE"             Value="0x0080" />
                <Set Name="SERVICE_USER_DEFINED_CONTROL"    Value="0x0100" />
                <Set Name="SERVICE_ALL_ACCESS"              Value="0xF01FF" />
                <Set Name="ACCESS_SYSTEM_SECURITY"          Value="0x01000000" />
                <Set Name="DELETE"                          Value="0x00010000" />
                <Set Name="READ_CONTROL"                    Value="0x00020000" />
                <Set Name="WRITE_DAC"                       Value="0x00040000" />
                <Set Name="WRITE_OWNER"                     Value="0x00080000" />
                <Set Name="GENERIC_READ"                    Value="0x80000000" />
                <Set Name="GENERIC_WRITE"                   Value="0x40000000" />
                <Set Name="GENERIC_EXECUTE"                 Value="0x20000000" />
            </Flag>
        </Variable>

        <!-- [ServiceControl] -->
        <Variable Name="[ServiceControl]" Type="Alias" Base="DWORD">
            <Display Name="DWORD" />
            <Enum>
                <Set Name="SERVICE_CONTROL_STOP"                    Value="0x00000001" />
                <Set Name="SERVICE_CONTROL_PAUSE"                   Value="0x00000002" />
                <Set Name="SERVICE_CONTROL_CONTINUE"                Value="0x00000003" />
                <Set Name="SERVICE_CONTROL_INTERROGATE"             Value="0x00000004" />
                <Set Name="SERVICE_CONTROL_SHUTDOWN"                Value="0x00000005" />
                <Set Name="SERVICE_CONTROL_PARAMCHANGE"             Value="0x00000006" />
                <Set Name="SERVICE_CONTROL_NETBINDADD"              Value="0x00000007" />
                <Set Name="SERVICE_CONTROL_NETBINDREMOVE"           Value="0x00000008" />
                <Set Name="SERVICE_CONTROL_NETBINDENABLE"           Value="0x00000009" />
                <Set Name="SERVICE_CONTROL_NETBINDDISABLE"          Value="0x0000000A" />
                <Set Name="SERVICE_CONTROL_DEVICEEVENT"             Value="0x0000000B" />
                <Set Name="SERVICE_CONTROL_HARDWAREPROFILECHANGE"   Value="0x0000000C" />
                <Set Name="SERVICE_CONTROL_POWEREVENT"              Value="0x0000000D" />
                <Set Name="SERVICE_CONTROL_SESSIONCHANGE"           Value="0x0000000E" />
                <Set Name="SERVICE_CONTROL_PRESHUTDOWN"             Value="0x0000000F" />
            </Enum>
        </Variable>

        <!-- [ServiceAcceptControls] -->
        <Variable Name="[ServiceAcceptControls]" Type="Alias" Base="DWORD">
            <Display Name="DWORD" />
            <Flag>
                <Set Name="SERVICE_ACCEPT_STOP"                    	Value="0x00000001" />
                <Set Name="SERVICE_ACCEPT_PAUSE_CONTINUE"          	Value="0x00000002" />
                <Set Name="SERVICE_ACCEPT_SHUTDOWN"                	Value="0x00000004" />
                <Set Name="SERVICE_ACCEPT_PARAMCHANGE"             	Value="0x00000008" />
                <Set Name="SERVICE_ACCEPT_NETBINDCHANGE"           	Value="0x00000010" />
                <Set Name="SERVICE_ACCEPT_HARDWAREPROFILECHANGE"    Value="0x00000020" />
                <Set Name="SERVICE_ACCEPT_POWEREVENT"              	Value="0x00000040" />
                <Set Name="SERVICE_ACCEPT_SESSIONCHANGE"           	Value="0x00000080" />
                <Set Name="SERVICE_ACCEPT_PRESHUTDOWN"             	Value="0x00000100" />
                <Set Name="SERVICE_ACCEPT_TIMECHANGE"              	Value="0x00000200" />
                <Set Name="SERVICE_ACCEPT_TRIGGEREVENT"            	Value="0x00000400" />
            </Flag>
        </Variable>

        <!-- [ServiceNotifyMask] -->
        <Variable Name="[ServiceNotifyMask]" Type="Alias" Base="DWORD">
            <Display Name="DWORD" />
            <Flag>
                <Set Name="SERVICE_NOTIFY_STOPPED"              Value="0x00000001" />
                <Set Name="SERVICE_NOTIFY_START_PENDING"        Value="0x00000002" />
                <Set Name="SERVICE_NOTIFY_STOP_PENDING"         Value="0x00000004" />
                <Set Name="SERVICE_NOTIFY_RUNNING"              Value="0x00000008" />
                <Set Name="SERVICE_NOTIFY_CONTINUE_PENDING"     Value="0x00000010" />
                <Set Name="SERVICE_NOTIFY_PAUSE_PENDING"        Value="0x00000020" />
                <Set Name="SERVICE_NOTIFY_PAUSED"               Value="0x00000040" />
                <Set Name="SERVICE_NOTIFY_CREATED"              Value="0x00000080" />
                <Set Name="SERVICE_NOTIFY_DELETED"              Value="0x00000100" />
                <Set Name="SERVICE_NOTIFY_DELETE_PENDING"       Value="0x00000200" />
            </Flag>
        </Variable>

    </Headers>
</ApiMonitor>