<!--
    API Monitor Definitions
    (c) 2010-2011, Rohitab Batra <rohitab@rohitab.com>
    http://www.rohitab.com/apimonitor/
-->
<ApiMonitor>
    <Include Filename="Headers\windows.h.xml" />
    <Include Filename="Headers\gdi.h.xml" />
    <Headers>
        <!-- Shell Interfaces -->
        <Variable Name="IAccessibleObject"				            Type="Interface" />
        <Variable Name="IActionProgress"				            Type="Interface" />
        <Variable Name="IActionProgressDialog"				        Type="Interface" />
        <Variable Name="IApplicationAssociationRegistration"		Type="Interface" />
        <Variable Name="IApplicationAssociationRegistrationUI"		Type="Interface" />
        <Variable Name="IApplicationDestinations"	                Type="Interface" />
        <Variable Name="IApplicationDocumentLists"	                Type="Interface" />
        <Variable Name="IAssocHandler"				                Type="Interface" />
        <Variable Name="IAssocHandlerInvoker"		                Type="Interface" />
        <Variable Name="IAttachmentExecute"			                Type="Interface" />
        <Variable Name="IAutoCompleteDropDown"		                Type="Interface" />
        <Variable Name="IBandHost"				                    Type="Interface" />
        <Variable Name="IBandSite"				                    Type="Interface" />
        <Variable Name="IBrowserFrameOptions"	                    Type="Interface" />
        <Variable Name="ICategorizer"			                    Type="Interface" />
        <Variable Name="ICategoryProvider"		                    Type="Interface" />
        <Variable Name="ICDBurn"				                    Type="Interface" />
        <Variable Name="ICDBurnExt"				                    Type="Interface" />
        <Variable Name="IColumnManager"			                    Type="Interface" />
        <Variable Name="ICommDlgBrowser"		                    Type="Interface" />
        <Variable Name="ICommDlgBrowser2"		                    Type="Interface" />
        <Variable Name="ICommDlgBrowser3"		                    Type="Interface" />
        <Variable Name="IComputerInfoChangeNotify"	                Type="Interface" />
        <Variable Name="IContextMenu"			                    Type="Interface" />
        <Variable Name="IContextMenu2"			                    Type="Interface" />
        <Variable Name="IContextMenu3"			                    Type="Interface" />
        <Variable Name="IContextMenuCB"			                    Type="Interface" />
        <Variable Name="IContextMenuSite"		                    Type="Interface" />
        <Variable Name="IControlMarkup"			                    Type="Interface" />
        <Variable Name="ICurrentItem"			                    Type="Interface" />
        <Variable Name="ICustomDestinationList"	                    Type="Interface" />
        <Variable Name="IDefaultExtractIconInit"                    Type="Interface" />
        <Variable Name="IDelegateFolder"		                    Type="Interface" />
        <Variable Name="IDelegateItem"		                    	Type="Interface" />
        <Variable Name="IDeskBand"			                    	Type="Interface" />
        <Variable Name="IDeskBand2"			                    	Type="Interface" />
        <Variable Name="IDeskBandInfo"		                        Type="Interface" />
        <Variable Name="IDeskBar"			                        Type="Interface" />
        <Variable Name="IDesktopGadget"		                        Type="Interface" />
        <Variable Name="IDestinationStreamFactory"	                Type="Interface" />
        <Variable Name="IDisplayItem"				                Type="Interface" />
        <Variable Name="IDockingWindow"				                Type="Interface" />
        <Variable Name="IDragSourceHelper"			                Type="Interface" />
        <Variable Name="IDragSourceHelper2"			                Type="Interface" />
        <Variable Name="IDropTargetHelper"			                Type="Interface" />
        <Variable Name="IDynamicHWHandler"			                Type="Interface" />
        <Variable Name="IEnumAssocHandlers"			                Type="Interface" />
        <Variable Name="IEnumerableView"			                Type="Interface" />
        <Variable Name="IEnumExplorerCommand"		                Type="Interface" />
        <Variable Name="IEnumExtraSearch"			                Type="Interface" />
        <Variable Name="IEnumFullIDList"			                Type="Interface" />
        <Variable Name="IEnumIDList"				                Type="Interface" />
        <Variable Name="IEnumObjects"				                Type="Interface" />
        <Variable Name="IEnumReadyCallback"			                Type="Interface" />
        <Variable Name="IEnumResources"				                Type="Interface" />
        <Variable Name="IEnumShellItems"			                Type="Interface" />
        <Variable Name="IExecuteCommand"			                Type="Interface" />
        <Variable Name="IExplorerBrowser"			                Type="Interface" />
        <Variable Name="IExplorerBrowserEvents"		                Type="Interface" />
        <Variable Name="IExplorerCommand"			                Type="Interface" />
        <Variable Name="IExplorerCommandProvider"	                Type="Interface" />
        <Variable Name="IExplorerCommandState"		                Type="Interface" />
        <Variable Name="IExplorerPaneVisibility"	                Type="Interface" />
        <Variable Name="IExtractImage"				                Type="Interface" />
        <Variable Name="IExtractImage2"				                Type="Interface" />
        <Variable Name="IFileDialog"				                Type="Interface" />
        <Variable Name="IFileDialog2"				                Type="Interface" />
        <Variable Name="IFileDialogControlEvents"	                Type="Interface" />
        <Variable Name="IFileDialogCustomize"		                Type="Interface" />
        <Variable Name="IFileDialogEvents"			                Type="Interface" />
        <Variable Name="IFileIsInUse"				                Type="Interface" />
        <Variable Name="IFileOpenDialog"			                Type="Interface" />
        <Variable Name="IFileOperation"				                Type="Interface" />
        <Variable Name="IFileOperationProgressSink"                 Type="Interface" />
        <Variable Name="IFileSaveDialog"			                Type="Interface" />
        <Variable Name="IFileSystemBindData"		                Type="Interface" />
        <Variable Name="IFileSystemBindData2"		                Type="Interface" />
        <Variable Name="IFolderBandPriv"			                Type="Interface" />
        <Variable Name="IFolderFilter"				                Type="Interface" />
        <Variable Name="IFolderFilterSite"		                    Type="Interface" />
        <Variable Name="IFolderView"			                    Type="Interface" />
        <Variable Name="IFolderView2"			                    Type="Interface" />
        <Variable Name="IFolderViewHost"		                    Type="Interface" />
        <Variable Name="IFolderViewOptions"		                    Type="Interface" />
        <Variable Name="IFolderViewSettings"	                    Type="Interface" />
        <Variable Name="IHomeGroup"				                    Type="Interface" />
        <Variable Name="IHWEventHandler"		                    Type="Interface" />
        <Variable Name="IHWEventHandler2"		                    Type="Interface" />
        <Variable Name="IIdentityName"			                    Type="Interface" />
        <Variable Name="IImageRecompress"		                    Type="Interface" />
        <Variable Name="IInitializeCommand"		                    Type="Interface" />
        <Variable Name="IInitializeNetworkFolder"		            Type="Interface" />
        <Variable Name="IInitializeWithBindCtx"			            Type="Interface" />
        <Variable Name="IInitializeWithItem"			            Type="Interface" />
        <Variable Name="IInitializeWithPropertyStore"	            Type="Interface" />
        <Variable Name="IInputObject"			                    Type="Interface" />
        <Variable Name="IInputObject2"			                    Type="Interface" />
        <Variable Name="IInputObjectSite"		                    Type="Interface" />
        <Variable Name="IInsertItem"			                    Type="Interface" />
        <Variable Name="IIOCancelInformation"	                    Type="Interface" />
        <Variable Name="IItemNameLimits"		                    Type="Interface" />
        <Variable Name="IKnownFolder"			                    Type="Interface" />
        <Variable Name="IKnownFolderManager"	                    Type="Interface" />
        <Variable Name="IMarkupCallback"	                        Type="Interface" />
        <Variable Name="IMenuBand"			                        Type="Interface" />
        <Variable Name="IMenuPopup"			                        Type="Interface" />
        <Variable Name="IModalWindow"		                        Type="Interface" />
        <Variable Name="INameSpaceTreeAccessible"				    Type="Interface" />
        <Variable Name="INameSpaceTreeControl"				        Type="Interface" />
        <Variable Name="INameSpaceTreeControl2"				        Type="Interface" />
        <Variable Name="INameSpaceTreeControlCustomDraw"			Type="Interface" />
        <Variable Name="INameSpaceTreeControlDropHandler"			Type="Interface" />
        <Variable Name="INameSpaceTreeControlEvents"				Type="Interface" />
        <Variable Name="INameSpaceTreeControlFolderCapabilities"    Type="Interface" />
        <Variable Name="INamespaceWalk"				                Type="Interface" />
        <Variable Name="INamespaceWalkCB"			                Type="Interface" />
        <Variable Name="INamespaceWalkCB2"			                Type="Interface" />
        <Variable Name="INewMenuClient"				                Type="Interface" />
        <Variable Name="INewWindowManager"			                Type="Interface" />
        <Variable Name="IObjectProvider"			                Type="Interface" />
        <Variable Name="IObjectWithAppUserModelID"	                Type="Interface" />
        <Variable Name="IObjectWithBackReferences"	                Type="Interface" />
        <Variable Name="IObjectWithCancelEvent"		                Type="Interface" />
        <Variable Name="IObjectWithFolderEnumMode"	                Type="Interface" />
        <Variable Name="IObjectWithProgID"			                Type="Interface" />
        <Variable Name="IObjectWithSelection"		                Type="Interface" />
        <Variable Name="IOpenControlPanel"			                Type="Interface" />
        <Variable Name="IOpenSearchSource"			                Type="Interface" />
        <Variable Name="IOperationsProgressDialog"	                Type="Interface" />
        <Variable Name="IParentAndItem"				                Type="Interface" />
        <Variable Name="IParseAndCreateItem"		                Type="Interface" />
        <Variable Name="IPersistFolder"				                Type="Interface" />
        <Variable Name="IPersistFolder2"			                Type="Interface" />
        <Variable Name="IPersistFolder3"			                Type="Interface" />
        <Variable Name="IPersistIDList"				                Type="Interface" />
        <Variable Name="IPreviewHandler"			                Type="Interface" />
        <Variable Name="IPreviewHandlerFrame"		                Type="Interface" />
        <Variable Name="IPreviewHandlerVisuals"		                Type="Interface" />
        <Variable Name="IPreviewItem"				                Type="Interface" />
        <Variable Name="IPreviousVersionsInfo"		                Type="Interface" />
        <Variable Name="IProfferService"			                Type="Interface" />
        <Variable Name="IPropertyUI"				                Type="Interface" />
        <Variable Name="IPublishingWizard"			                Type="Interface" />
        <Variable Name="IQueryCancelAutoPlay"		                Type="Interface" />
        <Variable Name="IQueryCodePage"				                Type="Interface" />
        <Variable Name="IQueryContinue"				                Type="Interface" />
        <Variable Name="IRegTreeItem"				                Type="Interface" />
        <Variable Name="IRelatedItem"				                Type="Interface" />
        <Variable Name="IRemoteComputer"			                Type="Interface" />
        <Variable Name="IResolveShellLink"			                Type="Interface" />
        <Variable Name="IResultsFolder"				                Type="Interface" />
        <Variable Name="IRunnableTask"				                Type="Interface" />
        <Variable Name="ISearchBoxInfo"				                Type="Interface" />
        <Variable Name="ISearchFolderItemFactory"		            Type="Interface" />
        <Variable Name="ISharingConfigurationManager"               Type="Interface" />
        <Variable Name="IShellBrowser"			                    Type="Interface" />
        <Variable Name="IShellExtInit"			                    Type="Interface" />
        <Variable Name="IShellFolder"			                    Type="Interface" />
        <Variable Name="IShellFolder2"			                    Type="Interface" />
        <Variable Name="IShellIcon"				                    Type="Interface" />
        <Variable Name="IShellItem"				                    Type="Interface" />
        <Variable Name="IShellItem2"			                    Type="Interface" />
        <Variable Name="IShellItemArray"		                    Type="Interface" />
        <Variable Name="IShellItemFilter"		                    Type="Interface" />
        <Variable Name="IShellItemImageFactory"	                    Type="Interface" />
        <Variable Name="IShellItemResources"	                    Type="Interface" />
        <Variable Name="IShellLibrary"			                    Type="Interface" />
        <Variable Name="IShellLinkA"			                    Type="Interface" />
        <Variable Name="IShellLinkDataList"		                    Type="Interface" />
        <Variable Name="IShellLinkW"			                    Type="Interface" />
        <Variable Name="IShellMenu"				                    Type="Interface" />
        <Variable Name="IShellMenuCallback"		                    Type="Interface" />
        <Variable Name="IShellPropSheetExt"		                    Type="Interface" />
        <Variable Name="IShellRunDll"				                Type="Interface" />
        <Variable Name="IShellTaskScheduler"		                Type="Interface" />
        <Variable Name="IShellView"				                    Type="Interface" />
        <Variable Name="IShellView2"				                Type="Interface" />
        <Variable Name="IShellView3"				                Type="Interface" />
        <Variable Name="IStartMenuPinnedList"		                Type="Interface" />
        <Variable Name="IStreamAsync"				                Type="Interface" />
        <Variable Name="IStreamUnbufferedInfo"		                Type="Interface" />
        <Variable Name="ITaskbarList"				                Type="Interface" />
        <Variable Name="ITaskbarList2"				                Type="Interface" />
        <Variable Name="ITaskbarList3"				                Type="Interface" />
        <Variable Name="ITaskbarList4"				                Type="Interface" />
        <Variable Name="IThumbnailHandlerFactory"	                Type="Interface" />
        <Variable Name="ITransferAdviseSink"		                Type="Interface" />
        <Variable Name="ITransferDestination"		                Type="Interface" />
        <Variable Name="ITransferMediumItem"		                Type="Interface" />
        <Variable Name="ITransferSource"			                Type="Interface" />
        <Variable Name="ITrayDeskBand"				                Type="Interface" />
        <Variable Name="IUpdateIDList"				                Type="Interface" />
        <Variable Name="IUserAccountChangeCallback"                 Type="Interface" />
        <Variable Name="IUserNotification"			                Type="Interface" />
        <Variable Name="IUserNotification2"			                Type="Interface" />
        <Variable Name="IUserNotificationCallback"	                Type="Interface" />
        <Variable Name="IUseToBrowseItem"			                Type="Interface" />
        <Variable Name="IViewStateIdentityItem"		                Type="Interface" />
        <Variable Name="IVisualProperties"			                Type="Interface" />
        <Variable Name="IWebWizardExtension"		                Type="Interface" />
        <Variable Name="IWizardExtension"			                Type="Interface" />
        <Variable Name="IWizardSite"				                Type="Interface" />
        <!-- TODO: Need to define these -->
        <Variable Name="IObjectArray"                               Type="Interface" />
        <Variable Name="IEnumGUID"                                  Type="Interface" />
        <Variable Name="IPropertyChangeArray"                       Type="Interface" />
        <Variable Name="IXMLDOMDocument"                            Type="Interface" />
        <Variable Name="IServiceProvider"                           Type="Interface" />
        <Variable Name="ICondition"                                 Type="Interface" />
        <Variable Name="IPropertyDescriptionList"                   Type="Interface" />
        <Variable Name="IPropertyStore"                             Type="Interface" />

        <!-- Variables -->
        <Variable Name="HDWP"                           Type="Alias"    Base="HANDLE" />
        <Variable Name="HDWP*"                          Type="Pointer"  Base="HDWP" />
        <Variable Name="SHELLVIEWID"                    Type="Alias"    Base="GUID" />
        <Variable Name="SHELLVIEWID*"                   Type="Pointer"  Base="SHELLVIEWID" />
        <Variable Name="const SHELLVIEWID*"             Type="Alias"    Base="SHELLVIEWID*" />
        <Variable Name="KNOWNFOLDERID"                  Type="Alias"    Base="GUID" />
        <Variable Name="KNOWNFOLDERID*"                 Type="Pointer"  Base="KNOWNFOLDERID" />
        <Variable Name="const KNOWNFOLDERID*"           Type="Pointer"  Base="KNOWNFOLDERID" />
        <Variable Name="KNOWNFOLDERID**"                Type="Pointer"  Base="KNOWNFOLDERID*" />
        <Variable Name="REFKNOWNFOLDERID"               Type="Pointer"  Base="KNOWNFOLDERID" />
        <Variable Name="TASKOWNERID"                    Type="Alias"    Base="GUID" />
        <Variable Name="REFTASKOWNERID"                 Type="Pointer"  Base="TASKOWNERID" />
        <Variable Name="FOLDERTYPEID"                   Type="Alias"    Base="GUID" />
        <Variable Name="FOLDERTYPEID*"                  Type="Pointer"  Base="FOLDERTYPEID" />
        <Variable Name="REFFOLDERTYPEID"                Type="Pointer"  Base="FOLDERTYPEID" />
        <Variable Name="EXPLORERPANE"                   Type="Alias"    Base="GUID" />
        <Variable Name="REFEXPLORERPANE"                Type="Pointer"  Base="EXPLORERPANE" />
        <Variable Name="DEPRECATED_HRESULT"             Type="Alias"    Base="HRESULT" />
        <Variable Name="LPFNSVADDPROPSHEETPAGE"         Type="Alias"    Base="LPARAM" />
        <Variable Name="LPTBBUTTONSB"                   Type="Alias"    Base="LPARAM" />
        <Variable Name="HTHEME"                         Type="Alias"    Base="HANDLE" />
        <Variable Name="HTHEME*"                        Type="Pointer"  Base="HTHEME" />
        <Variable Name="SHCOLUMNID"                     Type="Alias"    Base="PROPERTYKEY" />
        <Variable Name="SHCOLUMNID*"                    Type="Pointer"  Base="SHCOLUMNID" />
        <Variable Name="const SHCOLUMNID*"              Type="Pointer"  Base="SHCOLUMNID" />

        <!-- TODO: Structures -->
        <Variable Name="PREVIEWHANDLERFRAMEINFO"            Type="Alias"    Base="LPVOID" />
        <Variable Name="PREVIEWHANDLERFRAMEINFO*"           Type="Pointer"  Base="PREVIEWHANDLERFRAMEINFO" />
        <Variable Name="PCIDLIST_ABSOLUTE"                  Type="Alias"    Base="LPVOID" />
        <Variable Name="PCUIDLIST_RELATIVE"                 Type="Alias"    Base="LPVOID" />
        <Variable Name="PCUITEMID_CHILD"                    Type="Alias"    Base="LPVOID" />
        <Variable Name="PCUITEMID_CHILD*"                   Type="Pointer"  Base="PCUITEMID_CHILD" />
        <Variable Name="PCUITEMID_CHILD_ARRAY"              Type="Alias"    Base="LPVOID" />
        <Variable Name="PCUITEMID_CHILD_ARRAY*"             Type="Pointer"  Base="PCUITEMID_CHILD_ARRAY" />
        <Variable Name="PIDLIST_ABSOLUTE"                   Type="Alias"    Base="LPVOID" />
        <Variable Name="PIDLIST_ABSOLUTE*"                  Type="Pointer"  Base="PIDLIST_ABSOLUTE" />
        <Variable Name="PIDLIST_ABSOLUTE**"                 Type="Pointer"  Base="PIDLIST_ABSOLUTE*" />
        <Variable Name="PIDLIST_RELATIVE"                   Type="Alias"    Base="LPVOID" />
        <Variable Name="PIDLIST_RELATIVE*"                  Type="Pointer"  Base="PIDLIST_RELATIVE" />
        <Variable Name="PITEMID_CHILD"                      Type="Alias"    Base="LPVOID" />
        <Variable Name="PUITEMID_CHILD"                     Type="Alias"    Base="LPVOID" />
        <Variable Name="PITEMID_CHILD*"                     Type="Pointer"  Base="PITEMID_CHILD" />
        <Variable Name="SHELLDETAILS*"                      Type="Alias"    Base="LPVOID" />
        <Variable Name="PERSIST_FOLDER_TARGET_INFO*"        Type="Alias"    Base="LPVOID" />
        <Variable Name="const PERSIST_FOLDER_TARGET_INFO*"  Type="Alias"    Base="LPVOID" />
        <Variable Name="const SHELL_ITEM_RESOURCE*"         Type="Alias"    Base="LPVOID" />
        <Variable Name="CM_COLUMNINFO*"                     Type="Alias"    Base="LPVOID" />
        <Variable Name="const CM_COLUMNINFO*"               Type="Alias"    Base="CM_COLUMNINFO*" />
        <Variable Name="CATEGORY_INFO*"                     Type="Alias"    Base="LPVOID" />
        <Variable Name="STRRET*"                            Type="Alias"    Base="LPVOID" />
        <Variable Name="DESKBANDINFO*"                      Type="Alias"    Base="LPVOID" />
        <Variable Name="EXTRASEARCH*"                       Type="Alias"    Base="LPVOID" />
        <Variable Name="SHELL_ITEM_RESOURCE*"               Type="Alias"    Base="LPVOID" />
        <Variable Name="LPTHUMBBUTTON"                      Type="Alias"    Base="LPVOID" />
        <Variable Name="struct in_addr"                     Type="Alias"    Base="u_long" />
        <Variable Name="fd_set*"                            Type="Alias"    Base="LPVOID" />

        <!-- NSTCITEMSTATE -->
        <Variable Name="NSTCITEMSTATE" Type="Alias" Base="DWORD">
            <Flag>
                <Set Name="NSTCIS_NONE"				Value="0" />
                <Set Name="NSTCIS_SELECTED"			Value="0x1" />
                <Set Name="NSTCIS_EXPANDED"			Value="0x2" />
                <Set Name="NSTCIS_BOLD"				Value="0x4" />
                <Set Name="NSTCIS_DISABLED"			Value="0x8" />
                <Set Name="NSTCIS_SELECTEDNOEXPAND" Value="0x10" />
            </Flag>
        </Variable>
        <Variable Name="NSTCITEMSTATE*" Type="Pointer" Base="NSTCITEMSTATE" />

        <!-- NSTCCUSTOMDRAW -->
        <Variable Name="NSTCCUSTOMDRAW" Type="Struct">
            <Field Type="IShellItem*" 	    Name="psi" />
            <Field Type="UINT" 	            Name="uItemState" />
            <Field Type="NSTCITEMSTATE" 	Name="nstcis" />
            <Field Type="LPCWSTR" 	        Name="pszText" />
            <Field Type="int" 	            Name="iImage" />
            <Field Type="HIMAGELIST" 	    Name="himl" />
            <Field Type="int" 	            Name="iLevel" />
            <Field Type="int" 	            Name="iIndent" />
        </Variable>
        <Variable Name="NSTCCUSTOMDRAW*" Type="Pointer" Base="NSTCCUSTOMDRAW" />

        <!-- FOLDERSETTINGS -->
        <!-- TODO: Flags - ViewMode -->
        <Variable Name="FOLDERSETTINGS" Type="Struct">
            <Field Type="UINT" 	Name="ViewMode" />
            <Field Type="UINT" 	Name="fFlags" />
        </Variable>
        <Variable Name="LPFOLDERSETTINGS"       Type="Pointer" Base="FOLDERSETTINGS" />
        <Variable Name="LPCFOLDERSETTINGS"      Type="Pointer" Base="FOLDERSETTINGS" />
        <Variable Name="const FOLDERSETTINGS*"  Type="Pointer" Base="FOLDERSETTINGS" />

        <!-- SV2CVW2_PARAMS -->
        <Variable Name="SV2CVW2_PARAMS" Type="Struct">
            <Field Type="DWORD" 	            Name="cbSize" />
            <Field Type="IShellView*" 	        Name="psvPrev" />
            <Field Type="LPCFOLDERSETTINGS"     Name="pfs" />
            <Field Type="IShellBrowser*" 	    Name="psbOwner" />
            <Field Type="RECT*" 	            Name="prcView" />
            <Field Type="const SHELLVIEWID*"	Name="pvid" />
            <Field Type="HWND" 	                Name="hwndView" />
        </Variable>
        <Variable Name="LPSV2CVW2_PARAMS" Type="Pointer" Base="SV2CVW2_PARAMS" />

        <!-- KF_CATEGORY -->
        <Variable Name="KF_CATEGORY" Type="Alias" Base="UINT">
            <Enum>
                <Set Name="KF_CATEGORY_VIRTUAL"			Value="1" />
                <Set Name="KF_CATEGORY_FIXED"			Value="2" />
                <Set Name="KF_CATEGORY_COMMON"			Value="3" />
                <Set Name="KF_CATEGORY_PERUSER"			Value="4" />
            </Enum>
        </Variable>
        <Variable Name="KF_CATEGORY*" Type="Pointer" Base="KF_CATEGORY" />

        <!-- KF_DEFINITION_FLAGS -->
        <Variable Name="KF_DEFINITION_FLAGS" Type="Alias" Base="DWORD">
            <Flag>
                <Set Name="KFDF_LOCAL_REDIRECT_ONLY"    Value="0x2" />
                <Set Name="KFDF_ROAMABLE"               Value="0x4" />
                <Set Name="KFDF_PRECREATE"              Value="0x8" />
                <Set Name="KFDF_STREAM"                 Value="0x10" />
                <Set Name="KFDF_PUBLISHEXPANDEDPATH"    Value="0x20" />
            </Flag>
        </Variable>

        <!-- KNOWNFOLDER_DEFINITION -->
        <Variable Name="KNOWNFOLDER_DEFINITION" Type="Struct">
            <Field Type="KF_CATEGORY" 	        Name="category" />
            <Field Type="LPWSTR" 	            Name="pszName" />
            <Field Type="LPWSTR" 	            Name="pszDescription" />
            <Field Type="KNOWNFOLDERID" 	    Name="fidParent" />
            <Field Type="LPWSTR" 	            Name="pszRelativePath" />
            <Field Type="LPWSTR" 	            Name="pszParsingName" />
            <Field Type="LPWSTR" 	            Name="pszTooltip" />
            <Field Type="LPWSTR" 	            Name="pszLocalizedName" />
            <Field Type="LPWSTR" 	            Name="pszIcon" />
            <Field Type="LPWSTR" 	            Name="pszSecurity" />
            <Field Type="DWORD" 	            Name="dwAttributes" />
            <Field Type="KF_DEFINITION_FLAGS" 	Name="kfdFlags" />
            <Field Type="FOLDERTYPEID" 	        Name="ftidType" />
        </Variable>
        <Variable Name="KNOWNFOLDER_DEFINITION*"        Type="Pointer" Base="KNOWNFOLDER_DEFINITION" />
        <Variable Name="const KNOWNFOLDER_DEFINITION*"  Type="Pointer" Base="KNOWNFOLDER_DEFINITION" />

        <!-- SORTDIRECTION -->
        <Variable Name="SORTDIRECTION" Type="Alias" Base="int">
            <Enum>
                <Set Name="SORT_DESCENDING" Value="-1" />
                <Set Name="SORT_ASCENDING"  Value="1" />
            </Enum>
        </Variable>

        <!-- SORTCOLUMN -->
        <Variable Name="SORTCOLUMN" Type="Struct">
            <Field Type="PROPERTYKEY"       Name="propkey" />
            <Field Type="SORTDIRECTION"     Name="direction" />
        </Variable>
        <Variable Name="SORTCOLUMN*"        Type="Pointer" Base="SORTCOLUMN" />
        <Variable Name="const SORTCOLUMN*"  Type="Pointer" Base="SORTCOLUMN" />

        <!-- BANDSITEINFO -->
        <Variable Name="BANDSITEINFO" Type="Struct" Pack="8">
            <Field Type="DWORD"     Name="dwMask" />
            <Field Type="DWORD"     Name="dwState" />
            <Field Type="DWORD"     Name="dwStyle" />
        </Variable>
        <Variable Name="BANDSITEINFO*"       Type="Pointer" Base="BANDSITEINFO" />
        <Variable Name="const BANDSITEINFO*" Type="Pointer" Base="BANDSITEINFO" />

        <!-- [CMIC_Mask] -->
        <Variable Name="[CMIC_Mask]" Type="Alias" Base="DWORD">
            <Display Name="DWORD" />
            <Flag>
                <Set Name="CMIC_MASK_HOTKEY"              Value="0x00000020" />
                <Set Name="CMIC_MASK_ICON"                Value="0x00000010" />
                <Set Name="CMIC_MASK_FLAG_NO_UI"          Value="0x00000400" />
                <Set Name="CMIC_MASK_UNICODE"             Value="0x00004000" />
                <Set Name="CMIC_MASK_NO_CONSOLE"          Value="0x00008000" />
                <Set Name="CMIC_MASK_ASYNCOK"             Value="0x00100000" />
                <Set Name="CMIC_MASK_NOASYNC"             Value="0x00000100" />
                <Set Name="CMIC_MASK_SHIFT_DOWN"          Value="0x10000000" />
                <Set Name="CMIC_MASK_CONTROL_DOWN"        Value="0x40000000" />
                <Set Name="CMIC_MASK_FLAG_LOG_USAGE"      Value="0x04000000" />
                <Set Name="CMIC_MASK_NOZONECHECKS"        Value="0x00800000" />
                <Set Name="CMIC_MASK_PTINVOKE"            Value="0x20000000" />
                <!-- TODO: Need to find values
                <Set Name="CMIC_MASK_HASLINKNAME"         Value="SEE_MASK_HASLINKNAME" />
                <Set Name="CMIC_MASK_HASTITLE"            Value="SEE_MASK_HASTITLE" />
                <Set Name="CMIC_MASK_FLAG_SEP_VDM"        Value="SEE_MASK_FLAG_SEPVDM" />
                -->
            </Flag>
        </Variable>

        <!-- CMINVOKECOMMANDINFO -->
        <Variable Name="CMINVOKECOMMANDINFO" Type="Struct" Pack="8">
            <Field Type="DWORD"             Name="cbSize" />
            <Field Type="[CMIC_Mask]"       Name="fMask" />
            <Field Type="HWND"              Name="hwnd" />
            <Field Type="LPCSTR"            Name="lpVerb" />
            <Field Type="LPCSTR"            Name="lpParameters" />
            <Field Type="LPCSTR"            Name="lpDirectory" />
            <Field Type="[ShowWindowCmd]"   Name="nShow" />
            <Field Type="DWORD"             Name="dwHotKey" />
            <Field Type="HANDLE"            Name="hIcon" />
        </Variable>
        <Variable Name="CMINVOKECOMMANDINFO*" Type="Pointer" Base="CMINVOKECOMMANDINFO" />

        <!-- SHDRAGIMAGE -->
        <Variable Name="SHDRAGIMAGE" Type="Struct" Pack="8">
            <Field Type="SIZE" 	    Name="sizeDragImage" />
            <Field Type="POINT" 	Name="ptOffset" />
            <Field Type="HBITMAP" 	Name="hbmpDragImage" />
            <Field Type="COLORREF" 	Name="crColorKey" />
        </Variable>
        <Variable Name="LPSHDRAGIMAGE" Type="Pointer" Base="SHDRAGIMAGE" />

        <!-- [SMDATA_Mask] -->
        <Variable Name="[SMDATA_Mask]" Type="Alias" Base="DWORD">
            <Display Name="DWORD" />
            <Flag>
                <Set Name="SMDM_SHELLFOLDER"    Value="0x00000001" />
                <Set Name="SMDM_HMENU"          Value="0x00000002" />
                <Set Name="SMDM_TOOLBAR"        Value="0x00000004" />
            </Flag>
        </Variable>

        <!-- SMDATA -->
        <Variable Name="SMDATA" Type="Struct" Pack="8">
            <Field Type="[SMDATA_Mask]"     Name="dwMask" />
            <Field Type="DWORD"             Name="dwFlags" />
            <Field Type="HMENU"             Name="hmenu" />
            <Field Type="HWND"              Name="hwnd" />
            <Field Type="UINT"              Name="uId" />
            <Field Type="UINT"              Name="uIdParent" />
            <Field Type="UINT"              Name="uIdAncestor" />
            <Field Type="IUnknown*"         Name="punk" />
            <Field Type="PIDLIST_ABSOLUTE"  Name="pidlFolder" />
            <Field Type="PUITEMID_CHILD"    Name="pidlItem" />
            <Field Type="IShellFolder*"     Name="psf" />
            <Field Type="void*"             Name="pvUserData" />
        </Variable>
        <Variable Name="LPSMDATA" Type="Pointer" Base="SMDATA" />

        <!-- COMDLG_FILTERSPEC -->
        <Variable Name="COMDLG_FILTERSPEC" Type="Struct">
            <Field Type="LPCWSTR"       Name="pszName" />
            <Field Type="LPCWSTR"       Name="pszSpec" />
        </Variable>
        <Variable Name="const COMDLG_FILTERSPEC*" Type="Pointer" Base="COMDLG_FILTERSPEC" />

        <!-- FDAP -->
        <Variable Name="FDAP" Type="Alias" Base="UINT">
            <Enum>
                <Set Name="FDAP_BOTTOM" Value="0" />
                <Set Name="FDAP_TOP"	Value="1" />
            </Enum>
        </Variable>

        <!-- SHCOLSTATEF -->
        <Variable Name="SHCOLSTATEF" Type="Alias" Base="DWORD">
            <Flag>
                <Set Name="SHCOLSTATE_DEFAULT"				Value="0" />
                <Set Name="SHCOLSTATE_TYPE_STR"				Value="0x1" />
                <Set Name="SHCOLSTATE_TYPE_INT"				Value="0x2" />
                <Set Name="SHCOLSTATE_TYPE_DATE"			Value="0x3" />
                <Set Name="SHCOLSTATE_TYPEMASK"				Value="0xf" />
                <Set Name="SHCOLSTATE_ONBYDEFAULT"			Value="0x10" />
                <Set Name="SHCOLSTATE_SLOW"					Value="0x20" />
                <Set Name="SHCOLSTATE_EXTENDED"				Value="0x40" />
                <Set Name="SHCOLSTATE_SECONDARYUI"			Value="0x80" />
                <Set Name="SHCOLSTATE_HIDDEN"				Value="0x100" />
                <Set Name="SHCOLSTATE_PREFER_VARCMP"		Value="0x200" />
                <Set Name="SHCOLSTATE_PREFER_FMTCMP"		Value="0x400" />
                <Set Name="SHCOLSTATE_NOSORTBYFOLDERNESS"   Value="0x800" />
                <Set Name="SHCOLSTATE_VIEWONLY"				Value="0x10000" />
                <Set Name="SHCOLSTATE_BATCHREAD"			Value="0x20000" />
                <Set Name="SHCOLSTATE_NO_GROUPBY"			Value="0x40000" />
                <Set Name="SHCOLSTATE_FIXED_WIDTH"			Value="0x1000" />
                <Set Name="SHCOLSTATE_NODPISCALE"			Value="0x2000" />
                <Set Name="SHCOLSTATE_FIXED_RATIO"			Value="0x4000" />
            </Flag>
        </Variable>
        <Variable Name="SHCOLSTATEF*" Type="Pointer" Base="SHCOLSTATEF" />

        <!-- FVTEXTTYPE -->
        <Variable Name="FVTEXTTYPE" Type="Alias" Base="UINT">
            <Enum>
                <Set Name="FVST_EMPTYTEXT" Value="0" />
            </Enum>
        </Variable>

        <!-- SPACTION -->
        <Variable Name="SPACTION" Type="Alias" Base="UINT">
            <Enum>
                <Set Name="SPACTION_NONE"					Value="0" />
                <Set Name="SPACTION_MOVING"					Value="1" />
                <Set Name="SPACTION_COPYING"				Value="2" />
                <Set Name="SPACTION_RECYCLING"				Value="3" />
                <Set Name="SPACTION_APPLYINGATTRIBS"		Value="4" />
                <Set Name="SPACTION_DOWNLOADING"			Value="5" />
                <Set Name="SPACTION_SEARCHING_INTERNET"		Value="6" />
                <Set Name="SPACTION_CALCULATING"			Value="7" />
                <Set Name="SPACTION_UPLOADING"				Value="8" />
                <Set Name="SPACTION_SEARCHING_FILES"		Value="9" />
                <Set Name="SPACTION_DELETING"				Value="10" />
                <Set Name="SPACTION_RENAMING"				Value="11" />
                <Set Name="SPACTION_FORMATTING"				Value="12" />
                <Set Name="SPACTION_COPY_MOVING"            Value="13" />
            </Enum>
        </Variable>

        <!-- SPBEGINF -->
        <Variable Name="SPBEGINF" Type="Alias" Base="UINT">
            <Flag>
                <Set Name="SPBEGINF_NORMAL"				Value="0" />
                <Set Name="SPBEGINF_AUTOTIME"			Value="0x2" />
                <Set Name="SPBEGINF_NOPROGRESSBAR"		Value="0x10" />
                <Set Name="SPBEGINF_MARQUEEPROGRESS"    Value="0x20" />
                <Set Name="SPBEGINF_NOCANCELBUTTON"		Value="0x40" />
            </Flag>
        </Variable>

        <!-- SPINITF -->
        <Variable Name="SPINITF" Type="Alias" Base="UINT">
            <Flag>
                <Set Name="SPINITF_NORMAL"      Value="0" />
                <Set Name="SPINITF_MODAL"		Value="0x1" />
                <Set Name="SPINITF_NOMINIMIZE"	Value="0x8" />
            </Flag>
        </Variable>

        <!-- ASSOCIATIONTYPE -->
        <Variable Name="ASSOCIATIONTYPE" Type="Alias" Base="UINT">
            <Enum>
                <Set Name="AT_FILEEXTENSION"	Value="0" />
                <Set Name="AT_URLPROTOCOL"		Value="1" />
                <Set Name="AT_STARTMENUCLIENT"  Value="2" />
                <Set Name="AT_MIMETYPE"         Value="3" />
            </Enum>
        </Variable>

        <!-- APPDOCLISTTYPE -->
        <Variable Name="APPDOCLISTTYPE" Type="Alias" Base="UINT">
            <Enum>
                <Set Name="ADLT_RECENT"			Value="0" />
                <Set Name="ADLT_FREQUENT"       Value="1" />
            </Enum>
        </Variable>

        <!-- ATTACHMENT_PROMPT -->
        <Variable Name="ATTACHMENT_PROMPT" Type="Alias" Base="UINT">
            <Enum>
                <Set Name="ATTACHMENT_PROMPT_NONE"			Value="0" />
                <Set Name="ATTACHMENT_PROMPT_SAVE"			Value="0x1" />
                <Set Name="ATTACHMENT_PROMPT_EXEC"			Value="0x2" />
                <Set Name="ATTACHMENT_PROMPT_EXEC_OR_SAVE"  Value="0x3" />
            </Enum>
        </Variable>

        <!-- SPTEXT -->
        <Variable Name="SPTEXT" Type="Alias" Base="UINT">
            <Enum>
                <Set Name="SPTEXT_ACTIONDESCRIPTION"    Value="1" />
                <Set Name="SPTEXT_ACTIONDETAIL"			Value="2" />
            </Enum>
        </Variable>

        <!-- ASSOCIATIONLEVEL -->
        <Variable Name="ASSOCIATIONLEVEL" Type="Alias" Base="UINT">
            <Enum>
                <Set Name="AL_MACHINE"      Value="0" />
                <Set Name="AL_EFFECTIVE"	Value="1" />
                <Set Name="AL_USER"			Value="2" />
            </Enum>
        </Variable>

        <!-- ATTACHMENT_ACTION -->
        <Variable Name="ATTACHMENT_ACTION" Type="Alias" Base="UINT">
            <Enum>
                <Set Name="ATTACHMENT_ACTION_CANCEL"    Value="0" />
                <Set Name="ATTACHMENT_ACTION_SAVE"		Value="0x1" />
                <Set Name="ATTACHMENT_ACTION_EXEC"		Value="0x2" />
            </Enum>
        </Variable>
        <Variable Name="ATTACHMENT_ACTION*" Type="Pointer" Base="ATTACHMENT_ACTION" />

        <!-- BROWSERFRAMEOPTIONS -->
        <Variable Name="BROWSERFRAMEOPTIONS" Type="Alias" Base="UINT">
            <Flag>
                <Set Name="BFO_NONE"					            Value="0" />
                <Set Name="BFO_BROWSER_PERSIST_SETTINGS"			Value="0x1" />
                <Set Name="BFO_RENAME_FOLDER_OPTIONS_TOINTERNET"    Value="0x2" />
                <Set Name="BFO_BOTH_OPTIONS"					    Value="0x4" />
                <Set Name="BIF_PREFER_INTERNET_SHORTCUT"			Value="0x8" />
                <Set Name="BFO_BROWSE_NO_IN_NEW_PROCESS"			Value="0x10" />
                <Set Name="BFO_ENABLE_HYPERLINK_TRACKING"			Value="0x20" />
                <Set Name="BFO_USE_IE_OFFLINE_SUPPORT"				Value="0x40" />
                <Set Name="BFO_SUBSTITUE_INTERNET_START_PAGE"		Value="0x80" />
                <Set Name="BFO_USE_IE_LOGOBANDING"					Value="0x100" />
                <Set Name="BFO_ADD_IE_TOCAPTIONBAR"					Value="0x200" />
                <Set Name="BFO_USE_DIALUP_REF"					    Value="0x400" />
                <Set Name="BFO_USE_IE_TOOLBAR"					    Value="0x800" />
                <Set Name="BFO_NO_PARENT_FOLDER_SUPPORT"			Value="0x1000" />
                <Set Name="BFO_NO_REOPEN_NEXT_RESTART"				Value="0x2000" />
                <Set Name="BFO_GO_HOME_PAGE"					    Value="0x4000" />
                <Set Name="BFO_PREFER_IEPROCESS"					Value="0x8000" />
                <Set Name="BFO_SHOW_NAVIGATION_CANCELLED"			Value="0x10000" />
                <Set Name="BFO_USE_IE_STATUSBAR"					Value="0x20000" />
                <Set Name="BFO_QUERY_ALL"					        Value="0xffffffff" />
            </Flag>
        </Variable>
        <Variable Name="BROWSERFRAMEOPTIONS*" Type="Pointer" Base="BROWSERFRAMEOPTIONS" />

        <!-- CDBE_ACTIONS -->
        <Variable Name="CDBE_ACTIONS" Type="Alias" Base="UINT">
            <Flag>
                <Set Name="CDBE_TYPE_MUSIC"		Value="0x1" />
                <Set Name="CDBE_TYPE_DATA"		Value="0x2" />
                <Set Name="CDBE_TYPE_ALL"		Value="0xffffffff" />
            </Flag>
        </Variable>
        <Variable Name="CDBE_ACTIONS*" Type="Pointer" Base="CDBE_ACTIONS" />

        <!-- CATSORT_FLAGS -->
        <Variable Name="CATSORT_FLAGS" Type="Alias" Base="UINT">
            <Flag>
                <Set Name="CATSORT_DEFAULT"		Value="0" />
                <Set Name="CATSORT_NAME"		Value="0x1" />
            </Flag>
        </Variable>

        <!-- CM_ENUM_FLAGS -->
        <Variable Name="CM_ENUM_FLAGS" Type="Alias" Base="UINT">
            <Flag>
                <Set Name="CM_ENUM_ALL"		    Value="0x1" />
                <Set Name="CM_ENUM_VISIBLE"     Value="0x2" />
            </Flag>
        </Variable>

        <!-- KNOWNDESTCATEGORY -->
        <Variable Name="KNOWNDESTCATEGORY" Type="Alias" Base="UINT">
            <Enum>
                <Set Name="KDC_FREQUENT"		Value="1" />
                <Set Name="KDC_RECENT"			Value="2" />
            </Enum>
        </Variable>

        <!-- EXPCMDSTATE -->
        <Variable Name="EXPCMDSTATE" Type="Alias" Base="UINT">
            <Flag>
                <Set Name="ECS_ENABLED"			Value="0" />
                <Set Name="ECS_DISABLED"		Value="0x1" />
                <Set Name="ECS_HIDDEN"			Value="0x2" />
                <Set Name="ECS_CHECKBOX"		Value="0x4" />
                <Set Name="ECS_CHECKED"			Value="0x8" />
                <Set Name="ECS_RADIOCHECK"		Value="0x10" />
            </Flag>
        </Variable>
        <Variable Name="EXPCMDSTATE*" Type="Pointer" Base="EXPCMDSTATE" />

        <!-- FILEOPENDIALOGOPTIONS -->
        <Variable Name="FILEOPENDIALOGOPTIONS" Type="Alias" Base="UINT">
            <Flag>
                <Set Name="FOS_OVERWRITEPROMPT"		Value="0x2" />
                <Set Name="FOS_STRICTFILETYPES"		Value="0x4" />
                <Set Name="FOS_NOCHANGEDIR"			Value="0x8" />
                <Set Name="FOS_PICKFOLDERS"			Value="0x20" />
                <Set Name="FOS_FORCEFILESYSTEM"		Value="0x40" />
                <Set Name="FOS_ALLNONSTORAGEITEMS"  Value="0x80" />
                <Set Name="FOS_NOVALIDATE"			Value="0x100" />
                <Set Name="FOS_ALLOWMULTISELECT"	Value="0x200" />
                <Set Name="FOS_PATHMUSTEXIST"		Value="0x800" />
                <Set Name="FOS_FILEMUSTEXIST"		Value="0x1000" />
                <Set Name="FOS_CREATEPROMPT"		Value="0x2000" />
                <Set Name="FOS_SHAREAWARE"			Value="0x4000" />
                <Set Name="FOS_NOREADONLYRETURN"	Value="0x8000" />
                <Set Name="FOS_NOTESTFILECREATE"	Value="0x10000" />
                <Set Name="FOS_HIDEMRUPLACES"		Value="0x20000" />
                <Set Name="FOS_HIDEPINNEDPLACES"	Value="0x40000" />
                <Set Name="FOS_NODEREFERENCELINKS"	Value="0x100000" />
                <Set Name="FOS_DONTADDTORECENT"		Value="0x2000000" />
                <Set Name="FOS_FORCESHOWHIDDEN"		Value="0x10000000" />
                <Set Name="FOS_DEFAULTNOMINIMODE"	Value="0x20000000" />
                <Set Name="FOS_FORCEPREVIEWPANEON"	Value="0x40000000" />
            </Flag>
        </Variable>
        <Variable Name="FILEOPENDIALOGOPTIONS*" Type="Pointer" Base="FILEOPENDIALOGOPTIONS" />

        <!-- FDE_OVERWRITE_RESPONSE -->
        <Variable Name="FDE_OVERWRITE_RESPONSE" Type="Alias" Base="UINT">
            <Enum>
                <Set Name="FDEOR_DEFAULT"   Value="0" />
                <Set Name="FDEOR_ACCEPT"	Value="1" />
                <Set Name="FDEOR_REFUSE"	Value="2" />
            </Enum>
        </Variable>
        <Variable Name="FDE_OVERWRITE_RESPONSE*" Type="Pointer" Base="FDE_OVERWRITE_RESPONSE" />

        <!-- CDCONTROLSTATEF -->
        <Variable Name="CDCONTROLSTATEF" Type="Alias" Base="UINT">
            <Flag>
                <Set Name="CDCS_INACTIVE"           Value="0" />
                <Set Name="CDCS_ENABLED"			Value="0x1" />
                <Set Name="CDCS_VISIBLE"			Value="0x2" />
                <Set Name="CDCS_ENABLEDVISIBLE"		Value="0x3" />
            </Flag>
        </Variable>
        <Variable Name="CDCONTROLSTATEF*" Type="Pointer" Base="CDCONTROLSTATEF" />

        <!-- FDE_SHAREVIOLATION_RESPONSE -->
        <Variable Name="FDE_SHAREVIOLATION_RESPONSE" Type="Alias" Base="UINT">
            <Enum>
                <Set Name="FDESVR_DEFAULT"      Value="0" />
                <Set Name="FDESVR_ACCEPT"		Value="1" />
                <Set Name="FDESVR_REFUSE"		Value="2" />
            </Enum>
        </Variable>
        <Variable Name="FDE_SHAREVIOLATION_RESPONSE*" Type="Pointer" Base="FDE_SHAREVIOLATION_RESPONSE" />

        <!-- FILE_USAGE_TYPE -->
        <Variable Name="FILE_USAGE_TYPE" Type="Alias" Base="UINT">
            <Enum>
                <Set Name="FUT_PLAYING"			Value="0" />
                <Set Name="FUT_EDITING"			Value="1" />
                <Set Name="FUT_GENERIC"			Value="2" />
            </Enum>
        </Variable>
        <Variable Name="FILE_USAGE_TYPE*" Type="Pointer" Base="FILE_USAGE_TYPE" />

        <!-- EXPLORERPANESTATE -->
        <Variable Name="EXPLORERPANESTATE" Type="Alias" Base="UINT">
            <Flag>
                <Set Name="EPS_DONTCARE"		Value="0" />
                <Set Name="EPS_DEFAULT_ON"		Value="0x1" />
                <Set Name="EPS_DEFAULT_OFF"		Value="0x2" />
                <Set Name="EPS_STATEMASK"		Value="0xffff" />
                <Set Name="EPS_INITIALSTATE"	Value="0x10000" />
                <Set Name="EPS_FORCE"			Value="0x20000" />
            </Flag>
        </Variable>
        <Variable Name="EXPLORERPANESTATE*" Type="Pointer" Base="EXPLORERPANESTATE" />

        <!-- FOLDERVIEWOPTIONS -->
        <Variable Name="FOLDERVIEWOPTIONS" Type="Alias" Base="UINT">
            <Flag>
                <Set Name="FVO_DEFAULT"				Value="0" />
                <Set Name="FVO_VISTALAYOUT"			Value="0x1" />
                <Set Name="FVO_CUSTOMPOSITION"		Value="0x2" />
                <Set Name="FVO_CUSTOMORDERING"		Value="0x4" />
                <Set Name="FVO_SUPPORTHYPERLINKS"   Value="0x8" />
                <Set Name="FVO_NOANIMATIONS"		Value="0x10" />
                <Set Name="FVO_NOSCROLLTIPS"		Value="0x20" />
            </Flag>
        </Variable>
        <Variable Name="FOLDERVIEWOPTIONS*" Type="Pointer" Base="FOLDERVIEWOPTIONS" />

        <!-- FOLDERLOGICALVIEWMODE -->
        <Variable Name="FOLDERLOGICALVIEWMODE" Type="Alias" Base="UINT">
            <Enum>
                <Set Name="FLVM_UNSPECIFIED"		Value="-1" />
                <Set Name="FLVM_FIRST"				Value="1" />
                <Set Name="FLVM_DETAILS"			Value="1" />
                <Set Name="FLVM_TILES"				Value="2" />
                <Set Name="FLVM_ICONS"				Value="3" />
                <Set Name="FLVM_LIST"				Value="4" />
                <Set Name="FLVM_CONTENT"			Value="5" />
            </Enum>
        </Variable>
        <Variable Name="FOLDERLOGICALVIEWMODE*" Type="Pointer" Base="FOLDERLOGICALVIEWMODE" />

        <!-- NSTCSTYLE -->
        <Variable Name="NSTCSTYLE" Type="Alias" Base="UINT">
            <Flag>
                <Set Name="NSTCS_HASEXPANDOS"           Value="0x1" />
                <Set Name="NSTCS_HASLINES"				Value="0x2" />
                <Set Name="NSTCS_SINGLECLICKEXPAND"		Value="0x4" />
                <Set Name="NSTCS_FULLROWSELECT"			Value="0x8" />
                <Set Name="NSTCS_SPRINGEXPAND"			Value="0x10" />
                <Set Name="NSTCS_HORIZONTALSCROLL"		Value="0x20" />
                <Set Name="NSTCS_ROOTHASEXPANDO"		Value="0x40" />
                <Set Name="NSTCS_SHOWSELECTIONALWAYS"	Value="0x80" />
                <Set Name="NSTCS_NOINFOTIP"				Value="0x200" />
                <Set Name="NSTCS_EVENHEIGHT"			Value="0x400" />
                <Set Name="NSTCS_NOREPLACEOPEN"			Value="0x800" />
                <Set Name="NSTCS_DISABLEDRAGDROP"		Value="0x1000" />
                <Set Name="NSTCS_NOORDERSTREAM"			Value="0x2000" />
                <Set Name="NSTCS_RICHTOOLTIP"			Value="0x4000" />
                <Set Name="NSTCS_BORDER"				Value="0x8000" />
                <Set Name="NSTCS_NOEDITLABELS"			Value="0x10000" />
                <Set Name="NSTCS_TABSTOP"				Value="0x20000" />
                <Set Name="NSTCS_FAVORITESMODE"			Value="0x80000" />
                <Set Name="NSTCS_AUTOHSCROLL"			Value="0x100000" />
                <Set Name="NSTCS_FADEINOUTEXPANDOS"		Value="0x200000" />
                <Set Name="NSTCS_EMPTYTEXT"				Value="0x400000" />
                <Set Name="NSTCS_CHECKBOXES"			Value="0x800000" />
                <Set Name="NSTCS_PARTIALCHECKBOXES"		Value="0x1000000" />
                <Set Name="NSTCS_EXCLUSIONCHECKBOXES"	Value="0x2000000" />
                <Set Name="NSTCS_DIMMEDCHECKBOXES"		Value="0x4000000" />
                <Set Name="NSTCS_NOINDENTCHECKS"		Value="0x8000000" />
                <Set Name="NSTCS_ALLOWJUNCTIONS"		Value="0x10000000" />
                <Set Name="NSTCS_SHOWTABSBUTTON"		Value="0x20000000" />
                <Set Name="NSTCS_SHOWDELETEBUTTON"		Value="0x40000000" />
                <Set Name="NSTCS_SHOWREFRESHBUTTON"		Value="0x80000000" />
            </Flag>
        </Variable>
        <Variable Name="NSTCSTYLE*" Type="Pointer" Base="NSTCSTYLE" />

        <!-- NSTCSTYLE2 -->
        <Variable Name="NSTCSTYLE2" Type="Alias" Base="UINT">
            <Flag>
                <Set Name="NSTCS2_DEFAULT"                      Value="0" />
                <Set Name="NSTCS2_INTERRUPTNOTIFICATIONS"		Value="0x1" />
                <Set Name="NSTCS2_SHOWNULLSPACEMENU"			Value="0x2" />
                <Set Name="NSTCS2_DISPLAYPADDING"				Value="0x4" />
                <Set Name="NSTCS2_DISPLAYPINNEDONLY"			Value="0x8" />
                <Set Name="NTSCS2_NOSINGLETONAUTOEXPAND"		Value="0x10" />
                <Set Name="NTSCS2_NEVERINSERTNONENUMERATED"		Value="0x20" />
            </Flag>
        </Variable>
        <Variable Name="NSTCSTYLE2*" Type="Pointer" Base="NSTCSTYLE2" />

        <!-- PDOPSTATUS -->
        <Variable Name="PDOPSTATUS" Type="Alias" Base="UINT">
            <Enum>
                <Set Name="PDOPS_RUNNING"       Value="1" />
                <Set Name="PDOPS_PAUSED"		Value="2" />
                <Set Name="PDOPS_CANCELLED"		Value="3" />
                <Set Name="PDOPS_STOPPED"		Value="4" />
                <Set Name="PDOPS_ERRORS"		Value="5" />
            </Enum>
        </Variable>
        <Variable Name="PDOPSTATUS*" Type="Pointer" Base="PDOPSTATUS" />

        <!-- PDMODE -->
        <Variable Name="PDMODE" Type="Alias" Base="DWORD">
            <Flag>
                <Set Name="PDM_DEFAULT"             Value="0" />
                <Set Name="PDM_RUN"					Value="0x1" />
                <Set Name="PDM_PREFLIGHT"			Value="0x2" />
                <Set Name="PDM_UNDOING"				Value="0x4" />
                <Set Name="PDM_ERRORSBLOCKING"		Value="0x8" />
                <Set Name="PDM_INDETERMINATE"		Value="0x10" />
            </Flag>
        </Variable>

        <!-- NSTCEHITTEST -->
        <Variable Name="NSTCEHITTEST" Type="Alias" Base="UINT">
            <Flag>
                <Set Name="NSTCEHT_NOWHERE"			Value="0x1" />
                <Set Name="NSTCEHT_ONITEMICON"		Value="0x2" />
                <Set Name="NSTCEHT_ONITEMLABEL"		Value="0x4" />
                <Set Name="NSTCEHT_ONITEMINDENT"	Value="0x8" />
                <Set Name="NSTCEHT_ONITEMBUTTON"	Value="0x10" />
                <Set Name="NSTCEHT_ONITEMRIGHT"		Value="0x20" />
                <Set Name="NSTCEHT_ONITEMSTATEICON"	Value="0x40" />
                <Set Name="NSTCEHT_ONITEM"			Value="0x46" />
                <Set Name="NSTCEHT_ONITEMTABBUTTON"	Value="0x1000" />
            </Flag>
        </Variable>

        <!-- NSTCFOLDERCAPABILITIES -->
        <Variable Name="NSTCFOLDERCAPABILITIES" Type="Alias" Base="UINT">
            <Flag>
                <Set Name="NSTCFC_NONE"					    Value="0" />
                <Set Name="NSTCFC_PINNEDITEMFILTERING"		Value="0x1" />
                <Set Name="NSTCFC_DELAY_REGISTER_NOTIFY"	Value="0x2" />
            </Flag>
        </Variable>
        <Variable Name="NSTCFOLDERCAPABILITIES*" Type="Pointer" Base="NSTCFOLDERCAPABILITIES" />

        <!-- NMCII_FLAGS -->
        <Variable Name="NMCII_FLAGS" Type="Alias" Base="UINT">
            <Flag>
                <Set Name="NMCII_ITEMS"     Value="0x1" />
                <Set Name="NMCII_FOLDERS"	Value="0x2" />
            </Flag>
        </Variable>
        <Variable Name="NMCII_FLAGS*" Type="Pointer" Base="NMCII_FLAGS" />

        <!-- FOLDER_ENUM_MODE -->
        <Variable Name="FOLDER_ENUM_MODE" Type="Alias" Base="UINT">
            <Enum>
                <Set Name="FEM_VIEWRESULT"  Value="0" />
                <Set Name="FEM_NAVIGATION"	Value="1" />
            </Enum>
        </Variable>
        <Variable Name="FOLDER_ENUM_MODE*" Type="Pointer" Base="FOLDER_ENUM_MODE" />

        <!-- TRANSFER_ADVISE_STATE -->
        <Variable Name="TRANSFER_ADVISE_STATE" Type="Alias" Base="UINT">
            <Flag>
                <Set Name="TS_NONE"			    Value="0" />
                <Set Name="TS_PERFORMING"		Value="0x1" />
                <Set Name="TS_PREPARING"		Value="0x2" />
                <Set Name="TS_INDETERMINATE"	Value="0x4" />
            </Flag>
        </Variable>

        <!-- NSTCECLICKTYPE -->
        <Variable Name="NSTCECLICKTYPE" Type="Alias" Base="UINT">
            <Enum>
                <Set Name="NSTCECT_LBUTTON"		Value="0x1" />
                <Set Name="NSTCECT_MBUTTON"		Value="0x2" />
                <Set Name="NSTCECT_RBUTTON"		Value="0x3" />
                <Set Name="NSTCECT_DBLCLICK"	Value="0x4" />
            </Enum>
        </Variable>

        <!-- TRANSFER_SOURCE_FLAGS -->
        <Variable Name="TRANSFER_SOURCE_FLAGS" Type="Alias" Base="UINT">
            <Flag>
                <Set Name="TSF_NORMAL"					    Value="0" />
                <Set Name="TSF_FAIL_EXIST"					Value="0" />
                <Set Name="TSF_RENAME_EXIST"				Value="0x1" />
                <Set Name="TSF_OVERWRITE_EXIST"				Value="0x2" />
                <Set Name="TSF_ALLOW_DECRYPTION"			Value="0x4" />
                <Set Name="TSF_NO_SECURITY"					Value="0x8" />
                <Set Name="TSF_COPY_CREATION_TIME"			Value="0x10" />
                <Set Name="TSF_COPY_WRITE_TIME"				Value="0x20" />
                <Set Name="TSF_USE_FULL_ACCESS"				Value="0x40" />
                <Set Name="TSF_DELETE_RECYCLE_IF_POSSIBLE"  Value="0x80" />
                <Set Name="TSF_COPY_HARD_LINK"				Value="0x100" />
                <Set Name="TSF_COPY_LOCALIZED_NAME"			Value="0x200" />
                <Set Name="TSF_MOVE_AS_COPY_DELETE"			Value="0x400" />
                <Set Name="TSF_SUSPEND_SHELLEVENTS"			Value="0x800" />
            </Flag>
        </Variable>

        <!-- TBPFLAG -->
        <Variable Name="TBPFLAG" Type="Alias" Base="UINT">
            <Flag>
                <Set Name="TBPF_NOPROGRESS"         Value="0" />
                <Set Name="TBPF_INDETERMINATE"		Value="0x1" />
                <Set Name="TBPF_NORMAL"				Value="0x2" />
                <Set Name="TBPF_ERROR"				Value="0x4" />
                <Set Name="TBPF_PAUSED"				Value="0x8" />
            </Flag>
        </Variable>

        <!-- LIBRARYFOLDERFILTER -->
        <Variable Name="LIBRARYFOLDERFILTER" Type="Alias" Base="UINT">
            <Enum>
                <Set Name="LFF_FORCEFILESYSTEM"		Value="1" />
                <Set Name="LFF_STORAGEITEMS"		Value="2" />
                <Set Name="LFF_ALLITEMS"			Value="3" />
            </Enum>
        </Variable>

        <!-- SIATTRIBFLAGS -->
        <Variable Name="SIATTRIBFLAGS" Type="Alias" Base="UINT">
            <Flag>
                <Set Name="SIATTRIBFLAGS_AND"		Value="0x1" />
                <Set Name="SIATTRIBFLAGS_OR"		Value="0x2" />
                <Set Name="SIATTRIBFLAGS_APPCOMPAT"	Value="0x3" />
                <Set Name="SIATTRIBFLAGS_ALLITEMS"	Value="0x4000" />
            </Flag>
        </Variable>

        <!-- VPWATERMARKFLAGS -->
        <Variable Name="VPWATERMARKFLAGS" Type="Alias" Base="UINT">
            <Enum>
                <Set Name="VPWF_DEFAULT"			Value="0" />
                <Set Name="VPWF_ALPHABLEND"			Value="0x1" />
            </Enum>
        </Variable>

        <!-- VPCOLORFLAGS -->
        <Variable Name="VPCOLORFLAGS" Type="Alias" Base="UINT">
            <Enum>
                <Set Name="VPCF_TEXT"				Value="1" />
                <Set Name="VPCF_BACKGROUND"			Value="2" />
                <Set Name="VPCF_SORTCOLUMN"			Value="3" />
                <Set Name="VPCF_SUBTEXT"			Value="4" />
                <Set Name="VPCF_TEXTBACKGROUND"		Value="5" />
            </Enum>
        </Variable>

        <!-- STPFLAG -->
        <Variable Name="STPFLAG" Type="Alias" Base="UINT">
            <Flag>
                <Set Name="STPF_NONE"					    Value="0" />
                <Set Name="STPF_USEAPPTHUMBNAILALWAYS"		Value="0x1" />
                <Set Name="STPF_USEAPPTHUMBNAILWHENACTIVE"	Value="0x2" />
                <Set Name="STPF_USEAPPPEEKALWAYS"			Value="0x4" />
                <Set Name="STPF_USEAPPPEEKWHENACTIVE"		Value="0x8" />
            </Flag>
        </Variable>

        <!-- EXPPS -->
        <Variable Name="EXPPS" Type="Alias" Base="UINT">
            <Enum>
                <Set Name="EXPPS_FILETYPES" Value="0x1" />
            </Enum>
        </Variable>

        <!-- DEFAULTSAVEFOLDERTYPE -->
        <Variable Name="DEFAULTSAVEFOLDERTYPE" Type="Alias" Base="UINT">
            <Enum>
                <Set Name="DSFT_DETECT"     Value="1" />
                <Set Name="DSFT_PRIVATE"	Value="2" />
                <Set Name="DSFT_PUBLIC"		Value="3" />
            </Enum>
        </Variable>

        <!-- FOLDERFLAGS -->
        <Variable Name="FOLDERFLAGS" Type="Alias" Base="UINT">
            <Flag>
                <Set Name="FWF_NONE"					Value="0" />
                <Set Name="FWF_AUTOARRANGE"				Value="0x1" />
                <Set Name="FWF_ABBREVIATEDNAMES"		Value="0x2" />
                <Set Name="FWF_SNAPTOGRID"				Value="0x4" />
                <Set Name="FWF_OWNERDATA"				Value="0x8" />
                <Set Name="FWF_BESTFITWINDOW"			Value="0x10" />
                <Set Name="FWF_DESKTOP"					Value="0x20" />
                <Set Name="FWF_SINGLESEL"				Value="0x40" />
                <Set Name="FWF_NOSUBFOLDERS"			Value="0x80" />
                <Set Name="FWF_TRANSPARENT"				Value="0x100" />
                <Set Name="FWF_NOCLIENTEDGE"			Value="0x200" />
                <Set Name="FWF_NOSCROLL"				Value="0x400" />
                <Set Name="FWF_ALIGNLEFT"				Value="0x800" />
                <Set Name="FWF_NOICONS"					Value="0x1000" />
                <Set Name="FWF_SHOWSELALWAYS"			Value="0x2000" />
                <Set Name="FWF_NOVISIBLE"				Value="0x4000" />
                <Set Name="FWF_SINGLECLICKACTIVATE"     Value="0x8000" />
                <Set Name="FWF_NOWEBVIEW"				Value="0x10000" />
                <Set Name="FWF_HIDEFILENAMES"			Value="0x20000" />
                <Set Name="FWF_CHECKSELECT"				Value="0x40000" />
                <Set Name="FWF_NOENUMREFRESH"			Value="0x80000" />
                <Set Name="FWF_NOGROUPING"				Value="0x100000" />
                <Set Name="FWF_FULLROWSELECT"			Value="0x200000" />
                <Set Name="FWF_NOFILTERS"				Value="0x400000" />
                <Set Name="FWF_NOCOLUMNHEADER"			Value="0x800000" />
                <Set Name="FWF_NOHEADERINALLVIEWS"		Value="0x1000000" />
                <Set Name="FWF_EXTENDEDTILES"			Value="0x2000000" />
                <Set Name="FWF_TRICHECKSELECT"			Value="0x4000000" />
                <Set Name="FWF_AUTOCHECKSELECT"			Value="0x8000000" />
                <Set Name="FWF_NOBROWSERVIEWSTATE"		Value="0x10000000" />
                <Set Name="FWF_SUBSETGROUPS"			Value="0x20000000" />
                <Set Name="FWF_USESEARCHFOLDER"			Value="0x40000000" />
                <Set Name="FWF_ALLOWRTLREADING"			Value="0x80000000" />
            </Flag>
        </Variable>
        <Variable Name="FOLDERFLAGS*" Type="Pointer" Base="FOLDERFLAGS" />

        <!-- LIBRARYOPTIONFLAGS -->
        <Variable Name="LIBRARYOPTIONFLAGS" Type="Alias" Base="UINT">
            <Enum>
                <Set Name="LOF_DEFAULT"             Value="0" />
                <Set Name="LOF_PINNEDTONAVPANE"		Value="0x1" />
            </Enum>
        </Variable>
        <Variable Name="LIBRARYOPTIONFLAGS*" Type="Pointer" Base="LIBRARYOPTIONFLAGS" />

        <!-- LIBRARYSAVEFLAGS -->
        <Variable Name="LIBRARYSAVEFLAGS" Type="Alias" Base="UINT">
            <Flag>
                <Set Name="LSF_FAILIFTHERE"			Value="0" />
                <Set Name="LSF_OVERRIDEEXISTING"	Value="0x1" />
                <Set Name="LSF_MAKEUNIQUENAME"		Value="0x2" />
            </Flag>
        </Variable>

        <!-- SIGDN -->
        <Variable Name="SIGDN" Type="Alias" Base="UINT">
            <Enum>
                <Set Name="SIGDN_NORMALDISPLAY"                 Value="0" />
                <Set Name="SIGDN_PARENTRELATIVEPARSING"         Value="0x80018001" />
                <Set Name="SIGDN_DESKTOPABSOLUTEPARSING"        Value="0x80028000" />
                <Set Name="SIGDN_PARENTRELATIVEEDITING"         Value="0x80031001" />
                <Set Name="SIGDN_DESKTOPABSOLUTEEDITING"        Value="0x8004c000" />
                <Set Name="SIGDN_FILESYSPATH"                   Value="0x80058000" />
                <Set Name="SIGDN_URL"                           Value="0x80068000" />
                <Set Name="SIGDN_PARENTRELATIVEFORADDRESSBAR"   Value="0x8007c001" />
                <Set Name="SIGDN_PARENTRELATIVE"                Value="0x80080001" />
            </Enum>
        </Variable>

        <!-- SFGAOF -->
        <Variable Name="SFGAOF" Type="Alias" Base="DWORD">
            <Flag>
                <Set Name="SFGAO_CANCOPY"               Value="0x00000001" />
                <Set Name="SFGAO_CANMOVE"               Value="0x00000002" />
                <Set Name="SFGAO_CANLINK"               Value="0x00000004" />
                <Set Name="SFGAO_STORAGE"               Value="0x00000008" />
                <Set Name="SFGAO_CANRENAME"             Value="0x00000010" />
                <Set Name="SFGAO_CANDELETE"             Value="0x00000020" />
                <Set Name="SFGAO_HASPROPSHEET"          Value="0x00000040" />
                <Set Name="SFGAO_DROPTARGET"            Value="0x00000100" />
                <Set Name="SFGAO_CAPABILITYMASK"        Value="0x00000177" />
                <Set Name="SFGAO_ENCRYPTED"             Value="0x00002000" />
                <Set Name="SFGAO_ISSLOW"                Value="0x00004000" />
                <Set Name="SFGAO_GHOSTED"               Value="0x00008000" />
                <Set Name="SFGAO_LINK"                  Value="0x00010000" />
                <Set Name="SFGAO_SHARE"                 Value="0x00020000" />
                <Set Name="SFGAO_READONLY"              Value="0x00040000" />
                <Set Name="SFGAO_HIDDEN"                Value="0x00080000" />
                <Set Name="SFGAO_DISPLAYATTRMASK"       Value="0x000FC000" />
                <Set Name="SFGAO_FILESYSANCESTOR"       Value="0x10000000" />
                <Set Name="SFGAO_FOLDER"                Value="0x20000000" />
                <Set Name="SFGAO_FILESYSTEM"            Value="0x40000000" />
                <Set Name="SFGAO_HASSUBFOLDER"          Value="0x80000000" />
                <Set Name="SFGAO_CONTENTSMASK"          Value="0x80000000" />
                <Set Name="SFGAO_VALIDATE"              Value="0x01000000" />
                <Set Name="SFGAO_REMOVABLE"             Value="0x02000000" />
                <Set Name="SFGAO_COMPRESSED"            Value="0x04000000" />
                <Set Name="SFGAO_BROWSABLE"             Value="0x08000000" />
                <Set Name="SFGAO_NONENUMERATED"         Value="0x00100000" />
                <Set Name="SFGAO_NEWCONTENT"            Value="0x00200000" />
                <Set Name="SFGAO_CANMONIKER"            Value="0x00400000" />
                <Set Name="SFGAO_HASSTORAGE"            Value="0x00400000" />
                <Set Name="SFGAO_STREAM"                Value="0x00400000" />
                <Set Name="SFGAO_STORAGEANCESTOR"       Value="0x00800000" />
                <Set Name="SFGAO_STORAGECAPMASK"        Value="0x70C50008" />
                <Set Name="SFGAO_PKEYSFGAOMASK"         Value="0x81044010" />
            </Flag>
        </Variable>
        <Variable Name="SFGAOF*" Type="Pointer" Base="SFGAOF" />

        <!-- SICHINTF -->
        <Variable Name="SICHINTF" Type="Alias" Base="DWORD">
            <Flag>
                <Set Name="SICHINT_DISPLAY"					        Value="0" />
                <Set Name="SICHINT_ALLFIELDS"					    Value="0x80000000" />
                <Set Name="SICHINT_CANONICAL"					    Value="0x10000000" />
                <Set Name="SICHINT_TEST_FILESYSPATH_IF_NOT_EQUAL"	Value="0x20000000" />
            </Flag>
        </Variable>

        <!-- SHCONTF -->
        <Variable Name="SHCONTF" Type="Alias" Base="UINT">
            <Flag>
                <Set Name="SHCONTF_CHECKING_FOR_CHILDREN"   Value="0x10" />
                <Set Name="SHCONTF_FOLDERS"					Value="0x20" />
                <Set Name="SHCONTF_NONFOLDERS"				Value="0x40" />
                <Set Name="SHCONTF_INCLUDEHIDDEN"			Value="0x80" />
                <Set Name="SHCONTF_INIT_ON_FIRST_NEXT"		Value="0x100" />
                <Set Name="SHCONTF_NETPRINTERSRCH"			Value="0x200" />
                <Set Name="SHCONTF_SHAREABLE"				Value="0x400" />
                <Set Name="SHCONTF_STORAGE"					Value="0x800" />
                <Set Name="SHCONTF_NAVIGATION_ENUM"			Value="0x1000" />
                <Set Name="SHCONTF_FASTITEMS"				Value="0x2000" />
                <Set Name="SHCONTF_FLATLIST"				Value="0x4000" />
                <Set Name="SHCONTF_ENABLE_ASYNC"			Value="0x8000" />
                <Set Name="SHCONTF_INCLUDESUPERHIDDEN"		Value="0x10000" />
            </Flag>
        </Variable>
        <Variable Name="SHCONTF*" Type="Pointer" Base="SHCONTF" />

        <!-- SHGDNF -->
        <Variable Name="SHGDNF" Type="Alias" Base="UINT">
            <Flag>
                <Set Name="SHGDN_NORMAL"					Value="0" />
                <Set Name="SHGDN_INFOLDER"					Value="0x1" />
                <Set Name="SHGDN_FOREDITING"				Value="0x1000" />
                <Set Name="SHGDN_FORADDRESSBAR"				Value="0x4000" />
                <Set Name="SHGDN_FORPARSING"				Value="0x8000" />
            </Flag>
        </Variable>

        <!-- DEF_SHARE_ID -->
        <Variable Name="DEF_SHARE_ID" Type="Alias" Base="UINT">
            <Enum>
                <Set Name="DEFSHAREID_USERS"				Value="1" />
                <Set Name="DEFSHAREID_PUBLIC"				Value="2" />
            </Enum>
        </Variable>

        <!-- SHARE_ROLE -->
        <Variable Name="SHARE_ROLE" Type="Alias" Base="UINT">
            <Enum>
                <Set Name="SHARE_ROLE_INVALID"				Value="-1" />
                <Set Name="SHARE_ROLE_READER"				Value="0" />
                <Set Name="SHARE_ROLE_CONTRIBUTOR"			Value="1" />
                <Set Name="SHARE_ROLE_CO_OWNER"				Value="2" />
                <Set Name="SHARE_ROLE_OWNER"				Value="3" />
                <Set Name="SHARE_ROLE_CUSTOM"				Value="4" />
                <Set Name="SHARE_ROLE_MIXED"				Value="5" />
            </Enum>
        </Variable>
        <Variable Name="SHARE_ROLE*" Type="Pointer" Base="SHARE_ROLE" />

        <!-- PROPERTYUI_NAME_FLAGS -->
        <Variable Name="PROPERTYUI_NAME_FLAGS" Type="Alias" Base="UINT">
            <Enum>
                <Set Name="PUIFNF_DEFAULT"					Value="0" />
                <Set Name="PUIFNF_MNEMONIC"					Value="0x1" />
            </Enum>
        </Variable>

        <!-- PROPERTYUI_FLAGS -->
        <Variable Name="PROPERTYUI_FLAGS" Type="Alias" Base="UINT">
            <Flag>
                <Set Name="PUIF_DEFAULT"					Value="0" />
                <Set Name="PUIF_RIGHTALIGN"					Value="0x1" />
                <Set Name="PUIF_NOLABELININFOTIP"			Value="0x2" />
            </Flag>
        </Variable>
        <Variable Name="PROPERTYUI_FLAGS*" Type="Pointer" Base="PROPERTYUI_FLAGS" />

        <!-- PROPERTYUI_FORMAT_FLAGS -->
        <Variable Name="PROPERTYUI_FORMAT_FLAGS" Type="Alias" Base="UINT">
            <Flag>
                <Set Name="PUIFFDF_DEFAULT"					Value="0" />
                <Set Name="PUIFFDF_RIGHTTOLEFT"				Value="0x1" />
                <Set Name="PUIFFDF_SHORTFORMAT"				Value="0x2" />
                <Set Name="PUIFFDF_NOTIME"					Value="0x4" />
                <Set Name="PUIFFDF_FRIENDLYDATE"			Value="0x8" />
            </Flag>
        </Variable>

        <!-- HOMEGROUPSHARINGCHOICES -->
        <Variable Name="HOMEGROUPSHARINGCHOICES" Type="Alias" Base="UINT">
            <Flag>
                <Set Name="HGSC_NONE"                   Value="0" />
                <Set Name="HGSC_MUSICLIBRARY"			Value="0x1" />
                <Set Name="HGSC_PICTURESLIBRARY"		Value="0x2" />
                <Set Name="HGSC_VIDEOSLIBRARY"			Value="0x4" />
                <Set Name="HGSC_DOCUMENTSLIBRARY"		Value="0x8" />
                <Set Name="HGSC_PRINTERS"				Value="0x10" />
            </Flag>
        </Variable>
        <Variable Name="HOMEGROUPSHARINGCHOICES*" Type="Pointer" Base="UINT" />

        <!-- EXPCMDFLAGS -->
        <Variable Name="EXPCMDFLAGS" Type="Alias" Base="UINT">
            <Flag>
                <Set Name="ECF_DEFAULT"					Value="0" />
                <Set Name="ECF_HASSUBCOMMANDS"			Value="0x1" />
                <Set Name="ECF_HASSPLITBUTTON"			Value="0x2" />
                <Set Name="ECF_HIDELABEL"				Value="0x4" />
                <Set Name="ECF_ISSEPARATOR"				Value="0x8" />
                <Set Name="ECF_HASLUASHIELD"			Value="0x10" />
                <Set Name="ECF_SEPARATORBEFORE"			Value="0x20" />
                <Set Name="ECF_SEPARATORAFTER"			Value="0x40" />
                <Set Name="ECF_ISDROPDOWN"				Value="0x80" />
            </Flag>
        </Variable>
        <Variable Name="EXPCMDFLAGS*" Type="Pointer" Base="EXPCMDFLAGS" />

        <!-- EXPLORER_BROWSER_FILL_FLAGS -->
        <Variable Name="EXPLORER_BROWSER_FILL_FLAGS" Type="Alias" Base="UINT">
            <Flag>
                <Set Name="EBF_NONE"					Value="0" />
                <Set Name="EBF_SELECTFROMDATAOBJECT"	Value="0x100" />
                <Set Name="EBF_NODROPTARGET"			Value="0x200" />
            </Flag>
        </Variable>

        <!-- FOLDERVIEWMODE -->
        <Variable Name="FOLDERVIEWMODE" Type="Alias" Base="UINT">
            <Enum>
                <Set Name="FVM_AUTO"					Value="-1" />
                <Set Name="FVM_FIRST"					Value="1" />
                <Set Name="FVM_ICON"					Value="1" />
                <Set Name="FVM_SMALLICON"				Value="2" />
                <Set Name="FVM_LIST"					Value="3" />
                <Set Name="FVM_DETAILS"					Value="4" />
                <Set Name="FVM_THUMBNAIL"				Value="5" />
                <Set Name="FVM_TILE"					Value="6" />
                <Set Name="FVM_THUMBSTRIP"				Value="7" />
                <Set Name="FVM_CONTENT"					Value="8" />
            </Enum>
        </Variable>
        <Variable Name="FOLDERVIEWMODE*" Type="Pointer" Base="FOLDERVIEWMODE" />

        <!-- KF_REDIRECTION_CAPABILITIES -->
        <Variable Name="KF_REDIRECTION_CAPABILITIES" Type="Alias" Base="UINT">
            <Flag>
                <Set Name="KF_REDIRECTION_CAPABILITIES_ALLOW_ALL"               Value="0xff" />
                <Set Name="KF_REDIRECTION_CAPABILITIES_REDIRECTABLE"			Value="0x1" />
                <Set Name="KF_REDIRECTION_CAPABILITIES_DENY_ALL"				Value="0xfff00" />
                <Set Name="KF_REDIRECTION_CAPABILITIES_DENY_POLICY_REDIRECTED"	Value="0x100" />
                <Set Name="KF_REDIRECTION_CAPABILITIES_DENY_POLICY"				Value="0x200" />
                <Set Name="KF_REDIRECTION_CAPABILITIES_DENY_PERMISSIONS"		Value="0x400" />
            </Flag>
        </Variable>
        <Variable Name="KF_REDIRECTION_CAPABILITIES*" Type="Pointer" Base="KF_REDIRECTION_CAPABILITIES" />

        <!-- NSTCROOTSTYLE -->
        <Variable Name="NSTCROOTSTYLE" Type="Alias" Base="UINT">
            <Flag>
                <Set Name="NSTCRS_VISIBLE"      Value="0" />
                <Set Name="NSTCRS_HIDDEN"		Value="0x1" />
                <Set Name="NSTCRS_EXPANDED"		Value="0x2" />
            </Flag>
        </Variable>

        <!-- CPVIEW -->
        <Variable Name="CPVIEW" Type="Alias" Base="UINT">
            <Enum>
                <Set Name="CPVIEW_CLASSIC"				Value="0" />
                <Set Name="CPVIEW_CATEGORY"				Value="1" />
            </Enum>
        </Variable>
        <Variable Name="CPVIEW*" Type="Pointer" Base="CPVIEW" />

        <!-- OPPROGDLGF -->
        <Variable Name="OPPROGDLGF" Type="Alias" Base="UINT">
            <Flag>
                <Set Name="OPPROGDLG_DEFAULT"                   Value="0" />
                <Set Name="OPPROGDLG_ENABLEPAUSE"				Value="0x80" />
                <Set Name="OPPROGDLG_ALLOWUNDO"					Value="0x100" />
                <Set Name="OPPROGDLG_DONTDISPLAYSOURCEPATH"		Value="0x200" />
                <Set Name="OPPROGDLG_DONTDISPLAYDESTPATH"		Value="0x400" />
                <Set Name="OPPROGDLG_NOMULTIDAYESTIMATES"		Value="0x800" />
                <Set Name="OPPROGDLG_DONTDISPLAYLOCATIONS"		Value="0x1000" />
            </Flag>
        </Variable>

        <!-- FFFP_MODE -->
        <Variable Name="FFFP_MODE" Type="Alias" Base="UINT">
            <Enum>
                <Set Name="FFFP_EXACTMATCH"             Value="0" />
                <Set Name="FFFP_NEARESTPARENTMATCH"		Value="1" />
            </Enum>
        </Variable>

        <!-- NSTCGNI -->
        <Variable Name="NSTCGNI" Type="Alias" Base="UINT">
            <Enum>
                <Set Name="NSTCGNI_NEXT"            Value="0" />
                <Set Name="NSTCGNI_NEXTVISIBLE"		Value="1" />
                <Set Name="NSTCGNI_PREV"			Value="2" />
                <Set Name="NSTCGNI_PREVVISIBLE"		Value="3" />
                <Set Name="NSTCGNI_PARENT"			Value="4" />
                <Set Name="NSTCGNI_CHILD"			Value="5" />
                <Set Name="NSTCGNI_FIRSTVISIBLE"	Value="6" />
                <Set Name="NSTCGNI_LASTVISIBLE"		Value="7" />
            </Enum>
        </Variable>

        <!-- KF_REDIRECT_FLAGS -->
        <Variable Name="KF_REDIRECT_FLAGS" Type="Alias" Base="UINT">
            <Flag>
                <Set Name="KF_REDIRECT_USER_EXCLUSIVE"                  Value="0x1" />
                <Set Name="KF_REDIRECT_COPY_SOURCE_DACL"		        Value="0x2" />
                <Set Name="KF_REDIRECT_OWNER_USER"				        Value="0x4" />
                <Set Name="KF_REDIRECT_SET_OWNER_EXPLICIT"		        Value="0x8" />
                <Set Name="KF_REDIRECT_CHECK_ONLY"				        Value="0x10" />
                <Set Name="KF_REDIRECT_WITH_UI"					        Value="0x20" />
                <Set Name="KF_REDIRECT_UNPIN"					        Value="0x40" />
                <Set Name="KF_REDIRECT_PIN"					            Value="0x80" />
                <Set Name="KF_REDIRECT_COPY_CONTENTS"			        Value="0x200" />
                <Set Name="KF_REDIRECT_DEL_SOURCE_CONTENTS"			    Value="0x400" />
                <Set Name="KF_REDIRECT_EXCLUDE_ALL_KNOWN_SUBFOLDERS"    Value="0x800" />
            </Flag>
        </Variable>

        <!-- NMCSAEI_FLAGS -->
        <Variable Name="NMCSAEI_FLAGS" Type="Alias" Base="UINT">
            <Enum>
                <Set Name="NMCSAEI_SELECT"      Value="0" />
                <Set Name="NMCSAEI_EDIT"		Value="0x1" />
            </Enum>
        </Variable>

        <!-- SIIGBF -->
        <Variable Name="SIIGBF" Type="Alias" Base="UINT">
            <Flag>
                <Set Name="SIIGBF_RESIZETOFIT"      Value="0" />
                <Set Name="SIIGBF_BIGGERSIZEOK"		Value="0x1" />
                <Set Name="SIIGBF_MEMORYONLY"		Value="0x2" />
                <Set Name="SIIGBF_ICONONLY"			Value="0x4" />
                <Set Name="SIIGBF_THUMBNAILONLY"	Value="0x8" />
                <Set Name="SIIGBF_INCACHEONLY"		Value="0x10" />
            </Flag>
        </Variable>

        <!-- MP_POPUPFLAGS -->
        <Variable Name="MP_POPUPFLAGS" Type="Alias" Base="UINT">
            <Flag>
                <Set Name="MPPF_SETFOCUS"			Value="0x1" />
                <Set Name="MPPF_INITIALSELECT"		Value="0x2" />
                <Set Name="MPPF_NOANIMATE"			Value="0x4" />
                <Set Name="MPPF_KEYBOARD"			Value="0x10" />
                <Set Name="MPPF_REPOSITION"			Value="0x20" />
                <Set Name="MPPF_FORCEZORDER"		Value="0x40" />
                <Set Name="MPPF_FINALSELECT"		Value="0x80" />
                <Set Name="MPPF_TOP"				Value="0x20000000" />
                <Set Name="MPPF_LEFT"				Value="0x40000000" />
                <Set Name="MPPF_RIGHT"				Value="0x60000000" />
                <Set Name="MPPF_BOTTOM"				Value="0x80000000" />
                <Set Name="MPPF_POS_MASK"			Value="0xe0000000" />
                <Set Name="MPPF_ALIGN_LEFT"			Value="0x2000000" />
                <Set Name="MPPF_ALIGN_RIGHT"		Value="0x4000000" />
            </Flag>
        </Variable>

        <!-- SVSIF -->
        <Variable Name="SVSIF" Type="Alias" Base="UINT">
            <Flag>
                <Set Name="SVSI_DESELECT"			Value="0" />
                <Set Name="SVSI_SELECT"				Value="0x1" />
                <Set Name="SVSI_EDIT"				Value="0x3" />
                <Set Name="SVSI_DESELECTOTHERS"		Value="0x4" />
                <Set Name="SVSI_ENSUREVISIBLE"		Value="0x8" />
                <Set Name="SVSI_FOCUSED"			Value="0x10" />
                <Set Name="SVSI_TRANSLATEPT"		Value="0x20" />
                <Set Name="SVSI_SELECTIONMARK"		Value="0x40" />
                <Set Name="SVSI_POSITIONITEM"		Value="0x80" />
                <Set Name="SVSI_CHECK"				Value="0x100" />
                <Set Name="SVSI_CHECK2"				Value="0x200" />
                <Set Name="SVSI_KEYBOARDSELECT"		Value="0x401" />
                <Set Name="SVSI_NOTAKEFOCUS"		Value="0x40000000" />
            </Flag>
        </Variable>

        <!-- SV3CVW3_FLAGS -->
        <Variable Name="SV3CVW3_FLAGS" Type="Alias" Base="DWORD">
            <Flag>
                <Set Name="SV3CVW3_DEFAULT"			    Value="0" />
                <Set Name="SV3CVW3_NONINTERACTIVE"	    Value="0x1" />
                <Set Name="SV3CVW3_FORCEVIEWMODE"	    Value="0x2" />
                <Set Name="SV3CVW3_FORCEFOLDERFLAGS"    Value="0x4" />
            </Flag>
        </Variable>

        <!-- EXPLORER_BROWSER_OPTIONS -->
        <Variable Name="EXPLORER_BROWSER_OPTIONS" Type="Alias" Base="UINT">
            <Flag>
                <Set Name="EBO_NONE"					Value="0" />
                <Set Name="EBO_NAVIGATEONCE"			Value="0x1" />
                <Set Name="EBO_SHOWFRAMES"				Value="0x2" />
                <Set Name="EBO_ALWAYSNAVIGATE"			Value="0x4" />
                <Set Name="EBO_NOTRAVELLOG"				Value="0x8" />
                <Set Name="EBO_NOWRAPPERWINDOW"			Value="0x10" />
                <Set Name="EBO_HTMLSHAREPOINTVIEW"		Value="0x20" />
            </Flag>
        </Variable>
        <Variable Name="EXPLORER_BROWSER_OPTIONS*" Type="Pointer" Base="EXPLORER_BROWSER_OPTIONS" />

        <!-- TODO: Used in AssocGetPerceivedType but we don't have API definition yet -->
        <!-- PERCEIVED -->
        <Variable Name="PERCEIVED" Type="Alias" Base="UINT">
            <Enum>
                <Set Name="PERCEIVED_TYPE_FIRST"			Value="-3" />
                <Set Name="PERCEIVED_TYPE_CUSTOM"			Value="-3" />
                <Set Name="PERCEIVED_TYPE_UNSPECIFIED"		Value="-2" />
                <Set Name="PERCEIVED_TYPE_FOLDER"			Value="-1" />
                <Set Name="PERCEIVED_TYPE_UNKNOWN"			Value="0" />
                <Set Name="PERCEIVED_TYPE_TEXT"				Value="1" />
                <Set Name="PERCEIVED_TYPE_IMAGE"			Value="2" />
                <Set Name="PERCEIVED_TYPE_AUDIO"			Value="3" />
                <Set Name="PERCEIVED_TYPE_VIDEO"			Value="4" />
                <Set Name="PERCEIVED_TYPE_COMPRESSED"		Value="5" />
                <Set Name="PERCEIVED_TYPE_DOCUMENT"			Value="6" />
                <Set Name="PERCEIVED_TYPE_SYSTEM"			Value="7" />
                <Set Name="PERCEIVED_TYPE_APPLICATION"      Value="8" />
                <Set Name="PERCEIVED_TYPE_GAMEMEDIA"		Value="9" />
                <Set Name="PERCEIVED_TYPE_CONTACTS"			Value="10" />
            </Enum>
        </Variable>

        <!-- FILEOP_FLAGS -->
        <Variable Name="FILEOP_FLAGS" Type="Alias" Base="WORD">
            <Flag>
                <Set Name="FOF_MULTIDESTFILES"         	Value="0x0001" />
                <Set Name="FOF_CONFIRMMOUSE"           	Value="0x0002" />
                <Set Name="FOF_SILENT"                 	Value="0x0004" />
                <Set Name="FOF_RENAMEONCOLLISION"      	Value="0x0008" />
                <Set Name="FOF_NOCONFIRMATION"         	Value="0x0010" />
                <Set Name="FOF_WANTMAPPINGHANDLE"      	Value="0x0020" />
                <Set Name="FOF_ALLOWUNDO"              	Value="0x0040" />
                <Set Name="FOF_FILESONLY"              	Value="0x0080" />
                <Set Name="FOF_SIMPLEPROGRESS"         	Value="0x0100" />
                <Set Name="FOF_NOCONFIRMMKDIR"         	Value="0x0200" />
                <Set Name="FOF_NOERRORUI"              	Value="0x0400" />
                <Set Name="FOF_NOCOPYSECURITYATTRIBS"  	Value="0x0800" />
                <Set Name="FOF_NORECURSION"            	Value="0x1000" />
                <Set Name="FOF_NO_CONNECTED_ELEMENTS"  	Value="0x2000" />
                <Set Name="FOF_WANTNUKEWARNING"        	Value="0x4000" />
                <Set Name="FOF_NORECURSEREPARSE"       	Value="0x8000" />
                <Set Name="FOF_NO_UI"                  	Value="0x0614" />
            </Flag>
        </Variable>

    </Headers>
</ApiMonitor>