<!--
    API Monitor Definitions
    (c) 2010-2011, Rohitab Batra <rohitab@rohitab.com>
    http://www.rohitab.com/apimonitor/
-->
<ApiMonitor>
    <Include Filename="Headers\windows.h.xml" />
    <Headers>
        
        <!-- Variables -->
        <Variable Name="LPWSAOVERLAPPED"                        Type="Alias"    Base="LPOVERLAPPED" />
        <Variable Name="LPWSAOVERLAPPED_COMPLETION_ROUTINE"     Type="Alias"    Base="LPVOID" />
        <Variable Name="LPLOOKUPSERVICE_COMPLETION_ROUTINE"     Type="Alias"    Base="LPVOID" />
        <Variable Name="socklen_t"                              Type="Alias"    Base="int" />
        <Variable Name="LPCONDITIONPROC"                        Type="Alias"    Base="LPVOID" />
        <Variable Name="WSAEVENT"                               Type="Alias"    Base="HANDLE" />
        <Variable Name="const WSAEVENT*"                        Type="Pointer"  Base="WSAEVENT" />

        <!-- TODO: Structures -->
        <Variable Name="struct sockaddr*"                       Type="Alias"    Base="LPVOID" />
        <Variable Name="const sockaddr*"                        Type="Alias"    Base="LPVOID" />
        <Variable Name="const struct sockaddr*"                 Type="Alias"    Base="LPVOID" />
        <Variable Name="const SOCKADDR*"                        Type="Alias"    Base="LPVOID" />
        <Variable Name="LPSOCKADDR"                             Type="Alias"    Base="LPVOID" />
        <Variable Name="LPSOCKADDR*"                            Type="Pointer"  Base="LPSOCKADDR" />
        <Variable Name="struct addrinfo*"                       Type="Alias"    Base="LPVOID" />
        <Variable Name="const struct addrinfo*"                 Type="Alias"    Base="struct addrinfo*" />
        <Variable Name="struct addrinfo**"                      Type="Pointer"  Base="struct addrinfo*" />
        <Variable Name="PADDRINFOEX"                            Type="Alias"    Base="LPVOID" />
        <Variable Name="const ADDRINFOEX*"                      Type="Alias"    Base="PADDRINFOEX" />
        <Variable Name="PADDRINFOEX*"                           Type="Pointer"  Base="PADDRINFOEX" />
        <Variable Name="const SOCKET_SECURITY_QUERY_TEMPLATE*"  Type="Alias"    Base="LPVOID" />
        <Variable Name="const SOCKET_PEER_TARGET_NAME*"         Type="Alias"    Base="LPVOID" />
        <Variable Name="PADDRINFOW"                             Type="Alias"    Base="LPVOID" />
        <Variable Name="PADDRINFOW*"                            Type="Pointer"  Base="PADDRINFOW" />
        <Variable Name="const ADDRINFOW*"                       Type="Alias"    Base="PADDRINFOW" />
        <Variable Name="struct servent*"                        Type="Alias"    Base="LPVOID" />
        <Variable Name="const IN_ADDR*"                         Type="Alias"    Base="LPVOID" />
        <Variable Name="IN_ADDR*"                               Type="Alias"    Base="LPVOID" />
        <Variable Name="const IN6_ADDR*"                        Type="Alias"    Base="LPVOID" />
        <Variable Name="IN6_ADDR*"                              Type="Alias"    Base="LPVOID" />
        <Variable Name="LPWSAPROTOCOL_INFO"                     Type="Alias"    Base="LPVOID" />
        <Variable Name="PSOCKET_ADDRESS_LIST"                   Type="Alias"    Base="LPVOID" />
        <Variable Name="LPWSANETWORKEVENTS"                     Type="Alias"    Base="LPVOID" />
        <Variable Name="LPWSADATA"                              Type="Alias"    Base="LPVOID" />

        <!-- SOCKET -->
        <Variable Name="SOCKET" Type="Alias" Base="UINT_PTR">
            <Enum>
                <Set Name="INVALID_SOCKET" Value="-1" />
            </Enum>
        </Variable>

        <!-- SOCKET_SECURITY_PROTOCOL -->
        <Variable Name="SOCKET_SECURITY_PROTOCOL" Type="Alias" Base="UINT">
            <Enum>
                <Set Name="SOCKET_SECURITY_PROTOCOL_DEFAULT"	Value="0" />
                <Set Name="SOCKET_SECURITY_PROTOCOL_IPSEC"		Value="1" />
                <Set Name="SOCKET_SECURITY_PROTOCOL_IPSEC2"     Value="2" />
            </Enum>
        </Variable>

        <!-- [SocketInfoFlags] -->
        <Variable Name="[SocketInfoFlags]" Type="Alias" Base="ULONG">
            <Display Name="ULONG" />
            <Flag>
                <Set Name="SOCKET_INFO_CONNECTION_SECURED"  	Value="0x1" />
                <Set Name="SOCKET_INFO_CONNECTION_ENCRYPTED"  	Value="0x2" />
                <Set Name="SOCKET_INFO_CONNECTION_IMPERSONATED" Value="0x4" />
            </Flag>
        </Variable>

        <!-- SOCKET_SECURITY_QUERY_INFO -->
        <Variable Name="SOCKET_SECURITY_QUERY_INFO" Type="Struct">
            <Field Type="SOCKET_SECURITY_PROTOCOL"  Name="SecurityProtocol" />
            <Field Type="[SocketInfoFlags]"         Name="Flags" />
            <Field Type="UINT64"                    Name="PeerApplicationAccessTokenHandle" />
            <Field Type="UINT64"                    Name="PeerMachineAccessTokenHandle" />
        </Variable>
        <Variable Name="SOCKET_SECURITY_QUERY_INFO*" Type="Pointer" Base="SOCKET_SECURITY_QUERY_INFO" />

        <!-- [SocketSecurityFlags] -->
        <Variable Name="[SocketSecurityFlags]" Type="Alias" Base="ULONG">
            <Display Name="ULONG" />
            <Flag>
                <Set Name="SOCKET_SETTINGS_GUARANTEE_ENCRYPTION"  	Value="0x1" />
                <Set Name="SOCKET_SETTINGS_ALLOW_INSECURE"          Value="0x2" />
            </Flag>
        </Variable>

        <!-- SOCKET_SECURITY_SETTINGS -->
        <Variable Name="SOCKET_SECURITY_SETTINGS" Type="Struct">
            <Field Type="SOCKET_SECURITY_PROTOCOL" 	Name="SecurityProtocol" />
            <Field Type="[SocketSecurityFlags]"     Name="SecurityFlags" />
        </Variable>
        <Variable Name="const SOCKET_SECURITY_SETTINGS*" Type="Pointer" Base="SOCKET_SECURITY_SETTINGS" />

        <!-- struct timeval -->
        <Variable Name="struct timeval" Type="Struct">
            <Field Type="long"    	Name="tv_sec" />
            <Field Type="long"    	Name="tv_usec" />
        </Variable>
        <Variable Name="struct timeval*"        Type="Pointer" Base="struct timeval" />
        <Variable Name="const struct timeval*"  Type="Pointer" Base="struct timeval" />

        <!-- struct hostent -->
        <Variable Name="struct hostent" Type="Struct">
            <Field Type="char*"     Name="h_name" />
            <Field Type="char**" 	Name="h_aliases" />
            <Field Type="short"   	Name="h_addrtype" />
            <Field Type="short"   	Name="h_length" />
            <Field Type="char**"    Name="h_addr_list" />
        </Variable>
        <Variable Name="struct hostent*" Type="Pointer" Base="struct hostent" />

        <!-- struct protoent -->
        <Variable Name="struct PROTOENT" Type="Struct">
            <Field Type="char*"     Name="p_name" />
            <Field Type="char**" 	Name="p_aliases" />
            <Field Type="short"   	Name="p_proto" />
        </Variable>
        <Variable Name="struct PROTOENT*" Type="Pointer" Base="struct PROTOENT" />

        <!-- SOCKET_ADDRESS -->
        <Variable Name="SOCKET_ADDRESS" Type="Struct">
            <Field Type="LPSOCKADDR" 	Name="lpSockaddr" />
            <Field Type="INT"           Name="iSockaddrLength" />
        </Variable>
        <Variable Name="SOCKET_ADDRESS*" Type="Pointer" Base="SOCKET_ADDRESS" />
        <Variable Name="PSOCKET_ADDRESS"    Type="Pointer" Base="SOCKET_ADDRESS" />
        <Variable Name="LPSOCKET_ADDRESS*"  Type="Pointer" Base="PSOCKET_ADDRESS" />

        <!-- WSANAMESPACE_INFO -->
        <Variable Name="WSANAMESPACE_INFO" Type="Struct">
            <Field Type="GUID"          Name="NSProviderId" />
            <Field Type="DWORD"         Name="dwNameSpace" />
            <Field Type="BOOL"          Name="fActive" />
            <Field Type="DWORD"         Name="dwVersion" />
            <Field Type="LPTSTR"        Name="lpszIdentifier" />
        </Variable>
        <Variable Name="LPWSANAMESPACE_INFO" Type="Pointer" Base="WSANAMESPACE_INFO" />

        <!-- BLOB -->
        <Variable Name="BLOB" Type="Struct">
            <Field Type="ULONG" 	Name="cbSize"  />
            <Field Type="BYTE*" 	Name="pBlobData" Length="cbSize"  />
        </Variable>
        <Variable Name="LPBLOB" Type="Pointer" Base="BLOB" />

        <!-- WSANAMESPACE_INFOEX -->
        <Variable Name="WSANAMESPACE_INFOEX" Type="Struct">
            <Field Type="GUID"          Name="NSProviderId" />
            <Field Type="DWORD"         Name="dwNameSpace" />
            <Field Type="BOOL"          Name="fActive" />
            <Field Type="DWORD"         Name="dwVersion" />
            <Field Type="LPTSTR"        Name="lpszIdentifier" />
            <Field Type="BLOB"          Name="ProviderSpecific" />
        </Variable>
        <Variable Name="LPWSANAMESPACE_INFOEX" Type="Pointer" Base="WSANAMESPACE_INFOEX" />

        <!-- WSANSCLASSINFO -->
        <Variable Name="WSANSCLASSINFO" Type="Struct">
            <Field Type="LPTSTR"  	Name="lpszName" />
            <Field Type="DWORD"   	Name="dwNameSpace" />
            <Field Type="DWORD"   	Name="dwValueType" />
            <Field Type="DWORD"   	Name="dwValueSize" />
            <Field Type="LPVOID"  	Name="lpValue" />
        </Variable>
        <Variable Name="LPWSANSCLASSINFO" Type="Pointer" Base="WSANSCLASSINFO" />

        <!-- WSASERVICECLASSINFO -->
        <Variable Name="WSASERVICECLASSINFO" Type="Struct">
            <Field Type="LPGUID"              	Name="lpServiceClassId" />
            <Field Type="LPTSTR"              	Name="lpszServiceClassName" />
            <Field Type="DWORD"               	Name="dwCount" />
            <Field Type="LPWSANSCLASSINFO"      Name="lpClassInfos" />
        </Variable>
        <Variable Name="LPWSASERVICECLASSINFO" Type="Pointer" Base="WSASERVICECLASSINFO" />

        <!-- WSAECOMPARATOR -->
        <Variable Name="WSAECOMPARATOR" Type="Alias" Base="UINT">
            <Enum>
                <Set Name="COMP_EQUAL"      Value="0" />
                <Set Name="COMP_NOTLESS"    Value="1" />
            </Enum>
        </Variable>

        <!-- WSAVERSION -->
        <Variable Name="WSAVERSION" Type="Struct">
            <Field Type="DWORD"           	Name="dwVersion" />
            <Field Type="WSAECOMPARATOR"    Name="ecHow" />
        </Variable>
        <Variable Name="LPWSAVERSION" Type="Pointer" Base="WSAVERSION" />

        <!-- AFPROTOCOLS -->
        <!-- TODO: Decode AddressFamily and Protocol -->
        <Variable Name="AFPROTOCOLS" Type="Struct">
            <Field Type="INT" 	Name="iAddressFamily" />
            <Field Type="INT" 	Name="iProtocol" />
        </Variable>
        <Variable Name="LPAFPROTOCOLS" Type="Pointer" Base="AFPROTOCOLS" />

        <!-- CSADDR_INFO -->
        <!-- TODO: Decode SocketType etc -->
        <Variable Name="CSADDR_INFO" Type="Struct">
            <Field Type="SOCKET_ADDRESS" 	Name="LocalAddr"  />
            <Field Type="SOCKET_ADDRESS" 	Name="RemoteAddr"  />
            <Field Type="INT" 	            Name="iSocketType"  />
            <Field Type="INT" 	            Name="iProtocol"  />
        </Variable>
        <Variable Name="LPCSADDR_INFO" Type="Pointer" Base="CSADDR_INFO" />

        <!-- WSAQUERYSET -->
        <Variable Name="WSAQUERYSET" Type="Struct">
            <Field Type="DWORD"           	Name="dwSize" />
            <Field Type="LPTSTR"          	Name="lpszServiceInstanceName" />
            <Field Type="LPGUID"          	Name="lpServiceClassId" />
            <Field Type="LPWSAVERSION"    	Name="lpVersion" />
            <Field Type="LPTSTR"          	Name="lpszComment" />
            <Field Type="DWORD"           	Name="dwNameSpace" />
            <Field Type="LPGUID"          	Name="lpNSProviderId" />
            <Field Type="LPTSTR"          	Name="lpszContext" />
            <Field Type="DWORD"           	Name="dwNumberOfProtocols" />
            <Field Type="LPAFPROTOCOLS"   	Name="lpafpProtocols" />
            <Field Type="LPTSTR"          	Name="lpszQueryString" />
            <Field Type="DWORD"           	Name="dwNumberOfCsAddrs" />
            <Field Type="LPCSADDR_INFO"   	Name="lpcsaBuffer" />
            <Field Type="DWORD"           	Name="dwOutputFlags" />
            <Field Type="LPBLOB"          	Name="lpBlob" />
        </Variable>
        <Variable Name="LPWSAQUERYSET" Type="Pointer" Base="WSAQUERYSET" />

        <!-- WSABUF -->
        <Variable Name="WSABUF" Type="Struct">
            <Field Type="u_long" Name="len" />
            <Field Type="LPVOID" Name="buf" Display="char FAR*" Length="len" />
        </Variable>
        <Variable Name="LPWSABUF" Type="Pointer" Base="WSABUF" />

        <!-- WSAMSG -->
        <Variable Name="WSAMSG" Type="Struct">
            <Field Type="LPSOCKADDR"       	Name="name" />
            <Field Type="INT"              	Name="namelen" />
            <Field Type="LPWSABUF"         	Name="lpBuffers" />
            <Field Type="ULONG"            	Name="dwBufferCount" />
            <Field Type="WSABUF"           	Name="Control" />
            <Field Type="ULONG"             Name="dwFlags" />
        </Variable>
        <Variable Name="LPWSAMSG" Type="Pointer" Base="WSAMSG" />

        <!-- WSAESETSERVICEOP -->
        <Variable Name="WSAESETSERVICEOP" Type="Alias" Base="UINT">
            <Enum>
                <Set Name="RNRSERVICE_REGISTER"		Value="0" />
                <Set Name="RNRSERVICE_DEREGISTER"   Value="1" />
                <Set Name="RNRSERVICE_DELETE"		Value="2" />
            </Enum>
        </Variable>

        <!-- WSAESETSERVICEOP -->
        <Variable Name="GROUP" Type="Alias" Base="unsigned int">
            <Enum>
                <Set Name="SG_UNCONSTRAINED_GROUP"  Value="0x1" />
                <Set Name="SG_CONSTRAINED_GROUP"    Value="0x2" />
            </Enum>
        </Variable>

        <!-- SERVICETYPE -->
        <Variable Name="SERVICETYPE" Type="Alias" Base="ULONG">
            <Flag>
                <Set Name="SERVICETYPE_NOTRAFFIC"             Value="0x00000000" />
                <Set Name="SERVICETYPE_BESTEFFORT"            Value="0x00000001" />
                <Set Name="SERVICETYPE_CONTROLLEDLOAD"        Value="0x00000002" />
                <Set Name="SERVICETYPE_GUARANTEED"            Value="0x00000003" />
                <Set Name="SERVICETYPE_NETWORK_UNAVAILABLE"   Value="0x00000004" />
                <Set Name="SERVICETYPE_GENERAL_INFORMATION"   Value="0x00000005" />
                <Set Name="SERVICETYPE_NOCHANGE"              Value="0x00000006" />
                <Set Name="SERVICETYPE_NONCONFORMING"         Value="0x00000009" />
                <Set Name="SERVICETYPE_NETWORK_CONTROL"       Value="0x0000000A" />
                <Set Name="SERVICETYPE_QUALITATIVE"           Value="0x0000000D" />
            </Flag>
        </Variable>

        <!-- FLOWSPEC -->
        <Variable Name="FLOWSPEC" Type="Struct">
            <Field Type="ULONG"       	Name="TokenRate" />
            <Field Type="ULONG"       	Name="TokenBucketSize" />
            <Field Type="ULONG"       	Name="PeakBandwidth" />
            <Field Type="ULONG"       	Name="Latency" />
            <Field Type="ULONG"       	Name="DelayVariation" />
            <Field Type="SERVICETYPE" 	Name="ServiceType" />
            <Field Type="ULONG"       	Name="MaxSduSize" />
            <Field Type="ULONG"       	Name="MinimumPolicedSize" />
        </Variable>

        <!-- QOS -->
        <Variable Name="QOS" Type="Struct">
            <Field Type="FLOWSPEC"      Name="SendingFlowspec" />
            <Field Type="FLOWSPEC"      Name="ReceivingFlowspec" />
            <Field Type="WSABUF"        Name="ProviderSpecific" />
        </Variable>
        <Variable Name="LPQOS" Type="Pointer" Base="QOS" />

        <!-- [SocketLevel] -->
        <!-- TODO: SocketLevel = SOL_APPLETALK, SOL_IRLMP-->
        <Variable Name="[SocketLevel]" Type="Alias" Base="int">
            <Display Name="int" />
            <Enum>
                <Set Name="IPPROTO_IP"          Value="0" />
                <Set Name="IPPROTO_IPV6"        Value="41" />
                <Set Name="IPPROTO_RM"          Value="113" />
                <Set Name="IPPROTO_TCP"         Value="6" />
                <Set Name="IPPROTO_UDP"         Value="17" />
                <Set Name="NSPROTO_IPX"         Value="1000" />
                <Set Name="SOL_SOCKET"          Value="0xffff" />
            </Enum>
        </Variable>
        
        <!-- [SocketType] -->
        <Variable Name="[SocketType]" Type="Alias" Base="int">
            <Display Name="int" />
            <Enum>
                <Set Name="SOCK_STREAM"         Value="1" />
                <Set Name="SOCK_DGRAM"          Value="2" />
                <Set Name="SOCK_RAW"            Value="3" />
                <Set Name="SOCK_RDM"            Value="4" />
                <Set Name="SOCK_SEQPACKET"      Value="5" />
            </Enum>
        </Variable>
        
        <!-- [AddressFamily] -->
        <Variable Name="[AddressFamily]" Type="Alias" Base="int">
            <Display Name="int" />
            <Enum>
                <Set Name="AF_UNSPEC"           Value="0" />
                <Set Name="AF_UNIX"             Value="1" />
                <Set Name="AF_INET"             Value="2" />
                <Set Name="AF_IMPLINK"          Value="3" />
                <Set Name="AF_PUP"              Value="4" />
                <Set Name="AF_CHAOS"            Value="5" />
                <Set Name="AF_IPX/AF_NS"        Value="6" />
                <Set Name="AF_ISO/AF_OSI"       Value="7" />
                <Set Name="AF_ECMA"             Value="8" />
                <Set Name="AF_DATAKIT"          Value="9" />
                <Set Name="AF_CCITT"            Value="10" />
                <Set Name="AF_SNA"              Value="11" />
                <Set Name="AF_DECnet"           Value="12" />
                <Set Name="AF_DLI"              Value="13" />
                <Set Name="AF_LAT"              Value="14" />
                <Set Name="AF_HYLINK"           Value="15" />
                <Set Name="AF_APPLETALK"        Value="16" />
                <Set Name="AF_NETBIOS"          Value="17" />
                <Set Name="AF_VOICEVIEW"        Value="18" />
                <Set Name="AF_FIREFOX"          Value="19" />
                <Set Name="AF_UNKNOWN1"         Value="20" />
                <Set Name="AF_BAN"              Value="21" />
                <Set Name="AF_ATM"              Value="22" />
                <Set Name="AF_INET6"            Value="23" />
                <Set Name="AF_CLUSTER"          Value="24" />
                <Set Name="AF_12844"            Value="25" />
                <Set Name="AF_IRDA"             Value="26" />
                <Set Name="AF_NETDES"           Value="28" />
                <Set Name="AF_TCNPROCESS"       Value="29" />
                <Set Name="AF_TCNMESSAGE"       Value="30" />
                <Set Name="AF_ICLFXBM"          Value="31" />
                <Set Name="AF_BTH"              Value="32" />
            </Enum>
        </Variable>
        
        <!-- [SocketProtocol] -->
        <Variable Name="[SocketProtocol]" Type="Alias" Base="int">
            <Display Name="int" />
            <Enum>
                <Set Name="IPPROTO_IP"          Value="0" />
                <Set Name="IPPROTO_ICMP"        Value="1" />
                <Set Name="IPPROTO_IGMP"        Value="2" />
                <Set Name="IPPROTO_GGP"         Value="3" />
                <Set Name="IPPROTO_IPV4"        Value="4" />
                <Set Name="IPPROTO_ST"          Value="5" />
                <Set Name="IPPROTO_TCP"         Value="6" />
                <Set Name="IPPROTO_CBT"         Value="7" />
                <Set Name="IPPROTO_EGP"         Value="8" />
                <Set Name="IPPROTO_IGP"         Value="9" />
                <Set Name="IPPROTO_PUP"         Value="12" />
                <Set Name="IPPROTO_UDP"         Value="17" />
                <Set Name="IPPROTO_IDP"         Value="22" />
                <Set Name="IPPROTO_RDP"         Value="27" />
                <Set Name="IPPROTO_IPV6"        Value="41" />
                <Set Name="IPPROTO_ROUTING"     Value="43" />
                <Set Name="IPPROTO_FRAGMENT"    Value="44" />
                <Set Name="IPPROTO_ESP"         Value="50" />
                <Set Name="IPPROTO_AH"          Value="51" />
                <Set Name="IPPROTO_ICMPV6"      Value="58" />
                <Set Name="IPPROTO_NONE"        Value="59" />
                <Set Name="IPPROTO_DSTOPTS"     Value="60" />
                <Set Name="IPPROTO_ND"          Value="77" />
                <Set Name="IPPROTO_PIM"         Value="103" />
                <Set Name="IPPROTO_PGM"         Value="113" />
                <Set Name="IPPROTO_L2TP"        Value="115" />
                <Set Name="IPPROTO_SCTP"        Value="132" />
                <Set Name="IPPROTO_RAW"         Value="255" />
            </Enum>
        </Variable>
        
        <!-- [SocketOption] -->
        <Variable Name="[SocketOption]" Type="Alias" Base="DWORD">
            <Display Name="int" />
            <Flag>
                <Set Name="SO_BROADCAST"            Value="0x0020" />
                <Set Name="SO_CONDITIONAL_ACCEPT"   Value="0x3002" />
                <Set Name="SO_DONTROUTE"            Value="0x0010" />
                <Set Name="SO_KEEPALIVE"            Value="0x0008" />
                <Set Name="SO_LINGER"               Value="0x0080" />
                <Set Name="SO_OOBINLINE"            Value="0x0100" />
                <Set Name="SO_RCVBUF"               Value="0x1002" />
                <Set Name="SO_REUSEADDR"            Value="0x0004" />
                <Set Name="SO_SNDBUF"               Value="0x1001" />
                <Set Name="SO_RCVTIMEO"             Value="0x1006" />
                <Set Name="SO_SNDTIMEO"             Value="0x1005" />
                <Set Name="SO_MAX_MSG_SIZE"         Value="0x2003" />
                <Set Name="SO_ERROR"                Value="0x1007" />
                <Set Name="TCP_NODELAY"             Value="0x0001" />
            </Flag>
        </Variable>
        
        <!-- [SendRecvFlags] -->
        <Variable Name="[SendRecvFlags]" Type="Alias" Base="DWORD">
            <Display Name="DWORD" />
            <Flag>
                <Set Name="MSG_OOB"             Value="0x1" />
                <Set Name="MSG_PEEK"            Value="0x2" />
                <Set Name="MSG_DONTROUTE"       Value="0x4" />
                <Set Name="MSG_WAITALL"         Value="0x8" />
                <Set Name="MSG_INTERRUPT"       Value="0x10" />
                <Set Name="MSG_PARTIAL"         Value="0x8000" />
            </Flag>
        </Variable>
        <Variable Name="[SendRecvFlags*]" Type="Pointer" Base="[SendRecvFlags]">
            <Display Name="LPDWORD" />
        </Variable>

        <!-- [NI_Flags] -->
        <Variable Name="[NI_Flags]" Type="Alias" Base="UINT">
            <Display Name="int" />
            <Flag>
                <Set Name="NI_NOFQDN"           Value="0x01" />
                <Set Name="NI_NUMERICHOST"      Value="0x02" />
                <Set Name="NI_NAMEREQD"         Value="0x04" />
                <Set Name="NI_NUMERICSERV"      Value="0x08" />
                <Set Name="NI_DGRAM"            Value="0x10" />
            </Flag>
        </Variable>

        <!-- [SocketCode] -->
        <Variable Name="[SocketCode-int]" Type="Alias" Base="int">
            <Display Name="int" />
            <Enum>
                <Set Name="SOCKET_ERROR" Value="-1" />
            </Enum>
        </Variable>

        <!-- [SocketCode] -->
        <Variable Name="[SocketCode-INT]" Type="Alias" Base="int">
            <Display Name="INT" />
            <Enum>
                <Set Name="SOCKET_ERROR" Value="-1" />
            </Enum>
        </Variable>

        <!-- [NameSpaceFlags] -->
        <Variable Name="[NameSpaceFlags]" Type="Alias" Base="DWORD">
            <Display Name="DWORD" />
            <Flag>
                <Set Name="NS_DEFAULT"      Value="0" />
                <Set Name="NS_SAP"          Value="1" />
                <Set Name="NS_NDS"          Value="2" />
                <Set Name="NS_PEER_BROWSE"  Value="3" />
                <Set Name="NS_TCPIP_LOCAL"  Value="10" />
                <Set Name="NS_TCPIP_HOSTS"  Value="11" />
                <Set Name="NS_DNS"          Value="12" />
                <Set Name="NS_NETBT"        Value="13" />
                <Set Name="NS_WINS"         Value="14" />
                <Set Name="NS_NBP"          Value="20" />
                <Set Name="NS_MS"           Value="30" />
                <Set Name="NS_STDA"         Value="31" />
                <Set Name="NS_NTDS"         Value="32" />
                <Set Name="NS_X500"         Value="40" />
                <Set Name="NS_NIS"          Value="41" />
                <Set Name="NS_VNS"          Value="50" />
            </Flag>
        </Variable>

        <!-- [ResolutionFlags] -->
        <Variable Name="[ResolutionFlags]" Type="Alias" Base="DWORD">
            <Display Name="DWORD" />
            <Flag>
                <Set Name="RES_SOFT_SEARCH"     Value="0x00000001" />
                <Set Name="RES_FIND_MULTIPLE"   Value="0x00000002" />
                <Set Name="RES_SERVICE"         Value="0x00000004" />
            </Flag>
        </Variable>

        <!-- [GetService_Props] -->
        <Variable Name="[GetService_Props]" Type="Alias" Base="DWORD">
            <Display Name="DWORD" />
            <Flag>
                <Set Name="PROP_COMMENT"        Value="0x00000001" />
                <Set Name="PROP_LOCALE"         Value="0x00000002" />
                <Set Name="PROP_DISPLAY_HINT"   Value="0x00000004" />
                <Set Name="PROP_VERSION"        Value="0x00000008" />
                <Set Name="PROP_START_TIME"     Value="0x00000010" />
                <Set Name="PROP_MACHINE"        Value="0x00000020" />
                <Set Name="PROP_ADDRESSES"      Value="0x00000100" />
                <Set Name="PROP_SD"             Value="0x00000200" />
                <Set Name="PROP_ALL"            Value="0x80000000" />
            </Flag>
        </Variable>

        <!-- [SetService_Operation] -->
        <Variable Name="[SetService_Operation]" Type="Alias" Base="DWORD">
            <Display Name="DWORD" />
            <Flag>
                <Set Name="SERVICE_REGISTER"        Value="0x00000001" />
                <Set Name="SERVICE_DEREGISTER"      Value="0x00000002" />
                <Set Name="SERVICE_FLUSH"           Value="0x00000003" />
                <Set Name="SERVICE_ADD_TYPE"        Value="0x00000004" />
                <Set Name="SERVICE_DELETE_TYPE"     Value="0x00000005" />
            </Flag>
        </Variable>

        <!-- [SetService_Flags] -->
        <Variable Name="[SetService_Flags]" Type="Alias" Base="DWORD">
            <Display Name="DWORD" />
            <Flag>
                <Set Name="SERVICE_FLAG_DEFER"      Value="0x00000001" />
                <Set Name="SERVICE_FLAG_HARD"       Value="0x00000002" />
            </Flag>
        </Variable>

        <!-- [SetService_FlagsOut] -->
        <Variable Name="[SetService_FlagsOut]" Type="Alias" Base="DWORD">
            <Display Name="DWORD" />
            <Flag>
                <Set Name="SET_SERVICE_PARTIAL_SUCCESS" Value="0x00000001" />
            </Flag>
        </Variable>
        <Variable Name="[SetService_FlagsOut*]" Type="Alias" Base="[SetService_FlagsOut]">
            <Display Name="LPDWORD" />
        </Variable>

        <!-- [TransmitFile_Flags] -->
        <Variable Name="[TransmitFile_Flags]" Type="Alias" Base="DWORD">
            <Display Name="DWORD" />
            <Flag>
                <Set Name="TF_DISCONNECT"           Value="0x01" />
                <Set Name="TF_REUSE_SOCKET"         Value="0x02" />
                <Set Name="TF_WRITE_BEHIND"         Value="0x04" />
                <Set Name="TF_USE_DEFAULT_WORKER"   Value="0x00" />
                <Set Name="TF_USE_SYSTEM_THREAD"    Value="0x10" />
                <Set Name="TF_USE_KERNEL_APC"       Value="0x20" />
            </Flag>
        </Variable>

        <!-- [SocketShutdownFlags] -->
        <Variable Name="[SocketShutdownFlags]" Type="Alias" Base="int">
            <Display Name="int" />
            <Enum>
                <Set Name="SD_RECEIVE"      Value="0x00" />
                <Set Name="SD_SEND"         Value="0x01" />
                <Set Name="SD_BOTH"         Value="0x02" />
            </Enum>
        </Variable>

    </Headers>
</ApiMonitor>