<!--
    API Monitor Definitions
    (c) 2010-2011, Rohitab Batra <rohitab@rohitab.com>
    http://www.rohitab.com/apimonitor/
-->
<ApiMonitor>
    <Include Filename="Headers\common.h.xml" />
    <Include Filename="Headers\ntstatus.h.xml" />
    <Include Filename="Internal\internal.h.xml" />
    <Headers>
        <!-- Variables -->
        <Variable Name="WPARAM"                         Type="Alias"    Base="UINT_PTR" />
        <Variable Name="LPARAM"                         Type="Alias"    Base="LONG_PTR" />
        <Variable Name="LRESULT"                        Type="Alias"    Base="LONG_PTR" />
        <Variable Name="LRESULT*"                       Type="Pointer"  Base="LRESULT" />
        <Variable Name="LANGID"                         Type="Alias"    Base="WORD" />
        <Variable Name="LANGID*"                        Type="Pointer"  Base="LANGID" />
        <Variable Name="BSTR"                           Type="Alias"    Base="WCHAR*" />
        <Variable Name="BSTR*"                          Type="Pointer"  Base="BSTR" />
        <Variable Name="LCID"                           Type="Alias"    Base="DWORD" />
        <Variable Name="LCID*"                          Type="Pointer"  Base="LCID" />
        <Variable Name="PLCID"                          Type="Pointer"  Base="LCID" />
        <Variable Name="HDEVINFO"                       Type="Alias"    Base="PVOID" />
        <Variable Name="PIO_APC_ROUTINE"                Type="Alias"    Base="LPVOID" />
        <Variable Name="FARPROC"                        Type="Alias"    Base="LPVOID" />
        <Variable Name="LSTATUS"                        Type="Alias"    Base="LONG" />
        <Variable Name="SID*"                           Type="Alias"    Base="LPVOID" />
        <Variable Name="PSID"                           Type="Alias"    Base="PVOID" />
        <Variable Name="PSID*"                          Type="Pointer"  Base="PSID" />
        <Variable Name="PVECTORED_EXCEPTION_HANDLER"    Type="Alias"    Base="LPVOID" />
        <Variable Name="ATOM"                           Type="Alias"    Base="WORD" />

        <!-- Forward declaration for IUnknown -->
        <Variable Name="IUnknown"                       Type="Interface" />
        <Variable Name="LPUNKNOWN"                      Type="Alias"    Base="IUnknown*" />
        <Variable Name="LPUNKNOWN*"                     Type="Pointer"  Base="LPUNKNOWN" />
        <Variable Name="LPUNKNOWN FAR*"                 Type="Pointer"  Base="LPUNKNOWN" />
        <Variable Name="const IUnknown*"                Type="Alias"    Base="IUnknown*" />
        
        <!-- HINSTANCE -->
        <Variable Name="HINSTANCE" Type="Alias" Base="HMODULE">
            <Display Name="HINSTANCE" />
        </Variable>

        <!-- TODO: Structures -->
        <Variable Name="DEVMODE*"                       Type="Alias"    Base="LPVOID" />
        <Variable Name="const DEVMODE*"                 Type="Alias"    Base="DEVMODE*" />
        <Variable Name="LPDEVMODE"                      Type="Alias"    Base="LPVOID" />
        <Variable Name="PDEVMODE"                       Type="Alias"    Base="LPVOID" />
        <Variable Name="PDEVMODE*"                      Type="Pointer"  Base="PDEVMODE" />
        <Variable Name="LPOVERLAPPED"                   Type="Alias"    Base="LPVOID" />
        <Variable Name="LPOVERLAPPED*"                  Type="Pointer"  Base="LPOVERLAPPED" />
        <Variable Name="LPWIN32_FIND_DATA"              Type="Alias"    Base="LPVOID" />
        <Variable Name="WIN32_FIND_DATAA*"              Type="Alias"    Base="LPVOID" />
        <Variable Name="WIN32_FIND_DATAW*"              Type="Alias"    Base="LPVOID" />
        <Variable Name="const WIN32_FIND_DATAW*"        Type="Alias"    Base="LPVOID" />
        <Variable Name="LPOFSTRUCT"                     Type="Alias"    Base="LPVOID" />
        <Variable Name="PEXCEPTION_RECORD"              Type="Alias"    Base="LPVOID" />
        <Variable Name="PSLIST_ENTRY"                   Type="Alias"    Base="LPVOID" />
        <Variable Name="PSLIST_HEADER"                  Type="Alias"    Base="LPVOID" />
        <Variable Name="PCONTEXT"                       Type="Alias"    Base="LPVOID" />
        <Variable Name="const CONTEXT*"                 Type="Alias"    Base="PCONTEXT" />

        <!-- Handle -->
        <Variable Name="HANDLE" Type="Integer" Size="0" DisplayHex="True" Unsigned="True">
            <Enum>
                <Set Name="NULL" Value="0" />
                <Set Name="INVALID_HANDLE_VALUE" Value="-1" />
            </Enum>
        </Variable>
        <Variable Name="PHANDLE"        Type="Pointer"  Base="HANDLE" />
        <Variable Name="LPHANDLE"       Type="Pointer"  Base="HANDLE" />
        <Variable Name="HANDLE*"        Type="Pointer"  Base="HANDLE" />
        <Variable Name="const HANDLE*"  Type="Pointer"  Base="HANDLE" />

        <Variable Name="HACCEL"         Type="Alias"    Base="HANDLE" />
        <Variable Name="HRSRC"          Type="Alias"    Base="HANDLE" />
        <Variable Name="HWND"           Type="Alias"    Base="HANDLE" />
        <Variable Name="HWND*"          Type="Pointer"  Base="HWND" />
        <Variable Name="const HWND*"    Type="Pointer"  Base="HWND" />
        <Variable Name="HGLOBAL"        Type="Alias"    Base="HANDLE" />
        <Variable Name="HGLOBAL*"       Type="Pointer"  Base="HGLOBAL" />
        <Variable Name="HKL"            Type="Alias"    Base="HANDLE" />
        <Variable Name="HKL*"           Type="Pointer"  Base="HKL" />

        <!-- [ProcessHandle] -->
        <Variable Name="[ProcessHandle]" Type="Alias" Base="HANDLE">
            <Display Name="HANDLE" />
            <Enum>
                <Set Name="NULL" Value="0" />
                <Set Name="GetCurrentProcess()" Value="-1" />
            </Enum>
        </Variable>

        <!-- [ThreadHandle] -->
        <Variable Name="[ThreadHandle]" Type="Alias" Base="HANDLE">
            <Display Name="HANDLE" />
            <Enum>
                <Set Name="NULL" Value="0" />
                <Set Name="GetCurrentThread()" Value="-2" />
            </Enum>
        </Variable>

        <!-- HRESULT-->
        <Variable Name="HRESULT" Type="Integer" Size="4">
            <Enum>
                <Set Name="S_OK"                Value="0" />
                <Set Name="S_FALSE"             Value="1" />
                <Set Name="E_ABORT"             Value="0x80004004" />
                <Set Name="E_ACCESSDENIED"      Value="0x80070005" />
                <Set Name="E_FAIL"              Value="0x80004005" />
                <Set Name="E_HANDLE"            Value="0x80070006" />
                <Set Name="E_INVALIDARG"        Value="0x80070057" />
                <Set Name="E_NOINTERFACE"       Value="0x80004002" />
                <Set Name="E_NOTIMPL"           Value="0x80004001" />
                <Set Name="E_OUTOFMEMORY"       Value="0x8007000E" />
                <Set Name="E_POINTER"           Value="0x80004003" />
                <Set Name="E_UNEXPECTED"        Value="0x8000FFFF" />
                <Set Name="CO_E_NOTINITIALIZED" Value="0x800401F0" />
            </Enum>
        </Variable>
        <Variable Name="HRESULT*"   Type="Pointer" Base="HRESULT" />
        <Variable Name="PHRESULT"   Type="Pointer" Base="HRESULT" />

        <Variable Name="STDAPI"     Type="Alias" Base="HRESULT" />
        <Variable Name="SCODE"      Type="Alias" Base="HRESULT" />

        <!-- LARGE_INTEGER -->
        <Variable Name="LARGE_INTEGER"          Type="Alias"    Base="INT64" />
        <Variable Name="PLARGE_INTEGER"         Type="Pointer"  Base="LARGE_INTEGER" />
        <Variable Name="LARGE_INTEGER*"         Type="Alias"    Base="PLARGE_INTEGER" />
        <Variable Name="const LARGE_INTEGER*"   Type="Alias"    Base="LARGE_INTEGER*" />

        <!-- ULARGE_INTEGER -->
        <Variable Name="ULARGE_INTEGER"          Type="Alias"    Base="UINT64" />
        <Variable Name="PULARGE_INTEGER"         Type="Pointer"  Base="ULARGE_INTEGER" />
        <Variable Name="ULARGE_INTEGER*"         Type="Pointer"  Base="ULARGE_INTEGER" />

        <!-- FILETIME -->
        <Variable Name="FILETIME" Type="Struct">
            <Field Type="DWORD" Name="dwLowDateTime" />
            <Field Type="DWORD" Name="dwHighDateTime" />
        </Variable>
        <Variable Name="FILETIME*"              Type="Pointer"  Base="FILETIME"/>
        <Variable Name="PFILETIME"              Type="Alias"    Base="FILETIME*"/>
        <Variable Name="LPFILETIME"             Type="Alias"    Base="FILETIME*" />
        <Variable Name="const FILETIME*"        Type="Alias"    Base="FILETIME*"/>
        <Variable Name="FILETIME const*"        Type="Alias"    Base="FILETIME*" />

        <!-- GUID -->
        <Variable Name="GUID"               Type="Guid" />
        <Variable Name="GUID*"              Type="Pointer"  Base="GUID"/>
        <Variable Name="PGUID"              Type="Alias"    Base="GUID*"/>
        <Variable Name="GUID**"             Type="Pointer"  Base="GUID*" />
        <Variable Name="const GUID*"        Type="Alias"    Base="GUID*"/>
        <Variable Name="LPCGUID"            Type="Alias"    Base="GUID*" />
        <Variable Name="CONST GUID*"        Type="Alias"    Base="GUID*" />
        <Variable Name="LPGUID"             Type="Pointer"  Base="GUID"/>
        <Variable Name="const LPGUID"       Type="Alias"    Base="LPGUID"/>
        <Variable Name="REFGUID"            Type="Alias"    Base="GUID*" />

        <!-- CLSID -->
        <Variable Name="CLSID"              Type="Alias"    Base="GUID" />
        <Variable Name="CLSID*"             Type="Pointer"  Base="CLSID" />
        <Variable Name="LPCLSID"            Type="Alias"    Base="CLSID*" />
        <Variable Name="const CLSID*"       Type="Alias"    Base="CLSID*" />
        <Variable Name="REFCLSID"           Type="Pointer"  Base="CLSID" />

        <!-- UUID -->
        <Variable Name="UUID"               Type="Alias"    Base="GUID" />
        <Variable Name="UUID*"              Type="Pointer"  Base="UUID" />
        <Variable Name="const UUID*"        Type="Alias"    Base="UUID*" />

        <!-- IID -->
        <Variable Name="IID"                Type="Alias"    Base="GUID"/>
        <Variable Name="IID*"               Type="Pointer"  Base="IID"/>
        <Variable Name="const IID*"         Type="Alias"    Base="IID*"/>
        <Variable Name="IID**"              Type="Pointer"  Base="IID*"/>
        <Variable Name="REFIID"             Type="Pointer"  Base="IID" />
        <Variable Name="LPIID"              Type="Pointer"  Base="IID"/>

        <!-- LUID -->
        <Variable Name="LUID" Type="Struct">
            <Field Type="DWORD" Name="LowPart" />
            <Field Type="LONG"  Name="HighPart" />
        </Variable>
        <Variable Name="LUID*"  Type="Pointer"  Base="LUID" />
        <Variable Name="PLUID"  Type="Alias"    Base="LUID*" />
        <Variable Name="PLUID*" Type="Pointer"  Base="PLUID" />

        <!-- SLID -->
        <Variable Name="SLID"           Type="Alias"    Base="GUID" />
        <Variable Name="SLID*"          Type="Pointer"  Base="SLID" />
        <Variable Name="SLID**"         Type="Pointer"  Base="SLID*" />
        <Variable Name="const SLID*"    Type="Pointer"  Base="SLID" />
        <Variable Name="CONST SLID*"    Type="Pointer"  Base="SLID" />

        <!-- ACCESS_MASK -->
        <Variable Name="ACCESS_MASK" Type="Alias" Base="DWORD">
            <Flag>
                <Set Name="GENERIC_READ"                Value="0x80000000" />
                <Set Name="GENERIC_WRITE"               Value="0x40000000" />
                <Set Name="GENERIC_EXECUTE"             Value="0x20000000" />
                <Set Name="GENERIC_ALL"                 Value="0x10000000" />
                <Set Name="MAXIMUM_ALLOWED"             Value="0x02000000" />
                <Set Name="ACCESS_SYSTEM_SECURITY"      Value="0x01000000" />
                <Set Name="SYNCHRONIZE"                 Value="0x00100000" />
                <Set Name="WRITE_OWNER"                 Value="0x00080000" />
                <Set Name="WRITE_DAC"                   Value="0x00040000" />
                <Set Name="READ_CONTROL"                Value="0x00020000" />
                <Set Name="DELETE"                      Value="0x00010000" />
            </Flag>
        </Variable>
        <Variable Name="PACCESS_MASK" Type="Pointer" Base="ACCESS_MASK" />

        <!-- SECURITY_INFORMATION -->
        <Variable Name="SECURITY_INFORMATION" Type="Alias" Base="UINT">
            <Flag>
                <Set Name="OWNER_SECURITY_INFORMATION"              Value="0x00000001" />
                <Set Name="GROUP_SECURITY_INFORMATION"              Value="0x00000002" />
                <Set Name="DACL_SECURITY_INFORMATION"               Value="0x00000004" />
                <Set Name="SACL_SECURITY_INFORMATION"               Value="0x00000008" />
                <Set Name="LABEL_SECURITY_INFORMATION"              Value="0x00000010" />
                <Set Name="PROTECTED_DACL_SECURITY_INFORMATION"     Value="0x80000000" />
                <Set Name="PROTECTED_SACL_SECURITY_INFORMATION"     Value="0x40000000" />
                <Set Name="UNPROTECTED_DACL_SECURITY_INFORMATION"   Value="0x20000000" />
                <Set Name="UNPROTECTED_SACL_SECURITY_INFORMATION"   Value="0x10000000" />
            </Flag>
        </Variable>
        <Variable Name="PSECURITY_INFORMATION" Type="Pointer" Base="SECURITY_INFORMATION" />

        <!-- SYSTEMTIME -->
        <Variable Name="SYSTEMTIME" Type="Struct">
            <Field Type="WORD" Name="wYear" />
            <Field Type="WORD" Name="wMonth" />
            <Field Type="WORD" Name="wDayOfWeek" />
            <Field Type="WORD" Name="wDay" />
            <Field Type="WORD" Name="wHour" />
            <Field Type="WORD" Name="wMinute" />
            <Field Type="WORD" Name="wSecond" />
            <Field Type="WORD" Name="wMilliseconds" />
        </Variable>
        <Variable Name="const SYSTEMTIME"    Type="Alias"   Base="SYSTEMTIME" />
        <Variable Name="SYSTEMTIME*"         Type="Pointer" Base="SYSTEMTIME" />
        <Variable Name="const SYSTEMTIME*"   Type="Alias"   Base="SYSTEMTIME*" />
        <Variable Name="PSYSTEMTIME"         Type="Alias"   Base="SYSTEMTIME*" />
        <Variable Name="LPSYSTEMTIME"        Type="Alias"   Base="PSYSTEMTIME" />
        <Variable Name="PSYSTEMTIME*"        Type="Pointer" Base="PSYSTEMTIME" />

        <!-- JOBOBJECTINFOCLASS -->
        <Variable Name="JOBOBJECTINFOCLASS" Type="Alias" Base="UINT">
            <Enum>
                <Set Name="JobObjectBasicAccountingInformation"         Value="1" />
                <Set Name="JobObjectBasicLimitInformation"              Value="2" />
                <Set Name="JobObjectBasicProcessIdList"                 Value="3" />
                <Set Name="JobObjectBasicUIRestrictions"                Value="4" />
                <Set Name="JobObjectSecurityLimitInformation"           Value="5" />
                <Set Name="JobObjectEndOfJobTimeInformation"            Value="6" />
                <Set Name="JobObjectAssociateCompletionPortInformation" Value="7" />
                <Set Name="JobObjectBasicAndIoAccountingInformation"    Value="8" />
                <Set Name="JobObjectExtendedLimitInformation"           Value="9" />
                <Set Name="JobObjectJobSetInformation"                  Value="10" />
                <Set Name="JobObjectGroupInformation"                   Value="11" />
            </Enum>
        </Variable>

        <!-- PROCESSINFOCLASS -->
        <Variable Name="PROCESSINFOCLASS" Type="Alias" Base="UINT">
            <Enum>
                <Set Name="ProcessBasicInformation"             Value="0" />
                <Set Name="ProcessQuotaLimits"                  Value="1" />
                <Set Name="ProcessIoCounters"                   Value="2" />
                <Set Name="ProcessVmCounters"                   Value="3" />
                <Set Name="ProcessTimes"                        Value="4" />
                <Set Name="ProcessBasePriority"                 Value="5" />
                <Set Name="ProcessRaisePriority"                Value="6" />
                <Set Name="ProcessDebugPort"                    Value="7" />
                <Set Name="ProcessExceptionPort"                Value="8" />
                <Set Name="ProcessAccessToken"                  Value="9" />
                <Set Name="ProcessLdtInformation"               Value="10" />
                <Set Name="ProcessLdtSize"                      Value="11" />
                <Set Name="ProcessDefaultHardErrorMode"         Value="12" />
                <Set Name="ProcessIoPortHandlers"               Value="13" />
                <Set Name="ProcessPooledUsageAndLimits"         Value="14" />
                <Set Name="ProcessWorkingSetWatch"              Value="15" />
                <Set Name="ProcessUserModeIOPL"                 Value="16" />
                <Set Name="ProcessEnableAlignmentFaultFixup"    Value="17" />
                <Set Name="ProcessPriorityClass"                Value="18" />
                <Set Name="ProcessWx86Information"              Value="19" />
                <Set Name="ProcessHandleCount"                  Value="20" />
                <Set Name="ProcessAffinityMask"                 Value="21" />
                <Set Name="ProcessPriorityBoost"                Value="22" />
                <Set Name="ProcessDeviceMap"                    Value="23" />
                <Set Name="ProcessSessionInformation"           Value="24" />
                <Set Name="ProcessForegroundInformation"        Value="25" />
                <Set Name="ProcessWow64Information"             Value="26" />
                <Set Name="ProcessImageFileName"                Value="27" />
                <Set Name="ProcessLUIDDeviceMapsEnabled"        Value="28" />
                <Set Name="ProcessBreakOnTermination"           Value="29" />
                <Set Name="ProcessDebugObjectHandle"            Value="30" />
                <Set Name="ProcessDebugFlags"                   Value="31" />
                <Set Name="ProcessHandleTracing"                Value="32" />
                <Set Name="ProcessIoPriority"                   Value="33" />
                <Set Name="ProcessExecuteFlags"                 Value="34" />
                <Set Name="ProcessTlsInformation"               Value="35" />
                <Set Name="ProcessCookie"                       Value="36" />
                <Set Name="ProcessImageInformation"             Value="37" />
                <Set Name="ProcessCycleTime"                    Value="38" />
                <Set Name="ProcessPagePriority"                 Value="39" />
                <Set Name="ProcessInstrumentationCallback"      Value="40" />
                <Set Name="ProcessThreadStackAllocation"        Value="41" />
                <Set Name="ProcessWorkingSetWatchEx"            Value="42" />
                <Set Name="ProcessImageFileNameWin32"           Value="43" />
                <Set Name="ProcessImageFileMapping"             Value="44" />
                <Set Name="ProcessAffinityUpdateMode"           Value="45" />
                <Set Name="ProcessMemoryAllocationMode"         Value="46" />
            </Enum>
        </Variable>
        
        <!-- THREADINFOCLASS -->
        <Variable Name="THREADINFOCLASS" Type="Alias" Base="UINT">
            <Enum>
                <Set Name="ThreadBasicInformation"              Value="0" />
                <Set Name="ThreadTimes"                         Value="1" />
                <Set Name="ThreadPriority"                      Value="2" />
                <Set Name="ThreadBasePriority"                  Value="3" />
                <Set Name="ThreadAffinityMask"                  Value="4" />
                <Set Name="ThreadImpersonationToken"            Value="5" />
                <Set Name="ThreadDescriptorTableEntry"          Value="6" />
                <Set Name="ThreadEnableAlignmentFaultFixup"     Value="7" />
                <Set Name="ThreadEventPair_Reusable"            Value="8" />
                <Set Name="ThreadQuerySetWin32StartAddress"     Value="9" />
                <Set Name="ThreadZeroTlsCell"                   Value="10" />
                <Set Name="ThreadPerformanceCount"              Value="11" />
                <Set Name="ThreadAmILastThread"                 Value="12" />
                <Set Name="ThreadIdealProcessor"                Value="13" />
                <Set Name="ThreadPriorityBoost"                 Value="14" />
                <Set Name="ThreadSetTlsArrayAddress"            Value="15" />
                <Set Name="ThreadIsIoPending"                   Value="16" />
                <Set Name="ThreadHideFromDebugger"              Value="17" />
                <Set Name="ThreadBreakOnTermination"            Value="18" />
                <Set Name="ThreadSwitchLegacyState"             Value="19" />
                <Set Name="ThreadIsTerminated"                  Value="20" />
                <Set Name="ThreadLastSystemCall"                Value="21" />
                <Set Name="ThreadIoPriority"                    Value="22" />
                <Set Name="ThreadCycleTime"                     Value="23" />
                <Set Name="ThreadPagePriority"                  Value="24" />
                <Set Name="ThreadActualBasePriority"            Value="25" />
                <Set Name="ThreadTebInformation"                Value="26" />
                <Set Name="ThreadCSwitchMon"                    Value="27" />
            </Enum>
        </Variable>

        <!-- GET_FILEEX_INFO_LEVELS -->
        <Variable Name="GET_FILEEX_INFO_LEVELS" Type="Alias" Base="UINT">
            <Enum>
                <Set Name="GetFileExInfoStandard"   Value="0" />
            </Enum>
        </Variable>

        <!-- POINT -->
        <Variable Name="POINT" Type="Struct">
            <Field Type="LONG" Name="x" />
            <Field Type="LONG" Name="y" />
        </Variable>
        <Variable Name="const POINT"        Type="Alias"    Base="POINT" />
        <Variable Name="POINT*"             Type="Pointer"  Base="POINT" />
        <Variable Name="const POINT*"       Type="Alias"    Base="POINT*" />
        <Variable Name="CONST POINT*"       Type="Alias"    Base="POINT*" />
        <Variable Name="LPPOINT"            Type="Alias"    Base="POINT*" />
        <Variable Name="POINTL"             Type="Alias"    Base="POINT" />
        <Variable Name="POINTL*"            Type="Pointer"  Base="POINTL" />

        <!-- UNICODE_STRING -->
        <Variable Name="UNICODE_STRING" Type="Struct">
            <Field Type="USHORT"    Name="Length" />
            <Field Type="USHORT"    Name="MaximumLength" />
            <Field Type="PWSTR"     Name="Buffer" />
        </Variable>
        <Variable Name="PUNICODE_STRING"        Type="Pointer" Base="UNICODE_STRING" />
        <Variable Name="PUNICODE_STRING*"       Type="Pointer" Base="PUNICODE_STRING" />
        <Variable Name="PCUNICODE_STRING"       Type="Pointer" Base="UNICODE_STRING" />
        <Variable Name="CONST UNICODE_STRING*"  Type="Pointer" Base="UNICODE_STRING" />

        <!-- STRING -->
        <Variable Name="STRING" Type="Struct">
            <Field Type="USHORT" 	Name="Length" />
            <Field Type="USHORT"    Name="MaximumLength" />
            <Field Type="PCHAR"     Name="Buffer" />
        </Variable>
        <Variable Name="PSTRING"        Type="Pointer" Base="STRING" />
        <Variable Name="const STRING*"  Type="Pointer" Base="STRING" />

        <!-- ANSI_STRING -->
        <Variable Name="ANSI_STRING"    Type="Alias"    Base="STRING" />
        <Variable Name="PANSI_STRING"   Type="Pointer"  Base="ANSI_STRING" />
        <Variable Name="PCANSI_STRING"  Type="Pointer"  Base="ANSI_STRING" />

        <!-- OEM_STRING -->
        <Variable Name="OEM_STRING"     Type="Alias"    Base="STRING" />
        <Variable Name="POEM_STRING"    Type="Pointer"  Base="OEM_STRING" />
        <Variable Name="PCOEM_STRING"   Type="Pointer"  Base="OEM_STRING" />

        <!-- [WinMsg] -->
        <Variable Name="[WinMsg]" Type="Alias" Base="UINT">
            <Display Name="UINT" />
            <Enum>
                <Set Name="WM_CREATE"                       Value="0x0001" />
                <Set Name="WM_DESTROY"                      Value="0x0002" />
                <Set Name="WM_MOVE"                         Value="0x0003" />
                <Set Name="WM_SIZE"                         Value="0x0005" />
                <Set Name="WM_ACTIVATE"                     Value="0x0006" />
                <Set Name="WM_SETFOCUS"                     Value="0x0007" />
                <Set Name="WM_KILLFOCUS"                    Value="0x0008" />
                <Set Name="WM_ENABLE"                       Value="0x000A" />
                <Set Name="WM_SETREDRAW"                    Value="0x000B" />
                <Set Name="WM_SETTEXT"                      Value="0x000C" />
                <Set Name="WM_GETTEXT"                      Value="0x000D" />
                <Set Name="WM_GETTEXTLENGTH"                Value="0x000E" />
                <Set Name="WM_PAINT"                        Value="0x000F" />
                <Set Name="WM_CLOSE"                        Value="0x0010" />
                <Set Name="WM_QUERYENDSESSION"              Value="0x0011" />
                <Set Name="WM_QUERYOPEN"                    Value="0x0013" />
                <Set Name="WM_ENDSESSION"                   Value="0x0016" />
                <Set Name="WM_QUIT"                         Value="0x0012" />
                <Set Name="WM_ERASEBKGND"                   Value="0x0014" />
                <Set Name="WM_SYSCOLORCHANGE"               Value="0x0015" />
                <Set Name="WM_SHOWWINDOW"                   Value="0x0018" />
                <Set Name="WM_SETTINGCHANGE"                Value="0x001A" />
                <Set Name="WM_DEVMODECHANGE"                Value="0x001B" />
                <Set Name="WM_ACTIVATEAPP"                  Value="0x001C" />
                <Set Name="WM_FONTCHANGE"                   Value="0x001D" />
                <Set Name="WM_TIMECHANGE"                   Value="0x001E" />
                <Set Name="WM_CANCELMODE"                   Value="0x001F" />
                <Set Name="WM_SETCURSOR"                    Value="0x0020" />
                <Set Name="WM_MOUSEACTIVATE"                Value="0x0021" />
                <Set Name="WM_CHILDACTIVATE"                Value="0x0022" />
                <Set Name="WM_QUEUESYNC"                    Value="0x0023" />
                <Set Name="WM_GETMINMAXINFO"                Value="0x0024" />
                <Set Name="WM_PAINTICON"                    Value="0x0026" />
                <Set Name="WM_ICONERASEBKGND"               Value="0x0027" />
                <Set Name="WM_NEXTDLGCTL"                   Value="0x0028" />
                <Set Name="WM_SPOOLERSTATUS"                Value="0x002A" />
                <Set Name="WM_DRAWITEM"                     Value="0x002B" />
                <Set Name="WM_MEASUREITEM"                  Value="0x002C" />
                <Set Name="WM_DELETEITEM"                   Value="0x002D" />
                <Set Name="WM_VKEYTOITEM"                   Value="0x002E" />
                <Set Name="WM_CHARTOITEM"                   Value="0x002F" />
                <Set Name="WM_SETFONT"                      Value="0x0030" />
                <Set Name="WM_GETFONT"                      Value="0x0031" />
                <Set Name="WM_SETHOTKEY"                    Value="0x0032" />
                <Set Name="WM_GETHOTKEY"                    Value="0x0033" />
                <Set Name="WM_QUERYDRAGICON"                Value="0x0037" />
                <Set Name="WM_COMPAREITEM"                  Value="0x0039" />
                <Set Name="WM_GETOBJECT"                    Value="0x003D" />
                <Set Name="WM_COMPACTING"                   Value="0x0041" />
                <Set Name="WM_COMMNOTIFY"                   Value="0x0044" />
                <Set Name="WM_WINDOWPOSCHANGING"            Value="0x0046" />
                <Set Name="WM_WINDOWPOSCHANGED"             Value="0x0047" />
                <Set Name="WM_POWER"                        Value="0x0048" />
                <Set Name="WM_COPYDATA"                     Value="0x004A" />
                <Set Name="WM_CANCELJOURNAL"                Value="0x004B" />
                <Set Name="WM_NOTIFY"                       Value="0x004E" />
                <Set Name="WM_INPUTLANGCHANGEREQUEST"       Value="0x0050" />
                <Set Name="WM_INPUTLANGCHANGE"              Value="0x0051" />
                <Set Name="WM_TCARD"                        Value="0x0052" />
                <Set Name="WM_HELP"                         Value="0x0053" />
                <Set Name="WM_USERCHANGED"                  Value="0x0054" />
                <Set Name="WM_NOTIFYFORMAT"                 Value="0x0055" />
                <Set Name="WM_CONTEXTMENU"                  Value="0x007B" />
                <Set Name="WM_STYLECHANGING"                Value="0x007C" />
                <Set Name="WM_STYLECHANGED"                 Value="0x007D" />
                <Set Name="WM_DISPLAYCHANGE"                Value="0x007E" />
                <Set Name="WM_GETICON"                      Value="0x007F" />
                <Set Name="WM_SETICON"                      Value="0x0080" />
                <Set Name="WM_NCCREATE"                     Value="0x0081" />
                <Set Name="WM_NCDESTROY"                    Value="0x0082" />
                <Set Name="WM_NCCALCSIZE"                   Value="0x0083" />
                <Set Name="WM_NCHITTEST"                    Value="0x0084" />
                <Set Name="WM_NCPAINT"                      Value="0x0085" />
                <Set Name="WM_NCACTIVATE"                   Value="0x0086" />
                <Set Name="WM_GETDLGCODE"                   Value="0x0087" />
                <Set Name="WM_SYNCPAINT"                    Value="0x0088" />
                <Set Name="WM_NCMOUSEMOVE"                  Value="0x00A0" />
                <Set Name="WM_NCLBUTTONDOWN"                Value="0x00A1" />
                <Set Name="WM_NCLBUTTONUP"                  Value="0x00A2" />
                <Set Name="WM_NCLBUTTONDBLCLK"              Value="0x00A3" />
                <Set Name="WM_NCRBUTTONDOWN"                Value="0x00A4" />
                <Set Name="WM_NCRBUTTONUP"                  Value="0x00A5" />
                <Set Name="WM_NCRBUTTONDBLCLK"              Value="0x00A6" />
                <Set Name="WM_NCMBUTTONDOWN"                Value="0x00A7" />
                <Set Name="WM_NCMBUTTONUP"                  Value="0x00A8" />
                <Set Name="WM_NCMBUTTONDBLCLK"              Value="0x00A9" />
                <Set Name="WM_NCXBUTTONDOWN"                Value="0x00AB" />
                <Set Name="WM_NCXBUTTONUP"                  Value="0x00AC" />
                <Set Name="WM_NCXBUTTONDBLCLK"              Value="0x00AD" />
                <Set Name="WM_INPUT_DEVICE_CHANGE"          Value="0x00FE" />
                <Set Name="WM_INPUT"                        Value="0x00FF" />
                <Set Name="WM_KEYDOWN"                      Value="0x0100" />
                <Set Name="WM_KEYUP"                        Value="0x0101" />
                <Set Name="WM_CHAR"                         Value="0x0102" />
                <Set Name="WM_DEADCHAR"                     Value="0x0103" />
                <Set Name="WM_SYSKEYDOWN"                   Value="0x0104" />
                <Set Name="WM_SYSKEYUP"                     Value="0x0105" />
                <Set Name="WM_SYSCHAR"                      Value="0x0106" />
                <Set Name="WM_SYSDEADCHAR"                  Value="0x0107" />
                <Set Name="WM_UNICHAR"                      Value="0x0109" />
                <Set Name="WM_IME_STARTCOMPOSITION"         Value="0x010D" />
                <Set Name="WM_IME_ENDCOMPOSITION"           Value="0x010E" />
                <Set Name="WM_IME_COMPOSITION"              Value="0x010F" />
                <Set Name="WM_IME_KEYLAST"                  Value="0x010F" />
                <Set Name="WM_INITDIALOG"                   Value="0x0110" />
                <Set Name="WM_COMMAND"                      Value="0x0111" />
                <Set Name="WM_SYSCOMMAND"                   Value="0x0112" />
                <Set Name="WM_TIMER"                        Value="0x0113" />
                <Set Name="WM_HSCROLL"                      Value="0x0114" />
                <Set Name="WM_VSCROLL"                      Value="0x0115" />
                <Set Name="WM_INITMENU"                     Value="0x0116" />
                <Set Name="WM_INITMENUPOPUP"                Value="0x0117" />
                <Set Name="WM_MENUSELECT"                   Value="0x011F" />
                <Set Name="WM_MENUCHAR"                     Value="0x0120" />
                <Set Name="WM_ENTERIDLE"                    Value="0x0121" />
                <Set Name="WM_MENURBUTTONUP"                Value="0x0122" />
                <Set Name="WM_MENUDRAG"                     Value="0x0123" />
                <Set Name="WM_MENUGETOBJECT"                Value="0x0124" />
                <Set Name="WM_UNINITMENUPOPUP"              Value="0x0125" />
                <Set Name="WM_MENUCOMMAND"                  Value="0x0126" />
                <Set Name="WM_CHANGEUISTATE"                Value="0x0127" />
                <Set Name="WM_UPDATEUISTATE"                Value="0x0128" />
                <Set Name="WM_QUERYUISTATE"                 Value="0x0129" />
                <Set Name="WM_CTLCOLORMSGBOX"               Value="0x0132" />
                <Set Name="WM_CTLCOLOREDIT"                 Value="0x0133" />
                <Set Name="WM_CTLCOLORLISTBOX"              Value="0x0134" />
                <Set Name="WM_CTLCOLORBTN"                  Value="0x0135" />
                <Set Name="WM_CTLCOLORDLG"                  Value="0x0136" />
                <Set Name="WM_CTLCOLORSCROLLBAR"            Value="0x0137" />
                <Set Name="WM_CTLCOLORSTATIC"               Value="0x0138" />
                <Set Name="MN_GETHMENU"                     Value="0x01E1" />
                <Set Name="WM_MOUSEMOVE"                    Value="0x0200" />
                <Set Name="WM_LBUTTONDOWN"                  Value="0x0201" />
                <Set Name="WM_LBUTTONUP"                    Value="0x0202" />
                <Set Name="WM_LBUTTONDBLCLK"                Value="0x0203" />
                <Set Name="WM_RBUTTONDOWN"                  Value="0x0204" />
                <Set Name="WM_RBUTTONUP"                    Value="0x0205" />
                <Set Name="WM_RBUTTONDBLCLK"                Value="0x0206" />
                <Set Name="WM_MBUTTONDOWN"                  Value="0x0207" />
                <Set Name="WM_MBUTTONUP"                    Value="0x0208" />
                <Set Name="WM_MBUTTONDBLCLK"                Value="0x0209" />
                <Set Name="WM_MOUSEWHEEL"                   Value="0x020A" />
                <Set Name="WM_XBUTTONDOWN"                  Value="0x020B" />
                <Set Name="WM_XBUTTONUP"                    Value="0x020C" />
                <Set Name="WM_XBUTTONDBLCLK"                Value="0x020D" />
                <Set Name="WM_MOUSEHWHEEL"                  Value="0x020E" />
                <Set Name="WM_PARENTNOTIFY"                 Value="0x0210" />
                <Set Name="WM_ENTERMENULOOP"                Value="0x0211" />
                <Set Name="WM_EXITMENULOOP"                 Value="0x0212" />
                <Set Name="WM_NEXTMENU"                     Value="0x0213" />
                <Set Name="WM_SIZING"                       Value="0x0214" />
                <Set Name="WM_CAPTURECHANGED"               Value="0x0215" />
                <Set Name="WM_MOVING"                       Value="0x0216" />
                <Set Name="WM_POWERBROADCAST"               Value="0x0218" />
                <Set Name="WM_DEVICECHANGE"                 Value="0x0219" />
                <Set Name="WM_MDICREATE"                    Value="0x0220" />
                <Set Name="WM_MDIDESTROY"                   Value="0x0221" />
                <Set Name="WM_MDIACTIVATE"                  Value="0x0222" />
                <Set Name="WM_MDIRESTORE"                   Value="0x0223" />
                <Set Name="WM_MDINEXT"                      Value="0x0224" />
                <Set Name="WM_MDIMAXIMIZE"                  Value="0x0225" />
                <Set Name="WM_MDITILE"                      Value="0x0226" />
                <Set Name="WM_MDICASCADE"                   Value="0x0227" />
                <Set Name="WM_MDIICONARRANGE"               Value="0x0228" />
                <Set Name="WM_MDIGETACTIVE"                 Value="0x0229" />
                <Set Name="WM_MDISETMENU"                   Value="0x0230" />
                <Set Name="WM_ENTERSIZEMOVE"                Value="0x0231" />
                <Set Name="WM_EXITSIZEMOVE"                 Value="0x0232" />
                <Set Name="WM_DROPFILES"                    Value="0x0233" />
                <Set Name="WM_MDIREFRESHMENU"               Value="0x0234" />
                <Set Name="WM_IME_SETCONTEXT"               Value="0x0281" />
                <Set Name="WM_IME_NOTIFY"                   Value="0x0282" />
                <Set Name="WM_IME_CONTROL"                  Value="0x0283" />
                <Set Name="WM_IME_COMPOSITIONFULL"          Value="0x0284" />
                <Set Name="WM_IME_SELECT"                   Value="0x0285" />
                <Set Name="WM_IME_CHAR"                     Value="0x0286" />
                <Set Name="WM_IME_REQUEST"                  Value="0x0288" />
                <Set Name="WM_IME_KEYDOWN"                  Value="0x0290" />
                <Set Name="WM_IME_KEYUP"                    Value="0x0291" />
                <Set Name="WM_MOUSEHOVER"                   Value="0x02A1" />
                <Set Name="WM_MOUSELEAVE"                   Value="0x02A3" />
                <Set Name="WM_NCMOUSEHOVER"                 Value="0x02A0" />
                <Set Name="WM_NCMOUSELEAVE"                 Value="0x02A2" />
                <Set Name="WM_WTSSESSION_CHANGE"            Value="0x02B1" />
                <Set Name="WM_TABLET_ADDED"                 Value="0x02c8" />
                <Set Name="WM_TABLET_DELETED"               Value="0x02c9" />
                <Set Name="WM_TABLET_FLICK"                 Value="0x02cb" />
                <Set Name="WM_TABLET_QUERYSYSTEMGESTURESTATUS"  Value="0x02cc" />
                <Set Name="WM_CUT"                          Value="0x0300" />
                <Set Name="WM_COPY"                         Value="0x0301" />
                <Set Name="WM_PASTE"                        Value="0x0302" />
                <Set Name="WM_CLEAR"                        Value="0x0303" />
                <Set Name="WM_UNDO"                         Value="0x0304" />
                <Set Name="WM_RENDERFORMAT"                 Value="0x0305" />
                <Set Name="WM_RENDERALLFORMATS"             Value="0x0306" />
                <Set Name="WM_DESTROYCLIPBOARD"             Value="0x0307" />
                <Set Name="WM_DRAWCLIPBOARD"                Value="0x0308" />
                <Set Name="WM_PAINTCLIPBOARD"               Value="0x0309" />
                <Set Name="WM_VSCROLLCLIPBOARD"             Value="0x030A" />
                <Set Name="WM_SIZECLIPBOARD"                Value="0x030B" />
                <Set Name="WM_ASKCBFORMATNAME"              Value="0x030C" />
                <Set Name="WM_CHANGECBCHAIN"                Value="0x030D" />
                <Set Name="WM_HSCROLLCLIPBOARD"             Value="0x030E" />
                <Set Name="WM_QUERYNEWPALETTE"              Value="0x030F" />
                <Set Name="WM_PALETTEISCHANGING"            Value="0x0310" />
                <Set Name="WM_PALETTECHANGED"               Value="0x0311" />
                <Set Name="WM_HOTKEY"                       Value="0x0312" />
                <Set Name="WM_PRINT"                        Value="0x0317" />
                <Set Name="WM_PRINTCLIENT"                  Value="0x0318" />
                <Set Name="WM_APPCOMMAND"                   Value="0x0319" />
                <Set Name="WM_THEMECHANGED"                 Value="0x031A" />
                <Set Name="WM_CLIPBOARDUPDATE"              Value="0x031D" />
                <Set Name="WM_DWMCOMPOSITIONCHANGED"        Value="0x031E" />
                <Set Name="WM_DWMNCRENDERINGCHANGED"        Value="0x031F" />
                <Set Name="WM_DWMCOLORIZATIONCOLORCHANGED"  Value="0x0320" />
                <Set Name="WM_DWMWINDOWMAXIMIZEDCHANGE"     Value="0x0321" />
                <Set Name="WM_GETTITLEBARINFOEX"            Value="0x033F" />
                <Set Name="WM_USER"                         Value="0x0400" />
                <Set Name="EM_GETSEL"                       Value="0x00B0" />
                <Set Name="EM_SETSEL"                       Value="0x00B1" />
                <Set Name="EM_GETRECT"                      Value="0x00B2" />
                <Set Name="EM_SETRECT"                      Value="0x00B3" />
                <Set Name="EM_SETRECTNP"                    Value="0x00B4" />
                <Set Name="EM_SCROLL"                       Value="0x00B5" />
                <Set Name="EM_LINESCROLL"                   Value="0x00B6" />
                <Set Name="EM_SCROLLCARET"                  Value="0x00B7" />
                <Set Name="EM_GETMODIFY"                    Value="0x00B8" />
                <Set Name="EM_SETMODIFY"                    Value="0x00B9" />
                <Set Name="EM_GETLINECOUNT"                 Value="0x00BA" />
                <Set Name="EM_LINEINDEX"                    Value="0x00BB" />
                <Set Name="EM_SETHANDLE"                    Value="0x00BC" />
                <Set Name="EM_GETHANDLE"                    Value="0x00BD" />
                <Set Name="EM_GETTHUMB"                     Value="0x00BE" />
                <Set Name="EM_LINELENGTH"                   Value="0x00C1" />
                <Set Name="EM_REPLACESEL"                   Value="0x00C2" />
                <Set Name="EM_GETLINE"                      Value="0x00C4" />
                <Set Name="EM_LIMITTEXT"                    Value="0x00C5" />
                <Set Name="EM_CANUNDO"                      Value="0x00C6" />
                <Set Name="EM_UNDO"                         Value="0x00C7" />
                <Set Name="EM_FMTLINES"                     Value="0x00C8" />
                <Set Name="EM_LINEFROMCHAR"                 Value="0x00C9" />
                <Set Name="EM_SETTABSTOPS"                  Value="0x00CB" />
                <Set Name="EM_SETPASSWORDCHAR"              Value="0x00CC" />
                <Set Name="EM_EMPTYUNDOBUFFER"              Value="0x00CD" />
                <Set Name="EM_GETFIRSTVISIBLELINE"          Value="0x00CE" />
                <Set Name="EM_SETREADONLY"                  Value="0x00CF" />
                <Set Name="EM_SETWORDBREAKPROC"             Value="0x00D0" />
                <Set Name="EM_GETWORDBREAKPROC"             Value="0x00D1" />
                <Set Name="EM_GETPASSWORDCHAR"              Value="0x00D2" />
                <Set Name="EM_SETMARGINS"                   Value="0x00D3" />
                <Set Name="EM_GETMARGINS"                   Value="0x00D4" />
                <Set Name="EM_SETLIMITTEXT"                 Value="0x00C5" />
                <Set Name="EM_GETLIMITTEXT"                 Value="0x00D5" />
                <Set Name="EM_POSFROMCHAR"                  Value="0x00D6" />
                <Set Name="EM_CHARFROMPOS"                  Value="0x00D7" />
                <Set Name="EM_SETIMESTATUS"                 Value="0x00D8" />
                <Set Name="EM_GETIMESTATUS"                 Value="0x00D9" />
                <Set Name="BM_GETCHECK"                     Value="0x00F0" />
                <Set Name="BM_SETCHECK"                     Value="0x00F1" />
                <Set Name="BM_GETSTATE"                     Value="0x00F2" />
                <Set Name="BM_SETSTATE"                     Value="0x00F3" />
                <Set Name="BM_SETSTYLE"                     Value="0x00F4" />
                <Set Name="BM_CLICK"                        Value="0x00F5" />
                <Set Name="BM_GETIMAGE"                     Value="0x00F6" />
                <Set Name="BM_SETIMAGE"                     Value="0x00F7" />
                <Set Name="BM_SETDONTCLICK"                 Value="0x00F8" />
            </Enum>
        </Variable>

        <!-- MSG -->
        <Variable Name="MSG" Type="Struct">
            <Field Type="HWND"      Name="hwnd" />
            <Field Type="[WinMsg]"  Name="message" />
            <Field Type="WPARAM"    Name="wParam" />
            <Field Type="LPARAM"    Name="lParam" />
            <Field Type="DWORD"     Name="time" />
            <Field Type="POINT"     Name="pt" />
        </Variable>
        <Variable Name="MSG*"       Type="Pointer"  Base="MSG" />
        <Variable Name="const MSG*" Type="Alias"    Base="MSG*" />
        <Variable Name="LPMSG"      Type="Alias"    Base="MSG*" />

        <!-- [ImageType] -->
        <Variable Name="[ImageType]" Type="Alias" Base="UINT">
            <Display Name="UINT" />
            <Enum>
                <Set Name="IMAGE_BITMAP"        Value="0" />
                <Set Name="IMAGE_ICON"          Value="1" />
                <Set Name="IMAGE_CURSOR"        Value="2" />
                <Set Name="IMAGE_ENHMETAFILE"   Value="3" />
            </Enum>
        </Variable>
        
        <!-- [LRFlags]-->
        <Variable Name="[LRFlags]" Type="Alias" Base="UINT">
            <Display Name="UINT" />
            <Flag>
                <Set Name="LR_DEFAULTCOLOR"     Value="0x00000000" />
                <Set Name="LR_MONOCHROME"       Value="0x00000001" />
                <Set Name="LR_COLOR"            Value="0x00000002" />
                <Set Name="LR_COPYRETURNORG"    Value="0x00000004" />
                <Set Name="LR_COPYDELETEORG"    Value="0x00000008" />
                <Set Name="LR_LOADFROMFILE"     Value="0x00000010" />
                <Set Name="LR_LOADTRANSPARENT"  Value="0x00000020" />
                <Set Name="LR_DEFAULTSIZE"      Value="0x00000040" />
                <Set Name="LR_VGACOLOR"         Value="0x00000080" />
                <Set Name="LR_LOADMAP3DCOLORS"  Value="0x00001000" />
                <Set Name="LR_CREATEDIBSECTION" Value="0x00002000" />
                <Set Name="LR_COPYFROMRESOURCE" Value="0x00004000" />
                <Set Name="LR_SHARED"           Value="0x00008000" />
            </Flag>
        </Variable>
        
        <!-- [SBType] -->
        <Variable Name="[SBType]" Type="Alias" Base="int">
            <Display Name="int" />
            <Enum>
                <Set Name="SB_HORZ"         Value="0" />
                <Set Name="SB_VERT"         Value="1" />
                <Set Name="SB_CTL"          Value="2" />
                <Set Name="SB_BOTH"         Value="3" />
            </Enum>
        </Variable>
        
        <!-- [IsTextUnicodeFlags] -->
        <Variable Name="[IsTextUnicodeFlags]" Type="Alias" Base="UINT">
            <Display Name="INT" />
            <Flag>
                <Set Name="IS_TEXT_UNICODE_ASCII16"             Value="0x0001" />
                <Set Name="IS_TEXT_UNICODE_REVERSE_ASCII16"     Value="0x0010" />
                <Set Name="IS_TEXT_UNICODE_STATISTICS"          Value="0x0002" />
                <Set Name="IS_TEXT_UNICODE_REVERSE_STATISTICS"  Value="0x0020" />
                <Set Name="IS_TEXT_UNICODE_CONTROLS"            Value="0x0004" />
                <Set Name="IS_TEXT_UNICODE_REVERSE_CONTROLS"    Value="0x0040" />
                <Set Name="IS_TEXT_UNICODE_SIGNATURE"           Value="0x0008" />
                <Set Name="IS_TEXT_UNICODE_REVERSE_SIGNATURE"   Value="0x0080" />
                <Set Name="IS_TEXT_UNICODE_ILLEGAL_CHARS"       Value="0x0100" />
                <Set Name="IS_TEXT_UNICODE_ODD_LENGTH"          Value="0x0200" />
                <Set Name="IS_TEXT_UNICODE_DBCS_LEADBYTE"       Value="0x0400" />
                <Set Name="IS_TEXT_UNICODE_NULL_BYTES"          Value="0x1000" />
                <Set Name="IS_TEXT_UNICODE_UNICODE_MASK"        Value="0x000F" />
                <Set Name="IS_TEXT_UNICODE_REVERSE_MASK"        Value="0x00F0" />
                <Set Name="IS_TEXT_UNICODE_NOT_UNICODE_MASK"    Value="0x0F00" />
                <Set Name="IS_TEXT_UNICODE_NOT_ASCII_MASK"      Value="0xF000" />
            </Flag>
        </Variable>
        <Variable Name="[IsTextUnicodeFlags*]" Type="Pointer" Base="[IsTextUnicodeFlags]">
            <Display Name="INT*" />
        </Variable>

        <!-- [WaitTimeout] -->
        <Variable Name="[WaitTimeout]" Type="Alias" Base="DWORD">
            <Display Name="DWORD" />
            <Enum>
                <Set Name="INFINITE"            Value="0xFFFFFFFF" />
            </Enum>
        </Variable>

        <!-- [BorderFlag] -->
        <Variable Name="[BorderFlag]" Type="Alias" Base="UINT">
            <Display Name="UINT" />
            <Flag>
                <Set Name="BF_LEFT"                     Value="0x0001" />
                <Set Name="BF_TOP"                      Value="0x0002" />
                <Set Name="BF_RIGHT"                    Value="0x0004" />
                <Set Name="BF_BOTTOM"                   Value="0x0008" />
                <Set Name="BF_TOPLEFT"                  Value="0x0003" />
                <Set Name="BF_TOPRIGHT"                 Value="0x0006" />
                <Set Name="BF_BOTTOMLEFT"               Value="0x0009" />
                <Set Name="BF_BOTTOMRIGHT"              Value="0x000c" />
                <Set Name="BF_RECT"                     Value="0x000f" />
                <Set Name="BF_DIAGONAL"                 Value="0x0010" />
                <Set Name="BF_DIAGONAL_ENDTOPRIGHT"     Value="0x0016" />
                <Set Name="BF_DIAGONAL_ENDTOPLEFT"      Value="0x0013" />
                <Set Name="BF_DIAGONAL_ENDBOTTOMLEFT"   Value="0x0019" />
                <Set Name="BF_DIAGONAL_ENDBOTTOMRIGHT"  Value="0x001c" />
                <Set Name="BF_MIDDLE"                   Value="0x0800" />
                <Set Name="BF_SOFT"                     Value="0x1000" />
                <Set Name="BF_ADJUST"                   Value="0x2000" />
                <Set Name="BF_FLAT"                     Value="0x4000" />
                <Set Name="BF_MONO"                     Value="0x8000" />
            </Flag>
        </Variable>
        
        <!-- [SysColorIndex] -->
        <Variable Name="[SysColorIndex]" Type="Alias" Base="int">
            <Display Name="int" />
            <Enum>
                <Set Name="COLOR_SCROLLBAR"                 Value="0" />
                <Set Name="COLOR_BACKGROUND"                Value="1" />
                <Set Name="COLOR_ACTIVECAPTION"             Value="2" />
                <Set Name="COLOR_INACTIVECAPTION"           Value="3" />
                <Set Name="COLOR_MENU"                      Value="4" />
                <Set Name="COLOR_WINDOW"                    Value="5" />
                <Set Name="COLOR_WINDOWFRAME"               Value="6" />
                <Set Name="COLOR_MENUTEXT"                  Value="7" />
                <Set Name="COLOR_WINDOWTEXT"                Value="8" />
                <Set Name="COLOR_CAPTIONTEXT"               Value="9" />
                <Set Name="COLOR_ACTIVEBORDER"              Value="10" />
                <Set Name="COLOR_INACTIVEBORDER"            Value="11" />
                <Set Name="COLOR_APPWORKSPACE"              Value="12" />
                <Set Name="COLOR_HIGHLIGHT"                 Value="13" />
                <Set Name="COLOR_HIGHLIGHTTEXT"             Value="14" />
                <Set Name="COLOR_BTNFACE"                   Value="15" />
                <Set Name="COLOR_BTNSHADOW"                 Value="16" />
                <Set Name="COLOR_GRAYTEXT"                  Value="17" />
                <Set Name="COLOR_BTNTEXT"                   Value="18" />
                <Set Name="COLOR_INACTIVECAPTIONTEXT"       Value="19" />
                <Set Name="COLOR_BTNHIGHLIGHT"              Value="20" />
                <Set Name="COLOR_3DDKSHADOW"                Value="21" />
                <Set Name="COLOR_3DLIGHT"                   Value="22" />
                <Set Name="COLOR_INFOTEXT"                  Value="23" />
                <Set Name="COLOR_INFOBK"                    Value="24" />
                <Set Name="COLOR_HOTLIGHT"                  Value="26" />
                <Set Name="COLOR_GRADIENTACTIVECAPTION"     Value="27" />
                <Set Name="COLOR_GRADIENTINACTIVECAPTION"   Value="28" />
                <Set Name="COLOR_MENUHILIGHT"               Value="29" />
                <Set Name="COLOR_MENUBAR"                   Value="30" />
            </Enum>
        </Variable>
        
        <!-- [BorderEdge] -->
        <Variable Name="[BorderEdge]" Type="Alias" Base="UINT">
            <Display Name="UINT" />
            <Flag>
                <Set Name="BDR_RAISEDOUTER"     Value="0x0001" />
                <Set Name="BDR_SUNKENOUTER"     Value="0x0002" />
                <Set Name="BDR_RAISEDINNER"     Value="0x0004" />
                <Set Name="BDR_SUNKENINNER"     Value="0x0008" />
                <Set Name="EDGE_RAISED"         Value="0x0005" />
                <Set Name="EDGE_SUNKEN"         Value="0x000a" />
                <Set Name="EDGE_ETCHED"         Value="0x0006" />
                <Set Name="EDGE_BUMP"           Value="0x0009" />
            </Flag>
        </Variable>

        <!-- [DrawTextFlags] -->
        <Variable Name="[DrawTextFlags]" Type="Alias" Base="DWORD">
            <Display Name="DWORD" />
            <Flag>
                <Set Name="DT_TOP"                  Value="0x00000000" />
                <Set Name="DT_LEFT"                 Value="0x00000000" />
                <Set Name="DT_CENTER"               Value="0x00000001" />
                <Set Name="DT_RIGHT"                Value="0x00000002" />
                <Set Name="DT_VCENTER"              Value="0x00000004" />
                <Set Name="DT_BOTTOM"               Value="0x00000008" />
                <Set Name="DT_WORDBREAK"            Value="0x00000010" />
                <Set Name="DT_SINGLELINE"           Value="0x00000020" />
                <Set Name="DT_EXPANDTABS"           Value="0x00000040" />
                <Set Name="DT_TABSTOP"              Value="0x00000080" />
                <Set Name="DT_NOCLIP"               Value="0x00000100" />
                <Set Name="DT_EXTERNALLEADING"      Value="0x00000200" />
                <Set Name="DT_CALCRECT"             Value="0x00000400" />
                <Set Name="DT_NOPREFIX"             Value="0x00000800" />
                <Set Name="DT_INTERNAL"             Value="0x00001000" />
                <Set Name="DT_EDITCONTROL"          Value="0x00002000" />
                <Set Name="DT_PATH_ELLIPSIS"        Value="0x00004000" />
                <Set Name="DT_END_ELLIPSIS"         Value="0x00008000" />
                <Set Name="DT_MODIFYSTRING"         Value="0x00010000" />
                <Set Name="DT_RTLREADING"           Value="0x00020000" />
                <Set Name="DT_WORD_ELLIPSIS"        Value="0x00040000" />
                <Set Name="DT_NOFULLWIDTHCHARBREAK" Value="0x00080000" />
                <Set Name="DT_HIDEPREFIX"           Value="0x00100000" />
                <Set Name="DT_PREFIXONLY"           Value="0x00200000" />
            </Flag>
        </Variable>

        <!-- RECT -->
        <Variable Name="RECT" Type="Struct">
            <Field Type="LONG" Name="left" />
            <Field Type="LONG" Name="top" />
            <Field Type="LONG" Name="right" />
            <Field Type="LONG" Name="bottom" />
        </Variable>
        <Variable Name="LPRECT"             Type="Pointer"  Base="RECT" />
        <Variable Name="const LPRECT"       Type="Alias"    Base="LPRECT" />
        <Variable Name="RECT*"              Type="Alias"    Base="LPRECT" />
        <Variable Name="LPCRECT"            Type="Alias"    Base="LPRECT" />
        <Variable Name="const RECT*"        Type="Alias"    Base="LPRECT" />
        <Variable Name="CONST RECT*"        Type="Alias"    Base="LPRECT" />

        <!-- RECTL -->
        <Variable Name="RECTL"              Type="Alias"    Base="RECT" />
        <Variable Name="RECTL*"             Type="Pointer"  Base="RECTL" />
        <Variable Name="LPCRECTL"           Type="Pointer"  Base="RECTL" />

        <!-- [CodePageEnum] -->
        <Variable Name="[CodePageEnum]" Type="Alias" Base="UINT">
            <Display Name="UINT" />
            <Enum>
                <Set Name="CP_ACP"                  Value="0" />
                <Set Name="CP_OEMCP"                Value="1" />
                <Set Name="CP_MACCP"                Value="2" />
                <Set Name="CP_THREAD_ACP"           Value="3" />
                <Set Name="CP_SYMBOL"               Value="42" />
                <Set Name="MS-DOS Latin US"         Value="437" />
                <Set Name="Thai"                    Value="874" />
                <Set Name="Japanese (Shift-JIS)"    Value="932" />
                <Set Name="Chinese Simplified"      Value="936" />
                <Set Name="Korean"                  Value="949" />
                <Set Name="Chinese Traditional"     Value="950" />
                <Set Name="Unicode UTF-16 LE"       Value="1200" />
                <Set Name="Unicode UTF-16 BE"       Value="1201" />
                <Set Name="Central European"        Value="1250" />
                <Set Name="Cyrillic"                Value="1251" />
                <Set Name="Western European"        Value="1252" />
                <Set Name="Greek"                   Value="1253" />
                <Set Name="Turkish"                 Value="1254" />
                <Set Name="Hebrew"                  Value="1255" />
                <Set Name="Arabic"                  Value="1256" />
                <Set Name="Baltic"                  Value="1257" />
                <Set Name="Vietnamese"              Value="1258" />
                <Set Name="CP_UTF7"                 Value="65000" />
                <Set Name="CP_UTF8"                 Value="65001" />
            </Enum>
        </Variable>

        <!-- EXCEPTION_POINTERS -->
        <Variable Name="EXCEPTION_POINTERS" Type="Struct">
            <Field Type="PEXCEPTION_RECORD"     Name="ExceptionRecord" />
            <Field Type="PCONTEXT" 	            Name="ContextRecord" />
        </Variable>
        <Variable Name="PEXCEPTION_POINTERS"            Type="Pointer" Base="EXCEPTION_POINTERS" />
        <Variable Name="LPEXCEPTION_POINTERS"           Type="Pointer" Base="EXCEPTION_POINTERS" />
        <Variable Name="struct _EXCEPTION_POINTERS*"    Type="Pointer" Base="EXCEPTION_POINTERS" />

        <!-- SP_DEVINFO_DATA -->
        <Variable Name="SP_DEVINFO_DATA" Type="Struct">
            <Field Type="DWORD" 	Name="cbSize" />
            <Field Type="GUID"  	Name="ClassGuid" />
            <Field Type="DWORD"     Name="DevInst" />
            <Field Type="ULONG_PTR" Name="Reserved" />
        </Variable>
        <Variable Name="PSP_DEVINFO_DATA" Type="Pointer" Base="SP_DEVINFO_DATA" />

        <!-- PROCESS_INFORMATION -->
        <Variable Name="PROCESS_INFORMATION" Type="Struct">
            <Field Type="HANDLE" 	Name="hProcess" />
            <Field Type="HANDLE" 	Name="hThread" />
            <Field Type="DWORD" 	Name="dwProcessId" />
            <Field Type="DWORD" 	Name="dwThreadId" />
        </Variable>
        <Variable Name="LPPROCESS_INFORMATION" Type="Pointer" Base="PROCESS_INFORMATION" />

        <!-- [ShowWindowCmd] -->
        <Variable Name="[ShowWindowCmd]" Type="Alias" Base="int">
            <Display Name="int" />
            <Enum>
                <Set Name="SW_HIDE"             Value="0" />
                <Set Name="SW_SHOWNORMAL"       Value="1" />
                <Set Name="SW_NORMAL"           Value="1" />
                <Set Name="SW_SHOWMINIMIZED"    Value="2" />
                <Set Name="SW_SHOWMAXIMIZED"    Value="3" />
                <Set Name="SW_MAXIMIZE"         Value="3" />
                <Set Name="SW_SHOWNOACTIVATE"   Value="4" />
                <Set Name="SW_SHOW"             Value="5" />
                <Set Name="SW_MINIMIZE"         Value="6" />
                <Set Name="SW_SHOWMINNOACTIVE"  Value="7" />
                <Set Name="SW_SHOWNA"           Value="8" />
                <Set Name="SW_RESTORE"          Value="9" />
                <Set Name="SW_SHOWDEFAULT"      Value="10" />
                <Set Name="SW_FORCEMINIMIZE"    Value="11" />
            </Enum>
        </Variable>

        <!-- [STARTUPINFO_ShowWindow] -->
        <!-- This needs to be duplicated since the data type is different
        and it is a structure field -->
        <Variable Name="[STARTUPINFO_ShowWindow]" Type="Alias" Base="WORD">
            <Display Name="WORD" />
            <Enum>
                <Set Name="SW_HIDE"             Value="0" />
                <Set Name="SW_SHOWNORMAL"       Value="1" />
                <Set Name="SW_NORMAL"           Value="1" />
                <Set Name="SW_SHOWMINIMIZED"    Value="2" />
                <Set Name="SW_SHOWMAXIMIZED"    Value="3" />
                <Set Name="SW_MAXIMIZE"         Value="3" />
                <Set Name="SW_SHOWNOACTIVATE"   Value="4" />
                <Set Name="SW_SHOW"             Value="5" />
                <Set Name="SW_MINIMIZE"         Value="6" />
                <Set Name="SW_SHOWMINNOACTIVE"  Value="7" />
                <Set Name="SW_SHOWNA"           Value="8" />
                <Set Name="SW_RESTORE"          Value="9" />
                <Set Name="SW_SHOWDEFAULT"      Value="10" />
                <Set Name="SW_FORCEMINIMIZE"    Value="11" />
            </Enum>
        </Variable>

        <!-- [STARTUPINFO_Flags] -->
        <Variable Name="[STARTUPINFO_Flags]" Type="Alias" Base="DWORD">
            <Display Name="DWORD" />
            <Flag>
                <Set Name="STARTF_USESHOWWINDOW"        Value="0x00000001" />
                <Set Name="STARTF_USESIZE"              Value="0x00000002" />
                <Set Name="STARTF_USEPOSITION"          Value="0x00000004" />
                <Set Name="STARTF_USECOUNTCHARS"        Value="0x00000008" />
                <Set Name="STARTF_USEFILLATTRIBUTE"     Value="0x00000010" />
                <Set Name="STARTF_RUNFULLSCREEN"        Value="0x00000020" />
                <Set Name="STARTF_FORCEONFEEDBACK"      Value="0x00000040" />
                <Set Name="STARTF_FORCEOFFFEEDBACK"     Value="0x00000080" />
                <Set Name="STARTF_USESTDHANDLES"        Value="0x00000100" />
                <Set Name="STARTF_USEHOTKEY"            Value="0x00000200" />
                <Set Name="STARTF_TITLEISLINKNAME"      Value="0x00000800" />
                <Set Name="STARTF_TITLEISAPPID"         Value="0x00001000" />
                <Set Name="STARTF_PREVENTPINNING"       Value="0x00002000" />
            </Flag>
        </Variable>

        <!-- STARTUPINFO -->
        <Variable Name="STARTUPINFO" Type="Struct">
            <Field Type="DWORD"   	                Name="cb" />
            <Field Type="LPTSTR"  	                Name="lpReserved" />
            <Field Type="LPTSTR"  	                Name="lpDesktop" />
            <Field Type="LPTSTR"  	                Name="lpTitle" />
            <Field Type="DWORD"   	                Name="dwX" />
            <Field Type="DWORD"   	                Name="dwY" />
            <Field Type="DWORD"   	                Name="dwXSize" />
            <Field Type="DWORD"   	                Name="dwYSize" />
            <Field Type="DWORD"   	                Name="dwXCountChars" />
            <Field Type="DWORD"   	                Name="dwYCountChars" />
            <Field Type="DWORD"   	                Name="dwFillAttribute" />
            <Field Type="[STARTUPINFO_Flags]"       Name="dwFlags" />
            <Field Type="[STARTUPINFO_ShowWindow]"  Name="wShowWindow" />
            <Field Type="WORD"    	                Name="cbReserved2" />
            <Field Type="LPBYTE"  	                Name="lpReserved2" />
            <Field Type="HANDLE"  	                Name="hStdInput" />
            <Field Type="HANDLE"  	                Name="hStdOutput" />
            <Field Type="HANDLE"  	                Name="hStdError" />
        </Variable>
        <Variable Name="LPSTARTUPINFO" Type="Pointer" Base="STARTUPINFO" />

        <!-- STARTUPINFOW -->
        <Variable Name="STARTUPINFOW" Type="Struct">
            <Field Type="DWORD"   	                Name="cb" />
            <Field Type="LPWSTR"  	                Name="lpReserved" />
            <Field Type="LPWSTR"  	                Name="lpDesktop" />
            <Field Type="LPWSTR"  	                Name="lpTitle" />
            <Field Type="DWORD"   	                Name="dwX" />
            <Field Type="DWORD"   	                Name="dwY" />
            <Field Type="DWORD"   	                Name="dwXSize" />
            <Field Type="DWORD"   	                Name="dwYSize" />
            <Field Type="DWORD"   	                Name="dwXCountChars" />
            <Field Type="DWORD"   	                Name="dwYCountChars" />
            <Field Type="DWORD"   	                Name="dwFillAttribute" />
            <Field Type="[STARTUPINFO_Flags]"       Name="dwFlags" />
            <Field Type="[STARTUPINFO_ShowWindow]"  Name="wShowWindow" />
            <Field Type="WORD"    	                Name="cbReserved2" />
            <Field Type="LPBYTE"  	                Name="lpReserved2" />
            <Field Type="HANDLE"  	                Name="hStdInput" />
            <Field Type="HANDLE"  	                Name="hStdOutput" />
            <Field Type="HANDLE"  	                Name="hStdError" />
        </Variable>
        <Variable Name="LPSTARTUPINFOW" Type="Pointer" Base="STARTUPINFOW" />

        <!-- FILE_SEGMENT_ELEMENT -->
        <!-- TODO: Structures (This is a union!)
        <Variable Name="FILE_SEGMENT_ELEMENT" Type="Struct">
            <Field Type="PVOID64" 	    Name="Buffer" />
            <Field Type="ULONGLONG" 	Name="Alignment" />
        </Variable>
        <Variable Name="FILE_SEGMENT_ELEMENT[]" Type="Pointer" Base="FILE_SEGMENT_ELEMENT" />
         -->
        <Variable Name="FILE_SEGMENT_ELEMENT[]" Type="Alias" Base="LPVOID" />

    </Headers>
</ApiMonitor>