<!--
    API Monitor Definitions
    (c) 2010-2011, Rohitab Batra <rohitab@rohitab.com>
    http://www.rohitab.com/apimonitor/
-->
<ApiMonitor>
    <Include Filename="Interfaces\IUnknown.xml" />
    <Include Filename="Interfaces\BITS\IBitsPeer.xml" />
    <Interface Name="AsyncIBackgroundCopyCallback" Id="{ca29d251-b4bb-4679-a3d9-ae8006119d54}" BaseInterface="IUnknown" OnlineHelp="MSDN" ErrorFunc="HRESULT" Category="Networking/Network Communication/Background Intelligent Transfer Service (BITS)">
        <!-- Variables -->
        <!-- Methods -->
        <Api Name="Begin_JobTransferred">
            <Param Type="IBackgroundCopyJob*" Name="pJob" />
            <Return Type="HRESULT" />
            <Success Return="Equal" Value="0" />
        </Api>
        <Api Name="Finish_JobTransferred">
            <Return Type="HRESULT" />
            <Success Return="Equal" Value="0" />
        </Api>
        <Api Name="Begin_JobError">
            <Param Type="IBackgroundCopyJob*" Name="pJob" />
            <Param Type="IBackgroundCopyError*" Name="pError" />
            <Return Type="HRESULT" />
            <Success Return="Equal" Value="0" />
        </Api>
        <Api Name="Finish_JobError">
            <Return Type="HRESULT" />
            <Success Return="Equal" Value="0" />
        </Api>
        <Api Name="Begin_JobModification">
            <Param Type="IBackgroundCopyJob*" Name="pJob" />
            <Param Type="DWORD" Name="dwReserved" />
            <Return Type="HRESULT" />
            <Success Return="Equal" Value="0" />
        </Api>
        <Api Name="Finish_JobModification">
            <Return Type="HRESULT" />
            <Success Return="Equal" Value="0" />
        </Api>
    </Interface>
</ApiMonitor>