<!--
    API Monitor Definitions
    (c) 2010-2011, Rohitab Batra <rohitab@rohitab.com>
    http://www.rohitab.com/apimonitor/
-->
<ApiMonitor>
    <Include Filename="Interfaces\IUnknown.xml" />
    <Interface Name="IBackgroundCopyCallback" Id="{97ea99c7-0186-4ad4-8df9-c5b4e0ed6b22}" BaseInterface="IUnknown" OnlineHelp="MSDN" ErrorFunc="HRESULT" Category="Networking/Network Communication/Background Intelligent Transfer Service (BITS)">
        <!-- Variables -->
        <!-- Methods -->
        <Api Name="JobTransferred">
            <Param Type="IBackgroundCopyJob*" Name="pJob" />
            <Return Type="HRESULT" />
            <Success Return="Equal" Value="0" />
        </Api>
        <Api Name="JobError">
            <Param Type="IBackgroundCopyJob*" Name="pJob" />
            <Param Type="IBackgroundCopyError*" Name="pError" />
            <Return Type="HRESULT" />
            <Success Return="Equal" Value="0" />
        </Api>
        <Api Name="JobModification">
            <Param Type="IBackgroundCopyJob*" Name="pJob" />
            <Param Type="DWORD" Name="dwReserved" />
            <Return Type="HRESULT" />
            <Success Return="Equal" Value="0" />
        </Api>
    </Interface>
</ApiMonitor>