<!--
    API Monitor Definitions
    (c) 2010-2011, Rohitab Batra <rohitab@rohitab.com>
    http://www.rohitab.com/apimonitor/
-->
<ApiMonitor>
    <Include Filename="Interfaces\IUnknown.xml" />
    <Interface Name="IBackgroundCopyManager" Id="{5ce34c0d-0dc9-4c1f-897c-daa1b78cee7c}" BaseInterface="IUnknown" OnlineHelp="MSDN" ErrorFunc="HRESULT" Category="Networking/Network Communication/Background Intelligent Transfer Service (BITS)">
        <!-- Variables -->
        <!-- Methods -->
        <Api Name="CreateJob">
            <Param Type="LPCWSTR" Name="DisplayName" />
            <Param Type="BG_JOB_TYPE" Name="Type" />
            <Param Type="GUID*" Name="pJobId" />
            <Param Type="IBackgroundCopyJob**" Name="ppJob" />
            <Return Type="HRESULT" />
            <Success Return="Equal" Value="0" />
        </Api>
        <Api Name="GetJob">
            <Param Type="REFGUID" Name="jobID" />
            <Param Type="IBackgroundCopyJob**" Name="ppJob" />
            <Return Type="HRESULT" />
            <Success Return="Equal" Value="0" />
        </Api>
        <Api Name="EnumJobs">
            <Param Type="DWORD" Name="dwFlags" />
            <Param Type="IEnumBackgroundCopyJobs**" Name="ppEnum" />
            <Return Type="HRESULT" />
            <Success Return="Equal" Value="0" />
        </Api>
        <Api Name="GetErrorDescription">
            <Param Type="HRESULT" Name="hResult" />
            <Param Type="DWORD" Name="LanguageId" />
            <Param Type="LPWSTR*" Name="pErrorDescription" />
            <Return Type="HRESULT" />
            <Success Return="Equal" Value="0" />
        </Api>
    </Interface>
</ApiMonitor>