<!--
    API Monitor Definitions
    (c) 2010-2011, Rohitab Batra <rohitab@rohitab.com>
    http://www.rohitab.com/apimonitor/
-->
<ApiMonitor>
    <Include Filename="Interfaces\BITS\IBackgroundCopyFile.xml" />
    <Interface Name="IBackgroundCopyFile2" Id="{83e81b93-0873-474d-8a8c-f2018b1a939c}" BaseInterface="IBackgroundCopyFile" OnlineHelp="MSDN" ErrorFunc="HRESULT" Category="Networking/Network Communication/Background Intelligent Transfer Service (BITS)">
        <!-- Variables -->
        <!-- Methods -->
        <Api Name="GetFileRanges">
            <Param Type="DWORD*" Name="RangeCount" />
            <Param Type="BG_FILE_RANGE**" Name="Ranges" />
            <Return Type="HRESULT" />
            <Success Return="Equal" Value="0" />
        </Api>
        <Api Name="SetRemoteName">
            <Param Type="LPCWSTR" Name="Val" />
            <Return Type="HRESULT" />
            <Success Return="Equal" Value="0" />
        </Api>
    </Interface>
</ApiMonitor>