<!--
    API Monitor Definitions
    (c) 2010-2011, Rohitab Batra <rohitab@rohitab.com>
    http://www.rohitab.com/apimonitor/
-->
<ApiMonitor>
    <Include Filename="Interfaces\IUnknown.xml" />
    <Interface Name="IBackgroundCopyJobHttpOptions" Id="{f1bd1079-9f01-4bdc-8036-f09b70095066}" BaseInterface="IUnknown" OnlineHelp="MSDN" ErrorFunc="HRESULT" Category="Networking/Network Communication/Background Intelligent Transfer Service (BITS)">
        <!-- Variables -->
        <!-- Methods -->
        <Api Name="SetClientCertificateByID">
            <Param Type="BG_CERT_STORE_LOCATION" Name="StoreLocation" />
            <Param Type="LPCWSTR" Name="StoreName" />
            <Param Type="byte*" Name="pCertHashBlob" />
            <Return Type="HRESULT" />
            <Success Return="Equal" Value="0" />
        </Api>
        <Api Name="SetClientCertificateByName">
            <Param Type="BG_CERT_STORE_LOCATION" Name="StoreLocation" />
            <Param Type="LPCWSTR" Name="StoreName" />
            <Param Type="LPCWSTR" Name="SubjectName" />
            <Return Type="HRESULT" />
            <Success Return="Equal" Value="0" />
        </Api>
        <Api Name="RemoveClientCertificate">
            <Return Type="HRESULT" />
            <Success Return="Equal" Value="0" />
        </Api>
        <Api Name="GetClientCertificate">
            <Param Type="BG_CERT_STORE_LOCATION*" Name="pStoreLocation" />
            <Param Type="LPWSTR*" Name="pStoreName" />
            <Param Type="byte**" Name="ppCertHashBlob" />
            <Param Type="LPWSTR*" Name="pSubjectName" />
            <Return Type="HRESULT" />
            <Success Return="Equal" Value="0" />
        </Api>
        <Api Name="SetCustomHeaders">
            <Param Type="LPCWSTR" Name="RequestHeaders" />
            <Return Type="HRESULT" />
            <Success Return="Equal" Value="0" />
        </Api>
        <Api Name="GetCustomHeaders">
            <Param Type="LPWSTR*" Name="pRequestHeaders" />
            <Return Type="HRESULT" />
            <Success Return="Equal" Value="0" />
        </Api>
        <Api Name="SetSecurityFlags">
            <Param Type="ULONG" Name="Flags" />
            <Return Type="HRESULT" />
            <Success Return="Equal" Value="0" />
        </Api>
        <Api Name="GetSecurityFlags">
            <Param Type="ULONG*" Name="pFlags" />
            <Return Type="HRESULT" />
            <Success Return="Equal" Value="0" />
        </Api>
    </Interface>
</ApiMonitor>