<!--
    API Monitor Definitions
    (c) 2010-2011, Rohitab Batra <rohitab@rohitab.com>
    http://www.rohitab.com/apimonitor/
-->
<ApiMonitor>
    <Include Filename="Interfaces\BITS\IBackgroundCopyFile2.xml" />
    <Interface Name="IBackgroundCopyFile3" Id="{659cdeaa-489e-11d9-a9cd-000d56965251}" BaseInterface="IBackgroundCopyFile2" OnlineHelp="MSDN" ErrorFunc="HRESULT" Category="Networking/Network Communication/Background Intelligent Transfer Service (BITS)">
        <!-- Variables -->
        <!-- Methods -->
        <Api Name="GetTemporaryName">
            <Param Type="LPWSTR*" Name="pFilename" />
            <Return Type="HRESULT" />
            <Success Return="Equal" Value="0" />
        </Api>
        <Api Name="SetValidationState">
            <Param Type="BOOL" Name="state" />
            <Return Type="HRESULT" />
            <Success Return="Equal" Value="0" />
        </Api>
        <Api Name="GetValidationState">
            <Param Type="BOOL*" Name="pState" />
            <Return Type="HRESULT" />
            <Success Return="Equal" Value="0" />
        </Api>
        <Api Name="IsDownloadedFromPeer">
            <Param Type="BOOL*" Name="pVal" />
            <Return Type="HRESULT" />
            <Success Return="Equal" Value="0" />
        </Api>
    </Interface>
</ApiMonitor>