<!--
    API Monitor Definitions
    (c) 2010-2011, Rohitab Batra <rohitab@rohitab.com>
    http://www.rohitab.com/apimonitor/
-->
<ApiMonitor>
    <Include Filename="Interfaces\BITS\IBackgroundCopyJob3.xml" />
    <Interface Name="IBackgroundCopyJob4" Id="{659cdeae-489e-11d9-a9cd-000d56965251}" BaseInterface="IBackgroundCopyJob3" OnlineHelp="MSDN" ErrorFunc="HRESULT" Category="Networking/Network Communication/Background Intelligent Transfer Service (BITS)">
        <!-- Variables -->
        <!-- Methods -->
        <Api Name="SetPeerCachingFlags">
            <Param Type="DWORD" Name="Flags" />
            <Return Type="HRESULT" />
            <Success Return="Equal" Value="0" />
        </Api>
        <Api Name="GetPeerCachingFlags">
            <Param Type="DWORD*" Name="pFlags" />
            <Return Type="HRESULT" />
            <Success Return="Equal" Value="0" />
        </Api>
        <Api Name="GetOwnerIntegrityLevel">
            <Param Type="ULONG*" Name="pLevel" />
            <Return Type="HRESULT" />
            <Success Return="Equal" Value="0" />
        </Api>
        <Api Name="GetOwnerElevationState">
            <Param Type="BOOL*" Name="pElevated" />
            <Return Type="HRESULT" />
            <Success Return="Equal" Value="0" />
        </Api>
        <Api Name="SetMaximumDownloadTime">
            <Param Type="ULONG" Name="Timeout" />
            <Return Type="HRESULT" />
            <Success Return="Equal" Value="0" />
        </Api>
        <Api Name="GetMaximumDownloadTime">
            <Param Type="ULONG*" Name="pTimeout" />
            <Return Type="HRESULT" />
            <Success Return="Equal" Value="0" />
        </Api>
    </Interface>
</ApiMonitor>