<!--
    API Monitor Definitions
    (c) 2010-2011, Rohitab Batra <rohitab@rohitab.com>
    http://www.rohitab.com/apimonitor/
-->
<ApiMonitor>
    <Include Filename="Interfaces\BITS\IBackgroundCopyCallback.xml" />
    <Interface Name="IBackgroundCopyCallback2" Id="{659cdeac-489e-11d9-a9cd-000d56965251}" BaseInterface="IBackgroundCopyCallback" OnlineHelp="MSDN" ErrorFunc="HRESULT" Category="Networking/Network Communication/Background Intelligent Transfer Service (BITS)">
        <!-- Variables -->
        <!-- Methods -->
        <Api Name="FileTransferred">
            <Param Type="IBackgroundCopyJob*" Name="pJob" />
            <Param Type="IBackgroundCopyFile*" Name="pFile" />
            <Return Type="HRESULT" />
            <Success Return="Equal" Value="0" />
        </Api>
    </Interface>
</ApiMonitor>