<!--
    API Monitor Definitions
    (c) 2010-2011, Rohitab Batra <rohitab@rohitab.com>
    http://www.rohitab.com/apimonitor/
-->
<ApiMonitor>
    <Include Filename="Interfaces\BITS\IBackgroundCopyJob.xml" />
    <Interface Name="IBackgroundCopyJob2" Id="{54b50739-686f-45eb-9dff-d6a9a0faa9af}" BaseInterface="IBackgroundCopyJob" OnlineHelp="MSDN" ErrorFunc="HRESULT" Category="Networking/Network Communication/Background Intelligent Transfer Service (BITS)">
        <!-- Variables -->
        <!-- Methods -->
        <Api Name="SetNotifyCmdLine">
            <Param Type="LPCWSTR" Name="Program" />
            <Param Type="LPCWSTR" Name="Parameters" />
            <Return Type="HRESULT" />
            <Success Return="Equal" Value="0" />
        </Api>
        <Api Name="GetNotifyCmdLine">
            <Param Type="LPWSTR*" Name="pProgram" />
            <Param Type="LPWSTR*" Name="pParameters" />
            <Return Type="HRESULT" />
            <Success Return="Equal" Value="0" />
        </Api>
        <Api Name="GetReplyProgress">
            <Param Type="BG_JOB_REPLY_PROGRESS*" Name="pProgress" />
            <Return Type="HRESULT" />
            <Success Return="Equal" Value="0" />
        </Api>
        <Api Name="GetReplyData">
            <Param Type="byte**" Name="ppBuffer" />
            <Param Type="UINT64*" Name="pLength" />
            <Return Type="HRESULT" />
            <Success Return="Equal" Value="0" />
        </Api>
        <Api Name="SetReplyFileName">
            <Param Type="LPCWSTR" Name="ReplyFileName" />
            <Return Type="HRESULT" />
            <Success Return="Equal" Value="0" />
        </Api>
        <Api Name="GetReplyFileName">
            <Param Type="LPWSTR*" Name="pReplyFileName" />
            <Return Type="HRESULT" />
            <Success Return="Equal" Value="0" />
        </Api>
        <Api Name="SetCredentials">
            <Param Type="BG_AUTH_CREDENTIALS*" Name="credentials" />
            <Return Type="HRESULT" />
            <Success Return="Equal" Value="0" />
        </Api>
        <Api Name="RemoveCredentials">
            <Param Type="BG_AUTH_TARGET" Name="Target" />
            <Param Type="BG_AUTH_SCHEME" Name="Scheme" />
            <Return Type="HRESULT" />
            <Success Return="Equal" Value="0" />
        </Api>
    </Interface>
</ApiMonitor>