<!--
    API Monitor Definitions
    (c) 2010-2011, Rohitab Batra <rohitab@rohitab.com>
    http://www.rohitab.com/apimonitor/
-->
<ApiMonitor>
    <Include Filename="Interfaces\BITS\IBackgroundCopyFile3.xml" />
    <Interface Name="IBackgroundCopyFile4" Id="{ef7e0655-7888-4960-b0e5-730846e03492}" BaseInterface="IBackgroundCopyFile3" OnlineHelp="MSDN" ErrorFunc="HRESULT" Category="Networking/Network Communication/Background Intelligent Transfer Service (BITS)">
        <!-- Variables -->
        <!-- Methods -->
        <Api Name="GetPeerDownloadStats">
            <Param Type="PUINT64" Name="pFromOrigin" />
            <Param Type="PUINT64" Name="pFromPeers" />
            <Return Type="HRESULT" />
            <Success Return="Equal" Value="0" />
        </Api>
    </Interface>
</ApiMonitor>