<!--
    API Monitor Definitions
    (c) 2010-2011, Rohitab Batra <rohitab@rohitab.com>
    http://www.rohitab.com/apimonitor/
-->
<ApiMonitor>
    <Include Filename="Interfaces\BITS\IBackgroundCopyJob2.xml" />
    <Interface Name="IBackgroundCopyJob3" Id="{443c8934-90ff-48ed-bcde-26f5c7450042}" BaseInterface="IBackgroundCopyJob2" OnlineHelp="MSDN" ErrorFunc="HRESULT" Category="Networking/Network Communication/Background Intelligent Transfer Service (BITS)">
        <!-- Variables -->
        <!-- Methods -->
        <Api Name="ReplaceRemotePrefix">
            <Param Type="LPCWSTR" Name="OldPrefix" />
            <Param Type="LPCWSTR" Name="NewPrefix" />
            <Return Type="HRESULT" />
            <Success Return="Equal" Value="0" />
        </Api>
        <Api Name="AddFileWithRanges">
            <Param Type="LPCWSTR" Name="RemoteUrl" />
            <Param Type="LPCWSTR" Name="LocalName" />
            <Param Type="DWORD" Name="RangeCount" />
            <Param Type="BG_FILE_RANGE[]" Name="Ranges" />
            <Return Type="HRESULT" />
            <Success Return="Equal" Value="0" />
        </Api>
        <Api Name="SetFileACLFlags">
            <Param Type="DWORD" Name="Flags" />
            <Return Type="HRESULT" />
            <Success Return="Equal" Value="0" />
        </Api>
        <Api Name="GetFileACLFlags">
            <Param Type="DWORD*" Name="Flags" />
            <Return Type="HRESULT" />
            <Success Return="Equal" Value="0" />
        </Api>
    </Interface>
</ApiMonitor>