<!--
    API Monitor Definitions
    (c) 2010-2011, Rohitab Batra <rohitab@rohitab.com>
    http://www.rohitab.com/apimonitor/
-->
<ApiMonitor>
    <Include Filename="Interfaces\IUnknown.xml" />
    <Interface Name="IBackgroundCopyJob" Id="{37668d37-507e-4160-9316-26306d150b12}" BaseInterface="IUnknown" OnlineHelp="MSDN" ErrorFunc="HRESULT" Category="Networking/Network Communication/Background Intelligent Transfer Service (BITS)">
        <!-- Variables -->
        <!-- Methods -->
        <Api Name="AddFileSet">
            <Param Type="ULONG" Name="cFileCount" />
            <Param Type="BG_FILE_INFO*" Name="pFileSet" />
            <Return Type="HRESULT" />
            <Success Return="Equal" Value="0" />
        </Api>
        <Api Name="AddFile">
            <Param Type="LPCWSTR" Name="RemoteUrl" />
            <Param Type="LPCWSTR" Name="LocalName" />
            <Return Type="HRESULT" />
            <Success Return="Equal" Value="0" />
        </Api>
        <Api Name="EnumFiles">
            <Param Type="IEnumBackgroundCopyFiles**" Name="pEnum" />
            <Return Type="HRESULT" />
            <Success Return="Equal" Value="0" />
        </Api>
        <Api Name="Suspend">
            <Return Type="HRESULT" />
            <Success Return="Equal" Value="0" />
        </Api>
        <Api Name="Resume">
            <Return Type="HRESULT" />
            <Success Return="Equal" Value="0" />
        </Api>
        <Api Name="Cancel">
            <Return Type="HRESULT" />
            <Success Return="Equal" Value="0" />
        </Api>
        <Api Name="Complete">
            <Return Type="HRESULT" />
            <Success Return="Equal" Value="0" />
        </Api>
        <Api Name="GetId">
            <Param Type="GUID*" Name="pVal" />
            <Return Type="HRESULT" />
            <Success Return="Equal" Value="0" />
        </Api>
        <Api Name="GetType">
            <Param Type="BG_JOB_TYPE*" Name="pVal" />
            <Return Type="HRESULT" />
            <Success Return="Equal" Value="0" />
        </Api>
        <Api Name="GetProgress">
            <Param Type="BG_JOB_PROGRESS*" Name="pVal" />
            <Return Type="HRESULT" />
            <Success Return="Equal" Value="0" />
        </Api>
        <Api Name="GetTimes">
            <Param Type="BG_JOB_TIMES*" Name="pVal" />
            <Return Type="HRESULT" />
            <Success Return="Equal" Value="0" />
        </Api>
        <Api Name="GetState">
            <Param Type="BG_JOB_STATE*" Name="pVal" />
            <Return Type="HRESULT" />
            <Success Return="Equal" Value="0" />
        </Api>
        <Api Name="GetError">
            <Param Type="IBackgroundCopyError**" Name="ppError" />
            <Return Type="HRESULT" />
            <Success Return="Equal" Value="0" />
        </Api>
        <Api Name="GetOwner">
            <Param Type="LPWSTR*" Name="pVal" />
            <Return Type="HRESULT" />
            <Success Return="Equal" Value="0" />
        </Api>
        <Api Name="SetDisplayName">
            <Param Type="LPCWSTR" Name="Val" />
            <Return Type="HRESULT" />
            <Success Return="Equal" Value="0" />
        </Api>
        <Api Name="GetDisplayName">
            <Param Type="LPWSTR*" Name="pVal" OutputOnly="True" />
            <Return Type="HRESULT" />
            <Success Return="Equal" Value="0" />
        </Api>
        <Api Name="SetDescription">
            <Param Type="LPCWSTR" Name="Val" />
            <Return Type="HRESULT" />
            <Success Return="Equal" Value="0" />
        </Api>
        <Api Name="GetDescription">
            <Param Type="LPWSTR*" Name="pVal" />
            <Return Type="HRESULT" />
            <Success Return="Equal" Value="0" />
        </Api>
        <Api Name="SetPriority">
            <Param Type="BG_JOB_PRIORITY" Name="Val" />
            <Return Type="HRESULT" />
            <Success Return="Equal" Value="0" />
        </Api>
        <Api Name="GetPriority">
            <Param Type="BG_JOB_PRIORITY*" Name="pVal" />
            <Return Type="HRESULT" />
            <Success Return="Equal" Value="0" />
        </Api>
        <Api Name="SetNotifyFlags">
            <Param Type="ULONG" Name="Val" />
            <Return Type="HRESULT" />
            <Success Return="Equal" Value="0" />
        </Api>
        <Api Name="GetNotifyFlags">
            <Param Type="ULONG*" Name="pVal" />
            <Return Type="HRESULT" />
            <Success Return="Equal" Value="0" />
        </Api>
        <Api Name="SetNotifyInterface">
            <Param Type="IUnknown*" Name="Val" />
            <Return Type="HRESULT" />
            <Success Return="Equal" Value="0" />
        </Api>
        <Api Name="GetNotifyInterface">
            <Param Type="IUnknown**" Name="pVal" />
            <Return Type="HRESULT" />
            <Success Return="Equal" Value="0" />
        </Api>
        <Api Name="SetMinimumRetryDelay">
            <Param Type="ULONG" Name="Seconds" />
            <Return Type="HRESULT" />
            <Success Return="Equal" Value="0" />
        </Api>
        <Api Name="GetMinimumRetryDelay">
            <Param Type="ULONG*" Name="Seconds" />
            <Return Type="HRESULT" />
            <Success Return="Equal" Value="0" />
        </Api>
        <Api Name="SetNoProgressTimeout">
            <Param Type="ULONG" Name="Seconds" />
            <Return Type="HRESULT" />
            <Success Return="Equal" Value="0" />
        </Api>
        <Api Name="GetNoProgressTimeout">
            <Param Type="ULONG*" Name="Seconds" />
            <Return Type="HRESULT" />
            <Success Return="Equal" Value="0" />
        </Api>
        <Api Name="GetErrorCount">
            <Param Type="ULONG*" Name="Errors" />
            <Return Type="HRESULT" />
            <Success Return="Equal" Value="0" />
        </Api>
        <Api Name="SetProxySettings">
            <Param Type="BG_JOB_PROXY_USAGE" Name="ProxyUsage" />
            <Param Type="const WCHAR*" Name="ProxyList" />
            <Param Type="const WCHAR*" Name="ProxyBypassList" />
            <Return Type="HRESULT" />
            <Success Return="Equal" Value="0" />
        </Api>
        <Api Name="GetProxySettings">
            <Param Type="BG_JOB_PROXY_USAGE*" Name="pProxyUsage" />
            <Param Type="LPWSTR*" Name="pProxyList" />
            <Param Type="LPWSTR*" Name="pProxyBypassList" />
            <Return Type="HRESULT" />
            <Success Return="Equal" Value="0" />
        </Api>
        <Api Name="TakeOwnership">
            <Return Type="HRESULT" />
            <Success Return="Equal" Value="0" />
        </Api>
    </Interface>
</ApiMonitor>