<!--
    API Monitor Definitions
    (c) 2010-2011, Rohitab Batra <rohitab@rohitab.com>
    http://www.rohitab.com/apimonitor/
-->
<ApiMonitor>
    <Include Filename="Interfaces\IUnknown.xml" />
    <Interface Name="IBitsPeerCacheAdministration" Id="{659cdead-489e-11d9-a9cd-000d56965251}" BaseInterface="IUnknown" OnlineHelp="MSDN" ErrorFunc="HRESULT" Category="Networking/Network Communication/Background Intelligent Transfer Service (BITS)">
        <!-- Variables -->
        <!-- Methods -->
        <Api Name="GetMaximumCacheSize">
            <Param Type="DWORD*" Name="pBytes" />
            <Return Type="HRESULT" />
            <Success Return="Equal" Value="0" />
        </Api>
        <Api Name="SetMaximumCacheSize">
            <Param Type="DWORD" Name="Bytes" />
            <Return Type="HRESULT" />
            <Success Return="Equal" Value="0" />
        </Api>
        <Api Name="GetMaximumContentAge">
            <Param Type="ULONG*" Name="pSeconds" />
            <Return Type="HRESULT" />
            <Success Return="Equal" Value="0" />
        </Api>
        <Api Name="SetMaximumContentAge">
            <Param Type="ULONG" Name="Seconds" />
            <Return Type="HRESULT" />
            <Success Return="Equal" Value="0" />
        </Api>
        <Api Name="GetConfigurationFlags">
            <Param Type="DWORD*" Name="pFlags" />
            <Return Type="HRESULT" />
            <Success Return="Equal" Value="0" />
        </Api>
        <Api Name="SetConfigurationFlags">
            <Param Type="DWORD" Name="Flags" />
            <Return Type="HRESULT" />
            <Success Return="Equal" Value="0" />
        </Api>
        <Api Name="EnumRecords">
            <Param Type="IEnumBitsPeerCacheRecords**" Name="ppEnum" />
            <Return Type="HRESULT" />
            <Success Return="Equal" Value="0" />
        </Api>
        <Api Name="GetRecord">
            <Param Type="REFGUID" Name="id" />
            <Param Type="IBitsPeerCacheRecord**" Name="ppRecord" />
            <Return Type="HRESULT" />
            <Success Return="Equal" Value="0" />
        </Api>
        <Api Name="ClearRecords">
            <Return Type="HRESULT" />
            <Success Return="Equal" Value="0" />
        </Api>
        <Api Name="DeleteRecord">
            <Param Type="REFGUID" Name="id" />
            <Return Type="HRESULT" />
            <Success Return="Equal" Value="0" />
        </Api>
        <Api Name="DeleteUrl">
            <Param Type="LPCWSTR" Name="url" />
            <Return Type="HRESULT" />
            <Success Return="Equal" Value="0" />
        </Api>
        <Api Name="EnumPeers">
            <Param Type="IEnumBitsPeers**" Name="ppEnum" />
            <Return Type="HRESULT" />
            <Success Return="Equal" Value="0" />
        </Api>
        <Api Name="ClearPeers">
            <Return Type="HRESULT" />
            <Success Return="Equal" Value="0" />
        </Api>
        <Api Name="DiscoverPeers">
            <Return Type="HRESULT" />
            <Success Return="Equal" Value="0" />
        </Api>
    </Interface>
</ApiMonitor>