<!--
    API Monitor Definitions
    (c) 2010-2012, Rohitab Batra <rohitab@rohitab.com>
    http://www.rohitab.com/apimonitor/
-->
<ApiMonitor>
    <Include Filename="Headers\windows.h.xml" />
    <Headers>

        <!-- TODO: Structures (OS's version differences -->
        <Variable Name="const SOCKET_PEER_TARGET_NAME*"         Type="Alias"    Base="LPVOID" />
        <Variable Name="const SOCKET_SECURITY_QUERY_TEMPLATE*"  Type="Alias"    Base="LPVOID" />

        <!-- Variables -->
        <Variable Name="WSAOVERLAPPED"                          Type="Alias"    Base="OVERLAPPED" />
        <Variable Name="LPWSAOVERLAPPED"                        Type="Pointer"  Base="WSAOVERLAPPED" />
        <Variable Name="LPWSAOVERLAPPED_COMPLETION_ROUTINE"     Type="Alias"    Base="LPVOID" />
        <Variable Name="LPLOOKUPSERVICE_COMPLETION_ROUTINE"     Type="Alias"    Base="LPVOID" />
        <Variable Name="socklen_t"                              Type="Alias"    Base="int" />
        <Variable Name="LPCONDITIONPROC"                        Type="Alias"    Base="LPVOID" />
        <Variable Name="WSAEVENT"                               Type="Alias"    Base="HANDLE" />
        <Variable Name="const WSAEVENT*"                        Type="Pointer"  Base="WSAEVENT" />
        <Variable Name="u_int"                                  Type="Alias"    Base="unsigned int" />
        
        <!-- Arrays -->
        <Variable Name="int [FD_MAX_EVENTS]"                    Type="Array"    Base="int"      Count="10" />
        <Variable Name="TCHAR [WSAPROTOCOL_LEN + 1]"            Type="Array"    Base="TCHAR"    Count="256" />
        <Variable Name="DWORD [MAX_PROTOCOL_CHAIN]"             Type="Array"    Base="DWORD"    Count="7" />
        <Variable Name="char [WSADESCRIPTION_LEN + 1]"          Type="Array"    Base="char"     Count="257" />
        <Variable Name="char [WSASYS_STATUS_LEN + 1]"           Type="Array"    Base="char"     Count="129" />
        <Variable Name="char [14]"                              Type="Array"    Base="char"     Count="14" />

        <!-- Variables (32-bit) -->
        <Condition Architecture="32">

            <!-- WSADATA -->
            <Variable Name="WSADATA" Type="Struct">
                <Field Type="WORD"                              Name="wVersion" />
                <Field Type="WORD"                              Name="wHighVersion" />
                <Field Type="char [WSADESCRIPTION_LEN + 1]"     Name="szDescription" />
                <Field Type="char [WSASYS_STATUS_LEN + 1]"      Name="szSystemStatus" />
                <Field Type="unsigned short"                    Name="iMaxSockets" />
                <Field Type="unsigned short"                    Name="iMaxUdpDg" />
                <Field Type="[LPVOID|char*]"                    Name="lpVendorInfo" />
            </Variable>
            <Variable Name="LPWSADATA" Type="Pointer" Base="WSADATA" />

            <!-- servent -->
            <Variable Name="servent" Type="Struct">
                <Field Type="char*"     Name="s_name" />
                <Field Type="char**"    Name="s_aliases" />
                <Field Type="short"     Name="s_port" />
                <Field Type="char*"     Name="s_proto" />
            </Variable>
            <Variable Name="struct servent*" Type="Pointer" Base="servent" />

        </Condition>

        <!-- Variables (64-bit) -->
        <Condition Architecture="64">

            <!-- WSADATA -->
            <Variable Name="WSADATA" Type="Struct">
                <Field Type="WORD"                              Name="wVersion" />
                <Field Type="WORD"                              Name="wHighVersion" />
                <Field Type="unsigned short"                    Name="iMaxSockets" />
                <Field Type="unsigned short"                    Name="iMaxUdpDg" />
                <Field Type="[LPVOID|char*]"                    Name="lpVendorInfo" />
                <Field Type="char [WSADESCRIPTION_LEN + 1]"     Name="szDescription" />
                <Field Type="char [WSASYS_STATUS_LEN + 1]"      Name="szSystemStatus" />
            </Variable>
            <Variable Name="LPWSADATA" Type="Pointer" Base="WSADATA" />

            <!-- servent -->
            <Variable Name="servent" Type="Struct">
                <Field Type="char*"     Name="s_name" />
                <Field Type="char**"    Name="s_aliases" />
                <Field Type="char*"     Name="s_proto" />
                <Field Type="short"     Name="s_port" />
            </Variable>
            <Variable Name="struct servent*" Type="Pointer" Base="servent" />

        </Condition>

        <!-- [AddressFamily] -->
        <Variable Name="[AddressFamily]" Type="Alias" Base="int">
            <Display Name="int" />
            <Enum>
                <Set Name="AF_UNSPEC"           Value="0" />
                <Set Name="AF_UNIX"             Value="1" />
                <Set Name="AF_INET"             Value="2" />
                <Set Name="AF_IMPLINK"          Value="3" />
                <Set Name="AF_PUP"              Value="4" />
                <Set Name="AF_CHAOS"            Value="5" />
                <Set Name="AF_IPX/AF_NS"        Value="6" />
                <Set Name="AF_ISO/AF_OSI"       Value="7" />
                <Set Name="AF_ECMA"             Value="8" />
                <Set Name="AF_DATAKIT"          Value="9" />
                <Set Name="AF_CCITT"            Value="10" />
                <Set Name="AF_SNA"              Value="11" />
                <Set Name="AF_DECnet"           Value="12" />
                <Set Name="AF_DLI"              Value="13" />
                <Set Name="AF_LAT"              Value="14" />
                <Set Name="AF_HYLINK"           Value="15" />
                <Set Name="AF_APPLETALK"        Value="16" />
                <Set Name="AF_NETBIOS"          Value="17" />
                <Set Name="AF_VOICEVIEW"        Value="18" />
                <Set Name="AF_FIREFOX"          Value="19" />
                <Set Name="AF_UNKNOWN1"         Value="20" />
                <Set Name="AF_BAN"              Value="21" />
                <Set Name="AF_ATM"              Value="22" />
                <Set Name="AF_INET6"            Value="23" />
                <Set Name="AF_CLUSTER"          Value="24" />
                <Set Name="AF_12844"            Value="25" />
                <Set Name="AF_IRDA"             Value="26" />
                <Set Name="AF_NETDES"           Value="28" />
                <Set Name="AF_TCNPROCESS"       Value="29" />
                <Set Name="AF_TCNMESSAGE"       Value="30" />
                <Set Name="AF_ICLFXBM"          Value="31" />
                <Set Name="AF_BTH"              Value="32" />
            </Enum>
        </Variable>

        <!-- ADDRESS_FAMILY -->
        <Variable Name="ADDRESS_FAMILY" Type="Alias" Base="USHORT">
            <Enum>
                <Set Name="AF_UNSPEC"           Value="0" />
                <Set Name="AF_UNIX"             Value="1" />
                <Set Name="AF_INET"             Value="2" />
                <Set Name="AF_IMPLINK"          Value="3" />
                <Set Name="AF_PUP"              Value="4" />
                <Set Name="AF_CHAOS"            Value="5" />
                <Set Name="AF_IPX/AF_NS"        Value="6" />
                <Set Name="AF_ISO/AF_OSI"       Value="7" />
                <Set Name="AF_ECMA"             Value="8" />
                <Set Name="AF_DATAKIT"          Value="9" />
                <Set Name="AF_CCITT"            Value="10" />
                <Set Name="AF_SNA"              Value="11" />
                <Set Name="AF_DECnet"           Value="12" />
                <Set Name="AF_DLI"              Value="13" />
                <Set Name="AF_LAT"              Value="14" />
                <Set Name="AF_HYLINK"           Value="15" />
                <Set Name="AF_APPLETALK"        Value="16" />
                <Set Name="AF_NETBIOS"          Value="17" />
                <Set Name="AF_VOICEVIEW"        Value="18" />
                <Set Name="AF_FIREFOX"          Value="19" />
                <Set Name="AF_UNKNOWN1"         Value="20" />
                <Set Name="AF_BAN"              Value="21" />
                <Set Name="AF_ATM"              Value="22" />
                <Set Name="AF_INET6"            Value="23" />
                <Set Name="AF_CLUSTER"          Value="24" />
                <Set Name="AF_12844"            Value="25" />
                <Set Name="AF_IRDA"             Value="26" />
                <Set Name="AF_NETDES"           Value="28" />
                <Set Name="AF_TCNPROCESS"       Value="29" />
                <Set Name="AF_TCNMESSAGE"       Value="30" />
                <Set Name="AF_ICLFXBM"          Value="31" />
                <Set Name="AF_BTH"              Value="32" />
            </Enum>
        </Variable>

        <!-- [ADDRESS_FAMILY_ushort] -->
        <Variable Name="[ADDRESS_FAMILY_ushort]" Type="Alias" Base="ADDRESS_FAMILY">
            <Display Name="u_short" />
        </Variable>

        <!-- [ADDRESS_FAMILY_short] -->
        <Variable Name="[ADDRESS_FAMILY_short]" Type="Alias" Base="ADDRESS_FAMILY">
            <Display Name="short" />
        </Variable>

        <!-- [SocketType] -->
        <Variable Name="[SocketType]" Type="Alias" Base="int">
            <Display Name="int" />
            <Enum>
                <Set Name="SOCK_STREAM"         Value="1" />
                <Set Name="SOCK_DGRAM"          Value="2" />
                <Set Name="SOCK_RAW"            Value="3" />
                <Set Name="SOCK_RDM"            Value="4" />
                <Set Name="SOCK_SEQPACKET"      Value="5" />
            </Enum>
        </Variable>

        <!-- [SocketProtocol] -->
        <Variable Name="[SocketProtocol]" Type="Alias" Base="int">
            <Display Name="int" />
            <Enum>
                <Set Name="IPPROTO_IP"          Value="0" />
                <Set Name="IPPROTO_ICMP"        Value="1" />
                <Set Name="IPPROTO_IGMP"        Value="2" />
                <Set Name="IPPROTO_GGP"         Value="3" />
                <Set Name="IPPROTO_IPV4"        Value="4" />
                <Set Name="IPPROTO_ST"          Value="5" />
                <Set Name="IPPROTO_TCP"         Value="6" />
                <Set Name="IPPROTO_CBT"         Value="7" />
                <Set Name="IPPROTO_EGP"         Value="8" />
                <Set Name="IPPROTO_IGP"         Value="9" />
                <Set Name="IPPROTO_PUP"         Value="12" />
                <Set Name="IPPROTO_UDP"         Value="17" />
                <Set Name="IPPROTO_IDP"         Value="22" />
                <Set Name="IPPROTO_RDP"         Value="27" />
                <Set Name="IPPROTO_IPV6"        Value="41" />
                <Set Name="IPPROTO_ROUTING"     Value="43" />
                <Set Name="IPPROTO_FRAGMENT"    Value="44" />
                <Set Name="IPPROTO_ESP"         Value="50" />
                <Set Name="IPPROTO_AH"          Value="51" />
                <Set Name="IPPROTO_ICMPV6"      Value="58" />
                <Set Name="IPPROTO_NONE"        Value="59" />
                <Set Name="IPPROTO_DSTOPTS"     Value="60" />
                <Set Name="IPPROTO_ND"          Value="77" />
                <Set Name="IPPROTO_PIM"         Value="103" />
                <Set Name="IPPROTO_PGM"         Value="113" />
                <Set Name="IPPROTO_L2TP"        Value="115" />
                <Set Name="IPPROTO_SCTP"        Value="132" />
                <Set Name="IPPROTO_RAW"         Value="255" />
            </Enum>
        </Variable>

        <!-- struct sockaddr -->
        <Variable Name="struct sockaddr"            Type="Struct">
            <Field Type="[ADDRESS_FAMILY_ushort]"   Name="sa_family" />
            <Field Type="char [14]"                 Name="sa_data" />
        </Variable>
        <Variable Name="struct sockaddr*"       Type="Pointer"  Base="struct sockaddr" />
        <Variable Name="const sockaddr*"        Type="Pointer"  Base="struct sockaddr" />
        <Variable Name="const struct sockaddr*" Type="Pointer"  Base="struct sockaddr" />

        <!-- [AI_FLAGS] -->
        <Variable Name="[AI_FLAGS]" Type="Alias" Base="UINT">
            <Display Name="int" />
            <Flag>
                <Set Name="AI_PASSIVE"                      Value="0x00000001" />
                <Set Name="AI_CANONNAME"                    Value="0x00000002" />
                <Set Name="AI_NUMERICHOST"                  Value="0x00000004" />
                <Set Name="AI_NUMERICSERV"                  Value="0x00000008" />
                <Set Name="AI_ALL"                          Value="0x00000100" />
                <Set Name="AI_ADDRCONFIG"                   Value="0x00000400" />
                <Set Name="AI_V4MAPPED"                     Value="0x00000800" />
                <Set Name="AI_NON_AUTHORITATIVE"            Value="0x00004000" />
                <Set Name="AI_SECURE"                       Value="0x00008000" />
                <Set Name="AI_RETURN_PREFERRED_NAMES"       Value="0x00010000" />
                <Set Name="AI_FQDN"                         Value="0x00020000" />
                <Set Name="AI_FILESERVER"                   Value="0x00040000" />
            </Flag>
        </Variable>

        <!-- struct addrinfo -->
        <Variable Name="struct addrinfo" Type="Struct">
            <Field Type="[AI_FLAGS]"            Name="ai_flags" />
            <Field Type="[AddressFamily]"       Name="ai_family" />
            <Field Type="[SocketType]"          Name="ai_socktype" />
            <Field Type="[SocketProtocol]"      Name="ai_protocol" />
            <Field Type="size_t"                Name="ai_addrlen" />
            <Field Type="char*"                 Name="ai_canonname" />
            <Field Type="struct sockaddr*"      Name="ai_addr" />
            <!-- TODO: Self-Referencing - ai_next is struct addrinfo* -->
            <Field Type="LPVOID"                Name="ai_next" Display="struct addrinfo*" />
        </Variable>
        <Variable Name="struct addrinfo*"       Type="Pointer" Base="struct addrinfo" />
        <Variable Name="const struct addrinfo*" Type="Pointer" Base="struct addrinfo" />
        <Variable Name="struct addrinfo**"      Type="Pointer" Base="struct addrinfo*" />

        <!-- ADDRINFOW -->
        <Variable Name="ADDRINFOW" Type="Struct">
            <Field Type="[AI_FLAGS]"            Name="ai_flags" />
            <Field Type="[AddressFamily]"       Name="ai_family" />
            <Field Type="[SocketType]"          Name="ai_socktype" />
            <Field Type="[SocketProtocol]"      Name="ai_protocol" />
            <Field Type="size_t"                Name="ai_addrlen" />
            <Field Type="PWSTR"                 Name="ai_canonname" />
            <Field Type="struct sockaddr*"      Name="ai_addr" />
            <!-- TODO: Self-Referencing - ai_next is PADDRINFOW -->
            <Field Type="LPVOID"                Name="ai_next" Display="PADDRINFOW" />
        </Variable>
        <Variable Name="const ADDRINFOW*"   Type="Pointer" Base="ADDRINFOW" />
        <Variable Name="PADDRINFOW"         Type="Pointer" Base="ADDRINFOW" />
        <Variable Name="PADDRINFOW*"        Type="Pointer" Base="PADDRINFOW" />

        <!-- ADDRINFOEX -->
        <Variable Name="ADDRINFOEX" Type="Struct">
            <Field Type="[AI_FLAGS]"            Name="ai_flags" />
            <Field Type="[AddressFamily]"       Name="ai_family" />
            <Field Type="[SocketType]"          Name="ai_socktype" />
            <Field Type="[SocketProtocol]"      Name="ai_protocol" />
            <Field Type="size_t"                Name="ai_addrlen" />
            <Field Type="PCTSTR"                Name="ai_canonname" />
            <Field Type="struct sockaddr*"      Name="ai_addr" />
            <Field Type="void*"                 Name="ai_blob" />
            <Field Type="size_t"                Name="ai_bloblen" />
            <Field Type="LPGUID"                Name="ai_provider" />
            <!-- TODO: Self-Referencing - ai_next is PADDRINFOEX -->
            <Field Type="LPVOID"                Name="ai_next" Display="PADDRINFOEX" />
        </Variable>
        <Variable Name="PADDRINFOEX"        Type="Pointer" Base="ADDRINFOEX" />
        <Variable Name="const ADDRINFOEX*"  Type="Pointer" Base="ADDRINFOEX" />
        <Variable Name="PADDRINFOEX*"       Type="Pointer" Base="PADDRINFOEX" />

        <!-- SOCKET -->
        <Variable Name="SOCKET" Type="Alias" Base="UINT_PTR">
            <Enum>
                <Set Name="INVALID_SOCKET" Value="-1" />
            </Enum>
        </Variable>
        <Variable Name="SOCKET [FD_SETSIZE]" Type="Array" Base="SOCKET" Count="64" />

        <!-- fd_set -->
        <Variable Name="fd_set" Type="Struct">
            <Field Type="u_int"                 Name="fd_count" />
            <Field Type="SOCKET [FD_SETSIZE]"   Name="fd_array" Count="fd_count" />
        </Variable>
        <Variable Name="fd_set*" Type="Pointer" Base="fd_set" />

        <!-- WSAPROTOCOLCHAIN -->
        <Variable Name="WSAPROTOCOLCHAIN" Type="Struct">
            <Field Type="int"                           Name="ChainLen" />
            <Field Type="DWORD [MAX_PROTOCOL_CHAIN]"    Name="ChainEntries" Count="ChainLen" />
        </Variable>

        <!-- [WSA_PROVIDER_FLAGS] -->
        <Variable Name="[WSA_PROVIDER_FLAGS]" Type="Alias" Base="DWORD">
            <Display Name="DWORD" />
            <Flag>
                <Set Name="PFL_MULTIPLE_PROTO_ENTRIES"      Value="0x00000001" />
                <Set Name="PFL_RECOMMENDED_PROTO_ENTRY"     Value="0x00000002" />
                <Set Name="PFL_HIDDEN"                      Value="0x00000004" />
                <Set Name="PFL_MATCHES_PROTOCOL_ZERO"       Value="0x00000008" />
                <Set Name="PFL_NETWORKDIRECT_PROVIDER"      Value="0x00000010" />
            </Flag>
        </Variable>

        <!-- [WSA_SERVICE_FLAGS_1] -->
        <Variable Name="[WSA_SERVICE_FLAGS_1]" Type="Alias" Base="DWORD">
            <Display Name="DWORD" />
            <Flag>
                <Set Name="XP1_CONNECTIONLESS"              Value="0x00000001" />
                <Set Name="XP1_GUARANTEED_DELIVERY"         Value="0x00000002" />
                <Set Name="XP1_GUARANTEED_ORDER"            Value="0x00000004" />
                <Set Name="XP1_MESSAGE_ORIENTED"            Value="0x00000008" />
                <Set Name="XP1_PSEUDO_STREAM"               Value="0x00000010" />
                <Set Name="XP1_GRACEFUL_CLOSE"              Value="0x00000020" />
                <Set Name="XP1_EXPEDITED_DATA"              Value="0x00000040" />
                <Set Name="XP1_CONNECT_DATA"                Value="0x00000080" />
                <Set Name="XP1_DISCONNECT_DATA"             Value="0x00000100" />
                <Set Name="XP1_SUPPORT_BROADCAST"           Value="0x00000200" />
                <Set Name="XP1_SUPPORT_MULTIPOINT"          Value="0x00000400" />
                <Set Name="XP1_MULTIPOINT_CONTROL_PLANE"    Value="0x00000800" />
                <Set Name="XP1_MULTIPOINT_DATA_PLANE"       Value="0x00001000" />
                <Set Name="XP1_QOS_SUPPORTED"               Value="0x00002000" />
                <Set Name="XP1_INTERRUPT"                   Value="0x00004000" />
                <Set Name="XP1_UNI_SEND"                    Value="0x00008000" />
                <Set Name="XP1_UNI_RECV"                    Value="0x00010000" />
                <Set Name="XP1_IFS_HANDLES"                 Value="0x00020000" />
                <Set Name="XP1_PARTIAL_MESSAGE"             Value="0x00040000" />
                <Set Name="XP1_SAN_SUPPORT_SDP"             Value="0x00080000" />
            </Flag>
        </Variable>

        <!-- [NetworkByteOrder] -->
        <Variable Name="[NetworkByteOrder]" Type="Alias" Base="int">
            <Display Name="int" />
            <Enum>
                <Set Name="BIGENDIAN"       Value="0x0000" />
                <Set Name="LITTLEENDIAN"    Value="0x0001" />
            </Enum>
        </Variable>

        <!-- [SecurityScheme] -->
        <Variable Name="[SecurityScheme]" Type="Alias" Base="int">
            <Display Name="int" />
            <Enum>
                <Set Name="SECURITY_PROTOCOL_NONE" Value="0x0000" />
            </Enum>
        </Variable>

        <!-- WSAPROTOCOL_INFO -->
        <Variable Name="WSAPROTOCOL_INFO" Type="Struct">
            <Field Type="[WSA_SERVICE_FLAGS_1]"         Name="dwServiceFlags1" />
            <Field Type="DWORD"                         Name="dwServiceFlags2" />
            <Field Type="DWORD"                         Name="dwServiceFlags3" />
            <Field Type="DWORD"                         Name="dwServiceFlags4" />
            <Field Type="[WSA_PROVIDER_FLAGS]"          Name="dwProviderFlags" />
            <Field Type="GUID"                          Name="ProviderId" />
            <Field Type="DWORD"                         Name="dwCatalogEntryId" />
            <Field Type="WSAPROTOCOLCHAIN"              Name="ProtocolChain" />
            <Field Type="int"                           Name="iVersion" />
            <Field Type="[AddressFamily]"               Name="iAddressFamily" />
            <Field Type="int"                           Name="iMaxSockAddr" />
            <Field Type="int"                           Name="iMinSockAddr" />
            <Field Type="[SocketType]"                  Name="iSocketType" />
            <Field Type="[SocketProtocol]"              Name="iProtocol" />
            <Field Type="int"                           Name="iProtocolMaxOffset" />
            <Field Type="[NetworkByteOrder]"            Name="iNetworkByteOrder" />
            <Field Type="[SecurityScheme]"              Name="iSecurityScheme" />
            <Field Type="DWORD"                         Name="dwMessageSize" />
            <Field Type="DWORD"                         Name="dwProviderReserved" />
            <Field Type="TCHAR [WSAPROTOCOL_LEN + 1]"   Name="szProtocol" />
        </Variable>
        <Variable Name="LPWSAPROTOCOL_INFO" Type="Pointer" Base="WSAPROTOCOL_INFO" />

        <!-- SOCKADDR -->
        <Variable Name="SOCKADDR"           Type="Alias"    Base="struct sockaddr" />
        <Variable Name="SOCKADDR*"          Type="Pointer"  Base="SOCKADDR" />
        <Variable Name="const SOCKADDR*"    Type="Pointer"  Base="SOCKADDR" />
        <Variable Name="PSOCKADDR"          Type="Pointer"  Base="SOCKADDR" />
        <Variable Name="LPSOCKADDR"         Type="Pointer"  Base="SOCKADDR" />
        <Variable Name="LPSOCKADDR*"        Type="Pointer"  Base="LPSOCKADDR" />

        <!-- [IN6_ADDR_u] -->
        <Variable Name="[IN6_ADDR_u]" Type="Union">
            <Display Name="union" />
            <Field Type="UCHAR [16]"    Name="Byte" />
            <Field Type="USHORT [8]"    Name="Word" />
        </Variable>

        <!-- IN6_ADDR -->
        <Variable Name="IN6_ADDR" Type="Struct">
            <Field Type="[IN6_ADDR_u]" Name="u" />
        </Variable>
        <Variable Name="IN6_ADDR*"          Type="Pointer" Base="IN6_ADDR" />
        <Variable Name="const IN6_ADDR*"    Type="Pointer" Base="IN6_ADDR" />

        <!-- [FDEvents] -->
        <Variable Name="[FDEvents]" Type="Alias" Base="ULONG">
            <Display Name="long" />
            <Flag>
                <Set Name="FD_READ"                     Value="0x00000001" />
                <Set Name="FD_WRITE"                    Value="0x00000002" />
                <Set Name="FD_OOB"                      Value="0x00000004" />
                <Set Name="FD_ACCEPT"                   Value="0x00000008" />
                <Set Name="FD_CONNECT"                  Value="0x00000010" />
                <Set Name="FD_CLOSE"                    Value="0x00000020" />
                <Set Name="FD_QOS"                      Value="0x00000040" />
                <Set Name="FD_GROUP_QOS"                Value="0x00000080" />
                <Set Name="FD_ROUTING_INTERFACE_CHANGE" Value="0x00000100" />
                <Set Name="FD_ADDRESS_LIST_CHANGE"      Value="0x00000200" />
            </Flag>
        </Variable>

        <!-- WSANETWORKEVENTS -->
        <Variable Name="WSANETWORKEVENTS" Type="Struct">
            <Field Type="[FDEvents]"            Name="lNetworkEvents" />
            <Field Type="int [FD_MAX_EVENTS]"   Name="iErrorCode" />
        </Variable>
        <Variable Name="LPWSANETWORKEVENTS" Type="Pointer" Base="WSANETWORKEVENTS" />

        <!-- [IN_ADDR_u_s1] -->
        <Variable Name="[IN_ADDR_u_s1]" Type="Struct">
            <Display Name="struct" />
            <Field Type="UCHAR"     Name="s_b1" />
            <Field Type="UCHAR"     Name="s_b2" />
            <Field Type="UCHAR"     Name="s_b3" />
            <Field Type="UCHAR"     Name="s_b4" />
        </Variable>

        <!-- [IN_ADDR_u_s2] -->
        <Variable Name="[IN_ADDR_u_s2]" Type="Struct">
            <Display Name="struct" />
            <Field Type="USHORT"    Name="s_w1" />
            <Field Type="USHORT"    Name="s_w2" />
        </Variable>

        <!-- [IN_ADDR_u] -->
        <Variable Name="[IN_ADDR_u]" Type="Union">
            <Display Name="union" />
            <Field Type="[IN_ADDR_u_s1]"    Name="S_un_b" />
            <Field Type="[IN_ADDR_u_s2]"    Name="S_un_w" />
            <Field Type="ULONG"             Name="S_addr" />
        </Variable>

        <!-- IN_ADDR -->
        <Variable Name="IN_ADDR" Type="Struct">
            <Field Type="[IN_ADDR_u]" Name="S_un" />
        </Variable>
        <Variable Name="const IN_ADDR*" Type="Pointer" Base="IN_ADDR" />
        <Variable Name="IN_ADDR*"       Type="Pointer" Base="IN_ADDR" />
        <Variable Name="struct in_addr" Type="Alias"   Base="IN_ADDR" />

        <!-- SOCKET_SECURITY_PROTOCOL -->
        <Variable Name="SOCKET_SECURITY_PROTOCOL" Type="Alias" Base="UINT">
            <Enum>
                <Set Name="SOCKET_SECURITY_PROTOCOL_DEFAULT"	Value="0" />
                <Set Name="SOCKET_SECURITY_PROTOCOL_IPSEC"		Value="1" />
                <Set Name="SOCKET_SECURITY_PROTOCOL_IPSEC2"     Value="2" />
            </Enum>
        </Variable>

        <!-- [SocketInfoFlags] -->
        <Variable Name="[SocketInfoFlags]" Type="Alias" Base="ULONG">
            <Display Name="ULONG" />
            <Flag>
                <Set Name="SOCKET_INFO_CONNECTION_SECURED"  	Value="0x1" />
                <Set Name="SOCKET_INFO_CONNECTION_ENCRYPTED"  	Value="0x2" />
                <Set Name="SOCKET_INFO_CONNECTION_IMPERSONATED" Value="0x4" />
            </Flag>
        </Variable>

        <!-- SOCKET_SECURITY_QUERY_INFO -->
        <Variable Name="SOCKET_SECURITY_QUERY_INFO" Type="Struct">
            <Field Type="SOCKET_SECURITY_PROTOCOL"  Name="SecurityProtocol" />
            <Field Type="[SocketInfoFlags]"         Name="Flags" />
            <Field Type="UINT64"                    Name="PeerApplicationAccessTokenHandle" />
            <Field Type="UINT64"                    Name="PeerMachineAccessTokenHandle" />
        </Variable>
        <Variable Name="SOCKET_SECURITY_QUERY_INFO*" Type="Pointer" Base="SOCKET_SECURITY_QUERY_INFO" />

        <!-- [SocketSecurityFlags] -->
        <Variable Name="[SocketSecurityFlags]" Type="Alias" Base="ULONG">
            <Display Name="ULONG" />
            <Flag>
                <Set Name="SOCKET_SETTINGS_GUARANTEE_ENCRYPTION"  	Value="0x1" />
                <Set Name="SOCKET_SETTINGS_ALLOW_INSECURE"          Value="0x2" />
            </Flag>
        </Variable>

        <!-- SOCKET_SECURITY_SETTINGS -->
        <Variable Name="SOCKET_SECURITY_SETTINGS" Type="Struct">
            <Field Type="SOCKET_SECURITY_PROTOCOL" 	Name="SecurityProtocol" />
            <Field Type="[SocketSecurityFlags]"     Name="SecurityFlags" />
        </Variable>
        <Variable Name="const SOCKET_SECURITY_SETTINGS*" Type="Pointer" Base="SOCKET_SECURITY_SETTINGS" />

        <!-- struct timeval -->
        <Variable Name="struct timeval" Type="Struct">
            <Field Type="long"    	Name="tv_sec" />
            <Field Type="long"    	Name="tv_usec" />
        </Variable>
        <Variable Name="struct timeval*"        Type="Pointer" Base="struct timeval" />
        <Variable Name="const struct timeval*"  Type="Pointer" Base="struct timeval" />

        <!-- struct hostent -->
        <Variable Name="struct hostent" Type="Struct">
            <Field Type="char*"                     Name="h_name" />
            <Field Type="char**" 	                Name="h_aliases" />
            <Field Type="[ADDRESS_FAMILY_short]"   	Name="h_addrtype" />
            <Field Type="short"   	                Name="h_length" />
            <Field Type="char**"                    Name="h_addr_list" />
        </Variable>
        <Variable Name="struct hostent*" Type="Pointer" Base="struct hostent" />

        <!-- struct protoent -->
        <Variable Name="struct PROTOENT" Type="Struct">
            <Field Type="char*"     Name="p_name" />
            <Field Type="char**" 	Name="p_aliases" />
            <Field Type="short"   	Name="p_proto" />
        </Variable>
        <Variable Name="struct PROTOENT*" Type="Pointer" Base="struct PROTOENT" />

        <!-- SOCKET_ADDRESS -->
        <Variable Name="SOCKET_ADDRESS" Type="Struct">
            <Field Type="LPSOCKADDR" 	Name="lpSockaddr" Length="iSockaddrLength" />
            <Field Type="INT"           Name="iSockaddrLength" />
        </Variable>
        <Variable Name="SOCKET_ADDRESS*"    Type="Pointer"  Base="SOCKET_ADDRESS" />
        <Variable Name="PSOCKET_ADDRESS"    Type="Pointer"  Base="SOCKET_ADDRESS" />
        <Variable Name="LPSOCKET_ADDRESS"   Type="Alias"    Base="PSOCKET_ADDRESS" />
        <Variable Name="LPSOCKET_ADDRESS*"  Type="Pointer"  Base="PSOCKET_ADDRESS" />
        <Variable Name="SOCKET_ADDRESS [1]" Type="Array"    Base="SOCKET_ADDRESS" Count="1" />

        <!-- SOCKET_ADDRESS_LIST -->
        <Variable Name="SOCKET_ADDRESS_LIST" Type="Struct">
            <Field Type="INT"                   Name="iAddressCount" />
            <Field Type="SOCKET_ADDRESS [1]"    Name="Address" Count="iAddressCount" />
        </Variable>
        <Variable Name="PSOCKET_ADDRESS_LIST" Type="Pointer" Base="SOCKET_ADDRESS_LIST" />

        <!-- WSANAMESPACE_INFO -->
        <Variable Name="WSANAMESPACE_INFO" Type="Struct">
            <Field Type="GUID"          Name="NSProviderId" />
            <Field Type="DWORD"         Name="dwNameSpace" />
            <Field Type="BOOL"          Name="fActive" />
            <Field Type="DWORD"         Name="dwVersion" />
            <Field Type="LPTSTR"        Name="lpszIdentifier" />
        </Variable>
        <Variable Name="LPWSANAMESPACE_INFO" Type="Pointer" Base="WSANAMESPACE_INFO" />

        <!-- BLOB -->
        <Variable Name="BLOB" Type="Struct">
            <Field Type="ULONG" 	Name="cbSize" />
            <Field Type="BYTE*" 	Name="pBlobData" Length="cbSize" />
        </Variable>
        <Variable Name="LPBLOB" Type="Pointer" Base="BLOB" />

        <!-- WSANAMESPACE_INFOEX -->
        <Variable Name="WSANAMESPACE_INFOEX" Type="Struct">
            <Field Type="GUID"          Name="NSProviderId" />
            <Field Type="DWORD"         Name="dwNameSpace" />
            <Field Type="BOOL"          Name="fActive" />
            <Field Type="DWORD"         Name="dwVersion" />
            <Field Type="LPTSTR"        Name="lpszIdentifier" />
            <Field Type="BLOB"          Name="ProviderSpecific" />
        </Variable>
        <Variable Name="LPWSANAMESPACE_INFOEX" Type="Pointer" Base="WSANAMESPACE_INFOEX" />

        <!-- WSANSCLASSINFO -->
        <Variable Name="WSANSCLASSINFO" Type="Struct">
            <Field Type="LPTSTR"  	Name="lpszName" />
            <Field Type="DWORD"   	Name="dwNameSpace" />
            <Field Type="DWORD"   	Name="dwValueType" />
            <Field Type="DWORD"   	Name="dwValueSize" />
            <Field Type="LPVOID"  	Name="lpValue" />
        </Variable>
        <Variable Name="LPWSANSCLASSINFO" Type="Pointer" Base="WSANSCLASSINFO" />

        <!-- WSASERVICECLASSINFO -->
        <Variable Name="WSASERVICECLASSINFO" Type="Struct">
            <Field Type="LPGUID"              	Name="lpServiceClassId" />
            <Field Type="LPTSTR"              	Name="lpszServiceClassName" />
            <Field Type="DWORD"               	Name="dwCount" />
            <Field Type="LPWSANSCLASSINFO"      Name="lpClassInfos" />
        </Variable>
        <Variable Name="LPWSASERVICECLASSINFO" Type="Pointer" Base="WSASERVICECLASSINFO" />

        <!-- WSAECOMPARATOR -->
        <Variable Name="WSAECOMPARATOR" Type="Alias" Base="UINT">
            <Enum>
                <Set Name="COMP_EQUAL"      Value="0" />
                <Set Name="COMP_NOTLESS"    Value="1" />
            </Enum>
        </Variable>

        <!-- WSAVERSION -->
        <Variable Name="WSAVERSION" Type="Struct">
            <Field Type="DWORD"           	Name="dwVersion" />
            <Field Type="WSAECOMPARATOR"    Name="ecHow" />
        </Variable>
        <Variable Name="LPWSAVERSION" Type="Pointer" Base="WSAVERSION" />

        <!-- AFPROTOCOLS -->
        <!-- TODO: Decode AddressFamily and Protocol -->
        <Variable Name="AFPROTOCOLS" Type="Struct">
            <Field Type="INT" 	Name="iAddressFamily" />
            <Field Type="INT" 	Name="iProtocol" />
        </Variable>
        <Variable Name="LPAFPROTOCOLS" Type="Pointer" Base="AFPROTOCOLS" />

        <!-- CSADDR_INFO -->
        <!-- TODO: Decode SocketType etc -->
        <Variable Name="CSADDR_INFO" Type="Struct">
            <Field Type="SOCKET_ADDRESS" 	Name="LocalAddr" />
            <Field Type="SOCKET_ADDRESS" 	Name="RemoteAddr" />
            <Field Type="INT" 	            Name="iSocketType" />
            <Field Type="INT" 	            Name="iProtocol" />
        </Variable>
        <Variable Name="LPCSADDR_INFO" Type="Pointer" Base="CSADDR_INFO" />

        <!-- WSAQUERYSET -->
        <Variable Name="WSAQUERYSET" Type="Struct">
            <Field Type="DWORD"           	Name="dwSize" />
            <Field Type="LPTSTR"          	Name="lpszServiceInstanceName" />
            <Field Type="LPGUID"          	Name="lpServiceClassId" />
            <Field Type="LPWSAVERSION"    	Name="lpVersion" />
            <Field Type="LPTSTR"          	Name="lpszComment" />
            <Field Type="DWORD"           	Name="dwNameSpace" />
            <Field Type="LPGUID"          	Name="lpNSProviderId" />
            <Field Type="LPTSTR"          	Name="lpszContext" />
            <Field Type="DWORD"           	Name="dwNumberOfProtocols" />
            <Field Type="LPAFPROTOCOLS"   	Name="lpafpProtocols" />
            <Field Type="LPTSTR"          	Name="lpszQueryString" />
            <Field Type="DWORD"           	Name="dwNumberOfCsAddrs" />
            <Field Type="LPCSADDR_INFO"   	Name="lpcsaBuffer" />
            <Field Type="DWORD"           	Name="dwOutputFlags" />
            <Field Type="LPBLOB"          	Name="lpBlob" />
        </Variable>
        <Variable Name="LPWSAQUERYSET" Type="Pointer" Base="WSAQUERYSET" />

        <!-- WSABUF -->
        <Variable Name="WSABUF" Type="Struct">
            <Field Type="u_long" Name="len" />
            <Field Type="[LPVOID|char*]" Name="buf" Length="len" />
        </Variable>
        <Variable Name="LPWSABUF" Type="Pointer" Base="WSABUF" />

        <!-- [WSABUF_IN] -->
        <Variable Name="[WSABUF_IN]" Type="Struct">
            <Display Name="WSABUF" />
            <Field Type="u_long" Name="len" />
            <Field Type="[LPVOID|char*]" Name="buf" PostLength="len" />
        </Variable>
        <Variable Name="[LPWSABUF_IN]" Type="Pointer" Base="[WSABUF_IN]">
            <Display Name="LPWSABUF" />
        </Variable>

        <!-- WSAMSG -->
        <Variable Name="WSAMSG" Type="Struct">
            <Field Type="LPSOCKADDR"       	Name="name" />
            <Field Type="INT"              	Name="namelen" />
            <Field Type="LPWSABUF"         	Name="lpBuffers" />
            <Field Type="ULONG"            	Name="dwBufferCount" />
            <Field Type="WSABUF"           	Name="Control" />
            <Field Type="ULONG"             Name="dwFlags" />
        </Variable>
        <Variable Name="LPWSAMSG" Type="Pointer" Base="WSAMSG" />

        <!-- WSAESETSERVICEOP -->
        <Variable Name="WSAESETSERVICEOP" Type="Alias" Base="UINT">
            <Enum>
                <Set Name="RNRSERVICE_REGISTER"		Value="0" />
                <Set Name="RNRSERVICE_DEREGISTER"   Value="1" />
                <Set Name="RNRSERVICE_DELETE"		Value="2" />
            </Enum>
        </Variable>

        <!-- WSAESETSERVICEOP -->
        <Variable Name="GROUP" Type="Alias" Base="unsigned int">
            <Enum>
                <Set Name="SG_UNCONSTRAINED_GROUP"  Value="0x1" />
                <Set Name="SG_CONSTRAINED_GROUP"    Value="0x2" />
            </Enum>
        </Variable>

        <!-- SERVICETYPE -->
        <Variable Name="SERVICETYPE" Type="Alias" Base="ULONG">
            <Flag>
                <Set Name="SERVICETYPE_NOTRAFFIC"             Value="0x00000000" />
                <Set Name="SERVICETYPE_BESTEFFORT"            Value="0x00000001" />
                <Set Name="SERVICETYPE_CONTROLLEDLOAD"        Value="0x00000002" />
                <Set Name="SERVICETYPE_GUARANTEED"            Value="0x00000003" />
                <Set Name="SERVICETYPE_NETWORK_UNAVAILABLE"   Value="0x00000004" />
                <Set Name="SERVICETYPE_GENERAL_INFORMATION"   Value="0x00000005" />
                <Set Name="SERVICETYPE_NOCHANGE"              Value="0x00000006" />
                <Set Name="SERVICETYPE_NONCONFORMING"         Value="0x00000009" />
                <Set Name="SERVICETYPE_NETWORK_CONTROL"       Value="0x0000000A" />
                <Set Name="SERVICETYPE_QUALITATIVE"           Value="0x0000000D" />
            </Flag>
        </Variable>

        <!-- FLOWSPEC -->
        <Variable Name="FLOWSPEC" Type="Struct">
            <Field Type="ULONG"       	Name="TokenRate" />
            <Field Type="ULONG"       	Name="TokenBucketSize" />
            <Field Type="ULONG"       	Name="PeakBandwidth" />
            <Field Type="ULONG"       	Name="Latency" />
            <Field Type="ULONG"       	Name="DelayVariation" />
            <Field Type="SERVICETYPE" 	Name="ServiceType" />
            <Field Type="ULONG"       	Name="MaxSduSize" />
            <Field Type="ULONG"       	Name="MinimumPolicedSize" />
        </Variable>

        <!-- QOS -->
        <Variable Name="QOS" Type="Struct">
            <Field Type="FLOWSPEC"      Name="SendingFlowspec" />
            <Field Type="FLOWSPEC"      Name="ReceivingFlowspec" />
            <Field Type="WSABUF"        Name="ProviderSpecific" />
        </Variable>
        <Variable Name="LPQOS" Type="Pointer" Base="QOS" />

        <!-- [SocketLevel] -->
        <!-- TODO: SocketLevel = SOL_APPLETALK, SOL_IRLMP-->
        <Variable Name="[SocketLevel]" Type="Alias" Base="int">
            <Display Name="int" />
            <Enum>
                <Set Name="IPPROTO_IP"          Value="0" />
                <Set Name="IPPROTO_IPV6"        Value="41" />
                <Set Name="IPPROTO_RM"          Value="113" />
                <Set Name="IPPROTO_TCP"         Value="6" />
                <Set Name="IPPROTO_UDP"         Value="17" />
                <Set Name="NSPROTO_IPX"         Value="1000" />
                <Set Name="SOL_SOCKET"          Value="0xffff" />
            </Enum>
        </Variable>
        
        <!-- [SocketOption] -->
        <Variable Name="[SocketOption]" Type="Alias" Base="DWORD">
            <Display Name="int" />
            <Flag>
                <Set Name="SO_BROADCAST"            Value="0x0020" />
                <Set Name="SO_CONDITIONAL_ACCEPT"   Value="0x3002" />
                <Set Name="SO_DONTROUTE"            Value="0x0010" />
                <Set Name="SO_KEEPALIVE"            Value="0x0008" />
                <Set Name="SO_LINGER"               Value="0x0080" />
                <Set Name="SO_OOBINLINE"            Value="0x0100" />
                <Set Name="SO_RCVBUF"               Value="0x1002" />
                <Set Name="SO_REUSEADDR"            Value="0x0004" />
                <Set Name="SO_SNDBUF"               Value="0x1001" />
                <Set Name="SO_RCVTIMEO"             Value="0x1006" />
                <Set Name="SO_SNDTIMEO"             Value="0x1005" />
                <Set Name="SO_MAX_MSG_SIZE"         Value="0x2003" />
                <Set Name="SO_ERROR"                Value="0x1007" />
                <Set Name="TCP_NODELAY"             Value="0x0001" />
            </Flag>
        </Variable>
        
        <!-- [SendRecvFlags] -->
        <Variable Name="[SendRecvFlags]" Type="Alias" Base="DWORD">
            <Display Name="DWORD" />
            <Flag>
                <Set Name="MSG_OOB"             Value="0x1" />
                <Set Name="MSG_PEEK"            Value="0x2" />
                <Set Name="MSG_DONTROUTE"       Value="0x4" />
                <Set Name="MSG_WAITALL"         Value="0x8" />
                <Set Name="MSG_INTERRUPT"       Value="0x10" />
                <Set Name="MSG_PARTIAL"         Value="0x8000" />
            </Flag>
        </Variable>
        <Variable Name="[SendRecvFlags*]" Type="Pointer" Base="[SendRecvFlags]">
            <Display Name="LPDWORD" />
        </Variable>

        <!-- [NI_Flags] -->
        <Variable Name="[NI_Flags]" Type="Alias" Base="UINT">
            <Display Name="int" />
            <Flag>
                <Set Name="NI_NOFQDN"           Value="0x01" />
                <Set Name="NI_NUMERICHOST"      Value="0x02" />
                <Set Name="NI_NAMEREQD"         Value="0x04" />
                <Set Name="NI_NUMERICSERV"      Value="0x08" />
                <Set Name="NI_DGRAM"            Value="0x10" />
            </Flag>
        </Variable>

        <!-- [SocketCode-int] -->
        <Variable Name="[SocketCode-int]" Type="Alias" Base="int">
            <Display Name="int" />
            <Enum>
                <Set Name="SOCKET_ERROR" Value="-1" />
            </Enum>
        </Variable>

        <!-- [SocketCode-INT] -->
        <Variable Name="[SocketCode-INT]" Type="Alias" Base="int">
            <Display Name="INT" />
            <Enum>
                <Set Name="SOCKET_ERROR" Value="-1" />
            </Enum>
        </Variable>

        <!-- [NameSpaceFlags] -->
        <Variable Name="[NameSpaceFlags]" Type="Alias" Base="DWORD">
            <Display Name="DWORD" />
            <Flag>
                <Set Name="NS_DEFAULT"      Value="0" />
                <Set Name="NS_SAP"          Value="1" />
                <Set Name="NS_NDS"          Value="2" />
                <Set Name="NS_PEER_BROWSE"  Value="3" />
                <Set Name="NS_TCPIP_LOCAL"  Value="10" />
                <Set Name="NS_TCPIP_HOSTS"  Value="11" />
                <Set Name="NS_DNS"          Value="12" />
                <Set Name="NS_NETBT"        Value="13" />
                <Set Name="NS_WINS"         Value="14" />
                <Set Name="NS_NBP"          Value="20" />
                <Set Name="NS_MS"           Value="30" />
                <Set Name="NS_STDA"         Value="31" />
                <Set Name="NS_NTDS"         Value="32" />
                <Set Name="NS_X500"         Value="40" />
                <Set Name="NS_NIS"          Value="41" />
                <Set Name="NS_VNS"          Value="50" />
            </Flag>
        </Variable>

        <!-- [ResolutionFlags] -->
        <Variable Name="[ResolutionFlags]" Type="Alias" Base="DWORD">
            <Display Name="DWORD" />
            <Flag>
                <Set Name="RES_SOFT_SEARCH"     Value="0x00000001" />
                <Set Name="RES_FIND_MULTIPLE"   Value="0x00000002" />
                <Set Name="RES_SERVICE"         Value="0x00000004" />
            </Flag>
        </Variable>

        <!-- [GetService_Props] -->
        <Variable Name="[GetService_Props]" Type="Alias" Base="DWORD">
            <Display Name="DWORD" />
            <Flag>
                <Set Name="PROP_COMMENT"        Value="0x00000001" />
                <Set Name="PROP_LOCALE"         Value="0x00000002" />
                <Set Name="PROP_DISPLAY_HINT"   Value="0x00000004" />
                <Set Name="PROP_VERSION"        Value="0x00000008" />
                <Set Name="PROP_START_TIME"     Value="0x00000010" />
                <Set Name="PROP_MACHINE"        Value="0x00000020" />
                <Set Name="PROP_ADDRESSES"      Value="0x00000100" />
                <Set Name="PROP_SD"             Value="0x00000200" />
                <Set Name="PROP_ALL"            Value="0x80000000" />
            </Flag>
        </Variable>

        <!-- [SetService_Operation] -->
        <Variable Name="[SetService_Operation]" Type="Alias" Base="DWORD">
            <Display Name="DWORD" />
            <Flag>
                <Set Name="SERVICE_REGISTER"        Value="0x00000001" />
                <Set Name="SERVICE_DEREGISTER"      Value="0x00000002" />
                <Set Name="SERVICE_FLUSH"           Value="0x00000003" />
                <Set Name="SERVICE_ADD_TYPE"        Value="0x00000004" />
                <Set Name="SERVICE_DELETE_TYPE"     Value="0x00000005" />
            </Flag>
        </Variable>

        <!-- [SetService_Flags] -->
        <Variable Name="[SetService_Flags]" Type="Alias" Base="DWORD">
            <Display Name="DWORD" />
            <Flag>
                <Set Name="SERVICE_FLAG_DEFER"      Value="0x00000001" />
                <Set Name="SERVICE_FLAG_HARD"       Value="0x00000002" />
            </Flag>
        </Variable>

        <!-- [SetService_FlagsOut] -->
        <Variable Name="[SetService_FlagsOut]" Type="Alias" Base="DWORD">
            <Display Name="DWORD" />
            <Flag>
                <Set Name="SET_SERVICE_PARTIAL_SUCCESS" Value="0x00000001" />
            </Flag>
        </Variable>
        <Variable Name="[SetService_FlagsOut*]" Type="Pointer" Base="[SetService_FlagsOut]">
            <Display Name="LPDWORD" />
        </Variable>

        <!-- [TransmitFile_Flags] -->
        <Variable Name="[TransmitFile_Flags]" Type="Alias" Base="DWORD">
            <Display Name="DWORD" />
            <Flag>
                <Set Name="TF_DISCONNECT"           Value="0x01" />
                <Set Name="TF_REUSE_SOCKET"         Value="0x02" />
                <Set Name="TF_WRITE_BEHIND"         Value="0x04" />
                <Set Name="TF_USE_DEFAULT_WORKER"   Value="0x00" />
                <Set Name="TF_USE_SYSTEM_THREAD"    Value="0x10" />
                <Set Name="TF_USE_KERNEL_APC"       Value="0x20" />
            </Flag>
        </Variable>

        <!-- [SocketShutdownFlags] -->
        <Variable Name="[SocketShutdownFlags]" Type="Alias" Base="int">
            <Display Name="int" />
            <Enum>
                <Set Name="SD_RECEIVE"      Value="0x00" />
                <Set Name="SD_SEND"         Value="0x01" />
                <Set Name="SD_BOTH"         Value="0x02" />
            </Enum>
        </Variable>

        <!-- [INET_ADDR_OUTPUT] -->
        <Variable Name="[INET_ADDR_OUTPUT]" Type="Alias" Base="unsigned long">
            <Display Name="unsigned long" />
            <Enum>
                <Set Name="INADDR_NONE"         Value="0xffffffff" />
            </Enum>
        </Variable>

        <!-- [Socket_IOCTL] -->
        <Variable Name="[Socket_IOCTL]" Type="Alias" Base="long">
            <Display Name="long" />
            <Enum>
                <Set Name="FIONREAD"        Value="0x4004667f" />
                <Set Name="FIONBIO"         Value="0x8004667e" />
                <Set Name="FIOASYNC"        Value="0x8004667d" />
                <Set Name="SIOCSHIWAT"      Value="0x80047300" />
                <Set Name="SIOCGHIWAT"      Value="0x40047301" />
                <Set Name="SIOCSLOWAT"      Value="0x80047302" />
                <Set Name="SIOCGLOWAT"      Value="0x40047303" />
                <Set Name="SIOCATMARK"      Value="0x40047307" />
            </Enum>
        </Variable>

    </Headers>
</ApiMonitor>